season,firstName,lastName,position,origin,destination,rating,stars
2024,Julian,Humphrey,CB,Georgia,,,4
2024,Danny,Saili,DL,BYU,Arkansas,0.87,3
2024,Kyle,Williams,WR,Washington State,,,3
2024,Jayson,Jenkins,DL,Tennessee,,,3
2024,Teivis,Tuioti,IOL,Colorado State,San Diego State,,3
2024,Decamerion,Richardson,CB,Mississippi State,Ole Miss,0.91,4
2024,Lake,Ellis,CB,Bryant,Massachusetts,0.85,3
2024,Tacario,Davis,CB,Arizona,,0.92,4
2024,E.J.,Warner,QB,Temple,Rice,0.86,3
2024,AK,Kelly,WR,Wake Forest,,,3
2024,Herman,Brister III,S,Air Force,Southern,,
2024,Devin,Sherwood,QB,Virginia,,,
2024,Ralph,Mency,DL,Middle Tennessee,,,3
2024,Jalen,Montgomery,RB,Middle Tennessee,Eastern Kentucky,,
2024,Tybo,Rogers,RB,Washington,,0.88,3
2024,Chase,Bisontis,OT,Texas A&M,,0.94,4
2024,Buddy,Mack III,S,Pittsburgh,South Carolina,,3
2024,Antonio,Cotman Jr.,CB,Virginia Tech,Charlotte,0.85,3
2024,Carl,Biddings,DL,Indiana,,,
2024,Ibrahim,Diawara,EDGE,Shippensburg University,Coastal Carolina,0.84,3
2024,Hunter,Vivaldi,WR,Texas A&M,,,
2024,Jawaun,Singletary,IOL,Grambling,New Mexico,0.84,3
2024,Ahmad,Nalls,LB,Kent State,,,3
2024,Quentin,Ajiero,CB,Duke,,,3
2024,Dylan,Wittke,QB,Virginia Tech,Minnesota,0.83,3
2024,Dylan,Devito,LB,Arizona State,,,2
2024,Rahsul,Faison,RB,Utah State,,,2
2024,Will,Shaffer,LB,Utah State,,0.83,3
2024,Greyson,Morgan,TE,Hawai'i,,,
2024,Dallas,Branch,CB,San Diego State,Kent State,0.85,3
2024,Simeon,Barrow Jr.,DL,Michigan State,Miami,0.87,3
2024,Bryce,Llewellyn,S,Charleston Southern,Eastern Michigan,0.86,3
2024,Moussa,Berry,WR,Western Kentucky,,,
2024,Nate,Temple,EDGE,Pittsburgh,,,3
2024,Tyler,Shough,QB,Texas Tech,Louisville,0.87,3
2024,Eddie,Kelly,DL,Georgia Tech,Missouri,0.87,3
2024,Billy,Conaway,RB,Kansas,,,
2024,Da'Marcus,Cosby II,CB,Sam Houston,,,
2024,Bradley,Weaver,DL,Ohio,,,3
2024,De'Rickey,Wright,S,Vanderbilt,Vanderbilt,0.89,3
2024,Owen,Anderson,TE,Illinois,Massachusetts,,3
2024,Cael,Vanderbush,TE,Iowa,Indiana State,,3
2024,Gabriel,Arena,IOL,Virginia Tech,Buffalo,0.84,3
2024,Carson,Voss,P,Western Michigan,Michigan State,,
2024,Anthony,Madrigal,OLB,San José State,,,2
2024,Wyatt,Redding,K,Boise State,Central Washington,,2
2024,Antonio,Gates Jr.,WR,Michigan State,,,4
2024,NyNy,Davis,WR,UL Monroe,,,2
2024,Collin,Gamble,CB,California,,,3
2024,Clay,Nanke,EDGE,Colorado State,,,3
2024,Malik,Dixon,S,UConn,,,3
2024,George,French,OT,Pittsburgh,,,
2024,Guerlens,Milfort,DL,UAB,,,3
2024,Kadan,Lewis,DL,Arkansas State,,,3
2024,Habib,Bello,DL,Washington,,,2
2024,Anthony,Smith,IOL,Iowa State,Tennessee State,,2
2024,Makkah,Jordan,S,Georgia State,Garden City C.C. ,,3
2024,Christian,Womack,RB,Purdue,,,
2024,Yusuf,Terry,WR,South Florida,Georgia State,,3
2024,Khairi,Manns,EDGE,Colorado,James Madison,,
2024,Vaughn,Pemberton,RB,Ball State,,,2
2024,Justice,Ugo,S,Houston,,,3
2024,John,Howse IV,S,Vanderbilt,Middle Tennessee,,3
2024,Ike,Udengwu III,QB,Eastern Michigan,Grand Valley State,,3
2024,Derrick,Brown,LB,Texas State,,,3
2024,Dylan,Barrett,IOL,Wisconsin,Iowa State,0.86,3
2024,Sam,Brown,WR,Houston,Miami,0.92,4
2024,Kamron,Scott,IOL,UTSA,,,3
2024,Keeon,Terrell,DL,South Florida,,,3
2024,Chris,Morris,OT,Memphis,,,3
2024,Kiael,Kelly,QB,Ball State,,,3
2024,Max,Marsh,QB,Kansas State,,,3
2024,Joseph,McKay,RB,East Carolina,,,3
2024,Cormani,McClain,CB,Colorado,Florida,0.94,4
2024,Tavian,Combs,S,New Mexico,,,2
2024,Jeremiah,Josephs,CB,Tennessee State,,0.84,3
2024,Kaden,Moorman,RB,Louisville,Butler C.C.,,
2024,Major,Byrd,S,North Carolina,,,
2024,Marcel,Walker,EDGE,Nevada,Ohio,,
2024,Eamonn,Dennis,WR,Michigan,Ohio,,3
2024,TJ,Hartley,K,Austin Peay,Georgia Southern,,
2024,Shawn,Burton Jr.,OT,Georgia State,North Carolina Central,,2
2024,Corey,Ellington,S,Mississippi State,,,3
2024,Jordan,Dingle,TE,Kentucky,,,3
2024,Deljay,Bailey,QB,Ole Miss,Grambling,,3
2024,Andrew,Henry,RB,New Mexico,,,3
2024,Kaidon,Salter,QB,Liberty,,0.92,4
2024,Bryson,Rodgers,WR,Ohio State,,0.89,3
2024,Micah,Bowens,QB,Charlotte,Bethune-Cookman,,3
2024,Jaquez,Moore,RB,Duke,,,3
2024,Stone,Hollenbach,QB,Western Michigan,,,2
2024,Solomon,DeShields,LB,Pittsburgh,Texas A&M,0.88,3
2024,Juan,Davis,TE,Texas,,,3
2024,Ryan,Capriotti,K,East Carolina,Maryland,,
2024,Brayden,Schager,QB,Hawai'i,,,3
2024,Myles,Jackson,EDGE,Indiana,Tulsa,0.85,3
2024,Julian,Gray,WR,NC State,Liberty,,4
2024,Tyler,Patterson,P,Florida International,West Florida,,
2024,Israel,Carter,QB,South Florida,,,3
2024,Roman,Fuller,QB,Tulsa,CSU-Pueblo,,3
2024,Bryce,McFerson,P,Notre Dame,Maryland,,3
2024,Luke,Hamilton,RB,West Virginia,,,
2024,Marcus,Moore,DL,North Texas,Sam Houston,,3
2024,Artez,Hooker,WR,Florida International,,,3
2024,Dylan,Gebbia,QB,North Texas,,,3
2024,Cevan,Edwards,DL,Memphis,,,3
2024,Tre'Darius,Brown,DL,Texas Tech,South Alabama,,3
2024,Bryce,Stephens,WR,Arkansas,,,3
2024,Malcolm,Pugh,DL,Georgia Tech,,,3
2024,Jaylen,Stinson,S,Duke,,,3
2024,Dillon,Gabriel,QB,Oklahoma,Oregon,0.91,4
2024,Darius,Gooden,CB,Massachusetts,,0.81,3
2024,DeAndra,Burns Jr.,WR,Arkansas State,,,3
2024,Shane,Calhoun,TE,East Carolina,Texas A&M,0.86,3
2024,Aidan,Kaler,LB,Stony Brook,Charlotte,0.83,3
2024,Torey,Richardson,CB,UTEP,Temple,0.86,3
2024,Declan,McMahon,RB,Indiana,,,
2024,Marlon,Jones Jr.,CB,Eastern Washington,Vanderbilt,0.88,3
2024,Daughtry,Richardson,OT,Florida State,Florida Atlantic,0.84,3
2024,Cam'Ron,Valdez,RB,Texas Tech,,,3
2024,Alex,Bauman,TE,Tulane,,,3
2024,Grant,Bingham,OT,Kentucky,,,4
2024,Isaiah,Johnson,RB,North Texas,Abilene Christian,,3
2024,Jalil,Smith,DL,Syracuse,,,3
2024,Dylan,Barrett,IOL,Wisconsin,Iowa State,,3
2024,Andon,Carpenter,DL,Kansas,Missouri Western State,,
2024,Jacob,Page,WR,Colorado,,,3
2024,Clayton,Coll,LB,Ball State,,0.86,3
2024,Reggie,Love III,RB,Illinois,Purdue,0.88,3
2024,Nikai,Martinez,CB,UCF,Michigan State,0.85,3
2024,Anthony,Romphf,CB,Western Michigan,Charlotte,0.83,3
2024,Tyreek,Chappell,CB,Texas A&M,,0.88,3
2024,De'Eric,Mister,OT,Minnesota,Howard,,3
2024,Wyatt,Anderson,IOL,Western Kentucky,,,
2024,Kyle,McNamara,WR,UTEP,,,2
2024,Tanner,Blount,LB,Fresno State,,,
2024,Jamir,Reyes,S,Army,,,3
2024,Jovon,Jackson,S,Fairmont State,,,
2024,Naseri,Danielson,LB,BYU,San José State,,3
2024,Jacob,Edmonds,IOL,Utah,,,2
2024,Raymond,Woodie III,S,California,Bethune-Cookman,0.86,3
2024,AJ,Williams,CB,Wake Forest,Coastal Carolina,0.82,3
2024,Nathan,Gates,OT,Washington State,Florida A&M,,3
2024,Lonnie,Rice,LB,Western Kentucky,,,3
2024,Mason,Garcia,QB,East Carolina,Austin Peay,,4
2024,Daiyaan,Hawkins,CB,Temple,UAlbany,,
2024,Cole,Pruett,WR,Washington State,Eastern Washington,,2
2024,Owen,Gibbs,LB,Heidelberg,,,
2024,Sam,Lee,TE,Hillsdale College,,,
2024,Josh,Lee,TE,Hillsdale College,,,
2024,Rickie,Davis,CB,Western Kentucky,,,
2024,Jakeen,Harris,S,NC State,North Carolina,0.88,3
2024,Brandon,Crenshaw-Dickson,OT,San Diego State,Florida,0.87,3
2024,Aydan,White,CB,NC State,,,3
2024,Coleman,Owen,WR,Northern Arizona,Ohio,0.85,3
2024,Stephon,Wright,DL,SMU,Texas Southern,,4
2024,Matt,Colombo,RB,USC,San Diego,,
2024,Da'Quan,Johnson,S,Duke,Campbell,,3
2024,Jonathan,Mendoza,OT,Yale,Louisville,0.88,3
2024,Canaan,Williams,CB,Bowling Green,Kent State,,3
2024,Bam,Booker,EDGE,Bowling Green,,,3
2024,Abraham,Montano,K,Fresno State,San Diego State,,
2024,Jules,Ney,IOL,Georgia State,Chattanooga,,3
2024,Evan,Blalock,CB,UL Monroe,,,
2024,Gerard,Edimo,TE,South Florida,Stephen F. Austin,,3
2024,Terrell,James,EDGE,Arkansas State,Murray State,,3
2024,Steven,Jones Jr.,CB,Georgia Tech,Murray State,,3
2024,Trevor,Carter,LB,Cincinnati,Pikeville,,4
2024,Tyler,Thomas,DL,UAB,,,
2024,Bryce,Bailey,WR,Middle Tennessee,UT Martin,,2
2024,Jaxon,Howard,EDGE,LSU,Minnesota,0.92,4
2024,Ethan,Ellis,OT,Middle Tennessee,,,3
2024,De'Javion,Stepney,S,Central Michigan,Marshall,,3
2024,Josh,Dixon,CB,Wyoming,,,2
2024,Carson,May,QB,Wyoming,Abilene Christian,,
2024,Sage,Ryan,S,LSU,,,4
2024,Donaven,McCulley,WR,Indiana,,0.91,4
2024,James,Eaglin,DL,Tulsa,Grambling,,3
2024,Dexter,Williams II,QB,Indiana,Georgia Southern,0.84,3
2024,Rayquan,Adkins,CB,Cincinnati,James Madison,,3
2024,Deonte,Stanley,CB,Middle Tennessee,,,
2024,Santino,Marucci,QB,Wake Forest,New Mexico State,,3
2024,Trent,Singleton,S,Mississippi State,South Alabama,,3
2024,Andrew,Chamblee,OT,Arkansas,SMU,0.88,3
2024,Anthony,Johnson Jr.,CB,Western Kentucky,,0.87,3
2024,Peyton,Waters,S,Washington,,0.89,3
2024,Kai,Horton,QB,Tulane,,,3
2024,Devon,Manuel,OT,Arkansas,Florida,0.88,3
2024,Raymond,Pulido,IOL,Arizona,,0.91,4
2024,Dorian,Thomas,TE,Arizona,,,3
2024,Justin,Benton,DL,Houston,,,3
2024,Miles,Kauderer,EDGE,Marist,,,
2024,Stephen,Johnson,DL,Auburn,McNeese,,3
2024,Demond,Williams Jr.,QB,Arizona,Washington,0.9,4
2024,Jacoby,Windmon,LB,Michigan State,,,3
2024,Jay,Toia,DL,UCLA,,0.9,4
2024,Luke,Fulton,LB,Kentucky,Kent State,0.8,3
2024,Steven,Cattledge,EDGE,Troy,,,3
2024,Jack,Velling,TE,Oregon State,Michigan State,0.9,4
2024,Jonathan,Odom,TE,Florida,Eastern Michigan,0.85,3
2024,Sean,Sallis,TE,Marshall,,,3
2024,Brian,Battie,RB,Auburn,,,3
2024,Carter,Hooper,DL,UConn,South Dakota,,3
2024,Shea,Whiting,WR,Boise State,,,3
2024,John,Humphrey,CB,UCLA,USC,0.88,3
2024,Willie,Harts,CB,Arizona State,,,3
2024,Je'Vaun,Dabon,S,UTSA,,,3
2024,Denim,Edwards,RB,Navy,Presbyterian,,
2024,Patrick,Smith,RB,Vanderbilt,UT Martin,,3
2024,Courtney,Reese,RB,UNLV,Bethune-Cookman,,2
2024,Laurence,Sullivan,CB,Coastal Carolina,Nicholls,,3
2024,Corey,Flagg,LB,Miami,Missouri,0.86,3
2024,Hank,Bachmeier,QB,Louisiana Tech,Wake Forest,0.86,3
2024,Bralon,Brown,WR,Ole Miss,Marshall,0.85,3
2024,Adam,Mohammed,RB,Arizona,Washington,0.84,3
2024,Lance,Dixon,LB,West Virginia,Toledo,0.83,3
2024,Austin,Ackel,LB,New Mexico,UL Monroe,0.82,3
2024,Demond,Arter,IOL,Ohio,,,2
2024,Nolan,Matthews-Harris,TE,SMU,,,3
2024,Shadrick,Byrd,RB,Charlotte,,,3
2024,Otis,Pitts,IOL,UTEP,,,
2024,TJ,Butler,EDGE,Charlotte,,,3
2024,Jason,Moore,DL,Temple,,,
2024,Will,Buck,EDGE,San Diego,,,2
2024,Earl,Little II,CB,Alabama,Florida State,0.9,4
2024,Aliou,Bah,OT,Georgia,Maryland,0.88,3
2024,Aidan,Chiles,QB,Oregon State,Michigan State,0.96,4
2024,Jonathon,Batzke,P,Toledo,,,2
2024,Noah,Stewart,OT,Michigan,Eastern Washington,,3
2024,Daved,Jones Jr.,LB,Cincinnati,Jackson State,,3
2024,Joshua,Sloan,P,UTEP,Memphis,,
2024,Jalyn,Stanford,S,Houston,,0.84,3
2024,Parker,Brailsford,IOL,Washington,Alabama,0.93,4
2024,Josh,Kelly,WR,Washington State,Texas Tech,0.9,4
2024,Nate,Kalepo,IOL,Washington,Ole Miss,0.89,3
2024,Kisean,Johnson,WR,Alabama State,Western Kentucky,0.89,3
2024,Christian,Fitzpatrick,WR,Michigan State,Marshall,0.88,3
2024,Kalani,Norris,WR,Middle Tennessee,,,3
2024,Kevo,Wesley,IOL,Vanderbilt,,,3
2024,Brandon,McElroy,DL,San Diego State,,,
2024,Javen,Ware,S,Texas State,Abilene Christian,,
2024,Brock,Foster,CB,SMU,Elon,,
2024,JuTahn,McClain,RB,Kentucky,,,4
2024,Isaiah,Hackett,CB,UNLV,Youngstown State,,3
2024,Trelon,Slade,CB,Coastal Carolina,,,
2024,Isaiah,Jones,WR,Syracuse,New Mexico,0.83,3
2024,Reggie,Foster,RB,Utah State,,,
2024,Cole,Maynard,P,North Carolina,,,
2024,Joe,McFadden,K,UConn,,,2
2024,Matt,O'Dowd,QB,LSU,Marist,,2
2024,Muheem,McCargo,S,Temple,,,2
2024,Jernias,Tafia,DL,Washington State,Colorado State,,3
2024,Demarcus,Smith,DL,Ole Miss,UAB,,3
2024,Jimmy,Holiday,WR,Western Kentucky,Louisiana Tech,,3
2024,Sam,Vidlak,QB,Montana,Stephen F. Austin,,3
2024,Nate,Noel,RB,App State,Missouri,0.88,3
2024,Fred,Norman Jr.,OT,Furman,,,3
2024,Dazalin,Worsham,WR,UAB,,,3
2024,Dajon,Harrison,WR,UConn,Utah Tech,,3
2024,Clyde,Price III,RB,Akron,Jackson State,,3
2024,Agiye,Hall,WR,Texas,UCF,0.86,3
2024,Koy,Moore,WR,Auburn,,,3
2024,Grady,Brosterhous,QB,Virginia,,,
2024,Demeatric,Crenshaw,QB,Tennessee State,Slippery Rock,,3
2024,Griffin,Brewster,QB,Kent State,Jacksonville State,,3
2024,Seth,Mouser,QB,UTEP,,,2
2024,Gavin,Kuld,QB,Colorado,,,
2024,London,Montgomery,RB,Penn State,East Carolina,0.87,3
2024,Jakob,Galloway,RB,San José State,,,3
2024,Sergio,Snider,RB,Houston,,,3
2024,Devon,Starling,RB,Northern Arizona,,,2
2024,Dwayne,McGee,RB,Lenoir Rhyne,Mercer,,
2024,Deric,English,WR,Arizona,,,3
2024,Fabrizio,Pinton,K,Illinois,,,2
2024,Gavin,Freeman,WR,Oklahoma,Oklahoma State,0.85,3
2024,Kody,Finley,WR,SE Louisiana,Northwestern State,,3
2024,Keenan,Kuntz,WR,Washington State,,,3
2024,Austin,Okerwa,WR,Utah State,Northern Arizona,,2
2024,Johnny,Pascuzzi,TE,Iowa,,,2
2024,Graeson,Malashevich,WR,West Virginia,,,
2024,RJ,Willis Jr.,WR,LSU,,,
2024,Aman,Greenwood,S,Syracuse,Akron,,3
2024,Karmello,English,WR,Michigan,West Georgia,0.87,3
2024,Eli,Green,WR,North Dakota State,Iowa State,0.86,3
2024,Malik,McClain,WR,Penn State,Arizona State,0.86,3
2024,Braedon,Sloan,RB,Eastern Kentucky,Ball State,0.86,3
2024,Al,Wooten II,RB,Mercer,Duke,0.85,3
2024,Izaiah,Hartrup,WR,Southern Illinois,Ole Miss,0.85,3
2024,Will,Nixon,RB,Washington,Syracuse,0.85,3
2024,Cameran,Brown,QB,West Georgia,Texas Tech,0.84,3
2024,Gavin,Wimsatt,QB,Rutgers,Kentucky,0.84,3
2024,Ta'Quan,Roberson,QB,UConn,Kansas State,0.84,3
2024,Jalen,Macon,QB,Arkansas-Pine Bluff,Northern Illinois,0.84,3
2024,Andy,Alfieri,TE,California,Oregon State,0.84,3
2024,Carson,Goda,TE,Saint Anselm,Illinois,0.84,3
2024,Desna,Washington,WR,New Mexico,Florida International,0.84,3
2024,Solomon,Vanhorse,RB,James Madison,Indiana,0.83,3
2024,Mitchell,Bothwell,TE,Villanova,Boise State,0.83,3
2024,Jace,Henry,TE,Dartmouth,Nevada,0.83,3
2024,Andrew,McElroy,WR,St. Thomas,Northern Illinois,0.83,3
2024,General,Booty,QB,Oklahoma,UL Monroe,0.83,3
2024,Ted,Hurst,WR,Valdosta State,Georgia State,0.83,3
2024,CJ,Harris,QB,Ohio,California,0.82,3
2024,Kyle,Lowe,QB,Middle Tennessee,Georgia State,0.82,3
2024,Craig,Williams,RB,Louisiana Tech,,,4
2024,James,Middleton,IOL,Southern Miss,,,
2024,Myron,Warren,DL,Texas State,Incarnate Word,,4
2024,Issiah,Walker Jr.,OT,Texas State,Akron,0.85,3
2024,Mathias,Adjingbaruk,IOL,Towson,Florida International,0.81,3
2024,Elijah,Philippe,OT,Troy,Florida A&M,,3
2024,Golden,Israel-Achumba,IOL,Penn State,,,3
2024,Jakob,Belton,IOL,Colorado State,Portland State,,3
2024,Smart,Chibuzo,IOL,Texas A&M,,,3
2024,Brian,Hannibal,OG,Liberty,Saint Francis,,3
2024,Panda,Askew,IOL,Charlotte,,,3
2024,Zachary,Session,IOL,Sam Houston,McNeese,,3
2024,Kuba,Tyszka,IOL,Wyoming,North Dakota,,
2024,Jaden,Navarrette,EDGE,Oregon,UNLV,0.84,3
2024,DJ,Allen,EDGE,Purdue,Memphis,0.84,3
2024,AJ,Abbasi,DL,West Virginia State,James Madison,0.82,3
2024,Zyun,Reeves,DL,Louisiana Tech,,,3
2024,Gabe,Johnson,DL,Washington State,,,3
2024,RaSean,Randall,EDGE,Northern Illinois,,,2
2024,MarQuez,Casey,EDGE,Campbell,Austin Peay,,2
2024,Charlie,Jackson,DL,Gardner-Webb,,,
2024,Lane,Lewis,EDGE,Grambling,Stephen F. Austin,,
2024,Lloyd,Willis,OT,Marshall,,,3
2024,Stanley,Dennis II,DT,Rutgers,Sacred Heart,,
2024,Anthony,Patt,OT,Arizona,Old Dominion,,3
2024,Daniel,Edwards Jr.,CB,Western Kentucky,,,3
2024,Jayden,Williams,CB,Miami (OH),,,3
2024,Donovan,Turner,CB,Massachusetts,Long Beach City College,,3
2024,Ryan,Wilkins,LS,Elon,UCLA,,
2024,Jordan,Whitney,LB,Washington,,0.87,3
2024,Benjamin,Hudson,LB,Stanford,,,3
2024,Keoni,Denny,LB,Charlotte,,,3
2024,Kiersten,Lee,ILB,Stanford,,,3
2024,Jordan,Smith,LB,Texas State,,,2
2024,Olan,Robinson,LB,Liberty,Alabama A&M,,3
2024,David,Powers,ILB,Wofford,,,
2024,Grady,Stanley,LB,Indiana State,Taylor,,
2024,RJ,Chakolis,LB,New Mexico State,,,
2024,Joseph,Roback,LB,Washington State,,,
2024,Fritzny,Niclasse,LB,Arizona State,,,
2024,Devin,Pringle,S,Grand Valley State,Houston,0.85,3
2024,Kam,Snell,S,Gannon,Jacksonville State,0.84,3
2024,Josh,Knapp,S,VMI,Jacksonville State,0.82,3
2024,Shiloh,Means,S,Pennsylvania,,,3
2024,Prince,Ford,CB,Illinois,Montana,,3
2024,Steven,Parker,S,Charlotte,,,3
2024,Jahmal,Sam,S,UL Monroe,,,3
2024,Imari,Conley,CB,San José State,,,3
2024,Kyron,White,S,San Diego State,,,3
2024,Aubrey,Parker,S,Brown,,,2
2024,D'Angelo,Bellamy,CB,UTEP,,,
2024,Dante,Caputo,S,Pittsburgh,,,
2024,Vic,Alobwede,EDGE,North Texas,Memphis,,2
2024,Dre,Spriggs,WR,UTEP,,,3
2024,Ezra,Dotson-Oyetade,LB,TCU,Florida A&M,,4
2024,Zymir,Cobbs,DL,Temple,Houston Christian,,
2024,Demarkcus,Bowman,RB,UCF,,,5
2024,Teddy,Knox,WR,SMU,,,4
2024,Brione,Ramsey-Brooks,IOL,TCU,,,3
2024,Charvis,Thornton,RB,Louisiana Tech,,,3
2024,Skielar,Mann,LB,Ole Miss,,,3
2024,River,Hanson,S,Duke,,,3
2024,Rodney,Leaks,OT,Houston Christian,,,3
2024,Kenny,Byrd,LB,UTEP,Tiffin University,,
2024,Chaz,Ah You,LB,BYU,,,4
2024,Evan,Cooke,OT,Kent State,,,
2024,Silas,Evans,WR,Colorado State,,,3
2024,Josh,Phillips,LB,UTEP,Delta State,,2
2024,Aiden,DeCorte,LS,Central Michigan,Marshall,,
2024,Dishawn,Misa,LB,Boise State,Eastern Washington,,4
2024,Stephen,Sings,EDGE,Auburn,Charlotte,,3
2024,Garrett,McGriff,S,Wyoming,,,3
2024,Obie,Sanni,RB,Old Dominion,,,2
2024,Chance,Luper,WR,Missouri,,,3
2024,Osaiasi,Taueli,EDGE,UTEP,,,3
2024,Walter,Samuel,RB,Memphis,,,3
2024,Mathias,Malaki-Donaldson,EDGE,Oregon State,,,3
2024,Tristan,Lyon,P,Georgia State,,,
2024,Caleb,Jordan,QB,Northern Illinois,Portland State,,3
2024,Delvin,Whitaker,LB,Louisiana Tech,,,3
2024,Michael,Cox,RB,Missouri,,,
2024,Demick,Starling,WR,Virginia,,,2
2024,Timothy,Lawson,OT,Marshall,,,3
2024,Jahbari,Kuykendall,RB,Coastal Carolina,Alabama State,,3
2024,Zion,Hopes,S,Louisiana Tech,Stephen F. Austin,,3
2024,Chase,Dial-Watson,S,Georgia Southern,,,
2024,Avantae,Williams,S,Maryland,,,4
2024,Dorian,Hinton,IOL,Florida Atlantic,Texas A&M,0.88,3
2024,Conner,Maynard,P,App State,East Carolina,,
2024,Devon,Robinson,DL,Akron,,,3
2024,James,Robinson,IOL,South Alabama,,,3
2024,Jalen,Mayala,EDGE,UAB,,,3
2024,Jaquez,Pennimon,S,Mississippi Valley State,Valdosta State,,3
2024,Parker,Williams,WR,Army,,,
2024,Liu,Aumavae,QB,San Diego State,Colorado Mesa,,2
2024,Tommy,Hamann,EDGE,Iowa State,,,3
2024,Connor,Meadows,IOL,Tennessee,Tennessee State,,
2024,Jean Marc,Etienne,RB,Illinois,,,2
2024,Hayden,Timosciek,TE,Bowling Green,,,
2024,Jonathan,Horton,LB,Virginia,,,4
2024,Jackson,Filer,EDGE,Iowa,Des Moines,,
2024,Jostein,Clarke,WR,UTEP,Bethune-Cookman,,
2024,Hydee,Barlow,DL,Memphis,,,2
2024,Gabe,Peterson,EDGE,New Mexico State,Houston,0.86,3
2024,Terez,Traynor,WR,Idaho,Tulane,,3
2024,Jacob,Kilzer,QB,Air Force,North Dakota State,,3
2024,Martez,Thrower,LB,Kentucky,Georgia State,,3
2024,Charles,Hodge IV,WR,Tulsa,,,3
2024,Dallaz,Corbitt,DL,UCF,Bethune-Cookman,,4
2024,Josh,Hardy,EDGE,Boston College,North Carolina A&T,,3
2024,Tiumalu,Afalava,DL,California,,0.85,3
2024,Brian,Bates,LB,Charlotte,Delaware State,,
2024,Jonathan,Denis,IOL,Miami,,,3
2024,Azain,Brown,LB,UL Monroe,,,3
2024,Tralon,Mitchell,RB,Virginia Tech,,0.85,3
2024,Tyler,Hibbler,S,Missouri,,,3
2024,Kyle,Trombley,IOL,San Diego State,,,3
2024,Kurt,Danneker,IOL,Ohio,Baylor,0.87,3
2024,Mike,Florentine,LS,Northern Illinois,,,
2024,Brendon,Strickland,QB,Louisiana Tech,,,
2024,Caron,Robinson,RB,Buffalo,,,2
2024,Brandon,George,LB,Pittsburgh,,,4
2024,Bralyn,Oliver,S,Syracuse,Florida A&M,,3
2024,William,Frattalone,S,Northern Iowa,,,
2024,Bryce,Simpson,IOL,Baylor,,,3
2024,Chauncey,Carter,CB,Wyoming,,,3
2024,Tyler,Voss,QB,San José State,,,3
2024,Chris,Curry,RB,Utah,,,4
2024,Qualon,Farrar,RB,North Texas,,,3
2024,Lenox,Lawson,CB,Arizona State,,,3
2024,Matthew,Rueve,QB,Boston College,Findlay,,3
2024,Rohan,Fluellen,CB,TCU,,,3
2024,Jalen,Frazier,CB,UNLV,,,3
2024,Bradley,McGannon,DL,Washington,,,2
2024,Josh,Palmer,WR,Vanderbilt,,,3
2024,Chris,Shearin,CB,UConn,James Madison,,3
2024,Zyion,Claville,WR,Louisiana Tech,Texas Southern,,3
2024,Andrew,Dennis,IOL,Illinois,Michigan State,0.92,4
2024,Peyton,Woodyard,S,Alabama,Oregon,0.89,3
2024,Anthony,Dunn Jr.,EDGE,Florida A&M,Toledo,0.87,3
2024,Cam,Riley,LB,Auburn,Florida State,0.87,3
2024,Arlen,Harris Jr.,RB,Iowa State,Missouri S&T,,4
2024,Jailen,Hammer,WR,Ohio,,,3
2024,AJ,Lawson,CB,Iowa,,,3
2024,Hakeem,Vance,LB,Baylor,,,3
2024,Roland,McGhee Jr.,CB,Toledo,,,2
2024,DJ,McKinney,CB,Oklahoma State,Colorado,0.88,3
2024,Diesel,Gordon,S,Washington,,,3
2024,Dru,Dotter,CB,East Carolina,,,
2024,Caeleb,Schlachter,TE,South Alabama,,,3
2024,TangiTangi,Pongia,IOL,UTEP,Sacramento State,,2
2024,Isaiah,Street,EDGE,Western Michigan,,,3
2024,Jianni,Woodson-Brooks,LB,Navy,,,2
2024,Cam,McCullum,CB,Ohio,,,3
2024,Max,Grand,RB,Minnesota,Augustana,,2
2024,Orlando,Greenlow,EDGE,Indiana,,,3
2024,Donovan,Saunders,CB,Cal Poly,Texas A&M,0.9,4
2024,Cayson,Pfeiffer,LS,Cincinnati,Wisconsin,,
2024,Marquez,Dortch,WR,California,Troy,,4
2024,Jaceon,Doss,WR,Fresno State,,,3
2024,Adrein,Strickland,OT,South Alabama,,,3
2024,Lucas,Borrow,P,Ball State,Hawai'i,,2
2024,Sheldon,Arnold II,S,East Tennessee State,UCF,0.85,3
2024,Jaden,Outar,CB,Florida Atlantic,Garden City C.C. ,,
2024,Antonio,Ferguson,TE,East Carolina,Florida International,,3
2024,Jamari,Young,LB,East Carolina,Gardner-Webb,,
2024,Denver,Warren,DL,New Mexico State,Sam Houston,,
2024,Jamaree,Caldwell,DL,Houston,Oregon,0.93,4
2024,Gerald,Kilgore,S,Tennessee Tech,South Carolina,0.89,3
2024,Marcus,Bryant,OT,SMU,Missouri,0.88,3
2024,Jabari,Brooks,IOL,Samford,UCF,0.88,3
2024,Jaise,Oliver,S,Tulsa,TCU,0.88,3
2024,Hajj-Malik,Williams,QB,Campbell,UNLV,0.87,3
2024,Kobee,Minor,CB,Indiana,Memphis,0.87,3
2024,Steven,Parker,EDGE,Incarnate Word,Texas State,0.87,3
2024,Kaylin,Moore,CB,California,UCLA,0.86,3
2024,Caleb,Rillos,TE,Air Force,Florida,0.86,3
2024,Luke,Painton,OT,Columbia,Massachusetts,0.86,3
2024,Jayden,Flaker,LB,North Carolina Central,Memphis,0.85,3
2024,Jackson,Hawes,TE,Yale,Georgia Tech,0.85,3
2024,Tyler,McMillan,OT,Northwestern State,Southeast Missouri State,,2
2024,Jarrett,Guest,QB,Coastal Carolina,Bryant,,2
2024,Johnny,Bowens III,DL,Oregon,,0.89,3
2024,Jaden,Watkins,CB,Duke,,,3
2024,Sean,Boyle,QB,West Virginia,,,3
2024,JJ,Guedet,OT,Minnesota,Illinois State,,3
2024,Decarius,Hawthorne,DL,Florida Atlantic,South Florida,,3
2024,Dylan,Lopez,IOL,Oregon State,Nevada,0.85,3
2024,Da'min,Green,CB,Kentucky,,,
2024,Chris,Fewell,LB,San Diego State,Southwestern (KS),,3
2024,Mekhi,Fox,WR,Colorado State,,,4
2024,Jay,Rudolph,TE,San Diego State,Sacramento State,,3
2024,Kyler,Laing,EDGE,Buffalo,Florida Atlantic,0.83,3
2024,Charles,Shelling,RB,Texas A&M,Texas Southern,,
2024,Abdul-Lateef,Audu,CB,Western Kentucky,,,3
2024,Corey,Cuascut-Palmer,WR,Temple,,,3
2024,Talib,Salahuddin,DL,San Diego State,Incarnate Word,,2
2024,Hayes,Sutton,WR,Duke,Middle Tennessee,,
2024,Isaiah,Fisher-Smith,S,Duke,North Carolina Central,,3
2024,Payten,Singletary,TE,Cincinnati,South Florida,,3
2024,Keegan,Jones,WR,UCLA,,,3
2024,Zyier,Thornton,EDGE,New Mexico State,,,2
2024,EJ,Horton,WR,West Virginia,Florida Atlantic,,2
2024,Davon,Martin,CB,Arkansas State,,,3
2024,Terrence,Spence,S,Holy Cross,,,2
2024,Marcus,Woodley,LB,Western Michigan,,,
2024,Kevin,Speed,S,Georgia Southern,,,
2024,Tyler,Jensen,QB,California,,,3
2024,Pierce,Brown,WR,San Diego State,,,
2024,Tony,Anyanwu,EDGE,Baylor,Stephen F. Austin,,3
2024,Jayden,Bass,OT,Syracuse,UConn,,3
2024,Ahmad,McCullough,LB,Washington State,Morgan State,,3
2024,Joey,Slackman,DL,Pennsylvania,Florida,0.92,4
2024,Mark,Redman,TE,San Diego State,Louisville,0.9,4
2024,Jordan,Washington,RB,Arizona,Washington,0.9,4
2024,Devynn,Cromwell,S,University of Guelph,Texas Tech,0.89,3
2024,Ceyair,Wright,CB,USC,Nebraska,0.88,3
2024,Matthew,Sluka,QB,Holy Cross,UNLV,0.88,3
2024,Austin,Jordan,CB,Texas,TCU,0.87,3
2024,Ryan,Williams,DL,Western Kentucky,,,3
2024,Alex,Washington,CB,Boston College,,,3
2024,Khari,Gee,S,Georgia Tech,,,3
2024,Tarian,Lee Jr.,LB,Georgia Southern,,,3
2024,Cruz,Temple,LB,Arkansas State,,,3
2024,Jahvante,Royal,CB,Pittsburgh,New Mexico,,3
2024,Caleb,Offord,CB,Buffalo,,,3
2024,Gharin,Stansbury,EDGE,Arizona State,,,3
2024,Anthony,McMillian,RB,San Diego State,,,3
2024,Marquis,Black,DL,Western Kentucky,Gardner-Webb,,3
2024,Tyler,Jacklich,LB,Wyoming,,,3
2024,Jaylen,Johnson,S,Memphis,,,3
2024,Sheldon,Canley II,RB,San Diego State,,,3
2024,Martin,Tine,IOL,California,Texas State,0.84,3
2024,Justin,Wolf,TE,Wagner,Kansas State,,
2024,Vandrevius,Jacobs,WR,Florida State,South Carolina,0.87,3
2024,Dorian,Hale,QB,San José State,,,3
2024,Xavier,Ward,QB,Sam Houston,San José State,,3
2024,Forrest,Scheel,OT,Wyoming,,,
2024,Jaden,McGill,RB,Nevada,,,3
2024,Kaydin,Pope,WR,New Mexico,,,3
2024,Quincy,Wright,DL,Oregon State,Sam Houston,,3
2024,Jalen,Waddy,LB,Texas A&M,,,
2024,Gavin,Rupp,QB,Rutgers,,,2
2024,Corey,Lambert Jr.,S,Colorado State,,,3
2024,Noah,Gardner,OT,Tulane,Missouri State,,3
2024,Kevin,Davis,RB,Miami (OH),,,2
2024,Eli,Reed,WR,Northern Illinois,,,2
2024,James,Wilborn Jr.,EDGE,Boise State,,,3
2024,DK,McGruder,CB,Tulane,,,3
2024,Daniel,Newman,S,Ole Miss,,,
2024,Logan,Purcell,OT,Minnesota,,,3
2024,Dylan,Edwards,RB,Colorado,Kansas State,0.91,4
2024,Rishad,Hence,CB,Akron,Eastern Kentucky,,3
2024,Romal,Webb,RB,Middle Tennessee,,,
2024,Dorien,Ford,IOL,Pittsburgh,,,3
2024,Kendall,Dennis,CB,South Florida,,,4
2024,Omari,Orgertrice,S,Charlotte,Johnson C. Smith University,,
2024,Tyler,Devera,TE,New Mexico State,Elon,,3
2024,Caleb,Otlewski,EDGE,San Diego State,Montana,,3
2024,Antwane,Wells Jr.,WR,South Carolina,Ole Miss,0.93,4
2024,Damonic,Williams,DL,TCU,Oklahoma,0.91,4
2024,Jeremiah,Beasley,LB,Michigan,Missouri,0.9,4
2024,Key,Lawrence,S,Oklahoma,Ole Miss,0.89,3
2024,Jasiah,Wagoner,CB,Oklahoma,California,0.89,3
2024,Amir,Herring,OT,Michigan,Kansas,0.88,3
2024,Abdur-Rahmaan,Yaseen,WR,Purdue,South Florida,0.88,3
2024,Xavier,Lozowicki,IOL,Maine,Cincinnati,0.87,3
2024,Jalen,Berger,RB,Michigan State,,0.85,3
2024,Tre,Richardson,WR,Toledo,,,3
2024,Jameel,Gardner,WR,Kent State,Jackson State,,3
2024,Jackson,Weng,WR,UTEP,,,
2024,Coby,Walton,QB,Georgia Southern,Tennessee Tech,,3
2024,Colton,Thomasson,OT,Texas A&M,Baylor,0.88,3
2024,Sammy,Anderson Jr.,CB,Cincinnati,Charlotte,0.84,3
2024,Jason,White,IOL,Oregon State,,,3
2024,Rico,Watkins,CB,East Carolina,,,3
2024,Reggie,Ellis,CB,Tulsa,McNeese,,2
2024,Charles,Brown,CB,Texas State,Nevada,,
2024,Davion,Primm,RB,Michigan State,,,3
2024,Trevor,Pope,WR,Oregon State,,,3
2024,Oluwafunto,Akinshilo,IOL,Iowa State,UCLA,,
2024,Tommy,Mirabella,IOL,San Diego State,,,3
2024,David,Rowaiye,DL,New Mexico,,,3
2024,Quantaves,Gaskins,CB,Vanderbilt,,,3
2024,John,Motton,CB,Ohio,,,2
2024,DJ,Waller Jr.,S,Michigan,Kentucky,0.88,3
2024,Jayden,Wayne,EDGE,Miami,Washington,0.91,4
2024,Carson,Black,QB,Charlotte,,,3
2024,Adam,Damante,QB,Northern Arizona,Arizona,,2
2024,Jalen,Hampton,RB,Elon,Western Kentucky,,3
2024,Marc,Viechec,RB,Marshall,Delaware,,
2024,Terrance,Brooks,CB,Texas,Illinois,0.91,4
2024,Bai,Jobe,EDGE,Michigan State,Kansas,0.9,4
2024,Bryce,Foster,IOL,Texas A&M,Kansas,0.88,3
2024,Jay'Vion,Cole,CB,San José State,Texas,0.88,3
2024,Kyndrich,Breedlove,CB,Colorado,Purdue,0.87,3
2024,James,Brockermeyer,IOL,Alabama,TCU,0.87,3
2024,Anthony,Switzer,S,Utah State,Arkansas,0.87,3
2024,Colton,Hood,CB,Auburn,Colorado,0.86,3
2024,Chris,Hardie,EDGE,Jacksonville State,Ole Miss,0.86,3
2024,Jacoby,Jones,WR,Ohio,UCF,0.86,3
2024,Austin,Lawrence,OT,Northern Colorado,Washington State,0.85,3
2024,Jordan,Robinson,CB,Kentucky,Cincinnati,0.85,3
2024,Armani-Eli,Adams,S,Florida Atlantic,Western Michigan,0.85,3
2024,Dontez,Fagan,CB,Charlotte,West Virginia,0.84,3
2024,Michael,Johnson Jr.,QB,Florida Atlantic,Syracuse,0.84,3
2024,Sam,Graham,S,Arkansas State,,,
2024,Nick,Scalise,OT,UTEP,UNLV,,
2024,Corey,Warren,DL,Georgia State,Samford,,3
2024,Chase,Atkinson,S,Coastal Carolina,,,3
2024,John,Emery Jr.,RB,LSU,LSU,0.86,3
2024,Nathan,Voorhis,EDGE,UConn,Bryant,,3
2024,Cristian,Conyer,CB,Tennessee,Coastal Carolina,,3
2024,Jason,Essex,WR,Iowa State,Tarleton State,,3
2024,Jaylen,Varner,WR,Minnesota,,0.85,3
2024,Jaden,Moore,WR,USC,,,2
2024,David,Holloman,RB,Indiana,Grand Valley State,,3
2024,Camron,Douglas,DL,Tennessee,Tennessee State,,3
2024,Jamarrien,Burt,S,South Alabama,,,3
2024,Kenneth,Jiles Jr.,EDGE,San Diego State,Jackson State,,3
2024,BK,Jackson,RB,North Texas,,,3
2024,Travis,Throckmorton,QB,Oregon State,,,3
2024,Jaylen,Martin,CB,Utah State,,,3
2024,Eli,Ntsasa,S,South Alabama,,,
2024,Dwight,Togiola,EDGE,Nevada,,,3
2024,Quentin,Moten,CB,UNLV,,,2
2024,Luca,Rodarte,LS,Washington State,Nevada,,
2024,Julian,Calvez,QB,Grambling,UT Martin,,2
2024,Dillon,Mong,TE,Kansas,,,
2024,Jaylon,Barden,WR,Georgia Southern,Samford,,4
2024,Keshon,Artis,LB,Northern Illinois,,,4
2024,Justin,Pegues,RB,Tennessee Tech,Bowling Green,,
2024,Mitch,Griffis,QB,Wake Forest,Marshall,0.86,3
2024,Myles,Winslow,DL,Georgia Southern,McNeese,,2
2024,Micah,Woods,WR,Buffalo,South Alabama,,3
2024,Jack,Hestera,WR,Charlotte,Utah State,,
2024,Malik,Ganaway,CB,Tennessee,Tennessee State,,
2024,Malcolm,Jones,S,Michigan State,Jacksonville State,,3
2024,Kamarro,Edmonds,RB,East Carolina,,,4
2024,Shane,Illingworth,QB,Nevada,,,3
2024,Jaden,Voisin,S,South Alabama,,0.88,3
2024,Logan,Lester,WR,Western Michigan,,,3
2024,AJ,Jayroe,WR,Louisiana,Weber State,,3
2024,Isaiah,Newell,RB,Oregon State,,,3
2024,Tylan,Dunn,S,Memphis,Albany State,,
2024,Marcus,Hicks,OT,Oklahoma,South Dakota State,0.84,3
2024,Mike,Franklin,RB,UTEP,,,3
2024,Tyshawn,Wyatt,OT,James Madison,,,3
2024,Rayquon,Hartley,LB,Middle Tennessee,,,3
2024,Joe,Swen,S,Oregon State,Sam Houston,,3
2024,Sean,Brown,CB,Michigan State,,,3
2024,Johnathan,Edwards,CB,Indiana State,Tulane,,2
2024,Nakai,Poole,WR,Mississippi State,James Madison,0.86,3
2024,Caden,Veltkamp,QB,Western Kentucky,,,3
2024,Tyler,Leinberger,OT,Massachusetts,Hampton,,2
2024,Darien,Clayborne,RB,Alabama,,,
2024,Kellen,McDonough,OT,Eastern Michigan,Duquesne,,3
2024,Keylen,Gulley,CB,Eastern Michigan,,,
2024,Antonio,Robinson,WR,Marshall,,,2
2024,Macloud,Crowton,QB,Utah,San José State,,
2024,Jobi,Malary,RB,Portland State,James Madison,,2
2024,George,Hart III,RB,Arizona State,Western Kentucky,,
2024,Kamsi,Arinze,LB,Houston,Coffeyville C.C.,,
2024,Rico,Barfield,RB,Ball State,Northwest Missouri State,,3
2024,Gerald,Campbell,WR,Marshall,,,
2024,Conner,Noah,RB,Nevada,,,3
2024,Julien,Lewis,WR,Louisiana Tech,,,
2024,Deyunkrea,Lewis,TE,Troy,,,3
2024,Keith,Gallmon,S,South Alabama,Austin Peay,,2
2024,Chatavies,Johnson,LB,Memphis,Sam Houston,,3
2024,Josh,Witt,IOL,Indiana,,,
2024,Justin,McKithen,WR,Florida Atlantic,Old Dominion,,3
2024,Cooper,Shults,TE,Nevada,,,
2024,Josh,Emmanuel,LB,Texas State,Incarnate Word,,2
2024,Kyle,Vaccarella,LS,Auburn,,,
2024,Shane,Whitter,LB,Oklahoma,North Texas,,4
2024,Chase,Meyer,K,Tulsa,Penn State,,
2024,Avery,Ellis,LB,Utah State,,,3
2024,Cristian,Dixon,WR,Michigan,,0.85,3
2024,Dorian,Blackwell,CB,Nevada,Maine,,2
2024,Anthony,Cunningham,DL,Iowa State,Jackson State,,3
2024,Wyatt,McClour,TE,New Mexico,UL Monroe,0.82,3
2024,Corey,Swiney,S,North Texas,,,
2024,Brody,Glenn,WR,Ball State,,,
2024,Shamoun,Duncan-Niusulu,S,Bowling Green,,,
2024,MarShawn,Ferguson Jr.,WR,Old Dominion,Hampton,,3
2024,Vincent,Dinkins,DL,Middle Tennessee,,,2
2024,Tavorian,Copeland,LB,Virginia Tech,,0.85,3
2024,Camdyn,Stiegeler,QB,Washington,,,
2024,Steve,Smedley,QB,Utah,,,
2024,Ezekiel,Zeff,DL,Charlotte,,,
2024,Tavyn,Jackson,S,Coastal Carolina,,,
2024,Grant,Tisdale,QB,TCU,,,3
2024,Zy,Brockington,DL,Memphis,,,3
2024,Torren,Union,S,New Mexico State,,,
2024,Zion,Agnew,WR,East Carolina,Lenoir Rhyne,,3
2024,Cedric,Anton,TE,Eastern Michigan,Tiffin University,,3
2024,Ke'Vion,Wellington,DL,Eastern Michigan,Austin Peay,,3
2024,Brandon,Baldwin,OT,Michigan State,,,3
2024,Larry,Preston,CB,Florida International,,,
2024,Trenton,VanBoening,OT,Eastern Michigan,Pennsylvania,,3
2024,Ahmarian,Granger,WR,Old Dominion,James Madison,,3
2024,Demouy,Kennedy,LB,Colorado,,0.86,3
2024,Dennard,Flowers,EDGE,Arkansas State,,,3
2024,Nukuluve,Helu,RB,BYU,,,3
2024,Jacques,Badolato-Birdsell,RB,Nevada,Portland State,,3
2024,Vann,Schield,RB,Colorado State,Northern Colorado,,
2024,Harold,West,S,North Texas,Abilene Christian,,3
2024,Xavier,McIver,DL,East Carolina,UT Martin,,3
2024,Carter,Smith,OT,Indiana,,0.88,3
2024,David,Chapeau,P,East Carolina,Central Michigan,,
2024,Danny,King,K,West Virginia,Southern Utah,,
2024,Ryan,Hoerstkamp,TE,Missouri,Middle Tennessee,,3
2024,Ethon,Cole,S,Purdue,Duquesne,,3
2024,Tyler,Williams,S,UTEP,,,3
2024,Bauer,Sharp,TE,SE Louisiana,Oklahoma,0.9,4
2024,Seven,McGee,WR,Jackson State,UAlbany,,3
2024,Justice,Cross,LB,Florida Atlantic,Murray State,,3
2024,Dijon,Jennings,QB,Akron,Weber State,,3
2024,KZ,Adams,RB,Georgia State,South Carolina State,,3
2024,Willie,Moise,DL,Coastal Carolina,,,3
2024,Kanious,Vaughn,EDGE,Utah,,0.86,3
2024,Ramon,Brown,RB,Maryland,,,4
2024,Jymetre,Hester,WR,Florida Atlantic,,,3
2024,Chace,Biddle,S,TCU,Trinity Valley C.C.,,4
2024,Vontrell,Chairse,EDGE,Toledo,Southern Illinois,,3
2024,Anquan,Willis,RB,Texas Tech,,,4
2024,Viontay,Robinson,DL,UTEP,,,2
2024,Austin,Gonzalez,QB,Southern Miss,Colorado School of Mines,,2
2024,Trey,Bixby,DL,Minnesota,Minnesota Duluth,,4
2024,Nate,Glantz,QB,McNeese,Lindenwood,,
2024,Shamar,Garrett,RB,San José State,Utah Tech,,3
2024,Easton,Kilty,OT,North Dakota,Kansas State,0.9,4
2024,Tyler,Van Dyke,QB,Miami,Wisconsin,0.9,4
2024,Zeke,Correll,IOL,Notre Dame,NC State,0.89,3
2024,Sam,Martin Jr.,S,Temple,Wagner,,3
2024,Cade,McConnell,IOL,Minnesota,Vanderbilt,,3
2024,Khmori,House,LB,Washington,,0.87,3
2024,Rico,Arnold,WR,Georgia State,,,2
2024,Marvin,Scott III,RB,Florida Atlantic,,,3
2024,DC,Tabscott,QB,New Mexico,North Alabama,,3
2024,Derrick,Shepard Jr.,DL,Cincinnati,UAB,,3
2024,Justin,Brown,WR,Georgia Tech,Western Kentucky,,3
2024,Charlie,Ham,K,Duke,Georgia,,2
2024,J'Wan,Evans,RB,Jacksonville State,Northern Arizona,,
2024,Blake,Murphy,QB,UL Monroe,,,3
2024,Zach,Blackwood,DL,Colorado,,,3
2024,Charlie,Katarincic,IOL,West Virginia,,,3
2024,Carson,Haggard,QB,Tulane,Abilene Christian,,3
2024,Lawrence,Falatea,EDGE,Washington State,Utah State,,3
2024,Cameron,Warchuck,LS,Colorado,Washington,,
2024,Carnell,Davis,S,Rutgers,Duquesne,,3
2024,Sully,Burns,OT,Tulane,Texas State,,2
2024,Colby,Warkentin,EDGE,Abilene Christian,Sacramento State,,3
2024,Nyjalik,Kelly,EDGE,Miami,UCF,0.91,4
2024,Paul,Fitzgerald,EDGE,Utah State,Utah,0.88,3
2024,Ma'a,Gaoteote,LB,Michigan State,,,
2024,Jashaud,Stewart,EDGE,Arkansas,,0.85,3
2024,Tommy,Winton III,WR,East Tennessee State,Tennessee,,3
2024,Keynan,Higgins,WR,San José State,Colorado State,,3
2024,Jacoby,Mathews,S,Texas A&M,,0.88,3
2024,Brook,Honore Jr.,P,Texas Tech,Arkansas State,,
2024,Drew,Perez,OT,South Florida,,,3
2024,Da'Quarise,Brown,DL,Newberry,Georgia State,0.83,3
2024,Eric,Fields,LB,Nebraska,,,3
2024,Kaleb,Barnett,CB,Temple,,,3
2024,Gensley,Auguste,DL,Temple,,,3
2024,Corey,Yeoman,LB,Temple,Hampton,,3
2024,Eric,Reed,CB,Georgia Tech,,,4
2024,Hunter,Roddy,RB,Army,Idaho State,,3
2024,Deeve,Harris,EDGE,Colorado,Marshall,,3
2024,Richie,Watts,QB,Buffalo,Cal Poly,,2
2024,Mike,Jarvis,DL,Wisconsin,Liberty,,3
2024,Robert,Johnson,S,North Texas,UT Martin,,3
2024,Yousef,Obeid,K,Michigan State,Missouri State,,
2024,Destun,Thomas,WR,Memphis,Kennesaw State,,3
2024,Jack,Nickel,TE,Michigan State,UAB,,3
2024,Trayvon,Rudolph,WR,Northern Illinois,,,3
2024,Tyler,Chen,IOL,Weber State,San José State,,3
2024,Miles,Davis,WR,BYU,,,3
2024,Dontay,Hunter II,DL,Ohio,Prairie View A&M,,3
2024,Chris,Fitzgerald,DL,Youngstown State,James Madison,,
2024,Rashad,Rochelle,WR,Rutgers,Indiana State,,3
2024,Khalib,Gilmore,LB,Syracuse,Ball State,,
2024,Aveon,Smith,QB,Miami (OH),Alabama A&M,,3
2024,Branden,Alvarez,WR,San José State,Portland State,,3
2024,Shawn,Harris,WR,Massachusetts,Rhode Island,,
2024,Quentin,Thomas,WR,Georgia State,Campbell,,3
2024,Tanner,Koziol,TE,Ball State,,0.88,3
2024,Omari,Allen,IOL,East Carolina,Hampton,,3
2024,Jaelon,Barbarin,RB,Michigan State,,,3
2024,Joshua,Ficklin,RB,Illinois State,,,
2024,Tajae,Broadie,TE,Old Dominion,,,3
2024,Tae'Shaun,Johnson,WR,Bowling Green,Lake Erie,,3
2024,JeCareon,Lathan,CB,Old Dominion,,,3
2024,Kevin,Longstreet,CB,Louisville,Texas A&M,,
2024,Brandon,Guzman,CB,Colorado State,Campbell,,3
2024,Jaden,Moore,LB,Tulsa,UT Martin,,3
2024,Jared,Zirkel,K,Georgia,Texas A&M,,2
2024,Delaney,Crawford,WR,Virginia,Ohio,,3
2024,Jasiah,Williams,WR,Richmond,Stony Brook,,
2024,Ender,Aguilar,OT,California,Tulsa,,3
2024,Quan,Peterson,CB,Syracuse,Coastal Carolina,,3
2024,Malin,White,EDGE,Cornell,Buffalo,,
2024,Joseph,Solomon,IOL,App State,,,2
2024,Aramoni,Rhone,TE,Ohio,Arkansas-Pine Bluff,,3
2024,Ebon,Person,LB,Anderson,Indiana,,2
2024,Jordan,Reagan,CB,Oklahoma State,Marshall,,3
2024,Travis,Collier,CB,Jacksonville State,North Alabama,,2
2024,Tyjon,Jones,S,Youngstown State,UAB,,
2024,Dallas,Sims,WR,Minnesota,Old Dominion,,3
2024,Upton,Bellenfant,K,Alabama,Buffalo,,
2024,Trenilyas,Tatum,LB,Georgia Tech,,,3
2024,Kaden,Schickel,LS,James Madison,Michigan State,,
2024,Steele,Wasel,QB,Akron,Oklahoma,,2
2024,Jason,Scott,CB,Boston College,Delaware,,3
2024,Beau,Gardner,LS,UCLA,Georgia,,3
2024,Matthew,Shipley,K,Hawai'i,Arkansas,,2
2024,Micah,Kelly,RB,Toledo,Samford,,3
2024,Myles,Burkett,PRO,Wisconsin,UAlbany,,3
2024,Damon,Miller,S,UAB,Samford,,2
2024,Michael,Erhart,LB,Oregon State,,,3
2024,Max,Hoskins,P,Washington State,,,
2024,NaQuari,Rogers,RB,Campbell,New Mexico,,
2024,Isaiah,Norris,CB,South Carolina,North Carolina Central,,3
2024,Trevor,Hardy,S,Memphis,Austin Peay,,3
2024,Kamryn,Farrar,LB,SMU,,,3
2024,Mehki,Wall,WR,Duke,North Carolina Central,,3
2024,Griffin,Moore,TE,Illinois,Texas State,,3
2024,Sosefo,Moeaki,DL,Nevada,Portland State,,2
2024,Jason,Harris,EDGE,Marshall,,,4
2024,Junior,Uzebu,OT,Vanderbilt,South Florida,,3
2024,Caleb,Krings,OG,Elon,Duke,,
2024,Poukesi,Vakauta,DL,Utah State,Colorado State,,3
2024,Kivon,Wright,DL,Boise State,Kilgore J.C.,,3
2024,Terrell,Allen,DL,Tennessee State,Tulane,,
2024,Marcus,Miller,OT,UNLV,Middle Tennessee,,3
2024,Omari,Philyaw,CB,App State,Tennessee Tech,,3
2024,Aidan,Laros,P,UT Martin,Kentucky,,
2024,Jamoni,Jones,RB,New Mexico State,Vanderbilt,,3
2024,Corey,Wren,RB,TCU,UTEP,,4
2024,Josh,McCarty,S,Eastern Michigan,Pittsburgh,,2
2024,Jeremiah,McCrimmon,OT,Colorado,,,
2024,Jordan,Shaw,CB,Indiana,Arizona,0.89,3
2024,Bryston,Dixon,DL,Georgia Tech,South Alabama,0.82,3
2024,Muwaffaq,Parkman,RB,Syracuse,,0.84,3
2024,Jalen,Jackson,LB,Georgia Southern,,,2
2024,Keith,Wheeler,WR,Tulsa,,,3
2024,Ashton,Schumann,WR,Tulsa,Central Oklahoma,,3
2024,Chauncey,Logan,CB,James Madison,,,
2024,Trey,Laing,EDGE,Indiana,Eastern Michigan,,
2024,Will,Prendergast,DL,Florida International,Colorado State,,
2024,Eian,Pugh,WR,Illinois,Ohio,,3
2024,Brayden,Dorman,QB,Arizona,,,4
2024,Willie,Gaines,WR,Colorado,Murray State,,3
2024,Marquez,Bell,WR,Old Dominion,Florida A&M,,3
2024,Quinn,Murphy,OT,Notre Dame,Western Michigan,,
2024,Nick,Nash,WR,San José State,,0.9,4
2024,Khris,Bogle,EDGE,Michigan State,,,4
2024,Jai,Eugene Jr.,S,Tulane,Western Kentucky,,3
2024,Dante,Dowdell,RB,Oregon,Nebraska,0.9,4
2024,Jamoi,Mayes,WR,Chattanooga,UAB,,3
2024,Princely,Umanmielen,EDGE,Florida,Ole Miss,0.94,4
2024,Jaret,Frantz,WR,Toledo,Edinboro University,,3
2024,Davis,Beville,QB,Oklahoma,South Carolina,,3
2024,Tackett,Curtis,LB,USC,Wisconsin,0.92,4
2024,Matthew,Golden,WR,Houston,Texas,0.92,4
2024,Jalen,Walthall,WR,Hawai'i,Incarnate Word,,3
2024,Kareem,Burke,WR,Florida A&M,Arkansas-Pine Bluff,,3
2024,Keon,Sabb,S,Michigan,Alabama,0.92,4
2024,Kaden,Sutton,DL,Iowa State,Wayne State,,
2024,Landon,Samson,WR,South Carolina,,,3
2024,Pearson,Toomey,OT,Furman,,0.86,3
2024,Justin,Lynch,CB,Bowling Green,,,
2024,Victor,Pless,CB,Minnesota,Mercer,,3
2024,Jonah,Jensen,S,Air Force,Hillsdale College,,
2024,Wahkeem,Roman,IOL,Notre Dame College,Delaware,,2
2024,Malick,Meiga,WR,Penn State,Coastal Carolina,,3
2024,Carsen,Ryan,TE,UCLA,Utah,0.9,4
2024,Chandler,Rogers,QB,North Texas,California,0.89,3
2024,Tyler,Bride,CB,Minnesota,Jacksonville State,,3
2024,Drew,Cassens,TE,Northern Illinois,Butler,,
2024,Tommy,McIntosh,WR,Wisconsin,Central Michigan,,3
2024,Ezeriah,Anderson,WR,Campbell,UConn,,3
2024,Marquis,Montgomery,TE,California,BYU,,3
2024,Rykin,Maxwell,WR,James Madison,Murray State,,
2024,Drew,Wilson,LS,Michigan State,Western Kentucky,,
2024,Terrance,Caldwell,IOL,Cornell,Weber State,,3
2024,Hayden,Pulis,OT,Fresno State,Central Oklahoma,,3
2024,Tailique,Williams,WR,Georgia State,,0.87,3
2024,Dylan,Davis,IOL,Illinois,Marshall,,
2024,Alfonzo,Allen,S,Baylor,,,3
2024,Nick,Mosley,RB,Bowling Green,,,3
2024,Bryce,Kissi,WR,Rutgers,,,
2024,Daejuan,Thompson,LB,NC State,Garden City C.C. ,,3
2024,LaDarrius,Bishop,CB,Arkansas,UNLV,0.83,3
2024,Kalvyn,Crummie,LB,Army,Murray State,,
2024,Adam,Mihalek,K,Florida,,,
2024,Aaron,Willis,LB,Houston,Delaware State,,4
2024,Elijah,Canion,WR,Purdue,Liberty,,3
2024,Adryan,Lara,QB,Kansas State,Louisiana,,3
2024,Ryan,Smith,EDGE,Duke,,,3
2024,Clyde,Washington,LB,Purdue,Utah State,,2
2024,Kameron,Hawkins,LS,Arizona,Colorado,,2
2024,Ty,Gordon,DL,Syracuse,William & Mary,,3
2024,Dominic,Boyd,OT,Alabama State,Georgia Southern,,
2024,Rodney,Green Jr.,DL,North Texas,Northern Iowa,,2
2024,Donovan,Green,DL,Northwestern State,Eastern Michigan,,
2024,Dontavius,Burrows,LB,Texas State,UL Monroe,,3
2024,Jamie,Felix,RB,Georgia Tech,,,3
2024,Matt,Lawson,DL,Northwestern,New Mexico State,,3
2024,JJ,Henry,WR,Ole Miss,Abilene Christian,,3
2024,Nijel,McGriff,DL,Louisiana,,,3
2024,Thaiu,Jones-Bell,WR,Alabama,,,4
2024,Rian,Davis,LB,UCF,,0.85,3
2024,Dezz,Ricks,CB,Alabama,Texas A&M,0.94,4
2024,Rocky,Shields,DL,Washington State,Carroll College,,3
2024,Reece,Atteberry,DL,Michigan,,,3
2024,Daisjaun,Mercer,S,Miami (OH),,,2
2024,Jared,White,P,Western Kentucky,Tarleton State,,
2024,Josh,Berry,RB,Texas State,,,3
2024,Andrew,Milek,IOL,USC,,,3
2024,Collin,Dunn,LB,Kansas State,Itawamba C.C.,,3
2024,Niles,King,DL,Grand Valley State,,,
2024,Javion,Posey,WR,Florida Atlantic,,,3
2024,Jalen,Huff,S,Florida Atlantic,,,3
2024,Artis,Cole,WR,Fresno State,UL Monroe,,2
2024,Demetrius,Knight Jr.,LB,Charlotte,South Carolina,0.91,4
2024,Aidan,Bitter,WR,Iowa State,,,3
2024,Lovie,Jenkins,S,Florida A&M,,,3
2024,Mason,McHugh,QB,App State,Butler C.C.,,3
2024,Amaad,Foston,RB,Virginia,Hampton,,3
2024,Ethan,Pouncey,CB,Florida,Georgia Southern,,4
2024,Ashton,Wolff,K,Colorado State,,,2
2024,Sam,Mason Jr.,S,Oregon State,Abilene Christian,,3
2024,Dylan,Early,S,New Mexico State,,,2
2024,Tyrese,Chambers,WR,Maryland,,,
2024,Devin,Clark,S,Virginia,East Mississippi C.C.,,3
2024,Exavious,Reed,TE,Southern Miss,Tennessee State,,3
2024,Derrian,Brown,RB,Texas,,,4
2024,Tymere,Burton,LB,Charlotte,,,
2024,Dylan,Rollins,OT,BYU,Montana State,,3
2024,Kristian,Phillips,IOL,Michigan State,,,3
2024,S'Maje,Burrell,LB,Texas,,0.85,3
2024,Javon,Gantt,WR,Central Michigan,,,3
2024,Ethan,Barr,LB,Vanderbilt,Washington,0.86,3
2024,DeAnthony,Becton,CB,Central Michigan,,,2
2024,Jacob,Tafoya,S,Air Force,,,3
2024,Cayden,Hawkins,LB,Louisiana Tech,,0.8,3
2024,Chris,Gales,S,Toledo,UAlbany,,2
2024,Kyron,Cumby,RB,Delaware,,,3
2024,Christian,Forbes,IOL,Wake Forest,Howard,,3
2024,Jestus,Johnson,IOL,Virginia,Delaware State,,3
2024,Hunter,Talley,TE,Arkansas,Missouri State,,
2024,Mike,Sharpe II,RB,Arkansas State,,,3
2024,Chris,Rhone,WR,Coastal Carolina,,,3
2024,Jordan,Norwood,LB,Liberty,Incarnate Word,,3
2024,Ashtin,Rustemeyer,DL,Arkansas State,Lindenwood,,3
2024,Darvon,Hubbard,RB,Temple,,,3
2024,Jalen,Neal,CB,Boise State,,,
2024,Justice,Jackson,RB,Eastern Washington,Idaho State,,3
2024,Demarii,Blanks,LB,Hawai'i,,,2
2024,Brian,Crespo-Jaquez,OT,Colorado State,,,3
2024,Kade,Moore,WR,BYU,,,2
2024,Mychai,Williams,CB,Colorado State,Missouri Southern State,,
2024,Chris,Bowerfind,LS,UCF,,,
2024,Brenyen,Scott,S,Temple,,,
2024,Tristan,Armstrong,CB,Massachusetts,Central Connecticut,,2
2024,Ty,Moss,S,East Carolina,Tennessee Tech,,
2024,Aidan,Behymer,TE,Air Force,North Dakota,,2
2024,Joey,Okla,IOL,Illinois,Wisconsin,,3
2024,Zyheem,Coleman-Frazier,WR,Temple,Morgan State,,
2024,Jalen,Rayam,LB,Middle Tennessee,UTEP,,3
2024,Ethan,Sipe,OT,Dartmouth,Virginia,,
2024,Trey,Cleveland,WR,North Texas,Abilene Christian,,3
2024,Jaylon,Griffin,WR,Tulane,Texas State,,3
2024,Nehemiah,Magalei,DL,Northern Arizona,West Georgia,,3
2024,Dyson,McCutcheon,CB,Washington,,,3
2024,Gideon,Bedada,EDGE,Old Dominion,Murray State,,3
2024,Deshawn,McKnight,DL,App State,,,3
2024,Darrell,Starling,S,Troy,,,3
2024,Jahquez,Robinson,S,Colorado,Auburn,,3
2024,Cruz,Rushing,S,Arizona,Oregon,,3
2024,Donovan,Giles,WR,Florida Atlantic,Arkansas-Pine Bluff,,3
2024,Jaydon,Bailey,RB,Utah State,Texas State,,3
2024,Quenton,Rice,CB,BYU,Kansas State,,3
2024,Davion,Hood,DL,Temple,Austin Peay,,
2024,Alex,Odom,S,Temple,Monmouth,,2
2024,Cam,Ward,QB,Washington State,Miami,0.94,4
2024,Trevor,Etienne,RB,Florida,Georgia,0.93,4
2024,Kamari,Ramsey,S,UCLA,USC,0.92,4
2024,Drew,Azzopardi,OT,San Diego State,Washington,0.91,4
2024,Zavion,Thomas,WR,Mississippi State,LSU,0.9,4
2024,Calvin,Hill,RB,Texas State,UTEP,0.85,3
2024,Laine,Jenkins,EDGE,Illinois,,,3
2024,John,Eldridge,RB,Air Force,,,2
2024,La'Vell,Wright,RB,Kentucky,Austin Peay,,3
2024,Wing,Green,OT,Georgia Tech,Campbell,,3
2024,Keshawn,Wicks,RB,Old Dominion,,,2
2024,Samora,Ezekiel,OT,North Texas,Montana State,,3
2024,Zion,Odoms,WR,Marshall,,,3
2024,Job,Kralik,WR,East Tennessee State,Weber State,,3
2024,Dywan,Griffin,CB,UTSA,,,3
2024,David,Johnson,S,Washington State,,,3
2024,Cam,Griffin,CB,Western Michigan,,,3
2024,Logan,Johnson,WR,Georgia,,,2
2024,Allen,Smith Jr.,EDGE,Florida A&M,,,3
2024,Jacalyn,Morrison,CB,Notre Dame College,,,
2024,Zach,Long,K,Troy,Bowling Green,,
2024,Errol,Rogers Jr.,WR,Liberty,SE Louisiana,,2
2024,Leyton,Cure,TE,Fort Hays,Kansas,,
2024,Peseti,Lapuaho,OT,Weber State,San José State,,
2024,Kale,Edwards,EDGE,Montana,New Mexico State,,3
2024,Collin,Vaughn,DL,Limestone College,Utah State,,
2024,William,Haskell,QB,Washington,Portland State,,3
2024,Bradley,Schlom,WR,UCLA,San Diego,,3
2024,Khary,Crump,CB,Michigan State,Houston Christian,,3
2024,Amir,Wallace,CB,San Diego,San José State,,2
2024,Murvin,Kenion III,CB,Idaho,Sacramento State,,
2024,Aaron,Steinfeldt,TE,Indiana,UAlbany,,3
2024,James,Burns,WR,UConn,Prairie View A&M,,3
2024,Jake,Rubley,QB,Kansas State,Illinois State,,3
2024,Christion,Stokes,S,West Virginia,Findlay,,3
2024,Manny,Moss,S,Western Kentucky,,,
2024,Addison,Copeland III,WR,Pittsburgh,Coffeyville C.C.,,3
2024,Michael,Lantz,K,Georgia Southern,USC,,2
2024,Amari,Wansley,S,Florida Atlantic,Murray State,,3
2024,Fin,Jones,TE,Florida Atlantic,South Florida,,3
2024,Jason,Llewellyn,TE,Oklahoma,Texas Tech,,3
2024,Evan,King,TE,Hampton,Buffalo,,
2024,Canyon,Moses,CB,Arizona,Northern Arizona,,3
2024,Jaxon,King,OT,Grambling,Massachusetts,,
2024,McKel,Broussard,S,UTEP,Eastern Washington,,3
2024,Antonio,Colclough,EDGE,Monmouth,Buffalo,,3
2024,Devonta,Davis,DL,Jackson State,Florida Atlantic,,
2024,Tyler,Buchner,QB,Alabama,Notre Dame,,4
2024,Nick,Rempert,WR,Tulsa,North Texas,,3
2024,Todd,Bumphis,CB,Cincinnati,Bowling Green,,3
2024,Jordan,Taylor,CB,Tusculum,James Madison,,
2024,Jacob,Barnes,K,Louisiana Tech,Tulane,,2
2024,Mannie,Nunnery,LB,Florida,Texas State,,3
2024,Will,Leota,WR,Utah Tech,Sacramento State,,
2024,Cole,Freeman,QB,Northwestern,Columbia,,
2024,Chris,Freeman,K,Indiana,UConn,,2
2024,Wesley,Watson,WR,Kansas State,Texas A&M,,3
2024,Jalen,Rudolph,DL,UTEP,Grambling,,3
2024,Charlie,Williams,TE,UNLV,Colorado,,
2024,Tyler,Huenemann,DL,Harvard,,,3
2024,Micaiah,Bell,DL,Harvard,,,
2024,Aidan,Twombly,TE,VMI,,,
2024,Gabe,Kirschke,DL,Wisconsin,Colorado State,,
2024,Thai,Chiaokhiao-Bowman,WR,Florida,Rice,,3
2024,Brady,Hultman,LB,Wyoming,Missouri,,2
2024,Bronson,Barron,QB,Western Kentucky,Southern Utah,,2
2024,Jackson,Stratton,QB,Colorado State,Iowa,,3
2024,Jacari,Carter,WR,Georgia State,UAlbany,,
2024,Rick,Moore,OT,Boise State,Old Dominion,,
2024,RaQuan,Thompson,DL,UTEP,Marshall,,3
2024,Drew,Tuazama,DL,South Carolina,UCLA,,
2024,Randolph,Kpai,LB,Nebraska,New Mexico,,4
2024,Jeremiah,McClendon,S,Florida International,Southern Illinois,,3
2024,Arsheen,Jiles,CB,Sacred Heart,Massachusetts,,
2024,Daniel,Meunier,LS,USC,Texas State,,
2024,Caleb,Fauria,TE,Colorado,Delaware,,3
2024,Tanaka,Scott,WR,Kansas,North Alabama,,3
2024,Damien,Moore,RB,Fresno State,Lamar,,3
2024,Shawn,Russ,S,Arizona State,Bethune-Cookman,,3
2024,Tyson,Meiguez,LB,Georgia Tech,Murray State,,3
2024,Christian,Hunt,QB,Arkansas State,,,3
2024,Kodi,DeCambra,S,Oregon,UNLV,,4
2024,Joshua,Cobbs,WR,Houston,South Florida,,3
2024,Blake,Matthews,LB,Troy,Delaware,,3
2024,Dorian,Helm,S,Massachusetts,Bryant,,2
2024,Hunter,Helms,QB,Clemson,Rhode Island,,2
2024,Bryson,Donnell,RB,Texas Tech,UTSA,,3
2024,Jackson,Bratton,LB,UAB,North Alabama,,4
2024,Caleb,Anderson,WR,Akron,Alcorn State,,3
2024,Chris,Wright,EDGE,North Texas,Abilene Christian,,3
2024,Jayden,Perry,LS,Indiana State,Cincinnati,,
2024,Da'Quan,Thomas,IOL,North Carolina Central,Akron,,
2024,Travis,Drosos,LS,South Alabama,UCLA,,
2024,Carlos,Alvarado,K,Army,Texas State,,
2024,Taylor,Love,LB,Tulane,Tennessee Tech,,3
2024,Terrell,Dawkins,DL,South Carolina,North Texas,,3
2024,Jabril,White,CB,Cincinnati,New Mexico State,,
2024,Walter,Nolen,DL,Texas A&M,Ole Miss,0.99,5
2024,Brock,Vandagriff,QB,Georgia,Kentucky,0.93,4
2024,Marvin,Jones Jr.,EDGE,Georgia,Florida State,0.93,4
2024,Edward,Saydee,RB,Temple,Gardner-Webb,,3
2024,Syncere,Massey,DL,Abilene Christian,Texas Southern,,3
2024,Hunter,Rapolla,EDGE,New Mexico,UTEP,,
2024,Darius,McKenzie,LB,Maine,South Alabama,,
2024,Jalen,Williams,CB,Fresno State,Sacramento State,,3
2024,Johnny,Schmitt,S,Illinois,Southern Illinois,,2
2024,Ian,Conerly-Goodly,S,SE Louisiana,Troy,,
2024,Keelan,Crimmins,P,Mississippi State,Purdue,,2
2024,Kitione,Tau,DL,Bowling Green,Nevada,,
2024,Tyler,Wigglesworth,LS,Northern Arizona,Arizona State,,
2024,Jacob,Zuhr,LS,Wake Forest,Syracuse,,2
2024,Tylon,Dunlap,EDGE,Georgia State,Kennesaw State,,3
2024,Marlon,Krakue,EDGE,Florida Atlantic,North Alabama,,3
2024,Bennie,Garner,LB,Southern Miss,,,
2024,Alex,Bacchetta,P,Penn State,Rice,,3
2024,Sam,McCall,CB,Texas A&M,Georgia State,,4
2024,John,Anderson,S,Charlotte,,,3
2024,Al,Ashford III,CB,Utah State,Northern Arizona,,3
2024,Davion,Westmoreland,EDGE,Kansas,Florida A&M,,3
2024,Joshua,Nobles,EDGE,Western Michigan,Jackson State,,3
2024,Lucas,Coley,QB,Houston,Prairie View A&M,,3
2024,Austin,Hill,WR,Ball State,Stetson,,2
2024,Jacob,Lewis,K,Minnesota,Ohio,,
2024,O'Shaan,Allison,RB,Ohio,Austin Peay,,2
2024,Derek,Burns,EDGE,Troy,New Mexico State,,3
2024,Garrison,Walker,DL,Auburn,New Mexico,,
2024,Ronnie,Hamrick II,S,Texas State,Lamar,,3
2024,Pig,Cage,S,UTSA,Louisiana Tech,,3
2024,Kamren,Watkins-Hunter,CB,Georgetown,Massachusetts,,
2024,Michael,Mack,CB,Wisconsin,Ohio,,
2024,John,Miller,LB,Oregon State,Utah State,,3
2024,Diego,Neri,LB,Bowling Green,Western Illinois,,3
2024,Hank,Pepper,LS,Michigan State,USC,,2
2024,Eni,Falayi,TE,Massachusetts,Utah Tech,,3
2024,Douglas,Newsome,CB,Charlotte,UT Martin,,2
2024,Zachary,Tobe,S,Illinois,Georgia Tech,,3
2024,Harold,Nash III,S,Memphis,North Texas,,
2024,Brock,O'Quinn,LS,Alabama,SMU,,
2024,Ty,Perkins,WR,Cincinnati,Marshall,0.82,3
2024,Samuel,Mbake,WR,Arkansas,Kilgore J.C.,,4
2024,Elijah,Bowser,OT,Louisiana Tech,,,
2024,Ethen,Erickson,IOL,Colorado State,,,
2024,Jesiah,Stevens-Silva,TE,Central Michigan,,,2
2024,Toriano,Pride Jr.,CB,Clemson,Missouri,0.92,4
2024,Davis,Mallinger,S,West Virginia,Nevada,0.86,3
2024,Davion,Blackwell,LB,Nevada,Austin Peay,,3
2024,Andrew,Volmar,CB,Southern Illinois,Bethune-Cookman,,2
2024,Savio,Frazier,DL,Mercer,Miami (OH),,
2024,Donald,Lee,CB,Grambling,UAB,,3
2024,Mike,Ciaffoni,IOL,Rutgers,,,3
2024,Trevon,Booker,CB,Campbell,Charlotte,,
2024,Karter,Johnson,TE,Pittsburgh,Florida A&M,,
2024,Nigel,Williams,CB,Northwestern,New Mexico,,3
2024,Dylan,Kedzior,RB,Buffalo,Bryant,,3
2024,RJ,Lopez,K,UCLA,Purdue,,2
2024,Jayden,Davis,S,Central Michigan,Idaho State,,
2024,Logan,Wilson,DL,Western Michigan,Indiana State,,3
2024,Dami'on,Thompson,WR,Coastal Carolina,East Mississippi C.C.,,3
2024,Jonathan,Patrick Jr.,WR,UTEP,,,2
2024,BJ,Ragland,DL,Charlotte,Chattanooga,,3
2024,Dameon,Smallwood,IOL,North Texas,Lamar,,3
2024,Josh,Crabtree,WR,NC State,Murray State,,3
2024,Treviance,Bronson,DL,Arkansas State,North Texas,,
2024,Latrell,Jean,DL,Florida Atlantic,Temple,,3
2024,Bryan,Henry,TE,Houston,Abilene Christian,,3
2024,Bryson,Moss,RB,Eastern Michigan,Jackson State,,2
2024,Chris,Smith,S,Georgia State,Northern Arizona,,3
2024,Mike,Washington Jr.,RB,Buffalo,New Mexico State,,2
2024,Louis,Frye,S,Northern Illinois,Temple,,
2024,Jameel,Sanders,CB,South Florida,Florida A&M,,
2024,Dasheen,Jackson,S,Troy,Alabama State,,3
2024,Jordan,Bly,WR,Old Dominion,Gardner-Webb,,3
2024,Brady,Shannon,QB,UCF,Youngstown State,,3
2024,Jocelyn,Malaska,CB,Utah,Oklahoma,,3
2024,Jarvis,Ware,CB,UCF,UNLV,,3
2024,Davis,Burns,S,UTEP,Northern Arizona,,2
2024,Quantavious,Leslie,IOL,Western Kentucky,,,3
2024,Patrick,Taylor,S,Georgia,Jacksonville State,,
2024,Sidney,Mbanasor,WR,Utah,Tulane,,3
2024,Brayden,Dudley,EDGE,West Virginia,Mercer,,3
2024,Mason,Gilbert,TE,Lafayette,Maine,,
2024,Carlos,Davis,QB,Massachusetts,Towson,,
2024,Curtis,Deville,WR,Purdue,McNeese,,4
2024,DQ,James,RB,Wyoming,,,3
2024,Ta'ir,Brooks,WR,New Mexico State,Northern Arizona,,3
2024,Jaylen,Ward,WR,Middle Tennessee,Florida A&M,,3
2024,Khali,Saunders,LB,Kent State,,,3
2024,Hayden,Erickson,OT,Utah,,,2
2024,Ethan,Presutty,WR,Old Dominion,,,
2024,Stephen,Martin,WR,UCF,Samford,,
2024,James,Edwards,CB,App State,Tennessee Tech,,3
2024,Stephan,Byrd,RB,Cincinnati,Youngstown State,,3
2024,Travonte,O'Neal,DL,Florida International,,,3
2024,Scottie,Alexander,WR,Tulsa,UT Martin,,3
2024,Landon,Hullaby,S,Texas Tech,UTEP,,3
2024,Malik,Bowen-Sims,WR,Duke,Austin Peay,,3
2024,Jax,Porter,TE,Alabama,TCU,,
2024,Sam,Staruch,WR,Michigan,Massachusetts,,
2024,Cameron,Watts,CB,Texas Tech,New Mexico,,3
2024,Diassa,Diakite,CB,Robert Morris,Duke,,
2024,Devin,Downing,WR,BYU,Southern Utah,,3
2024,Griffin,Waiss,TE,Washington,Stanford,,2
2024,Greg,Gaines,WR,Iowa State,Rhode Island,,4
2024,Surahz,Buncom,WR,Kansas,Eastern Illinois,,3
2024,Billy,Dozier,WR,Northern Illinois,Butler,,2
2024,Stephon,Hall,S,Pittsburgh,Youngstown State,,3
2024,Austin,Riggs,LS,BYU,Rutgers,,2
2024,Bryce,Harrison,TE,Northern Illinois,Stetson,,2
2024,Logan,Compton,TE,Houston,Incarnate Word,,3
2024,PJ,Johnson III,WR,New Mexico State,,,3
2024,George,Hamsley,QB,LSU,Tennessee State,,
2024,Keenan,Cupit,EDGE,UCF,,,3
2024,Justice,Guillory,IOL,Stephen F. Austin,North Texas,0.82,3
2024,Shawn,Charles,WR,Arizona State,,,
2024,Cam'Ron,McCoy,QB,Eastern Michigan,Jackson State,,
2024,Nevan,Cremascoli,QB,Northern Illinois,South Dakota,,
2024,Elias,Cloy,IOL,Georgia Tech,Alabama A&M,,3
2024,Fred,Stokes,EDGE,Central Michigan,Prairie View A&M,,2
2024,Will,Lee III,CB,Kansas State,Texas A&M,0.9,4
2024,Xavier,Coleman,RB,Boston College,Lamar,,3
2024,Tom,Ellard,P,Western Kentucky,Northern State,,2
2024,Nate,Anderson,WR,Western Michigan,Bucknell,,3
2024,Alec,Pell,TE,Northern Colorado,Austin Peay,,3
2024,Jalen,Rogers,WR,Tulane,Florida A&M,,3
2024,Max,Fletcher,P,Arkansas,Cincinnati,,3
2024,Blake,Ford,K,Arkansas,North Texas,,
2024,Keion,Battle,WR,Illinois,Western Illinois,,2
2024,Curtis,Roberts,LB,Florida Atlantic,,,3
2024,Caden,Blum,DL,Air Force,,,2
2024,Jaquan,Dixon,RB,Georgia State,,,3
2024,Tyson,Berry,WR,San Diego State,Trinity Valley C.C.,,3
2024,Coen,Sutton,WR,App State,Georgetown,,2
2024,Jalen,Brooks,LB,North Carolina,Campbell,,
2024,Elijah,Wood,LB,San José State,Utah Tech,,3
2024,Ryan,Kilburg,S,Western Michigan,Eastern Illinois,,3
2024,Austin,Smith,QB,Eastern Michigan,Austin Peay,,2
2024,James,BlackStrain,WR,Georgia Tech,Missouri State,,3
2024,Joseph,Bakhole,EDGE,UL Monroe,Chattanooga,,3
2024,Jay,Ducker,RB,Memphis,Sam Houston,,3
2024,Nick,Nakwaasah,S,North Texas,,,3
2024,Sawyer,Deerman,WR,Alabama,San José State,,3
2024,Blue,Smith,WR,Western Kentucky,,,4
2024,Danny,Valenzuela,IOL,Texas State,,,3
2024,Kiwaun,Davis,CB,Northern Illinois,,0.81,3
2024,Jayhvion,Gipson,LB,New Mexico State,,,3
2024,Siaosi,Lauhingoa,DL,Utah State,,,2
2024,Travares,Springer,CB,Western Kentucky,,,3
2024,Jai'Lun,Hampton,OT,Charlotte,UT Martin,,3
2024,Brycen,Yarmo,TE,Akron,,,3
2024,Lucas,Heyer,OT,Stanford,,,3
2024,Micah,Cherry,CB,Toledo,Jackson State,,3
2024,Khristopher,Love,IOL,Maryland,,,3
2024,Tanner,Bailey,QB,South Carolina,,,3
2024,Cort,Bradley,IOL,UAB,,,2
2024,Christian,Lee,TE,North Texas,,,3
2024,Michel,Dukes,RB,South Florida,Jacksonville State,,3
2024,Derrell,Bailey Jr.,IOL,South Florida,East Tennessee State,,3
2024,Rory,Bell,K,Cincinnati,,,
2024,Tre,Bradford,RB,North Texas,,,4
2024,Stone,Earle,QB,North Texas,Abilene Christian,,
2024,Peter,Eyabi,EDGE,Washington State,,,
2024,Devyn,Curtis,LB,Middle Tennessee,,,3
2024,Wilky,Denaud,DL,Mississippi State,Florida Atlantic,,3
2024,Hayden,Bray,TE,Oklahoma,,,
2024,Eric,Gaston,DL,Memphis,,,3
2024,Tyrek,Presley,WR,Tulane,,,3
2024,Jaden,Lindsay,IOL,App State,Gardner-Webb,,3
2024,Goldie,Lawrence,WR,UCF,Arkansas State,0.86,3
2024,Grant,Copeland,IOL,East Carolina,Lenoir Rhyne,,3
2024,Quincy,Darnell,LB,Georgia Southern,,,
2024,Brian,Kilbane Jr.,IOL,Akron,Massachusetts,,2
2024,Andrew,Alvarado,OT,Houston Christian,,,
2024,John,McConnell,P,Marshall,Akron,,2
2024,Chris,Crouch,S,Georgia Southern,,,
2024,Jayden,George,QB,Miami,,,
2024,Jae'vone,Brown,IOL,New Mexico State,Southeast Oklahoma State,,2
2024,Quavian,Carter,LB,Michigan State,,,3
2024,Tavarius,Pitts,DL,San José State,,,3
2024,Zamar,Grove,DL,Temple,,,3
2024,Phil,Gunn,IOL,Ball State,,,2
2024,Anthony,Enechukwu,S,Western Michigan,Gardner-Webb,,3
2024,Quinton,Cannon,LB,Western Michigan,Gardner-Webb,,2
2024,Courtney,McBride Jr.,EDGE,Florida Atlantic,South Alabama,,3
2024,Terion,Sugick,DL,Arkansas State,Murray State,,3
2024,Quintell,Quinn,RB,Ohio,Texas Southern,,3
2024,CJ,Harris,LB,Kent State,Louisiana Tech,,
2024,Jamar,Sekona,DL,USC,Hawai'i,,3
2024,Carlson,Joseph,RB,Florida,,,
2024,Russell,Tabor,QB,North Carolina,,,
2024,Mark,Langston,LS,Georgia Southern,Indiana,,
2024,Jahbari,Hill,CB,Florida Atlantic,North Alabama,,3
2024,Blake,Ochsendorf,P,Louisiana Tech,LSU,,
2024,Jordan,Nabors,WR,Baylor,Stephen F. Austin,,3
2024,Ardell,Banks,WR,Kentucky,Kent State,,3
2024,Kaedric,Cobbs,RB,UTSA,Bryant,,3
2024,Reece,Thomas,WR,Kansas,Lindenwood,,
2024,Brionne,Penny,WR,San Diego State,James Madison,,3
2024,Keelan,Cox,DL,Wyoming,Texas Southern,,
2024,Ike,Daniels,RB,Syracuse,Towson,,3
2024,Latarie,Kinsler,EDGE,Florida International,Florida A&M,,3
2024,Malcolm,Britt,LB,Old Dominion,Norfolk State,,3
2024,Xavier,Loyd,WR,Kansas State,Illinois State,,
2024,Tyler,Dostin,TE,Kent State,UT Martin,,3
2024,Sammy,Malignaggi,RB,James Madison,Campbell,,
2024,RJ,Whitehead,IOL,Tulane,UTEP,,2
2024,Rayf,Vinson,WR,Ole Miss,Samford,,2
2024,Abi,Nwabuoku-Okonji,DL,James Madison,,,3
2024,Chance,Carroll,IOL,North Carolina,Georgia Southern,,2
2024,Jameson,Wharton,CB,Vanderbilt,Tennessee Tech,,3
2024,Tyler,Jordan,RB,Georgia Southern,Western Illinois,,
2024,Charles,Arnold Jr.,S,Coastal Carolina,Missouri State,,3
2024,Brady,Olson,QB,Massachusetts,Central Connecticut,,2
2024,Jonathan,Thomas,LB,Nevada,Incarnate Word,,3
2024,Carston,Marshall,LB,Iowa State,Youngstown State,,3
2024,Jamon,Dumas-Johnson,LB,Georgia,Kentucky,0.93,4
2024,DJ,Lundy,LB,Florida State,,0.89,3
2024,Spencer,Curtis,WR,Nevada,,,
2024,Jack,Salopek,QB,Western Michigan,Elon,,3
2024,Alec,Eckert,DL,Washington State,Montana State,,2
2024,Terian,Williams II,S,Stanford,Bucknell,,3
2024,Tyler,Keltner,K,Florida State,Oklahoma,,2
2024,Tevin,Carter,QB,Memphis,Tennessee State,,3
2024,Ammon,Allen,LB,Arizona,Northern Arizona,,3
2024,Avery,Morris,LB,New Mexico State,Charlotte,,3
2024,Fabian,Rogosch,EDGE,Troy,,,
2024,Richard,Kinley II,EDGE,Middle Tennessee,Memphis,,2
2024,Aydin,Henningham,LB,Pittsburgh,Albany State,,3
2024,Keyan,Burnett,TE,Arizona,,,4
2024,Reggion,Bennett,RB,Jacksonville State,,,2
2024,Kardell,Thomas,IOL,Florida A&M,,0.87,3
2024,Dashaun,Davis,WR,App State,,,2
2024,Carlos,Fletcher,DL,Georgia State,,,3
2024,Adam,Tomczyk,DL,Utah State,,,3
2024,Malone,Mataele,CB,Utah State,,,3
2024,Oshae,Baker,CB,UT Martin,,0.86,3
2024,Michael,Tetteh,DL,Buffalo,,,2
2024,Connor,Knight,DL,UAB,McNeese,,3
2024,Jordan,Allen,LB,San José State,Portland State,,3
2024,Gavin,Forsha,LB,South Alabama,,,
2024,Justin,Wood,LS,Miami,,,
2024,J.R.,Walker,LB,Virginia Tech,,,4
2024,Akhnaton,Shabazz,LB,South Carolina,Grambling,,
2024,Charlie,Gordinier,TE,Boston College,,,3
2024,Vincent,Holmes,S,Washington,,0.89,3
2024,Freddie,Pelling,OT,Hawai'i,,,3
2024,Micah,Sumpter,OT,Charlotte,East Tennessee State,,
2024,Richard,Dandridge,WR,Temple,Youngstown State,,3
2024,Evan,Crenshaw,P,Coastal Carolina,Troy,,2
2024,Reise,Collier,LB,UAB,Ohio,,3
2024,Andre,Johnson,WR,Arizona State,Miami (OH),,3
2024,Chris,Chernak,OT,Old Dominion,,,
2024,Myles,Slusher,S,Colorado,,0.87,3
2024,Jaden,Bradley,WR,Charlotte,UNLV,,3
2024,Jameer,Grimsley,CB,Alabama,Florida,0.91,4
2024,Grayson,Howard,LB,South Carolina,Florida,0.91,4
2024,Tyler,Larco,K,Arkansas,McNeese,,
2024,Will,Hartson,RB,Ohio State,Southern Illinois,,3
2024,Connor,Stutz,P,Sacramento State,UConn,,
2024,CJ,Hester,RB,Western Michigan,Massachusetts,,3
2024,Quaron,Adams,WR,Iowa State,South Dakota,,3
2024,Kevon,Haigler,EDGE,App State,Murray State,,3
2024,Jack,Bernstein,LS,Georgia State,UCF,,
2024,Caleb,Downs,S,Alabama,Ohio State,0.99,5
2024,Damien,Martinez,RB,Oregon State,Miami,0.93,4
2024,Justin,Joly,TE,UConn,NC State,0.92,4
2024,CJ,Daniels,WR,Liberty,LSU,0.92,4
2024,Easton,Mascarenas-Arnold,LB,Oregon State,USC,0.91,4
2024,Jayden,de Laura,QB,Arizona,Texas State,0.88,3
2024,Simion,Hines,CB,Northern Arizona,Florida A&M,,
2024,Gunnar,Smith,QB,UCF,Highland C.C.,0.83,3
2024,Jalen,Tate,S,Jackson State,Furman,,3
2024,Ayo,Tifase,DL,Georgia Tech,Charlotte,,3
2024,CJ,Evans Jr.,RB,Austin Peay,Tennessee State,,3
2024,Derek,McCormick,K,UL Monroe,Indiana,,
2024,Ricardo,Williams,DL,Georgia State,Old Dominion,,3
2024,Cameron,George,EDGE,Louisiana,Northwestern State,,3
2024,Nate,Evans,CB,NC State,Delaware,,3
2024,Thad,Franklin,RB,UL Monroe,Florida A&M,,4
2024,Brody,Richter,P,Northern Arizona,UCLA,,
2024,CJ,Horton,TE,Eastern Michigan,Nebraska Kearney,,2
2024,Kamron,Sandlin,TE,South Carolina,,,3
2024,Fred,Norman,OT,Furman,,,
2024,Jamil,Burroughs,DL,Miami,,,3
2024,Tyren,Mason,WR,Western Michigan,,,3
2024,Kalil,Girault,WR,Arkansas,,,
2024,Ian,Hover,IOL,Texas State,Mercer,,
2024,Vincent,Lumia,OT,Louisville,,,
2024,Emmanuel,Oyebadejo,DL,Exeter,,,
2024,Soane,Toia,DL,San José State,,,3
2024,Jayden,Curry,S,South Florida,Maine,,3
2024,Blake,Arnoult,LS,Newberry,Coastal Carolina,,
2024,Joshua,Smith,TE,North Texas,Morgan State,,3
2024,Jayren,Fox,LB,Mississippi Valley State,Florida A&M,,
2024,Zachary,Haynes,P,New Mexico State,Mississippi State,,
2024,Larry,Robinson,QB,Army,,,3
2024,Paki,Finau,OT,Washington,,0.9,4
2024,Joey,Merritt,WR,UAB,San Diego,,2
2024,Riyad,Wilmot,EDGE,Maryland,,,3
2024,Jaron,Glover,WR,Michigan State,,,3
2024,Michael,Alaimo,QB,Kent State,,,3
2024,Tristan,Cox,DL,Ohio,,,3
2024,Christian,Pedersen,TE,Florida International,Morehead State,,3
2024,Cinque,Williams,S,UTSA,Austin Peay,,3
2024,Timothy,Dawn,IOL,Baylor,Arkansas,,3
2024,Orin,Patu,EDGE,Arizona,Bethune-Cookman,,4
2024,Maddux,Trujillo,K,Austin Peay,Temple,,
2024,DeAndre,Dingle-Prince,DL,App State,North Carolina A&T,,3
2024,Orion,Peters,WR,Washington State,Idaho,,3
2024,Andre,Seldon,CB,TCU,Utah State,0.86,3
2024,Charles,Gadie,S,Northwest Missouri State,Central Missouri,,2
2024,Todd,Bowles Jr.,S,Rutgers,,,
2024,William,Testa,K,Utah State,,,
2024,DJ,VanHook,CB,App State,,,
2024,Carmelo,Crump,IOL,UL Monroe,Southern,,
2024,Elijah,Williams,DL,UAB,,,
2024,Elijah,Russell,EDGE,Marshall,Garden City C.C. ,,3
2024,Ephraim,Deese,DL,Charlotte,Iowa Western C.C.,,
2024,Blake,Antzoulatos,LB,California,,,3
2024,Jalen,McGaughy,WR,Central Michigan,,,3
2024,Zephron,Lester,DL,Stanford,,,2
2024,Everett,Johnson,IOL,California,Montana,,3
2024,Dylan,Mehrotra,QB,Southern,UNLV,0.8,3
2024,Majon,Wright,WR,San Diego State,,,3
2024,Brady,Phillips,DL,Air Force,Idaho State,,3
2024,Treymon,Echols,WR,Kent State,,,2
2024,Cyrus,Moss,EDGE,Miami,,,4
2024,Joshua,Rawlings,TE,Virginia,Howard,,3
2024,Isiah,Cox,S,Cincinnati,,,3
2024,Andre,Oben,OT,Purdue,Monmouth,,3
2024,Hayden,Neighbors,WR,Alabama,Nicholls,,
2024,Avery,Huff,LB,Louisiana Tech,Florida A&M,0.83,3
2024,Zavier,Carter,LB,UCF,,,4
2024,Konnor,Near,LB,Oklahoma,,,
2024,D'Andre,Greeley,CB,Buffalo,,,3
2024,Trent,Fraley,IOL,Marshall,North Dakota State,,2
2024,Rashon,Myles Jr.,LB,Northern Illinois,Abilene Christian,,2
2024,Lancine,Turay,DL,Temple,Virginia Union,,3
2024,Cejae,Ceasar,S,Louisiana,,,3
2024,Nikolas,Ognenovic,TE,Akron,,,3
2024,Jamari,Brown,CB,Mississippi State,,,3
2024,Bershard,Glaspie,LB,Tulsa,,,2
2024,Zamar,Wise,WR,Massachusetts,,,
2024,Von,Reames,WR,Oregon,,,
2024,Jarius,Stewart,CB,Air Force,Eastern New Mexico,,
2024,Dave,Herard,CB,Virginia,,,3
2024,Tsion,Nunnally,WR,Washington State,,,3
2024,Bryson,Summers,IOL,Coastal Carolina,Sacramento State,,3
2024,Damani,Dent,S,Charlotte,,,3
2024,Eoghan,Kerry,LB,Colorado,,,3
2024,Marlon,Crockett,WR,Arkansas,Stephen F. Austin,,3
2024,Jaxon,Dailey,QB,Arkansas State,Northern Iowa,,3
2024,Francois,Nolton Jr.,DL,Syracuse,,,3
2024,Josiah,Jeffery,LB,Syracuse,,,3
2024,Michael,Oppong,CB,Massachusetts,,,
2024,Brett,Tommasini,LB,Boise State,,,2
2024,Armauni,Archie,CB,UConn,,,3
2024,Ryan,King,WR,East Carolina,,,3
2024,Matt,Reardon,WR,Miami (OH),Youngstown State,,3
2024,Moses,Alexander,CB,Houston,,,4
2024,Wesley,Walker,S,Tennessee,Louisville,0.87,3
2024,Kaylon,Washington,CB,Tulsa,,,2
2024,Ish,Burdine,S,TCU,New Mexico,0.84,3
2024,Tavion,Faulk,QB,LSU,Independence C.C.,,
2024,Zach,Perkins,OT,South Florida,Hampton,,3
2024,Isaiah,Boyd,DL,Tulane,,,3
2024,Saidou,Ba,OT,Arkansas State,Tennessee State,,3
2024,Will,Prichard,QB,Arkansas State,Copiah-Lincoln C.C.,,2
2024,Kadyn,Proctor,OT,Iowa,Alabama,0.99,5
2024,Chauncey,Kamakea,IOL,Georgia State,,,3
2024,PJ,Simmons,LB,Georgia State,Alabama A&M,,3
2024,Dominic,Braesch,IOL,Georgia State,North Alabama,,
2024,Will,Norman,DL,Marshall,,0.85,3
2024,Sam,Brady,LB,Virginia,Barton C.C.,,3
2024,Carter,Campbell,WR,SMU,,,
2024,Aidan,Semo,QB,Georgia Tech,El Camino College,,
2024,Jacob,Rooks,CB,Navy,,,2
2024,Steven,Mahar Jr.,TE,Syracuse,,,3
2024,Seth,Martin,IOL,Texas Tech,Stephen F. Austin,0.81,3
2024,Luke,Sather,QB,Coastal Carolina,,,
2024,Curtis,Nixon,TE,Old Dominion,,,3
2024,Fred,Seabrough,TE,NC State,,,3
2024,Champ,Harris,QB,Army,Trinity Valley C.C.,,
2024,Javon,Swinton,WR,Eastern Michigan,,,3
2024,Marcus,Alexander,IOL,Texas State,Austin Peay,,3
2024,Trevell,Johnson,LB,UL Monroe,,,3
2024,Maurice,Freeman III,S,Liberty,,,3
2024,Jaylen,Jones,LB,UConn,,,3
2024,John,Ward,DL,Utah State,,,3
2024,Joey,Capra,IOL,Nevada,,,3
2024,Jeremiah,Caldwell,CB,Miami (OH),,,3
2024,JayT,Jackson,CB,Georgia State,Tennessee State,,3
2024,Daniel,Ogundipe,OT,UTSA,Florida International,0.85,3
2024,Jonathan,Davis,DL,Mississippi State,Southern Miss,0.86,3
2024,Charles,Wright,QB,App State,,,3
2024,Demariyon,Houston,WR,Missouri,,,
2024,Justin,Johnson Jr.,RB,West Virginia,,,3
2024,Marquise,Gilbert,S,Auburn,,,3
2024,Darrien,Stewart,S,BYU,,,3
2024,Connor,Lytton,K,Boston College,,,2
2024,Mondrell,Dean,EDGE,Miami (OH),,,3
2024,Nolan,Ziegler,LB,Notre Dame,Central Michigan,0.85,3
2024,Warren,Walls,EDGE,SMU,,,3
2024,Jacob,Proche,CB,Coastal Carolina,Ohio,0.82,3
2024,Jermaine,Donaldson,IOL,Temple,Campbell,,2
2024,D'Arco,Perkins-McAllister,CB,New Mexico,,,4
2024,Isaiah,Paul,LB,UCF,,,
2024,Kevaris,Hall,CB,SMU,,,3
2024,Joshua,Nicholson,WR,San Diego State,Utah Tech,,3
2024,Cameron,Carson,K,Massachusetts,Buffalo,,
2024,Joseph Appiah,Darkwa,DL,Temple,,,3
2024,Will,Meyer,IOL,UConn,,,
2024,Jake,Wilson,DL,Penn State,,,
2024,Cooper,Jones,RB,Utah State,Navarro College,,
2024,Phillip,Baynes,LB,Northern Illinois,Tyler J.C. ,,2
2024,Chance,Black,RB,Virginia Tech,Valdosta State,,3
2024,Jack,Sauder,K,Bowling Green,,,
2024,Ibrahim,Traore,OT,Penn State,,,3
2024,Chase,Soper,LB,Wofford,,,2
2024,Jamin,Graham,DL,UAB,,,3
2024,Gunnar,Gundy,QB,Oklahoma State,Ohio,,
2024,TJ,McMahon,QB,Marshall,,,2
2024,Shaun,Dolac,LB,Utah State,Buffalo,,
2024,Jaden,Floyd,S,Florida State,Carson Newman,,
2024,Norris,Davis,S,Iowa State,,,3
2024,Bubba,Jeffries,IOL,Indiana,Chattanooga,0.84,3
2024,Shane,Hamm,QB,Kentucky,,,
2024,Red,Martel,RB,Kansas,,0.85,3
2024,BJ,Lowery Jr.,CB,Old Dominion,Sacred Heart,,
2024,DJ,Aiken,DL,Florida International,,,3
2024,Ugo,Nosike,DL,Eastern Michigan,,,2
2024,Joseph,Walker Jr.,WR,Eastern Michigan,Saginaw Valley State,0.84,3
2024,Xavier,Spencer,CB,UTSA,Southern,,3
2024,Chase,Locke,WR,Wyoming,,,
2024,Graham,Faloona,LB,Texas State,,,3
2024,Thomas,Lane,DL,Marshall,McNeese,,
2024,Jacob,Mason,EDGE,Washington,Montana,,
2024,Emmanuel,Mann,CB,Middle Tennessee,,,
2024,Louie,Cresto,EDGE,Nevada,Idaho State,,2
2024,Armon,Bethea,IOL,Bowling Green,Grambling,,3
2024,Timar,Rogers,LB,Middle Tennessee,,,3
2024,Dietrich,Moore,LB,North Texas,,,3
2024,Khaya,Wright,LB,Florida International,,,3
2024,Antonio,Camon,EDGE,Pittsburgh,Florida A&M,,3
2024,Kelton,Henderson,WR,South Carolina,,,3
2024,Anthony,James,EDGE,Washington,Eastern Washington,0.86,3
2024,Jaden,Gaines,EDGE,Eastern Michigan,,,3
2024,Tyrece,Edwards,DL,Middle Tennessee,Murray State,,3
2024,Makhilyn,Young,RB,New Mexico State,Vanderbilt,,3
2024,Rodney,Groce Jr.,LB,UTSA,,,3
2024,Kris,Caine,EDGE,Old Dominion,,,3
2024,Terrance,Howard,CB,Alabama,North Carolina Central,,
2024,Jaylen,Clark,CB,Boise State,,,3
2024,Andre,Craig,WR,Alabama,Alabama A&M,,
2024,Sam,Hagen,OT,North Dakota,South Dakota State,,
2024,Austin,LaRue,DL,Utah,,,
2024,Amari,Pouncy,LB,New Mexico State,,,
2024,Zaid,Hamdan,DL,Tulsa,,,2
2024,Julian,Kameristy,DL,Indiana,Murray State,,
2024,Tate,Zimmerman,LB,New Mexico,,,2
2024,New Zealand,Williams,LB,San Diego State,,,3
2024,Colson,Brown,QB,Georgia Tech,,,
2024,Carlo,Thompson,S,Virginia,,,
2024,Alec,Burton,TE,Ohio,,,2
2024,Kierron,Smith,DL,Georgia Southern,Tennessee State,,2
2024,Kerion,Martin,S,Marshall,,,3
2024,Mumu,Bin-Wahad,CB,UConn,Navarro College,0.85,3
2024,Aubrey,Smith,LB,Houston,,0.85,3
2024,Briton,Allen,S,Utah,,,3
2024,Jaden,Nixon,RB,Oklahoma State,,,3
2024,Jashawn,Johnson,WR,Western Michigan,Ferris State,,3
2024,Keion,Wallace,WR,Georgia Southern,,,
2024,Will,Huggins,TE,Kansas,Pittsburg State,,3
2024,Ali,Abdul-Hakeem,LB,Georgia State,Benedict,,3
2024,Genson,Hooper-Price,WR,Coastal Carolina,,,3
2024,Chandler,Brown,S,Buffalo,,,
2024,Josh,Delgado,WR,Oregon,,,4
2024,Tyler,Walton,WR,Ohio,Eastern Michigan,0.84,3
2024,Brandon,Smith,IOL,Western Michigan,Illinois State,,2
2024,Naahlyee,Bryant,LB,Western Michigan,Northern Iowa,,2
2024,Roger,Walters,WR,Charlotte,Iowa Western C.C.,,3
2024,Makai,Cope,WR,Utah,Sacramento State,,3
2024,Chinazo,Obobi,OT,Marshall,Austin Peay,,3
2024,Tyrone,Webber,OT,Oklahoma State,,,3
2024,Arabee,Muslim,OT,Charlotte,,,3
2024,Kylic,Horton,WR,South Carolina,,,3
2024,Frank,Naughton,LS,Western Kentucky,,,
2024,Dion,Hunter,LB,Cincinnati,,,2
2024,Colten,Gauthier,QB,South Carolina,Gardner-Webb,,3
2024,Carson,Allen,K,Mississippi State,,,
2024,Jonah,Chong,QB,Hawai'i,,,
2024,Jared,Casey,LB,Indiana,,,4
2024,D'Wan,Mathis,QB,Temple,Davenport,,3
2024,Zion,Gunn,CB,Purdue,,,3
2024,Darius,Edmundson,S,NC State,,,3
2024,Keenan,McCaddy,S,Boise State,Garden City C.C. ,,3
2024,Brock,Winstead,LS,East Carolina,East Tennessee State,,
2024,Trenton,Kintigh,DL,Old Dominion,Wofford,,
2024,McCae,Hillstead,QB,Utah State,BYU,0.85,3
2024,Amaun,Williams,CB,Wisconsin,Concordia University,,2
2024,Mershawn,Rice,WR,Purdue,,,3
2024,Christopher,Scott Jr.,CB,NC State,Austin Peay,,3
2024,Demario,King,LB,Old Dominion,,,3
2024,Christian,Bell,CB,Temple,,,2
2024,Jalen,Nettles,IOL,UAB,Southeast Missouri State,,3
2024,Ilijah,Johnson,CB,UTEP,,,
2024,Jefferson,Boaz,QB,North Carolina,Stephen F. Austin,,3
2024,Anthony,Wenson,WR,Air Force,Coffeyville C.C.,,3
2024,Kaleb,Moody,S,Harvard,Kent State,0.83,3
2024,Kyle,Thomas,DT,Akron,,,
2024,Josh,McCormick,K,Oregon State,William & Mary,,
2024,TyShawn,Hurst,OT,Marshall,Mercer,,2
2024,Kenzel,Lawler,CB,Utah,Montana,,3
2024,D'moir,Jean-Baptiste,S,Florida International,Edward Waters,,2
2024,T.J.,Harvison,RB,Pittsburgh,,,3
2024,Fred,Davis II,CB,UCF,,,4
2024,Dakerric,Hobbs,CB,Sam Houston,New Mexico State,0.83,3
2024,Upton,Stout,CB,Western Kentucky,Western Kentucky,0.91,4
2024,Joey,Yellen,QB,Hawai'i,,,3
2024,Justin,Kanyuk,OT,North Carolina,Georgia Southern,0.82,3
2024,Marcus,Bradley,DL,Massachusetts,,,4
2024,Josh,Sterns,WR,Western Kentucky,Gardner-Webb,,
2024,Dariyan,Wiley,WR,UL Monroe,Nevada,,2
2024,Vai,Kaho,ILB,San Diego State,Montana,,3
2024,Tyson,McWilliams,CB,California,UC Davis,,3
2024,Codie,Hornsby,IOL,Grambling,Syracuse,0.84,3
2024,Arthur,Jenkins,WR,Florida Atlantic,Albany State,,3
2024,Cameron,Dye,OT,Georgia State,Southern Illinois,,2
2024,Tony,Harris,CB,App State,Lafayette,,
2024,CJ,Williams,CB,Hawai'i,,,
2024,Ali,Barkley,RB,Akron,,,2
2024,Tysheik,Galloway,DL,Liberty,West Georgia,,2
2024,Lavonte,Gater,CB,Kent State,,,3
2024,Shane,Slattery,LB,Kent State,Robert Morris,,2
2024,Drew,Francis,LB,Middle Tennessee,,,3
2024,Javohn,Thomas,WR,South Florida,,,3
2024,Raydrian,McKneely,RB,Memphis,Northwestern State,,3
2024,Osei,Dixon,CB,Massachusetts,,,3
2024,Tyrell,Lawrence,IOL,Minnesota,Alabama A&M,,3
2024,Eric,Meeks,IOL,Marshall,,,2
2024,Ethan,Boyd,OT,Michigan State,Colorado,0.85,3
2024,Solomanie,Bambara,EDGE,Nevada,,,
2024,Andre,Hines Jr.,RB,Boston College,Wagner,,3
2024,Jaden,Woods,S,Akron,East Tennessee State,,2
2024,CJ,Rogers,QB,Texas State,Houston Christian,,
2024,Reggie,Jones,DL,Louisiana Tech,,,3
2024,Rance,Conner,CB,East Carolina,,,3
2024,Nathan,Rawlins-Kibonge,EDGE,South Alabama,Iowa Central C.C.,,4
2024,Andrew,Wimmer,RB,UNLV,East Central,,
2024,Joshua,Williams,LB,Utah State,,,3
2024,Fitzgerald,West Jr.,DL,LSU,Louisiana,0.85,3
2024,Frank,Peasant,RB,Middle Tennessee,,,3
2024,Mikele,Colasurdo,QB,Georgia State,,,3
2024,Deuce,Caldwell,LB,North Carolina,,,3
2024,Jakobie,Seabourn,S,Syracuse,Northern Arizona,,3
2024,Jonah,Brewster,OT,Louisiana Tech,Houston Christian,,2
2024,Julio,Macias,K,Purdue,UAlbany,,
2024,Jaylen,Jenkins,RB,Washington State,Texas State,0.84,3
2024,Jelon,Johnson,WR,Temple,,,
2024,Noah,Toster,WR,Chowan,South Alabama,0.81,3
2024,CJ,Ross,LB,South Florida,,,3
2024,Aaron,Greene,TE,San Diego State,,,2
2024,Joe,Enick,IOL,Central Michigan,Saint Francis (PA),,2
2024,Isaiah,Foote,IOL,East Carolina,Western Illinois,,3
2024,Ben,Johnson,LB,Ohio,,,2
2024,Rambo,Mageo,IOL,San Diego State,Utah Tech,,3
2024,Jalen,Denton,CB,Georgia Southern,,,
2024,Anthony,Frias,RB,Kansas State,,,
2024,Chris,Scott,WR,Cincinnati,,,3
2024,Derrick,Graham,RB,SE Louisiana,,,3
2024,Ze'Vian,Capers,WR,Western Kentucky,Gardner-Webb,,4
2024,Marcus,Mauney,EDGE,Yale,Norfolk State,,2
2024,Christian,Wells,WR,Massachusetts,,,3
2024,AJ,Toney,WR,Middle Tennessee,Alabama A&M,,3
2024,Cameron,Threatt,CB,Akron,,,3
2024,Jake,Mann,LS,App State,,,
2024,Joel,Williams,CB,Memphis,,,3
2024,Jordan,Jakes,WR,UNLV,Delaware State,,3
2024,Jonathan,Martin,DL,Massachusetts,Valdosta State,,2
2024,Ezra,Sexton,WR,New Mexico,,,
2024,Nick,Norris,EDGE,Northern Colorado,Oregon State,0.84,3
2024,Derek,Boykins,LB,Charlotte,,,4
2024,Kristopher,Ross,EDGE,Texas,,0.87,3
2024,Mack,Howard,QB,Utah,Samford,,3
2024,Jerome,Wilson Jr.,LB,UTEP,,,3
2024,Marquese,Allen-Patmon,S,Nevada,,,3
2024,Xander,Echols,LS,UAB,Idaho,,2
2024,Amari,Johnson,WR,UCF,Florida A&M,,3
2024,Kiland,Harrison,S,Tulane,,,3
2024,William,Simpkins III,CB,Virginia,Bowie State,,3
2024,Jalen,Mitchell,RB,UConn,,,3
2024,Jeremiah,Frazier,IOL,Troy,Alabama State,,
2024,Raeden,Oliver,QB,Rutgers,,,
2024,Jordan,Jones,LB,Georgia State,,,3
2024,Lannden,Zanders,S,Clemson,,,3
2024,Theo,Grabill,WR,West Virginia,Garden City C.C. ,,2
2024,Izaiah,Reed,OT,Louisville,Memphis,0.83,3
2024,Barrett,Maddox,OT,Marshall,,,3
2024,Trey,Urwiler,WR,Northern Illinois,Aurora University,,2
2024,Alonzo,Brown,WR,Arizona State,,,
2024,Norman,Massey,LB,Ball State,,0.8,3
2024,Cole,Smith,IOL,Florida Atlantic,,,
2024,Raymond,Cottrell Jr.,WR,Kentucky,,0.88,3
2024,Logan,MacGregor,LS,New Mexico State,Alabama A&M,,
2024,Seth,Williams,IOL,App State,East Tennessee State,,3
2024,Jalen,Corprew,LB,Arkansas State,,,
2024,Bryce,Thoman,IOL,Temple,,,3
2024,Jared,Small,LB,Tulane,,,
2024,Jesse,Mirco,P,Ohio State,Vanderbilt,,2
2024,Daniel,Richardson,QB,Florida Atlantic,Florida A&M,,2
2024,Evan,Stewart,WR,Texas A&M,Oregon,0.98,5
2024,Andrew,Mukuba,S,Clemson,Texas,0.93,4
2024,Trey,Moore,EDGE,UTSA,Texas,0.93,4
2024,Maalik,Murphy,QB,Texas,Duke,0.93,4
2024,Jalen,Brown,WR,LSU,Florida State,0.92,4
2024,Cody,Brown,RB,Virginia,,,4
2024,Marqui,Lowery Jr.,CB,Michigan State,,,3
2024,La'Vario,Wiley,CB,Central Michigan,,,
2024,Darson,Herman,TE,Houston,,,
2024,Jamari,Buddin,LB,New Mexico State,,,4
2024,A.J.,Harris,CB,Georgia,Penn State,0.95,4
2024,JJ,Hawkins,DL,Colorado,Marshall,,3
2024,Bailey,Carraway,LB,Coastal Carolina,,,
2024,Jayden,York,TE,Texas Tech,Houston,0.84,3
2024,Dwight,Toombs II,S,Florida Atlantic,,,3
2024,Joey,Wright,OT,San Diego State,,,3
2024,Ross,Gengler,LB,Wisconsin,,,
2024,Taurus,Jones,LB,James Madison,,,
2024,Trey,Boll,TE,Wake Forest,,,3
2024,Akili,Hubbard,S,Kansas,,,3
2024,Trent,Henry,CB,Grambling,Troy,0.85,3
2024,Clifton,Mosley Jr.,DL,Utah State,UL Monroe,,3
2024,Lonnie,Johnson,TE,SMU,,0.84,3
2024,Chevez,Trask,IOL,Temple,,,3
2024,Kyle,Williams,RB,Temple,,,3
2024,Dorian,Morris,CB,North Texas,,,3
2024,Vincent,Nunley,S,Washington,,,3
2024,Tristan,Driggers,LB,UL Monroe,McNeese,,2
2024,Sol-Jay,Maiava,QB,BYU,New Mexico,,3
2024,Jesse,Johnson,CB,Tiffin University,Austin Peay,,2
2024,Johnathan,Bennett,QB,Liberty,The Citadel,,2
2024,Laith,Marjan,K,East Carolina,South Alabama,,2
2024,Ethan,Wright,RB,Cincinnati,Youngstown State,,3
2024,Chrishawn,Gordon,S,Fresno State,Montana,,
2024,Kaiya,Sheron,QB,Kentucky,UT Martin,,3
2024,Justin,Fomby,QB,Houston Christian,North Carolina A&T,,3
2024,Carter,Neuman,TE,Oregon State,Bryant,,2
2024,Iverson,Celestine,RB,Tulane,South Alabama,,3
2024,Colby,Garfield,LS,East Carolina,Ohio,,
2024,Parker,Lewis,K,Ohio State,Arizona State,,3
2024,Julian,Sayin,QB,Alabama,Ohio State,0.98,5
2024,Kamryn,Perry,WR,Indiana,Miami (OH),,3
2024,Qualan,Jones,RB,Baylor,Stephen F. Austin,,3
2024,Colson,Brunner,LS,Oregon,Washington State,,
2024,Ky,Woods,RB,Texas,Nevada,,3
2024,Keegan,Wilburn,WR,Ohio,Bryant,,3
2024,Byron,Floyd,LS,Pittsburgh,Buffalo,,
2024,Samuel,Okunlola,DL,Pittsburgh,Colorado,0.92,4
2024,Jimmy,Wyrick,S,Stanford,UTSA,,3
2024,Malachi,Nelson,QB,USC,Boise State,0.91,4
2024,Jason,Zandamela,IOL,USC,Florida,0.97,4
2024,Caiden,Woullard,EDGE,Miami (OH),Oklahoma,0.93,4
2024,Cashius,Howell,EDGE,Bowling Green,Texas A&M,0.92,4
2024,Jordan,Waters,RB,Duke,NC State,0.91,4
2024,Luke,Rucker,QB,Florida Atlantic,South Florida,,3
2024,Javon,Gipson,WR,Baylor,Abilene Christian,,3
2024,Noah,Rogers,WR,Ohio State,NC State,0.93,4
2024,Mason,Pierce,WR,Marshall,Incarnate Word,,
2024,Trevor,Moffitt,LB,App State,Gardner-Webb,,3
2024,Max,Patterson,WR,Rutgers,Delaware,,3
2024,Quinshon,Judkins,RB,Ole Miss,Ohio State,0.96,4
2024,Jabbar,Muhammad,CB,Washington,Oregon,0.94,4
2024,LT,Overton,DL,Texas A&M,Alabama,0.93,4
2024,Chris,Paul Jr.,LB,Arkansas,Ole Miss,0.92,4
2024,Fadil,Diggs,EDGE,Texas A&M,Syracuse,0.92,4
2024,DJ,Uiagalelei,QB,Oregon State,Florida State,0.91,4
2024,Will,Sheppard,WR,Vanderbilt,Colorado,0.91,4
2024,Chris,Brazzell II,WR,Tulane,Tennessee,0.91,4
2024,Max,Brosmer,QB,New Hampshire,Minnesota,0.9,4
2024,Elisha,Samples,OT,East Carolina,Wofford,,3
2024,Ephesians,Prysock,CB,Arizona,Washington,0.9,4
2024,Eddie,Pleasant III,CB,Michigan State,Buffalo,0.84,3
2024,Vincent,Genatone,LB,Montana,Nebraska,,
2024,Tremel,States-Jones,S,South Alabama,Rhode Island,,2
2024,Jacoby,Bellazar,WR,Mississippi State,Grambling,,3
2024,Ethan,Duane,P,Old Dominion,Buffalo,,2
2024,Nyland,Green,CB,Georgia,Purdue,0.95,4
2024,Holden,Staes,TE,Notre Dame,Tennessee,0.93,4
2024,Deion,Burks,WR,Purdue,Oklahoma,0.92,4
2024,Austin,Mack,QB,Washington,Alabama,0.92,4
2024,BJ,Green,DL,Arizona State,Colorado,0.91,4
2024,Caullin,Lacy,WR,South Alabama,Louisville,0.91,4
2024,Anton,Juncaj,DL,UAlbany,Arkansas,0.9,4
2024,Rico,Walker,TE,Maryland,Auburn,0.9,4
2024,Savion,Byrd,OT,Oklahoma,SMU,0.9,4
2024,Jayden,Maiava,QB,UNLV,USC,0.9,4
2024,Jahmal,Banks,WR,Wake Forest,Nebraska,0.9,4
2024,Teddye,Buchanan,LB,UC Davis,California,0.89,3
2024,Antonio,Kite,CB,Alabama,Auburn,0.89,3
2024,Jordan,Spasojevic-Moko,IOL,Texas A&M,Charlotte,0.85,3
2024,Omar,Aigbedion,IOL,Montana State,Baylor,0.89,3
2024,Akili,Arnold,S,Oregon State,USC,0.89,3
2024,CJ,West,DL,Kent State,Indiana,0.89,3
2024,J'Mond,Tapp,EDGE,Texas,Arizona State,0.89,3
2024,KJ,Jefferson,QB,Arkansas,UCF,0.89,3
2024,Jakobe,Thomas,S,Middle Tennessee,Tennessee,0.89,3
2024,Brady,Hunt,TE,Ball State,South Carolina,0.89,3
2024,Kendrick,Simpkins,S,Western Kentucky,Baylor,0.89,3
2024,Ethan,Robinson,CB,Bucknell,Minnesota,0.88,3
2024,Lance,Heard,OT,LSU,Tennessee,0.94,4
2024,Maxie,Baudoin IV,DL,Tulane,Louisiana,,3
2024,Cole,Rusk,TE,Murray State,Illinois,0.9,4
2024,Quency,Wiggins,DL,LSU,Colorado,0.92,4
2024,Riley,Leonard,QB,Duke,Notre Dame,0.92,4
2024,Dequan,Finn,QB,Toledo,Baylor,0.91,4
2024,Kedrick,Reescano,RB,Ole Miss,Arizona,0.91,4
2024,Shawn,Murphy,LB,Alabama,Florida State,0.91,4
2024,Chip,Trayanum,RB,Ohio State,Kentucky,0.9,4
2024,King,Mack,S,Penn State,Alabama,0.92,4
2024,DeAndre,Jules,DL,Pittsburgh,South Carolina,0.9,4
2024,Jackson,Smith,K,Kentucky,Western Kentucky,,2
2024,Davian,Mayo,LB,Bowling Green,Central Arkansas,,3
2024,Cayden,Green,OT,Oklahoma,Missouri,0.95,4
2024,Nic,Scourton,EDGE,Purdue,Texas A&M,0.94,4
2024,Colbie,Young,WR,Miami,Georgia,0.93,4
2024,Ja'Quinden,Jackson,RB,Utah,Arkansas,0.92,4
2024,Aidan,Keanaaina,DL,Notre Dame,California,0.83,3
2024,KeAndre,Lambert-Smith,WR,Penn State,Auburn,0.92,4
2024,Jalin,Conyers,TE,Arizona State,Texas Tech,0.91,4
2024,Tamarion,McDonald,S,Tennessee,Louisville,0.9,4
2024,Denver,Harris,CB,LSU,UTSA,0.9,4
2024,J.C.,Davis,OT,New Mexico,Illinois,0.9,4
2024,Kyle,Kennard,EDGE,Georgia Tech,South Carolina,0.9,4
2024,Mario,Williams,WR,USC,Tulane,0.9,4
2024,Dayon,Hayes,DL,Pittsburgh,Colorado,0.89,3
2024,Trikweze,Bridges,CB,Oregon,Florida,0.89,3
2024,Isaiah,Bond,WR,Alabama,Texas,0.98,5
2024,Dante,Moore,QB,UCLA,Oregon,0.95,4
2024,London,Humphreys,WR,Vanderbilt,Georgia,0.94,4
2024,Marcus,Harris,CB,Idaho,California,0.93,4
2024,Raheim,Sanders,RB,Arkansas,South Carolina,0.92,4
2024,Cyrus,Allen,WR,Louisiana Tech,Texas A&M,0.91,4
2024,Ja'Corey,Brooks,WR,Alabama,Louisville,0.91,4
2024,Kyle,McCord,QB,Ohio State,Syracuse,0.91,4
2024,Marley,Cook,DL,Middle Tennessee,Miami,0.9,4
2024,Yam,Banks,S,South Alabama,Ole Miss,0.9,4
2024,Nate,Johnson,QB,Utah,Vanderbilt,0.9,4
2024,Kendy,Charles,DL,Liberty,Duke,0.9,4
2024,Corey,Platt Jr.,LB,Tulane,Houston,0.9,4
2024,Preston,Hodge,S,Liberty,Colorado,0.9,4
2024,Jonathan,Bax,EDGE,TCU,,,3
2024,Rico,Flores,WR,Notre Dame,UCLA,0.91,4
2024,Tyler,Baron,EDGE,Louisville,Miami,0.92,4
2024,Jaishawn,Barham,LB,Maryland,Michigan,0.91,4
2024,Korey,Foreman,EDGE,USC,Fresno State,0.91,4
2024,Malik,Benson,WR,Alabama,Florida State,0.91,4
2024,Braylon,James,WR,Notre Dame,TCU,0.9,4
2024,Kam,Alexander,CB,UTSA,Oregon,0.9,4
2024,Taeshaun,Lyons,WR,Washington,Utah,0.9,4
2024,Germie,Bernard,WR,Washington,Alabama,0.9,4
2024,Trey,Amos,CB,Alabama,Ole Miss,0.92,4
2024,Will,Howard,QB,Kansas State,Ohio State,0.92,4
2024,Jack,Kelly,EDGE,Weber State,BYU,0.91,4
2024,Kris,Mitchell,WR,Florida International,Notre Dame,0.91,4
2024,Wayne,Matthews III,LB,Old Dominion,Michigan State,0.91,4
2024,Roydell,Williams,RB,Alabama,Florida State,0.91,4
2024,Rayyan,Buell,DL,Ohio,Colorado,0.9,4
2024,Tyler,Johnson,IOL,Houston,Colorado,0.9,4
2024,Dorian,Singer,WR,USC,Utah,0.9,4
2024,Kurtis,Rourke,QB,Ohio,Indiana,0.9,4
2024,Nate,Clifton,DL,Vanderbilt,USC,0.9,4
2024,Benjamin,Yurosek,TE,Stanford,Georgia,0.9,4
2024,Kaleb,Elarms-Orr,LB,California,TCU,0.9,4
2024,Davon,Banks,CB,Washington,Boise State,0.85,3
2024,Addison,Nichols,IOL,Tennessee,Arkansas,0.89,3
2024,Bangally,Kamara,LB,Pittsburgh,South Carolina,0.89,3
2024,Tahj,Ra-El,S,Old Dominion,Memphis,0.89,3
2024,LaJohntay,Wester,WR,Florida Atlantic,Colorado,0.89,3
2024,Jonathan,Jefferson,DL,Georgia,SMU,0.89,3
2024,Obi,Ezeigbo,EDGE,Gannon,Oklahoma State,0.89,3
2024,Jalen,Huskey,CB,Bowling Green,Maryland,0.89,3
2024,Davon,Booth,RB,Utah State,Mississippi State,0.88,3
2024,Khalil,Jacobs,LB,South Alabama,Missouri,0.88,3
2024,Vinny,Sciury,IOL,Toledo,Texas Tech,0.88,3
2024,Brashard,Smith,WR,Miami,SMU,0.88,3
2024,Ethan,Miner,IOL,North Texas,Mississippi State,0.88,3
2024,Davonte,Brown,CB,Miami,Florida State,0.88,3
2024,Ladarius,Tennison,S,Ole Miss,UCF,0.88,3
2024,Domani,Jackson,CB,USC,Alabama,0.92,4
2024,Julian,Fleming,WR,Ohio State,Penn State,0.92,4
2024,Xzavier,McLeod,DL,South Carolina,Georgia,0.91,4
2024,Brendan,Sorsby,QB,Indiana,Cincinnati,0.9,4
2024,Woody,Marks,RB,Mississippi State,USC,0.9,4
2024,Kadarius,Calloway,RB,Old Dominion,California,0.9,4
2024,Grayson,McCall,QB,Coastal Carolina,NC State,0.9,4
2024,Marcus,Ratcliffe,S,San Diego State,Texas A&M,0.9,4
2024,Sione,Lolohea,DL,Oregon State,Florida State,0.9,4
2024,Seth,McLaughlin,IOL,Alabama,Ohio State,0.9,4
2024,Jaydon,Hill,CB,Florida,Texas A&M,0.89,3
2024,Josh,Cuevas,TE,Washington,Alabama,0.89,3
2024,Maliq,Carr,TE,Michigan State,Houston,0.89,3
2024,Josh,Priebe,IOL,Northwestern,Michigan,0.89,3
2024,Jake,Pope,S,Alabama,Georgia,0.89,3
2024,Philip,Blidi,DL,Indiana,Auburn,0.89,3
2024,DJ,Douglas,S,Tulane,Florida,0.89,3
2024,Jonah,Coleman,RB,Arizona,Washington,0.89,3
2024,Robert,Lewis,WR,Georgia State,Auburn,0.89,3
2024,T.J.,Jackson,DL,Troy,West Virginia,0.89,3
2024,Bill,Norton,DL,Arizona,Texas,0.88,3
2024,Michael,Carmody,OT,Notre Dame,UCLA,0.88,3
2024,Savion,Riley,S,Miami,Colorado,0.88,3
2024,Tahveon,Nicholson,CB,Illinois,Louisville,0.88,3
2024,Derrick,Harmon,DL,Michigan State,Oregon,0.91,4
2024,Scooby,Williams,LB,Florida,Texas A&M,0.9,4
2024,Tobias,Merriweather,WR,Notre Dame,California,0.9,4
2024,Logan,Diggs,RB,LSU,Ole Miss,0.9,4
2024,Sebastian,Valdez,DL,Montana State,Washington,0.9,4
2024,Dymere,Miller,WR,Monmouth,Rutgers,0.9,4
2024,Mikey,Matthews,WR,Utah,California,0.9,4
2024,Aeneas,Peebles,DL,Duke,Virginia Tech,0.89,3
2024,Andrew,Depaepe,EDGE,Michigan State,Indiana,0.89,3
2024,Marcus,Carroll,RB,Georgia State,Missouri,0.89,3
2024,Eli,Stowers,TE,New Mexico State,Vanderbilt,0.89,3
2024,Zeed,Haynes,WR,Georgia,Syracuse,0.89,3
2024,Michael,Trigg,TE,Ole Miss,Baylor,0.89,3
2024,Jordan,McDonald,RB,UCF,Boston College,0.89,3
2024,De'Nylon,Morrissette,WR,Georgia,Purdue,0.89,3
2024,Leon,Lowery,LB,Syracuse,Wisconsin,0.89,3
2024,Kamari,Morales,TE,North Carolina,Boston College,0.88,3
2024,Gerquan,Scott,IOL,Southern Miss,Ole Miss,0.88,3
2024,Ty,French,EDGE,Gardner-Webb,West Virginia,0.88,3
2024,Khurtiss,Perry,DL,Alabama,Virginia Tech,0.88,3
2024,Jerand,Bradley,WR,Texas Tech,Boston College,0.88,3
2024,Cameron,Calhoun,CB,Michigan,Utah,0.89,3
2024,Mehki,Miller,S,New Mexico State,Cincinnati,0.88,3
2024,George,Pettaway,RB,North Carolina,James Madison,0.88,3
2024,Jermod,McCoy,CB,Oregon State,Tennessee,0.9,4
2024,TJ,Ferguson,IOL,Alabama,Florida State,0.9,4
2024,Xavian,Sorey Jr.,LB,Georgia,Arkansas,0.9,4
2024,John,Pius,EDGE,William & Mary,Wisconsin,0.9,4
2024,Mishael,Powell,S,Washington,Miami,0.9,4
2024,Dae'Quan,Wright,TE,Virginia Tech,Ole Miss,0.9,4
2024,Will,Kacmarek,TE,Ohio,Ohio State,0.89,3
2024,Elijah,Herring,LB,Tennessee,Memphis,0.89,3
2024,Jordan,Clark,S,Arizona State,Notre Dame,0.89,3
2024,Rod,Heard II,CB,Northwestern,Notre Dame,0.89,3
2024,Jacory,Croskey-Merritt,RB,New Mexico,Arizona,0.89,3
2024,Jaheim,Thomas,LB,Arkansas,Wisconsin,0.89,3
2024,Blye,Hill,CB,Saint Francis (PA),Nebraska,0.89,3
2024,Sam,Franklin,RB,UT Martin,Oklahoma,0.89,3
2024,Zion,Young,EDGE,Michigan State,Missouri,0.89,3
2024,Sam,Leavitt,QB,Michigan State,Arizona State,0.89,3
2024,Tomiwa,Durojaiye,DL,West Virginia,Florida State,0.9,4
2024,Silas,Bolden,WR,Oregon State,Texas,0.9,4
2024,Elijhah,Badger,WR,Arizona State,Florida,0.9,4
2024,Will,Rogers,QB,Mississippi State,Washington,0.9,4
2024,Asa,Turner,S,Washington,Florida,0.89,3
2024,Phillip,Dunnam,S,Indiana,Florida Atlantic,0.89,3
2024,Kobe,Singleton,CB,Liberty,Oregon State,0.89,3
2024,Evan,Pryor,RB,Ohio State,Cincinnati,0.88,3
2024,Devean,Deal,EDGE,Tulane,TCU,0.89,3
2024,Chris,McClellan,DL,Florida,Missouri,0.89,3
2024,Oscar,Adaway III,RB,North Texas,South Carolina,0.89,3
2024,Branson,Hickman,IOL,SMU,Oklahoma,0.89,3
2024,Eric,McAlister,WR,Boise State,TCU,0.89,3
2024,Darrius,Clemons,WR,Michigan,Oregon State,0.88,3
2024,Johncarlos,Miller II,TE,Elon,Texas Tech,0.89,3
2024,Anthony,Hankerson,RB,Colorado,Oregon State,0.88,3
2024,AJ,Swann,QB,Vanderbilt,LSU,0.89,3
2024,Ja'Mori,Maclin,WR,North Texas,Kentucky,0.88,3
2024,Deshawn,Pace,S,Cincinnati,UCF,0.88,3
2024,Garrett,Miller,TE,Purdue,Texas A&M,0.88,3
2024,Deamontae,Diggs,DL,Youngstown State,Coastal Carolina,0.88,3
2024,Peny,Boone,RB,Louisville,UCF,0.9,4
2024,Bryun,Parham,LB,San José State,Washington,0.89,3
2024,Tre,Watson,TE,Washington,Texas A&M,0.89,3
2024,Jaxson,Moi,DL,Stanford,Tennessee,0.89,3
2024,Kendre,Gant,LB,Louisiana,Houston,0.89,3
2024,Raphael,Williams Jr.,WR,San Diego State,Pittsburgh,0.89,3
2024,Tre,Smith,EDGE,San José State,Arizona,0.89,3
2024,Rashad,Amos,RB,Miami (OH),Ole Miss,0.89,3
2024,Jaden,Richardson,WR,Tufts University,USC,0.89,3
2024,Sieh,Bangura,RB,Ohio,Minnesota,0.89,3
2024,Kenan,Johnson,CB,Georgia Tech,Utah,0.89,3
2024,Raleek,Brown,RB,USC,Arizona State,0.9,4
2024,Darris,Smith,EDGE,Georgia,Missouri,0.9,4
2024,Kyion,Grayes,WR,Ohio State,California,0.89,3
2024,Jaleel,Skinner,TE,Miami,Louisville,0.89,3
2024,Jeremiah,Hunter,WR,California,Washington,0.89,3
2024,Kristian,Story,S,Alabama,Kentucky,0.89,3
2024,Anthony,Woods,RB,Idaho,Utah,0.89,3
2024,Anthony,Booker Jr.,DL,Arkansas,SMU,0.89,3
2024,Isaiah,Hastings,DL,Alabama,Syracuse,0.89,3
2024,Ashton,Cozart,WR,Oregon,SMU,0.89,3
2024,Jay,Harris,RB,Northwest Missouri State,Oregon,0.89,3
2024,Elijah,Sarratt,WR,James Madison,Indiana,0.9,4
2024,Brandon,Johnson,CB,Duke,Oregon,0.89,3
2024,Kobe,Savage,S,Kansas State,Oregon,0.89,3
2024,Jordan,McCloud,QB,James Madison,Texas State,0.89,3
2024,Tyler,Foster,TE,Ohio,Oklahoma State,0.89,3
2024,Percy,Lewis,OT,Mississippi State,Auburn,0.89,3
2024,DeShawn,Hanika,TE,Iowa State,Kansas,0.89,3
2024,Chris,Tyree,WR,Notre Dame,Virginia,0.89,3
2024,Tate,Rodemaker,QB,Florida State,Southern Miss,0.89,3
2024,Jaylin,Lucas,RB,Indiana,Florida State,0.89,3
2024,Randon,Fontenette,S,TCU,Vanderbilt,0.89,3
2024,Nolan,Rucci,OT,Wisconsin,Penn State,0.89,3
2024,Thor,Griffith,DL,Harvard,Louisville,0.89,3
2024,Sterling,Webb,DL,New Mexico State,Missouri,0.89,3
2024,Devin,Grant,S,Buffalo,Syracuse,0.89,3
2024,Mario,Anderson,RB,South Carolina,Memphis,0.89,3
2024,Myles,Montgomery,RB,Cincinnati,UCF,0.89,3
2024,Ashanti,Cole,OT,Grambling,Louisiana Tech,0.89,3
2024,Javon,Harvey,WR,Old Dominion,Duke,0.88,3
2024,Diego,Pounds,OT,North Carolina,Ole Miss,0.88,3
2024,James,Carpenter,DL,James Madison,Indiana,0.88,3
2024,Jalen,Klemm,IOL,Washington,Arizona State,0.88,3
2024,Quali,Conley,RB,San José State,Arizona,0.88,3
2024,Jabre,Barber,WR,Troy,Texas A&M,0.89,3
2024,Donald,Chaney Jr.,RB,Miami,Louisville,0.88,3
2024,Stone,Blanton,LB,South Carolina,Mississippi State,0.88,3
2024,BJ,Mayes,CB,UAB,Texas A&M,0.88,3
2024,Derrick,Canteen,CB,Virginia Tech,Cincinnati,0.88,3
2024,Jaheem,Joseph,CB,Northwestern,West Virginia,0.88,3
2024,Dion,Wilson Jr.,DL,New Mexico State,Syracuse,0.88,3
2024,Tyler,Neville,TE,Harvard,Virginia,0.88,3
2024,Drake,Dabney,TE,Baylor,TCU,0.88,3
2024,Jeremiah,Wilson,CB,Syracuse,Houston,0.88,3
2024,Isaiah,Neyor,WR,Texas,Nebraska,0.88,3
2024,Ja'Had,Carter,S,Ohio State,NC State,0.88,3
2024,Daeh,McCullough,S,Oklahoma,Louisville,0.88,3
2024,CJ,Smith,WR,Georgia,Purdue,0.89,3
2024,Tyrin,Smith,WR,UTEP,Cincinnati,0.88,3
2024,Tre'Quon,Fegans,CB,USC,UCF,0.88,3
2024,Cedrick,Hawkins,S,Ohio State,UCF,0.88,3
2024,Tommy,Schuster,QB,North Dakota,Michigan State,0.88,3
2024,Loic,Fouonji,WR,Texas Tech,Vanderbilt,0.88,3
2024,Jalen,Farmer,IOL,Florida,Kentucky,0.88,3
2024,Daylan,Dotson,EDGE,UT Martin,UCF,0.88,3
2024,Fernando,Carmona,OT,San José State,Arkansas,0.88,3
2024,Sam,Howard,LB,Austin Peay,Tulane,0.88,3
2024,Justin,Mayers,IOL,UTEP,Colorado,0.88,3
2024,Mikal,Harrison-Pilot,CB,Houston,Texas Tech,0.88,3
2024,Christian,Brathwaite,LB,LSU,Houston,0.88,3
2024,Jackson,McGohan,TE,LSU,Wisconsin,0.88,3
2024,Tiaoalii,Savea,DL,Arizona,Texas,0.88,3
2024,Kevin,Wigenton II,IOL,Michigan State,Illinois,0.88,3
2024,Ar'maj,Reed-Adams,IOL,Kansas,Texas A&M,0.88,3
2024,Tony,Johnson,WR,Florida Atlantic,Cincinnati,0.88,3
2024,Elijah,Green,RB,North Carolina,Indiana,0.88,3
2024,Kamari,Wilson,S,Florida,Arizona State,0.88,3
2024,Zach,Carpenter,IOL,Indiana,Miami,0.88,3
2024,Cade,Bennett,IOL,San Diego State,TCU,0.88,3
2024,Kriston,Davis,CB,Southern,Houston,0.88,3
2024,Keyshawn,Blackstock,IOL,Michigan State,Arkansas,0.88,3
2024,Matthew,Bedford,OT,Indiana,Oregon,0.88,3
2024,Jared,Brown,WR,Coastal Carolina,South Carolina,0.88,3
2024,Ozzie,Nicholas,LB,Princeton,Duke,0.88,3
2024,Steve,Linton,EDGE,Texas Tech,Baylor,0.88,3
2024,Devon,Marshall,CB,Villanova,NC State,0.88,3
2024,TJ,Crandall,CB,Colorado State,West Virginia,0.88,3
2024,Tyrell,Henry,WR,Michigan State,Wisconsin,0.88,3
2024,Corey,Dyches,TE,Maryland,California,0.88,3
2024,Kevin,Coleman,WR,Louisville,Mississippi State,0.88,3
2024,Micah,Mazzccua,IOL,Florida,Nebraska,0.88,3
2024,Kendrick,Blackshire,LB,Texas,UTSA,0.88,3
2024,Isaiah,Hamilton,CB,Houston,Ole Miss,0.88,3
2024,Michael,Jackson III,WR,USC,Georgia,0.88,3
2024,Jerrin,Thompson,S,Texas,Auburn,0.88,3
2024,Shawn,Asbury II,S,Old Dominion,Indiana,0.88,3
2024,Cordale,Russell,WR,TCU,Colorado,0.88,3
2024,James,Monds III,CB,Indiana,Middle Tennessee,0.84,3
2024,Naquil,Betrand,OT,Texas A&M,Alabama,0.88,3
2024,Kitan,Crawford,S,Texas,Nevada,0.88,3
2024,Ayden,Garnes,CB,Duquesne,West Virginia,0.88,3
2024,JaTravis,Broughton,CB,Utah,TCU,0.88,3
2024,Hershey,McLaurin,S,West Virginia,Houston,0.88,3
2024,Duce,Chestnut,CB,LSU,Syracuse,0.88,3
2024,Josh,Atkins,OT,Hawai'i,Arizona State,0.87,3
2024,Antonio,Meeks,WR,Tuskegee,Louisville,0.88,3
2024,Antione,Jackson,CB,East Carolina,UCF,0.88,3
2024,C.J.,Clark,DL,NC State,Miami,0.88,3
2024,Markeston,Douglas,TE,Florida State,Arizona State,0.88,3
2024,Quindarius,Dunnigan,EDGE,Middle Tennessee,Michigan State,0.88,3
2024,Dante,Cephas,WR,Penn State,Kansas State,0.88,3
2024,Jireh,Ojata,EDGE,Franklin College,Purdue,0.88,3
2024,Corey,Coley Jr.,CB,Maryland,NC State,0.88,3
2024,Omari,Abor,EDGE,Ohio State,SMU,0.88,3
2024,Tanner,Miller,IOL,Oregon State,Michigan State,0.88,3
2024,Micah,Sahakian,OT,Cornell,Duke,0.87,3
2024,Luke,Schuermann,DL,Johns Hopkins,UCLA,0.87,3
2024,LaMareon,James,CB,Old Dominion,TCU,0.87,3
2024,Micah,Bell,CB,Notre Dame,Vanderbilt,0.87,3
2024,Keith,Cooper,DL,Tulane,Houston,0.87,3
2024,Elijah,Hills,DL,UAlbany,Wisconsin,0.87,3
2024,Jared,Bartlett,EDGE,West Virginia,Cincinnati,0.87,3
2024,Sedarius,McConnell,DL,Illinois,Boston College,0.87,3
2024,Casey,Kelly,TE,Oregon,East Carolina,0.87,3
2024,Louis,Moore,S,Indiana,Ole Miss,0.87,3
2024,Ashtyn,Hawkins,WR,Texas State,Baylor,0.88,3
2024,Adam,Kissayi,EDGE,Clemson,Minnesota,0.88,3
2024,Kaelon,Black,RB,James Madison,Indiana,0.88,3
2024,JaQues,Evans,EDGE,Western Kentucky,Baylor,0.88,3
2024,Elijah,Alston,EDGE,Marshall,Miami,0.88,3
2024,Casey,Cain,WR,Texas,UNLV,0.87,3
2024,Mike,Barr,IOL,Lafayette,Duke,0.87,3
2024,Jordan,van den Berg,DL,Penn State,Georgia Tech,0.87,3
2024,Quindario,Lee,DL,Central Michigan,Houston,0.87,3
2024,Amari,Niblack,TE,Alabama,Texas,0.93,4
2024,Caleb,Douglas,WR,Florida,Texas Tech,0.88,3
2024,Julius,Buelow,IOL,Washington,Ole Miss,0.88,3
2024,Chimere,Dike,WR,Wisconsin,Florida,0.88,3
2024,D'Quan,Douse,DL,Georgia Tech,Michigan State,0.88,3
2024,Ty,Thompson,QB,Oregon,Tulane,0.88,3
2024,Gerald,Mincey,OT,Tennessee,Kentucky,0.87,3
2024,Kylin,James,RB,Central Arkansas,UNLV,0.87,3
2024,Jeremiah,Vessel,S,New Mexico State,UNLV,0.82,3
2024,Hollywood,Smothers,RB,Oklahoma,NC State,0.88,3
2024,RJ,Delancy III,CB,Toledo,Wisconsin,0.88,3
2024,Robby,Ashford,QB,Auburn,South Carolina,0.88,3
2024,Isaiah,Alston,WR,Army,Iowa State,0.88,3
2024,Mike,Lockhart,DL,West Virginia,SMU,0.88,3
2024,Diego,Pavia,QB,New Mexico State,Vanderbilt,0.88,3
2024,Henry,Parrish,RB,Miami,Ole Miss,0.88,3
2024,Ed,Woods,CB,Arizona State,Michigan State,0.88,3
2024,Jonathan,Brady,WR,New Mexico State,California,0.88,3
2024,Kevon,Darton,DL,Syracuse,Arizona,0.88,3
2024,Cooper,McDonald,LB,San Diego State,TCU,0.88,3
2024,Kelly,Akharaiyi,WR,UTEP,Mississippi State,0.87,3
2024,Chandler,Morris,QB,TCU,North Texas,0.87,3
2024,Jaremiah,Anglin Jr.,S,Kentucky,Pittsburgh,0.87,3
2024,Jaden,Bray,WR,Oklahoma State,West Virginia,0.87,3
2024,Michael,Tarquin,OT,USC,Oklahoma,0.87,3
2024,Garnett,Hollis Jr.,CB,Northwestern,West Virginia,0.87,3
2024,Jailin,Walker,LB,James Madison,Indiana,0.87,3
2024,Javier,Derritt,DT,North Dakota State,Kansas,0.87,3
2024,Raylen,Sharpe,WR,Missouri State,Fresno State,0.87,3
2024,Jake,Golday,LB,Central Arkansas,Cincinnati,0.87,3
2024,Russell,Davis II,EDGE,Arizona,Washington,0.87,3
2024,Kemari,Munier-Bailey,EDGE,Fresno State,Weber State,0.87,3
2024,Cartevious,Norton,RB,Iowa State,Charlotte,0.87,3
2024,Nate,Matlack,EDGE,Kansas State,Pittsburgh,0.87,3
2024,Trent,Howland,RB,Indiana,Oklahoma State,0.87,3
2024,Keyshaun,Elliott,LB,New Mexico State,Arizona State,0.87,3
2024,Luke,Burgess,OT,Louisville,App State,0.87,3
2024,Fabian,Ross,CB,USC,Hawai'i,0.87,3
2024,Corey,Stewart,OT,Ball State,Purdue,0.87,3
2024,Michael,Harrison,TE,Colorado,San Diego State,0.87,3
2024,Steven,Losoya,IOL,Mississippi State,Vanderbilt,0.87,3
2024,Geirean,Hatchett,IOL,Washington,Oklahoma,0.87,3
2024,Gabarri,Johnson,QB,Missouri,Oregon State,0.87,3
2024,Dallan,Hayden,RB,Ohio State,Colorado,0.88,3
2024,Darrell,Simmons Jr.,IOL,Iowa State,Kansas,0.88,3
2024,Joey,Tanona,OT,Notre Dame,Purdue,0.88,3
2024,Jahfari,Harvey,EDGE,Miami,SMU,0.88,3
2024,Miles,Cross,WR,Ohio,Indiana,0.88,3
2024,Beaux,Collins,WR,Clemson,Notre Dame,0.88,3
2024,Tawee,Walker,RB,Oklahoma,Wisconsin,0.88,3
2024,Mekhi,Mews,WR,Georgia,Houston,0.87,3
2024,Tony,Grimes,CB,Texas A&M,UNLV,0.87,3
2024,K.J.,Wallace,CB,Georgia Tech,UCLA,0.87,3
2024,Michael,Allen,RB,NC State,UNLV,0.83,3
2024,Wesley,Grimes,WR,Wake Forest,NC State,0.88,3
2024,Treshaun,Ward,RB,Kansas State,Boston College,0.88,3
2024,Myles,Rowser,S,New Mexico State,Arizona State,0.88,3
2024,Jordan,Turner,LB,Wisconsin,Michigan State,0.88,3
2024,Kendren,Smith,CB,Pennsylvania,Virginia,0.88,3
2024,Isaiah,Ward,EDGE,Arizona,Washington,0.88,3
2024,Romello,Height,EDGE,USC,Georgia Tech,0.88,3
2024,Ryan,Yaites,S,LSU,California,0.88,3
2024,Ayo,Adeyi,RB,North Texas,James Madison,0.88,3
2024,Bless,Harris,OT,Florida State,TCU,0.88,3
2024,Donovan,Kaufman,S,Auburn,NC State,0.88,3
2024,Darian,Varner,DL,Wisconsin,Cincinnati,0.87,3
2024,Cade,Borud,IOL,North Dakota,Iowa,0.87,3
2024,Isaiah,Johnson,CB,Arizona State,Marshall,0.87,3
2024,Gage,Larvadain,WR,Miami (OH),South Carolina,0.87,3
2024,Leyton,Nelson,OT,Vanderbilt,Wisconsin,0.87,3
2024,Semaj,Bridgeman,LB,Michigan,Michigan State,0.88,3
2024,Jared,Harrison-Hunte,DL,Miami,SMU,0.87,3
2024,Jeremiah,Earby,CB,California,Boise State,0.87,3
2024,Alaka'i,Gilman,S,Stanford,Utah,0.87,3
2024,Stefon,Thompson,LB,Syracuse,Nebraska,0.87,3
2024,Desmond,Reid,RB,Western Carolina,Pittsburgh,0.87,3
2024,Trill,Carter,DL,Texas,Auburn,0.87,3
2024,Max,Brown,QB,Florida,Charlotte,0.87,3
2024,T.J.,Bollers,DL,Wisconsin,California,0.87,3
2024,Keylan,Rutledge,IOL,Middle Tennessee,Georgia Tech,0.87,3
2024,Zach,Greenberg,IOL,Muhlenberg,North Carolina,0.87,3
2024,Caleb,Ransaw,CB,Troy,Tulane,0.87,3
2024,Eli,Holstein,QB,Alabama,Pittsburgh,0.88,3
2024,Miguel,Mitchell,S,Florida,Arkansas,0.87,3
2024,Jacob,Dobbs,LB,Holy Cross,James Madison,0.87,3
2024,Zaylin,Wood,DL,Middle Tennessee,Vanderbilt,0.87,3
2024,RJ,Johnson,CB,Arkansas,Colorado,0.86,3
2024,Sam,Jackson V,WR,California,Auburn,0.87,3
2024,David,Ojiegbe,EDGE,Clemson,Pittsburgh,0.89,3
2024,Trell,Harris,WR,Kent State,Virginia,0.87,3
2024,JJ,Jean-Louis,LB,Iowa State,North Texas,0.82,3
2024,Gilber,Edmond,EDGE,Florida State,South Carolina,0.88,3
2024,Jayden,Harrison,WR,Marshall,Notre Dame,0.88,3
2024,Jordan,Riley,S,Ball State,Kansas State,0.87,3
2024,Sterling,Porcher,IOL,Middle Tennessee,Texas Tech,0.87,3
2024,Jaidyn,Denis,CB,Elon,Memphis,0.87,3
2024,Sam,Olson,TE,San José State,Arizona,0.87,3
2024,Tayon,Holloway,CB,North Carolina,Louisville,0.87,3
2024,Pete,Nygra,IOL,Northern Illinois,Louisville,0.87,3
2024,Cameron,Broussard,S,Sacramento State,Washington,0.87,3
2024,Jaden,Smith,WR,Eastern Kentucky,UTEP,0.87,3
2024,Montavious,Cunningham,OT,Georgia State,Virginia Tech,0.87,3
2024,Braxton,Myers,S,Purdue,Southern Miss,0.87,3
2024,Monkell,Goodwine,DL,Alabama,South Carolina,0.87,3
2024,Timmy,McClain,QB,UCF,Arkansas State,0.87,3
2024,DaShawn,Jones,CB,Wake Forest,Alabama,0.87,3
2024,Jake,Roberts,TE,Baylor,Oklahoma,0.87,3
2024,Kyirin,Heath,TE,Ole Miss,Southern Miss,0.87,3
2024,Victor,Cutler Jr.,IOL,Ohio State,Louisville,0.88,3
2024,Shazz,Preston,WR,Alabama,Tulane,0.88,3
2024,Jalen,Catalon,S,Texas,UNLV,0.88,3
2024,J.D.,Rhym,CB,Auburn,Houston,0.87,3
2024,Febechi,Nwaiwu,IOL,North Texas,Oklahoma,0.87,3
2024,Chidozie,Nwankwo,DL,Houston,Colorado,0.87,3
2024,Doneiko,Slaughter,CB,Tennessee,Arkansas,0.87,3
2024,Ken,Seals,QB,Vanderbilt,TCU,0.87,3
2024,Treyson,Bourguet,QB,Western Michigan,BYU,0.87,3
2024,Ahmari,Huggins-Bruce,WR,Louisville,South Carolina,0.87,3
2024,Clarence,Lewis,CB,Notre Dame,Syracuse,0.87,3
2024,Chamon,Metayer,TE,Colorado,Arizona State,0.87,3
2024,Star,Thomas,RB,New Mexico State,Duke,0.87,3
2024,Ayden,Duncanson,S,North Carolina,East Carolina,0.87,3
2024,Greedy,Vance Jr.,CB,Florida State,USC,0.87,3
2024,Jalen,Kimber,CB,Florida,Penn State,0.87,3
2024,Gio,Paez,DL,Wisconsin,LSU,0.87,3
2024,Monroe,Beard III,LB,Tennessee State,Marshall,0.87,3
2024,Blaze,Berlowitz,QB,New Mexico State,Vanderbilt,0.87,3
2024,Dez,Malone,CB,San Diego State,Oklahoma,0.87,3
2024,Kobe,Hylton,S,UTEP,Oklahoma State,0.87,3
2024,Thomas,Gore,DL,Miami,Georgia Tech,0.86,3
2024,Jalen,Geiger,CB,Kentucky,Tulane,0.86,3
2024,Branson,Combs,LB,Southern Illinois,Wake Forest,0.86,3
2024,Javeon,Wilcox,S,TCU,Texas Tech,0.86,3
2024,Vincent,Murphy,IOL,Western Kentucky,Tulane,0.86,3
2024,Corey,Collier,S,Nebraska,Florida A&M,0.86,3
2024,Trent,Hudson,WR,New Mexico State,Mississippi State,0.86,3
2024,Da'Wain,Lofton,WR,Virginia Tech,Oklahoma State,0.86,3
2024,Keye,Thompson,LB,Ohio,Pittsburgh,0.88,3
2024,Myles,Price,WR,Texas Tech,Indiana,0.87,3
2024,Kahlil,Benson,IOL,Indiana,Colorado,0.87,3
2024,Isaiah,Raikes,DL,USC,Auburn,0.87,3
2024,Dorian,Mausi Jr.,LB,Duke,Auburn,0.87,3
2024,Zay,Alexander,OT,Mississippi State,Louisiana,0.87,3
2024,Monroe,Mills,OT,Texas Tech,Louisville,0.87,3
2024,Kempton,Shine,CB,Eastern Michigan,Virginia,0.87,3
2024,Rasheed,Miller,OT,Georgia Southern,Louisville,0.87,3
2024,DJ,Wingfield,IOL,New Mexico,Purdue,0.87,3
2024,Richie,Leonard IV,IOL,Florida,Florida State,0.87,3
2024,Justin,Ball,TE,Vanderbilt,Mississippi State,0.87,3
2024,Jaylen,Wester,LB,Florida Atlantic,Colorado,0.87,3
2024,Aamir,Hall,CB,UAlbany,Michigan,0.87,3
2024,Andrew,Paul,RB,Georgia,Jacksonville State,0.87,3
2024,Cameron,Martinez,S,Ohio State,Boston College,0.87,3
2024,Marquez,Cooper,RB,Ball State,San Diego State,0.87,3
2024,Rodas,Johnson,DL,Wisconsin,Texas A&M,0.87,3
2024,Blake,Shapen,QB,Baylor,Mississippi State,0.87,3
2024,Travis,Bates,EDGE,Austin Peay,Kansas State,0.87,3
2024,Keleki,Latu,TE,Nevada,Washington,0.86,3
2024,DeShawn,Lynch,DL,Sacramento State,Washington,0.86,3
2024,Chubba,Ma'ae,DL,UC Davis,Arizona,0.86,3
2024,Marcus,Major,RB,Oklahoma,Minnesota,0.86,3
2024,Malachi,McLean,S,New Mexico State,UConn,0.86,3
2024,Dameon,Wilson,LB,Missouri,East Carolina,0.86,3
2024,Jawarn,Howell,RB,South Carolina State,South Carolina,0.86,3
2024,De'Braylon,Carroll,DL,Rice,Texas Tech,0.86,3
2024,Aluma,Nkele,OT,UTEP,Minnesota,0.86,3
2024,Jordan,Guerad,DL,Florida International,Louisville,0.86,3
2024,Jonah,Rodriguez,OT,San Diego State,Arizona,0.86,3
2024,Demetrius,Freeney,CB,Miami,Arizona,0.86,3
2024,Nick,Evers,QB,Wisconsin,UConn,0.87,3
2024,Cristian,Driver,WR,Penn State,Minnesota,0.87,3
2024,AJ,Duffy,QB,Florida State,San Diego State,0.87,3
2024,Taylen,Green,QB,Boise State,Arkansas,0.87,3
2024,Chad,Lindberg,OT,Georgia,Rice,0.87,3
2024,Jordan,Anthony,WR,Texas A&M,Arkansas,0.87,3
2024,Jay,Fair,WR,Auburn,USC,0.87,3
2024,Conner,Muldowney,TE,Tiffin University,Kent State,0.87,3
2024,Gage,Keys,DL,Kansas,Auburn,0.87,3
2024,Jacob,Kongaika,DL,Arizona,Arizona State,0.87,3
2024,TreVonte',Citizen,RB,Miami,McNeese,0.87,3
2024,Izayah,Cummings,TE,Kentucky,Louisville,0.87,3
2024,Jaylon,Jackson,RB,Eastern Michigan,Iowa State,0.87,3
2024,John Henry,Daley,EDGE,BYU,Utah,0.87,3
2024,Jesiah,Pierre,LB,Texas Tech,UCF,0.87,3
2024,Gevani,McCoy,QB,Idaho,Oregon State,0.87,3
2024,Floyd,Chalk IV,RB,Grambling,San José State,0.87,3
2024,Luke,Newman,OT,Holy Cross,Michigan State,0.87,3
2024,Ricky,Johnson,CB,UNLV,Michigan,0.87,3
2024,Capone,Blue,CB,Kent State,Wake Forest,0.87,3
2024,Jerry,McClure,WR,UCLA,San Diego State,0.86,3
2024,Eric,Brantley Jr.,EDGE,Colorado,Florida Atlantic,0.87,3
2024,Chance,Williams,RB,Grambling,Cincinnati,0.87,3
2024,Marquise,Robinson,CB,South Alabama,Arkansas,0.87,3
2024,Tyler,Stephens,IOL,James Madison,Indiana,0.87,3
2024,Liam,Johnson,LB,Princeton,California,0.87,3
2024,Nick,Kidwell,IOL,James Madison,Indiana,0.87,3
2024,Grady,Kelly,DL,Colorado State,Florida State,0.87,3
2024,Elias,Larry,CB,Navy,Colorado State,0.87,3
2024,Troy,Jakubec,CB,Youngstown State,UAB,0.87,3
2024,Noah,Avinger,CB,San Diego State,New Mexico,0.87,3
2024,Isaiah,Augustave,RB,Arkansas,Colorado,0.87,3
2024,Zevi,Eckhaus,QB,Bryant,Washington State,0.87,3
2024,DeCarlos,Nicholson,CB,Mississippi State,USC,0.87,3
2024,Shane,Bumgardner,IOL,Tiffin University,Kansas,0.87,3
2024,Simeon,Price,RB,Mississippi State,Coastal Carolina,0.87,3
2024,Corey,Thornton,CB,UCF,Louisville,0.87,3
2024,Joe,Royer,TE,Ohio State,Cincinnati,0.87,3
2024,Carson,Bruno,IOL,Louisiana Tech,TCU,0.87,3
2024,Ashley,Williams Jr.,EDGE,Arizona State,Louisiana,0.87,3
2024,Sebastian,Cheeks,LB,North Carolina,Wisconsin,0.87,3
2024,Alan,Herron,OT,Shorter,Maryland,0.87,3
2024,Isaiah,Wright,IOL,Buffalo,Maryland,0.86,3
2024,Mitchell,Mayes,OT,Clemson,Charlotte,0.86,3
2024,Kory,Chapman,CB,Austin Peay,UTEP,0.86,3
2024,Van,Wells,IOL,Colorado,Oregon State,0.86,3
2024,Braylon,Braxton,QB,Tulsa,Marshall,0.86,3
2024,Clay,Patterson,DL,UNLV,Stanford,0.86,3
2024,Howard,Sampson,OT,North Texas,North Carolina,0.86,3
2024,Jordan,Crook,LB,Arkansas,Arizona State,0.86,3
2024,Kamar,Missouri,OT,Rutgers,UTSA,0.86,3
2024,Jayden,Hill,CB,Ohio Dominican,North Texas,0.86,3
2024,Trey,Wedig,OT,Wisconsin,Indiana,0.86,3
2024,Jacob,Rizy,OT,Harvard,Florida State,0.86,3
2024,Mark,Davis Jr.,CB,Southern Illinois,Vanderbilt,0.86,3
2024,Adin,Huntington,DL,UL Monroe,Tulane,0.86,3
2024,Jahsiah,Galvan,LB,Northern Iowa,Stanford,0.86,3
2024,Cherif,Seye,EDGE,Florida A&M,UCLA,0.86,3
2024,Bryce,Phillips,CB,Tennessee State,San Diego State,0.86,3
2024,Trent,Holler,IOL,Marshall,Memphis,0.86,3
2024,Sirad,Bryant,S,Georgia Tech,UAB,0.86,3
2024,Jaylin,Alderman,LB,Louisville,Miami,0.87,3
2024,Larry,Worth,LB,Jacksonville State,Arkansas,0.87,3
2024,Jalen,Travis,OT,Princeton,Iowa State,0.87,3
2024,Greg,Desrosiers Jr.,RB,Massachusetts,Memphis,0.87,3
2024,Jude,Wolfe,TE,USC,San Diego State,0.87,3
2024,Kerry,Martin,S,Akron,NC State,0.87,3
2024,Ja'Varrius,Johnson,WR,Auburn,UCF,0.87,3
2024,Damien,Alford,WR,Syracuse,Utah,0.87,3
2024,Darwin,Barlow,RB,USC,North Carolina,0.87,3
2024,Khai,Prean,WR,LSU,Tulane,0.87,3
2024,Jaren,Mangham,RB,Michigan State,Minnesota,0.86,3
2024,Austin,Leausa,IOL,Southern Utah,BYU,0.86,3
2024,Jacob,Busic,EDGE,Navy,UCLA,0.86,3
2024,James,Hansen,DL,Nevada,Texas Tech,0.86,3
2024,Jacarius,Clayton,DL,Mississippi State,Marshall,0.86,3
2024,Ke'Shawn,Williams,WR,Wake Forest,Indiana,0.86,3
2024,Anquin,Barnes,DL,Alabama,Colorado,0.86,3
2024,Tygee,Hill,DL,LSU,Oregon State,0.86,3
2024,Wesley,Steiner,LB,Auburn,Washington State,0.86,3
2024,Collin,Schlee,QB,UCLA,Virginia Tech,0.86,3
2024,Kris,Hutson,WR,Oregon,Washington State,0.86,3
2024,Jake,Overman,TE,Oregon State,Pittsburgh,0.86,3
2024,Dyoni,Hill,CB,Marshall,Miami,0.86,3
2024,Kameron,Wilson,LB,Louisville,Cincinnati,0.86,3
2024,Montre,Miller,CB,West Virginia,Mississippi State,0.86,3
2024,Aiden,Fisher,LB,James Madison,Indiana,0.86,3
2024,Phillip,Houston,OT,Florida International,Colorado,0.86,3
2024,Kay'Ron,Lynch-Adams,RB,Massachusetts,Michigan State,0.86,3
2024,Steven,Hubbard,IOL,UTEP,Vanderbilt,0.86,3
2024,Justin,Robinson,WR,Mississippi State,West Virginia,0.86,3
2024,Terry,Jones Jr.,S,Old Dominion,Indiana,0.86,3
2024,Tre,Shackelford,WR,Austin Peay,Washington State,0.86,3
2024,Avarion,Cole,S,North Carolina A&T,App State,0.86,3
2024,Tyson,Durant,CB,Akron,Washington State,0.86,3
2024,Teagan,Wilk,S,East Carolina,Houston,0.86,3
2024,Syrus,Webster,EDGE,Utah Tech,Washington State,0.86,3
2024,Jaivion,Green,CB,Washington,Stanford,0.86,3
2024,Jacoby,Jackson,OT,Texas Tech,Mississippi State,0.86,3
2024,Deion,Hankins,RB,UTEP,Texas State,0.86,3
2024,Torricelli,Simpkins III,IOL,North Carolina Central,South Carolina,0.86,3
2024,Ryland,Goede,TE,Mississippi State,Georgia Tech,0.86,3
2024,Delbert,Mimms III,RB,NC State,Eastern Michigan,0.86,3
2024,Broc,Lowry,QB,Indiana,Western Michigan,0.86,3
2024,Jayvontay,Conner,TE,Ole Miss,East Carolina,0.86,3
2024,Braden,Miller,OT,Michigan State,California,0.86,3
2024,Justus,Ross-Simmons,WR,Colorado State,Syracuse,0.87,3
2024,CJ,Madden,EDGE,Georgia,Purdue,0.87,3
2024,Dominick,Mazotti,TE,San José State,Massachusetts,0.87,3
2024,Kentrell,Webb,S,Tulane,Houston,0.87,3
2024,Marcus,Washington,CB,Louisville,Syracuse,0.87,3
2024,Keontez,Lewis,WR,Wisconsin,Southern Illinois,0.87,3
2024,Cole,Snyder,QB,Buffalo,Eastern Michigan,0.87,3
2024,Marquis,Shoulders,WR,Tulsa,Houston,0.86,3
2024,Everitt,Rogers,DL,Tulsa,Houston,0.86,3
2024,Ramon,Henderson,S,Notre Dame,UCLA,0.86,3
2024,Tevita,Pome'e,DL,Oregon,Oregon State,0.86,3
2024,Richard,Toney Jr.,S,Nevada,TCU,0.86,3
2024,Marlon,Martinez,IOL,LSU,Mississippi State,0.86,3
2024,Trey,Jones III,S,Central Michigan,Texas A&M,0.86,3
2024,Savion,Red,RB,Texas,Nevada,0.86,3
2024,Myles,Farmer,S,Syracuse,App State,0.86,3
2024,Deijon,Laffitte,DL,USC,Fresno State,0.86,3
2024,Omarion,Cooper,CB,Colorado,Florida State,0.86,3
2024,Tyrique,Tucker,DL,James Madison,Indiana,0.86,3
2024,Malcolm,Ray,DL,Florida State,Rutgers,0.86,3
2024,Marque,Collins,CB,Weber State,BYU,0.86,3
2024,Miles,Kitselman,TE,Alabama,Tennessee,0.86,3
2024,Fred,Farrier II,WR,UAB,Kentucky,0.86,3
2024,Rene,Konga,DL,Rutgers,Louisville,0.86,3
2024,Kaleb,Spencer,LB,Miami,Virginia Tech,0.86,3
2024,Cameron,Smith,S,Memphis,TCU,0.86,3
2024,DeAgo,Brumfield,CB,Memphis,Mississippi State,0.86,3
2024,Sam,Brumfield,LB,Middle Tennessee,Virginia Tech,0.86,3
2024,Anthony,Jones,EDGE,Indiana,Michigan State,0.86,3
2024,Zach,Evans,RB,Minnesota,North Texas,0.86,3
2024,Jake,Garcia,QB,Missouri,East Carolina,0.86,3
2024,Keenan,Nelson Jr.,S,South Carolina,Ohio State,0.86,3
2024,Devin,Dye,S,Utah State,Kansas,0.86,3
2024,Jurriente,Davis,LB,Texas A&M,Louisville,0.87,3
2024,Makylan,Pounders,OT,Memphis,Mississippi State,0.87,3
2024,Jeffrey,Clark,DL,Louisville,Arizona State,0.87,3
2024,Jackson,Meeks,WR,Georgia,Syracuse,0.87,3
2024,Keaten,Wade,EDGE,Kentucky,Colorado,0.87,3
2024,Kenard,Snyder,EDGE,UL Monroe,Iowa State,0.87,3
2024,Nigel,Glover,LB,Ohio State,Northwestern,0.86,3
2024,Tre'Shon,Devones,CB,Rice,Duke,0.86,3
2024,Antwain,Littleton II,RB,Maryland,Temple,0.86,3
2024,Katin,Houser,QB,Michigan State,East Carolina,0.87,3
2024,Kyle,Ford,WR,UCLA,USC,0.86,3
2024,Josh,Minkins,S,Louisville,Cincinnati,0.86,3
2024,Jeremiah,Dillon,WR,Ole Miss,Vanderbilt,0.86,3
2024,Zakhari,Franklin,WR,Ole Miss,Illinois,0.86,3
2024,Matthew,Hibner,TE,Michigan,SMU,0.86,3
2024,Wes,Dorsey,OT,Western Kentucky,UCF,0.86,3
2024,AJ,Watts,S,UL Monroe,Memphis,0.86,3
2024,Jake,Wiley,IOL,UCLA,Houston,0.86,3
2024,Alton,McCaskill,RB,Colorado,Arizona State,0.86,3
2024,Kolinu'u,Faaiu,IOL,Utah,Texas A&M,0.86,3
2024,Nate,Bennett,WR,Portland State,San Diego State,0.86,3
2024,Justice,Ellison,RB,Wake Forest,Indiana,0.86,3
2024,Reid,Carrico,LB,Ohio State,West Virginia,0.86,3
2024,Brandon,Lane,DL,Stephen F. Austin,Wisconsin,0.86,3
2024,Laterrance,Welch,CB,LSU,Arizona State,0.86,3
2024,Zeon,Chriss,QB,Louisiana,Houston,0.88,3
2024,Marcellius,Pulliam,LB,Miami,Michigan State,0.86,3
2024,Brenton,Williams,EDGE,Auburn,Liberty,0.86,3
2024,Armani,Winfield,WR,Baylor,Colorado State,0.86,3
2024,Jo,Cryer,IOL,LSU,Southern Miss,0.86,3
2024,James,Djonkam,EDGE,Arizona State,Eastern Michigan,0.86,3
2024,Alex,Howard,LB,Texas A&M,Duke,0.87,3
2024,Logan,Wilson,S,North Texas,Cincinnati,0.87,3
2024,Jamarius,Dinkins,DL,Kentucky,Purdue,0.87,3
2024,Syeed,Gibbs,CB,Rhode Island,Georgia Tech,0.87,3
2024,Johnny,Chaney Jr.,LB,Florida A&M,Colorado,0.86,3
2024,Andreas,Paaske,TE,Eastern Michigan,Arkansas,0.86,3
2024,Dalevon,Campbell,WR,Nevada,South Carolina,0.86,3
2024,Deuce,Harmon,CB,Texas A&M,SMU,0.86,3
2024,Patrick,Garwo III,RB,Boston College,Nevada,0.86,3
2024,Bryquice,Brown,CB,Georgia State,Boston College,0.86,3
2024,Jordan,Mayer,EDGE,Wisconsin,Penn State,0.86,3
2024,Kaden,Johnson,EDGE,Wisconsin,Nevada,0.86,3
2024,Donerio,Davenport,RB,Texas State,Louisiana Tech,0.86,3
2024,Isheem,Young,S,Ole Miss,North Texas,0.86,3
2024,Spencer,Brown,OT,Michigan State,Oklahoma,0.86,3
2024,Kolbey,Taylor,CB,Wyoming,Vanderbilt,0.86,3
2024,Shitta,Sillah,EDGE,Boston College,Purdue,0.86,3
2024,Kyle,Moretti,LB,Central Michigan,San Diego State,0.86,3
2024,Zyrus,Fiaseu,LB,San Diego State,Arizona State,0.86,3
2024,Tyler,Fromm,TE,Auburn,Georgia Southern,0.86,3
2024,Nikhai,Hill-Green,LB,Charlotte,Colorado,0.86,3
2024,Marlem,Louis,EDGE,Richmond,San Diego State,0.86,3
2024,Kelvin,Gilliam Jr.,DL,Oklahoma,Virginia Tech,0.86,3
2024,Reuben,Unije,OT,Louisville,UCLA,0.86,3
2024,Jayden,Davis,S,Cincinnati,Georgia Tech,0.86,3
2024,Gerad,Christian-Lichtenhan,OT,Colorado,Oregon State,0.86,3
2024,Carl,Chester,WR,Tulsa,Marshall,0.86,3
2024,Ryan,Turner,CB,Ohio State,Boston College,0.86,3
2024,Josiah,Cox,S,Arizona State,New Mexico State,0.86,3
2024,Bryson,Barnes,QB,Utah,Utah State,0.86,3
2024,Brandon,Campbell,RB,Houston,Massachusetts,0.86,3
2024,Mikah,Coleman,DL,Eastern Michigan,Cincinnati,0.86,3
2024,Tychaun,Chapman,WR,North Carolina,Marshall,0.86,3
2024,Kameron,Howard,S,Charlotte,Alabama,0.86,3
2024,Khordae,Sydnor,EDGE,Purdue,Vanderbilt,0.86,3
2024,Justin,Harrington,S,Oklahoma,Washington,0.86,3
2024,Rush,Reimer,IOL,Montana State,California,0.86,3
2024,Antonio,Doyle Jr.,EDGE,Jackson State,UNLV,0.85,3
2024,Winston,Wright Jr.,WR,Florida State,East Carolina,0.85,3
2024,Davion,Carter,IOL,Memphis,Texas Tech,0.85,3
2024,Da'Metrius,Weatherspoon,IOL,Howard,Syracuse,0.85,3
2024,Stephen,Dix Jr.,LB,Marshall,Arkansas,0.85,3
2024,Ryan,Stewart,OT,San José State,Arizona,0.85,3
2024,Mac,McWilliams,CB,UAB,UCF,0.85,3
2024,Jadarrius,Perkins,CB,Florida,Toledo,0.85,3
2024,Jordan,Dunbar,CB,Rice,Kansas State,0.85,3
2024,Keenan,Landry,DL,Florida,Kent State,0.84,3
2024,Alec,Marenco,LB,New Mexico,Kansas State,0.85,3
2024,Jacolby,Criswell,QB,Arkansas,North Carolina,0.85,3
2024,Sam,Huard,QB,Cal Poly,Utah,0.85,3
2024,Dre,Butler,DL,Michigan State,Charlotte,0.85,3
2024,Malcolm,Johnson Jr.,WR,Auburn,Bowling Green,0.85,3
2024,Deuce,Hogan,QB,Kentucky,New Mexico State,0.85,3
2024,Jalen,McMurray,CB,Temple,Tennessee,0.85,3
2024,Caleb,Bryant,DL,Mississippi State,Southern Miss,0.85,3
2024,Jordin,Parker,WR,New Mexico State,Western Michigan,0.84,3
2024,Parker,McKenna,LB,Portland State,Washington State,0.84,3
2024,Gavin,Frakes,QB,New Mexico State,Virginia,0.84,3
2024,Chandler,Brown,OT,Shepherd,Colorado State,0.84,3
2024,Nathan,Kapongo,DL,New Hampshire,Akron,0.84,3
2024,Traveon,Wright,CB,Memphis,Mississippi State,0.84,3
2024,Keagen,Trost,OT,Indiana State,Wake Forest,0.84,3
2024,Jyron,Gilmore,CB,Tennessee Tech,Georgia State,0.84,3
2024,Cameron,Roetherford,DL,Arkansas-Pine Bluff,Cincinnati,0.84,3
2024,Charles,Looes,EDGE,Dartmouth,Rice,0.84,3
2024,Vito,Tisdale,S,Colorado,Eastern Kentucky,0.84,3
2024,Davon,Graham II,CB,Oklahoma,Utah State,0.84,3
2024,Josh,Kaltenberger,IOL,Purdue,Maryland,0.84,3
2024,Jaden,McKenzie,DL,Ohio State,East Carolina,0.84,3
2024,Jayden,Hobson,OT,Mississippi State,South Alabama,0.84,3
2024,Brian,Brewton,RB,UConn,Middle Tennessee,0.83,3
2024,Joshua,Donald,DL,Troy,App State,0.83,3
2024,Mao,Glynn II,IOL,Cincinnati,Massachusetts,0.83,3
2024,Brayden,Rohme,OT,California,Massachusetts,0.83,3
2024,Mateen,Ibirogba,EDGE,Georgetown,Wake Forest,0.85,3
2024,Adrian,Maddox,CB,Alabama State,UAB,0.85,3
2024,Tawfiq,Thomas,DL,Louisville,Colorado,0.84,3
2024,Zion,Steptoe,S,Purdue,Tulsa,0.84,3
2024,Tar'Varish,Dawson,WR,Colorado,Jacksonville State,0.86,3
2024,Warren,Burrell,CB,Tennessee,Georgia Tech,0.86,3
2024,Nate,Anderson,IOL,Oklahoma,SMU,0.85,3
2024,Ru'Quan,Buckley,DL,Nebraska,Michigan State,0.85,3
2024,O'Mega,Blake,WR,East Carolina,Charlotte,0.85,3
2024,Dekel,Crowdus,WR,Kentucky,Hawai'i,0.85,3
2024,Zac,Swanson,DL,Texas,Arizona State,0.85,3
2024,BJ,Allen Jr.,S,Texas,North Texas,0.85,3
2024,Kam,Brown,WR,UCLA,Purdue,0.85,3
2024,Remington,Strickland,IOL,Texas A&M,TCU,0.85,3
2024,Landon,Peterson,IOL,Texas Tech,North Texas,0.85,3
2024,George,Maile,IOL,Baylor,Utah State,0.85,3
2024,Gerry,Bohanon,QB,South Florida,BYU,0.85,3
2024,Naejuan,Barber,DL,South Carolina State,Coastal Carolina,0.85,3
2024,Carlos,Allen Jr.,DL,Kennesaw State,Houston,0.85,3
2024,Marquese,Williams,RB,Minnesota,Akron,0.85,3
2024,Anthony,Johnson,DL,Illinois,Pittsburgh,0.85,3
2024,Oscar,Hammond,TE,Central Oklahoma,North Texas,0.85,3
2024,Treylin,Payne,LB,Houston,Texas State,0.85,3
2024,Brendan,Sullivan,QB,Northwestern,Iowa,0.85,3
2024,Shancco,Matautia,IOL,Arizona State,Arizona,0.84,3
2024,Khafre,Brown,WR,South Florida,Arkansas,0.84,3
2024,Ashton,Heflin,LB,Georgia Tech,Marshall,0.84,3
2024,Dylan,Wudke,EDGE,Youngstown State,Kansas,0.84,3
2024,Blake,Smith,TE,Oklahoma,Texas State,0.84,3
2024,Macyo,Williams,DL,Kent State,Utah State,0.84,3
2024,Desmyn,Baker,LB,Western Kentucky,Southern Miss,0.84,3
2024,Stacey,Wilkins,OT,UL Monroe,Western Kentucky,0.84,3
2024,Ethan,Crisp,LB,Vanderbilt,Liberty,0.84,3
2024,Bryan,Massey,CB,SMU,Houston,0.84,3
2024,Amieh,Williams,DL,Angelo State,Tulsa,0.84,3
2024,Etinosa,Reuben,DL,Georgia Tech,Massachusetts,0.84,3
2024,Lance,Keneley,EDGE,Stanford,Arizona,0.84,3
2024,Evan,Eller,LB,VMI,Wyoming,0.84,3
2024,Spencer,Petras,QB,Iowa,Utah State,0.84,3
2024,George,Johnson III,WR,Massachusetts,Florida Atlantic,0.84,3
2024,Paul,Tchio,IOL,Georgia Tech,Massachusetts,0.84,3
2024,Chris,Rodgers,S,Troy,Tulane,0.84,3
2024,Khalid,Moore,EDGE,Mississippi State,Southern Miss,0.84,3
2024,Andrew,Bench,TE,Bowling Green,South Alabama,0.83,3
2024,Brayden,Bryant,IOL,North Dakota,San Diego State,0.83,3
2024,Tevin,Shaw,IOL,Houston,New Mexico,0.83,3
2024,Riley,Tolsma,DL,Hillsdale College,Ball State,0.83,3
2024,Reese,Mooney,QB,North Texas,UL Monroe,0.83,3
2024,Nick,Session,S,Oklahoma State,New Mexico State,0.83,3
2024,Shawn,Miller,WR,Illinois,New Mexico,0.83,3
2024,Jack,Wilty,IOL,Colorado,South Florida,0.83,3
2024,Garner,Langlo,OT,Auburn,App State,0.83,3
2024,Josh,Griffis,EDGE,Tarleton State,Oregon State,0.85,3
2024,Jacob,Bostick,WR,Iowa,Texas A&M,0.86,3
2024,Lorando,Johnson,CB,Arkansas,Baylor,0.86,3
2024,Davon,Townley,DL,Penn State,Missouri State,0.85,3
2024,Ryan,Robinson Jr.,CB,LSU,Iowa State,0.85,3
2024,Dakota,White,IOL,Louisiana Tech,Houston,0.85,3
2024,Morven,Joseph,EDGE,Florida Atlantic,Jacksonville State,0.85,3
2024,Melvin,Priestly,OT,Grambling,Illinois,0.85,3
2024,Bugs,Mortimer,WR,UL Monroe,Western Michigan,0.85,3
2024,Enokk,Vimahi,IOL,Ohio State,Washington,0.85,3
2024,Matt,Keeler,OT,Texas Tech,Northwestern,0.85,3
2024,Daniel,Heimuli,LB,Arizona,Georgia State,0.85,3
2024,Dontae,Lucas,IOL,South Alabama,Southern Miss,0.85,3
2024,Ian,Jackson,LB,Alabama,UTSA,0.85,3
2024,T.K.,Wright,LB,NC State,Temple,0.85,3
2024,De'Shawn,Rucker,CB,Tennessee,South Florida,0.85,3
2024,Cedarius,Doss,CB,Austin Peay,Indiana,0.85,3
2024,Ryan,Johnson,EDGE,Akron,Southern Miss,0.85,3
2024,Devontae,Houston,RB,UConn,East Tennessee State,0.85,3
2024,Bryan,Addison,S,Oregon,UCLA,0.85,3
2024,Dominick,Hill,CB,Temple,Liberty,0.85,3
2024,Langston,Long,LB,Virginia,South Florida,0.84,3
2024,Joe,Labas,QB,Iowa,Central Michigan,0.84,3
2024,Deshaun,Batiste,DL,Troy,Tulane,0.84,3
2024,Nate,Williams,OT,Akron,San Diego State,0.84,3
2024,Dylan,Brown-Turner,LB,Florida State,UTEP,0.84,3
2024,Graham,Nicholson,K,Miami (OH),Alabama,0.84,3
2024,Mike,Wright,QB,Mississippi State,Northwestern,0.84,3
2024,Zachary,Franks,OT,Northwestern,Duke,0.84,3
2024,Isaiah,Jatta,IOL,Colorado,BYU,0.84,3
2024,Jordan,Wright,CB,Kansas State,UConn,0.84,3
2024,Deontre,Morris,S,Kennesaw State,Georgia Southern,0.84,3
2024,Cameron,Smith,S,Eastern Michigan,Jackson State,0.84,3
2024,Skyler,Bell,WR,Wisconsin,UConn,0.84,3
2024,Chubba,Purdy,QB,Nebraska,Nevada,0.84,3
2024,Sinn,Brennan,EDGE,San Diego State,Ohio,0.84,3
2024,Will,James,S,Mississippi State,Southern Miss,0.84,3
2024,Oliver,Bridges,CB,Cincinnati,Buffalo,0.83,3
2024,Cam,Williams,EDGE,Jacksonville State,Georgia State,0.83,3
2024,Senika,McKie,WR,UNLV,Coastal Carolina,0.83,3
2024,Devin,Goree,EDGE,Missouri State,UTEP,0.83,3
2024,Andres,Dewerk,IOL,USC,App State,0.83,3
2024,Elijah,Ellis,OT,Baylor,Marshall,0.83,3
2024,RJ,Martinez,QB,Baylor,Texas State,0.83,3
2024,Nahji,Logan,LB,Massachusetts,Indiana,0.84,3
2024,Cam'Ron,Stewart,DL,Rutgers,Temple,0.83,3
2024,Jashon,Watkins,CB,Tennessee State,Massachusetts,0.83,3
2024,Christopher,Townsel,CB,South Florida,Kennesaw State,0.83,3
2024,Blake,Leake,LB,Bucknell,Ohio,0.83,3
2024,Jordan,Ford,RB,Tulsa,Georgia State,0.83,3
2024,Popeye,Williams,EDGE,Louisville,Western Michigan,0.86,3
2024,James,Pogorelc,OT,Stanford,Duke,0.86,3
2024,Tamarcus,Cooley,CB,Maryland,NC State,0.86,3
2024,Marlyn,Johnson,WR,Buffalo,Florida Atlantic,0.86,3
2024,Jaden,Milliner-Jones,S,Colorado,SMU,0.85,3
2024,Ty Son,Lawton,RB,James Madison,Indiana,0.85,3
2024,Torrie,Cox Jr.,CB,Ohio,Illinois,0.85,3
2024,Tamon,Lynum,CB,Nebraska,Pittsburgh,0.85,3
2024,Jase,Bauer,QB,Central Michigan,Sam Houston,0.85,3
2024,Jordan,Grier,S,Indiana,Memphis,0.85,3
2024,Jayden,McDonald,LB,Indiana,UConn,0.85,3
2024,Jordan,Smart,WR,North Texas,Ole Miss,0.85,3
2024,Charles,Ross,WR,San José State,USC,0.85,3
2024,Gavin,Gibson,CB,Maryland,East Carolina,0.85,3
2024,Gavin,Potter,LB,Arkansas State,Tulsa,0.85,3
2024,Jordan,Houston,RB,NC State,Marshall,0.85,3
2024,Jaylen,Nichols,OT,South Carolina,Memphis,0.85,3
2024,Alex,Merritt,DL,Eastern Michigan,Texas State,0.85,3
2024,Owen,Goss,S,Colgate,Arizona,0.85,3
2024,Jaylen,Garth,OT,Houston,UTSA,0.85,3
2024,Aaron,Young,RB,Rutgers,Old Dominion,0.85,3
2024,Alex,Oliver,CB,VMI,Liberty,0.85,3
2024,Cam,Camper,WR,Indiana,Boise State,0.84,3
2024,Zach,Morris,CB,New Mexico,UTSA,0.84,3
2024,Logan,Fife,QB,Fresno State,Montana,0.84,3
2024,Jefferson,Adam,EDGE,Iowa State,Eastern Michigan,0.84,3
2024,Joe,More,OT,Syracuse,Arkansas,0.84,3
2024,Tirek,Austin-Cave,LB,West Virginia,New Mexico,0.84,3
2024,Ryder,Burton,QB,BYU,West Virginia,0.84,3
2024,Derrick,Edwards,S,Louisville,Charlotte,0.84,3
2024,Ja'Maric,Morris,CB,UCF,Georgia State,0.84,3
2024,Derrick,Bohler,WR,Indiana,Stephen F. Austin,0.84,3
2024,Ryan,Barnes,CB,Notre Dame,Massachusetts,0.84,3
2024,Emmett,Morehead,QB,Boston College,Old Dominion,0.84,3
2024,Logan,Sagapolu,IOL,Miami,Washington,0.84,3
2024,Larry,Turner-Gooden,S,Texas,San José State,0.84,3
2024,Dan,Foster Jr.,LB,Texas State,Louisville,0.84,3
2024,Zeke,Blake,CB,Youngstown State,Toledo,0.84,3
2024,Sidney,Fugar,OT,South Carolina,Baylor,0.84,3
2024,Avery,Sledge,EDGE,Mississippi State,Southern Miss,0.83,3
2024,Ben,Finley,QB,California,Akron,0.83,3
2024,Domanick,Moon,LB,Purdue,Western Michigan,0.83,3
2024,Diante,Vines,WR,Iowa,Old Dominion,0.83,3
2024,Kobe,Stewart,EDGE,Samford,Buffalo,0.83,3
2024,Anthony,Garcia,QB,San José State,Arizona,0.83,3
2024,Lardarius,Webb Jr.,S,Oklahoma State,South Alabama,0.83,3
2024,J.P.,Deeter,DL,Purdue,Arizona State,0.83,3
2024,Xavier,Simmons,LB,Missouri,Charlotte,0.83,3
2024,Okiki,Olorunfunmi,EDGE,Weber State,New Mexico,0.83,3
2024,Jarvarius,Sims,CB,Central Michigan,UConn,0.82,3
2024,Xavier,Smith,S,Austin Peay,UTEP,0.86,3
2024,Jermayne,Lole,DL,Louisville,Texas,0.86,3
2024,Shedrick,Rhodes,OT,Ohio,Rutgers,0.85,3
2024,Jam,Jackson,CB,Robert Morris,Virginia,0.85,3
2024,Zach,Horton,TE,James Madison,Indiana,0.85,3
2024,Hakeem,Ajijolaiya,DL,Houston,TCU,0.85,3
2024,Aaryn,Parks,OT,Oklahoma,South Carolina,0.85,3
2024,Dennis,Briggs Jr.,DL,Florida State,Illinois,0.85,3
2024,Jalen,Satchell,DL,Old Dominion,Michigan State,0.85,3
2024,Marvin,Ham II,LB,Colorado,Arkansas State,0.85,3
2024,Jevon,Jackson,RB,Austin Peay,UTEP,0.85,3
2024,Porter,Rooks,WR,NC State,Eastern Michigan,0.85,3
2024,Kekoura,Tarnue,CB,Jacksonville State,West Virginia,0.85,3
2024,Bryce,Duke,RB,Virginia Tech,Old Dominion,0.85,3
2024,Blake,Burris,DL,Texas Tech,SMU,0.84,3
2024,Jam,Griffin,RB,Ole Miss,Oregon State,0.85,3
2024,Jamaal,Bell,WR,Nevada,Baylor,0.85,3
2024,Rodney,Dansby,LB,Houston Christian,Memphis,0.85,3
2024,Taurean,Carter,DL,Arkansas,Colorado,0.85,3
2024,George,Gumbs Jr.,EDGE,Northern Illinois,Florida,0.85,3
2024,Austin,Blaske,IOL,Georgia,North Carolina,0.85,3
2024,Isaiah,Taylor,S,Arizona,Miami,0.85,3
2024,Jevon,McIver Jr.,CB,Austin Peay,TCU,0.84,3
2024,David,Spruiells,S,Northern Arizona,North Texas,0.84,3
2024,Devin,Lafayette,S,Northern Illinois,Troy,0.84,3
2024,Justin,Harris,CB,Cincinnati,Texas State,0.84,3
2024,Keyshawn,Swanson,S,Troy,Western Kentucky,0.84,3
2024,Corey,Thomas Jr.,LB,Akron,Virginia,0.84,3
2024,Jaylen,Lewis,CB,Arkansas,Temple,0.84,3
2024,Brendan,Jackson,LB,Gardner-Webb,Troy,0.84,3
2024,Will,Larkins,IOL,Indiana,Georgia State,0.84,3
2024,Evan,Morris,TE,Michigan State,UCF,0.84,3
2024,Brice,Bass,EDGE,Gardner-Webb,Texas State,0.84,3
2024,Prince,Boyd,DL,Purdue,Florida Atlantic,0.84,3
2024,Gamarion,Carter,WR,Vanderbilt,Middle Tennessee,0.84,3
2024,LeDarrius,Cox,DL,Indiana,UAB,0.84,3
2024,Demarko,Williams,S,Ole Miss,Western Kentucky,0.84,3
2024,Jaden,Williams,WR,Boston College,Texas State,0.84,3
2024,Elijah,Metcalf,WR,Middle Tennessee,Marshall,0.84,3
2024,Blake,Bustard,OT,Wayne State,Eastern Michigan,0.84,3
2024,Jesse,Ramil,OT,Saint Francis (PA),James Madison,0.83,3
2024,Ethan,Hubbard,OT,Duke,South Alabama,0.83,3
2024,Reggie,Akles,CB,New Mexico State,UConn,0.83,3
2024,Tano,Letuli,LB,Army,San Diego State,0.83,3
2024,Kaden,Stanton,OT,New Mexico State,Tulsa,0.83,3
2024,Michael,Daley,EDGE,BYU,Rice,0.83,3
2024,Christian,Washington,RB,New Mexico,Coastal Carolina,0.83,3
2024,Sam,Secrest,IOL,Louisville,Houston,0.83,3
2024,Jyaire,Shorter,WR,Auburn,Memphis,0.83,3
2024,Hunter,Summers,WR,Tulane,Arkansas State,0.83,3
2024,Israel,Polk,WR,Pittsburgh,Akron,0.86,3
2024,Patrick,Smith-Young,S,North Texas,Old Dominion,0.84,3
2024,Tyler,Gillison,EDGE,Cincinnati,Michigan State,0.84,3
2024,Devonte',Mathews,CB,Nicholls,Western Kentucky,0.86,3
2024,Darius,McClendon,S,Florida Atlantic,Bowling Green,0.86,3
2024,Dylan,Morris,QB,Washington,James Madison,0.85,3
2024,Kenyatta,Watson II,CB,Georgia Tech,Georgia State,0.85,3
2024,Jevon,Banks,DL,Kansas State,UConn,0.85,3
2024,Louis,Brown IV,WR,Colorado State,San Diego State,0.85,3
2024,Tyler,Griffin,WR,UCF,UL Monroe,0.84,3
2024,Daymon,David,S,Oregon,Akron,0.85,3
2024,Jalil,Rivera-Harvey,DL,Marshall,Western Kentucky,0.85,3
2024,Eric,Schon,IOL,Holy Cross,Duke,0.85,3
2024,X'Avion,Brice,CB,Texas,North Texas,0.85,3
2024,Mikail,Kamara,DL,James Madison,Indiana,0.85,3
2024,Leonard,St. Gourdin,CB,Dartmouth,Massachusetts,0.85,3
2024,Chantz,Williams,EDGE,Miami,Charlotte,0.85,3
2024,Devin,Brandt,DL,Old Dominion,New Mexico,0.85,3
2024,Drew,Pyne,QB,Arizona State,Missouri,0.85,3
2024,Sy'veon,Wilkerson,RB,Colorado,Georgia State,0.85,3
2024,Armoni,Goodwin,RB,LSU,UAB,0.85,3
2024,Cooper,Legas,QB,Utah State,Tulsa,0.85,3
2024,Chase,Harrison,QB,Marshall,Ball State,0.84,3
2024,Macklin,Ayers,LB,Dartmouth,Massachusetts,0.84,3
2024,Jacorey,Benjamin,CB,Texas Southern,Bowling Green,0.84,3
2024,Patrick,Lucas Jr.,DL,Indiana,Memphis,0.84,3
2024,Deago,Benson,RB,Vanderbilt,Stephen F. Austin,0.84,3
2024,Donovan,Westmoreland,EDGE,South Carolina,Kennesaw State,0.84,3
2024,Solomon,Davis,WR,Valparaiso,Central Michigan,0.84,3
2024,Jacob,Conover,QB,Arizona State,Utah State,0.84,3
2024,Chazz,Wallace,DL,Colorado,NC State,0.84,3
2024,DJ,Riles,QB,Middle Tennessee,Georgia State,0.84,3
2024,Dylan,Downing,RB,Purdue,Miami (OH),0.84,3
2024,DT,Sheffield,WR,Washington State,North Texas,0.84,3
2024,Paul,Lewis III,CB,Cornell,Akron,0.84,3
2024,Cam,Barfield,RB,Boston College,Hawai'i,0.84,3
2024,Xamarion,Gordon,S,USC,Coastal Carolina,0.84,3
2024,Gentle,Hunt,DL,Florida A&M,Illinois,0.84,3
2024,Donovan,Stephens,LB,Oklahoma State,Bowling Green,0.84,3
2024,Jairus,Satele,DL,San José State,Fresno State,0.83,3
2024,Miguel,Jackson,DL,Charlotte,Utah State,0.83,3
2024,Evan,Simon,QB,Rutgers,Temple,0.83,3
2024,Jack,Hollifield,IOL,Virginia Tech,App State,0.83,3
2024,Juju,Lewis,WR,Georgia Tech,Florida International,0.83,3
2024,Zach,Edwards,DL,Troy,Western Kentucky,0.83,3
2024,Ryheem,Craig,EDGE,Louisville,East Carolina,0.83,3
2024,Dorian,Hopkins,LB,Tulsa,UTEP,0.83,3
2024,Jaelyn,Lay,TE,Alabama State,Massachusetts,0.83,3
2024,Zach,Marcheselli,LB,TCU,Tulsa,0.83,3
2024,Alex,Foster,OT,Utah Tech,Colorado State,0.83,3
2024,Owen,Chambliss,LB,Utah,San Diego State,0.84,3
2024,Elijah,Mc-Cantos,CB,Illinois,App State,0.83,3
2024,Dalesean,Staley,S,Northern Iowa,San Diego State,0.85,3
2024,Anthony,Miller Jr.,TE,Indiana,Tulane,0.85,3
2024,Ezekiel,Larry,EDGE,Yale,San Diego State,0.86,3
2024,Andrew,Savaiinaea,TE,Florida,Nevada,0.86,3
2024,Destin,Wade,QB,Kentucky,Colorado,0.86,3
2024,Sai,Vadrawale III,CB,California,Oregon State,0.86,3
2024,Kyle,Maxwell,WR,Louisiana Tech,Washington State,0.85,3
2024,Gabe,Fortson,IOL,Georgia Tech,Tulane,0.85,3
2024,Choe,Bryant-Strother,EDGE,UCLA,BYU,0.85,3
2024,Nick,James,DL,Indiana,Pittsburgh,0.85,3
2024,Lloyd,Summerall,EDGE,South Florida,James Madison,0.85,3
2024,Chris,Adams,OT,Old Dominion,Memphis,0.85,3
2024,Andreas,Keaton,S,Western Carolina,Temple,0.85,3
2024,Jordan,Mahoney,CB,Massachusetts,Arkansas State,0.85,3
2024,Will,Jones II,S,South Florida,Old Dominion,0.85,3
2024,Raymond,Scott,LB,Fresno State,James Madison,0.85,3
2024,LV,Bunkley-Shelton,WR,Oklahoma,Georgia Southern,0.85,3
2024,Jerrae,Williams,CB,UNLV,Washington State,0.85,3
2024,Anthony,Smith,WR,NC State,East Carolina,0.85,3
2024,Jordyn,Morgan,S,UNLV,Louisiana Tech,0.85,3
2024,Javon,Denis,DL,Georgia State,Memphis,0.85,3
2024,Christian,Veilleux,QB,Pittsburgh,Georgia State,0.85,3
2024,Joseph,Vaughn,LB,Yale,UCLA,0.85,3
2024,Roman,Pitre,EDGE,Purdue,Arizona State,0.85,3
2024,Elinus,Noel III,DL,Texas Southern,Baylor,0.85,3
2024,Angelo,Rankin Jr.,CB,Richmond,Old Dominion,0.84,3
2024,Christian,Fuhrman,LB,Southeast Missouri State,Northern Illinois,0.84,3
2024,Antoineo,Harris Jr.,EDGE,Indiana State,New Mexico,0.84,3
2024,Keegan,Smith,IOL,Central Michigan,UCF,0.84,3
2024,Tramel,Logan,EDGE,South Florida,Louisville,0.84,3
2024,Cedrick,Nicely,OT,Ole Miss,Marshall,0.84,3
2024,Cedric,Melton,OT,Ole Miss,Houston,0.84,3
2024,Geno,VanDeMark,IOL,Michigan State,Alabama,0.84,3
2024,Max,Harris,LB,UL Monroe,Texas State,0.84,3
2024,Harris,Adams,DL,Southeast Missouri State,Cincinnati,0.84,3
2024,Anterio,Thompson,DL,Iowa,Western Michigan,0.84,3
2024,Jordan,Vincent,S,New Mexico State,Utah State,0.84,3
2024,Justin,Holmes,TE,Kent State,Marshall,0.84,3
2024,De'jon,Benton,DL,USC,New Mexico,0.84,3
2024,DJ,Jones,RB,North Carolina,Wyoming,0.84,3
2024,Andre,Jones,WR,Eastern New Mexico,Coastal Carolina,0.84,3
2024,Noah,Taylor,LB,Cornell,Northwestern,0.84,3
2024,Michael,Marotta,IOL,Valdosta State,App State,0.84,3
2024,Sawyer,Goram-Welch,IOL,Texas,Coastal Carolina,0.83,3
2024,Jack,Tchienchou,S,Troy,Tulane,0.83,3
2024,Hans,Lillis,TE,Boston College,Eastern Michigan,0.83,3
2024,Carl,Fauntroy,S,UAB,UL Monroe,0.83,3
2024,Keyshawn,Cobb,S,West Virginia,Nevada,0.83,3
2024,Javen,Jacobs,RB,Arizona State,New Mexico,0.83,3
2024,Davon,Hicks,LB,Washington State,Georgia Southern,0.83,3
2024,Xavier,Williams,QB,UCF,Middle Tennessee,0.83,3
2024,Clifton,McDowell,QB,Temple,McNeese,0.83,3
2024,Snoop,Leota-Amaama,OT,Virginia,Nevada,0.83,3
2024,Brandon,Turnage,CB,Tennessee,Ole Miss,0.86,3
2024,Adam,Hopkins,CB,Colorado,Charlotte,0.86,3
2024,EJ,Smith,RB,Stanford,Texas A&M,0.86,3
2024,Ronan,Chambers,OT,Akron,Auburn,0.85,3
2024,Reggie,Grimes II,EDGE,Oklahoma,Memphis,0.85,3
2024,Ja'Koby,Banks,WR,Houston,Memphis,0.85,3
2024,Jack,Bailey,IOL,Colorado,Northwestern,0.85,3
2024,Malik,Hornsby,WR,Texas State,Arkansas State,0.85,3
2024,DJ,Allen,WR,TCU,UTSA,0.85,3
2024,Dorian,Jones,LB,Cincinnati,Virginia,0.85,3
2024,Chase,Kennedy,EDGE,Utah,Arizona,0.85,3
2024,Noah,Kim,QB,Michigan State,Coastal Carolina,0.85,3
2024,CJ,James,IOL,New Mexico,UTSA,0.85,3
2024,Will,McDonald,IOL,Coastal Carolina,California,0.85,3
2024,Mason,White,CB,TCU,Oregon State,0.85,3
2024,Collin,Gill,CB,Oregon,Georgia,0.85,3
2024,Dante,Kelly,LB,Vanderbilt,Southern Miss,0.85,3
2024,William,Nimmo Jr.,S,UCLA,San Diego State,0.85,3
2024,Justin,Wodtly,EDGE,Cincinnati,Arizona State,0.85,3
2024,Jason,Chambers,CB,North Carolina Central,App State,0.85,3
2024,Bennett,Walker,CB,Eastern Michigan,San Diego State,0.85,3
2024,Athan,Kaliakmanis,QB,Minnesota,Rutgers,0.85,3
2024,Victor,Stoffel,OT,Temple,California,0.85,3
2024,Maurice,Hampton,S,Memphis,Vanderbilt,0.85,3
2024,Dematrius,Davis,QB,Alabama State,UTSA,0.85,3
2024,Beau,Allen,QB,Georgia Southern,Kentucky,0.84,3
2024,Treyveon,McGee,S,Iowa State,Charlotte,0.84,3
2024,Kent,Robinson,CB,Texas A&M,Western Kentucky,0.84,3
2024,Stanley,Ta'ufo'ou,DL,USC,Arizona,0.84,3
2024,Jacob,Waller,OT,SMU,Tulsa,0.84,3
2024,Blake,Thompson,S,Iowa State,Louisiana Tech,0.84,3
2024,Matt,Hudson,LB,Harvard,Memphis,0.84,3
2024,Eli,Sanders,RB,Iowa State,New Mexico,0.84,3
2024,Sam,Hart,TE,Ohio State,Colorado,0.84,3
2024,D'Marco,Augustin,S,Youngstown State,South Florida,0.84,3
2024,Cheikhsaliou,Fall,EDGE,Eastern Kentucky,California,0.84,3
2024,Felix,Hixon,DL,South Carolina,Middle Tennessee,0.84,3
2024,Demarcus,Lacey,WR,North Alabama,Jacksonville State,0.84,3
2024,Stevie,Rocker Jr.,RB,Arizona,Montana,0.84,3
2024,Grayson,James,QB,Florida International,Boston College,0.84,3
2024,Blaine,Green,WR,Oklahoma State,Stephen F. Austin,0.84,3
2024,Mani,Powell,LB,Arkansas,UNLV,0.84,3
2024,Giovanni,Davis,EDGE,UT Martin,Florida International,0.84,3
2024,Ja'Khi,Green,IOL,Charlotte,UConn,0.84,3
2024,Bruno,Fina,OT,UCLA,Duke,0.84,3
2024,Aidan,Vaughan,LB,Wisconsin,Liberty,0.83,3
2024,Jake,Shipley,EDGE,Oregon,North Texas,0.83,3
2024,Dillion,Williams,S,North Texas,UTEP,0.83,3
2024,Preston,Daniel,TE,Florida State,Miami (OH),0.83,3
2024,Jordan,Perry,LB,Kansas State,Troy,0.83,3
2024,Cecil,Powell,S,NC State,Troy,0.83,3
2024,Reece,Adkins,TE,Eastern Kentucky,UCF,0.83,3
2024,Jeremy,Jones,IOL,Tulsa,Marshall,0.83,3
2024,Taji,Johnson,WR,Boston College,Buffalo,0.83,3
2024,Malik,Chavis,S,Arkansas,UNLV,0.83,3
2024,Larry,Simmons,WR,Ole Miss,Southern Miss,0.83,3
2024,TJ,Sheffield,WR,Purdue,UConn,0.86,3
2024,Devin,Baldwin,DL,Jacksonville State,Memphis,0.86,3
2024,Gerald,Green,RB,East Carolina,Troy,0.86,3
2024,Lu,Tillery,CB,UL Monroe,Tulane,0.85,3
2024,Chief,Borders,EDGE,Nebraska,Pittsburgh,0.85,3
2024,Zarian,McGill,IOL,UL Monroe,Louisiana Tech,0.85,3
2024,Anthony,Tyus III,RB,Northwestern,Ohio,0.85,3
2024,Pat,Conroy,TE,Merrimack,Old Dominion,0.85,3
2024,Alexander,Doost,IOL,Northwestern,Arizona,0.85,3
2024,Sage,Ennis,TE,Clemson,Virginia,0.85,3
2024,Jakiah,Leftwich,OT,Georgia Tech,North Carolina,0.85,3
2024,Nikhil,Webb Walker,EDGE,New Mexico State,Colorado,0.85,3
2024,Lejond,Cavazos,CB,North Carolina,Michigan State,0.85,3
2024,Bryce,Pierre,TE,Arizona State,UCLA,0.85,3
2024,Chase,Mitchell,OT,Liberty,Vanderbilt,0.85,3
2024,Dannis,Jackson,WR,Missouri,Southern Miss,0.85,3
2024,Herman,Smith,S,Idaho State,Colorado,0.85,3
2024,Frank,Ladson Jr.,WR,Miami,Massachusetts,0.85,3
2024,Donovan,Spellman,EDGE,App State,Charlotte,0.85,3
2024,Trey,Goodman,WR,Austin Peay,UTEP,0.85,3
2024,Darius,Bell,OT,Maine,East Carolina,0.85,3
2024,DJ,Warnell Jr.,S,Arizona,Indiana,0.85,3
2024,Gabriel,Iniguez Jr.,DL,New Mexico State,Utah State,0.84,3
2024,D.J.,Geth,OT,North Carolina,Liberty,0.84,3
2024,Isaia,Glass,OT,Arizona State,Oklahoma State,0.84,3
2024,Joshua,Harris,DL,Ole Miss,North Carolina,0.84,3
2024,Cam,Ross,WR,UConn,James Madison,0.84,3
2024,Terreance,Ellis,LB,Alcorn State,Western Kentucky,0.84,3
2024,Michael,Batton,LB,UL Monroe,Houston,0.84,3
2024,Cameron,Harpole,TE,San Diego State,Arizona State,0.84,3
2024,Amipeleasi,Langi,DL,Houston,Texas State,0.84,3
2024,Jacob,Gill,WR,Northwestern,Iowa,0.84,3
2024,Serigne,Tounkara,EDGE,Missouri,California,0.84,3
2024,KD,McDaniel,EDGE,UCF,Georgia State,0.84,3
2024,Tavion,Woodard,EDGE,Ball State,Boise State,0.84,3
2024,Sulaiman,Kpaka,DL,Purdue,Mississippi State,0.84,3
2024,Chris,Toudle,TE,NC State,Western Michigan,0.84,3
2024,Jamel,Johnson,CB,Charleston Southern,Temple,0.84,3
2024,JT,Killen,LB,Coastal Carolina,Eastern Michigan,0.84,3
2024,Donovan,Ollie,WR,Cincinnati,Colorado State,0.84,3
2024,Jordon,Simmons,RB,Michigan State,Akron,0.84,3
2024,Fernando,Garza III,TE,Texas A&M,Sam Houston,0.84,3
2024,Jermarius,Lewis,S,New Mexico,UTSA,0.84,3
2024,Grayson,Mains,OT,South Carolina,Temple,0.84,3
2024,Jonny,Hassard,OT,Massachusetts,Charlotte,0.83,3
2024,J.J.,Dervil,S,New Mexico State,Northern Iowa,0.83,3
2024,Bryce,Cage,EDGE,Utah State,Grambling,0.83,3
2024,Justin,Olson,WR,Middle Tennessee,Charlotte,0.83,3
2024,Andrew,Wilson-Lamp,CB,West Virginia,East Carolina,0.83,3
2024,Malcolm,Folk,S,Syracuse,Kent State,0.83,3
2024,Antonio,Jones,WR,Grambling,Temple,0.83,3
2024,Jayven,Hall,LB,Marshall,Georgia State,0.83,3
2024,Clay,Millen,QB,Colorado State,Florida,0.83,3
2024,Justin,Medlock,LB,Utah,SMU,0.85,3
2024,Sam,Benjamin,DL,Arizona State,San Diego State,0.83,3
2024,Sir,Mells,DL,Utah State,Georgia State,0.83,3
2024,Daniel,Keys,OT,Stephen F. Austin,Louisiana Tech,0.83,3
2024,Kenji,Lewis,WR,Arkansas-Pine Bluff,Northern Illinois,0.83,3
2024,Jakob,James,OT,Ohio State,Toledo,0.83,3
2024,Ky,Montgomery,DL,Missouri,Ball State,0.83,3
2024,Tray,Dunson,LB,Gardner-Webb,UTEP,0.83,3
2024,Colin,Henrich,IOL,Georgia State,Old Dominion,0.83,3
2024,Noah,Collins,EDGE,Georgia Tech,Arkansas State,0.83,3
2024,Jeremiah,Aaron,WR,West Virginia,North Texas,0.83,3
2024,Jaylon,Shelton,CB,Texas State,UTEP,0.83,3
2024,Tony,Georges,IOL,Akron,Kent State,0.82,3
2024,Joshua,Black,IOL,Louisville,Georgia State,0.82,3
2024,Dylan,Shelton,DL,Indianapolis,Eastern Michigan,0.82,3
2024,Christian,Moore,TE,Kansas State,UNLV,0.82,3
2024,Moso,Tuitele,EDGE,California,New Mexico,0.82,3
2024,Chandler,Matthews,LB,Limestone College,Western Kentucky,0.82,3
2024,Romello,Watson,IOL,Tennessee State,Georgia State,0.82,3
2024,Jadon,Pearson,LB,Utah,Utah State,0.82,3
2024,Beau,Sparks,WR,Utah Tech,Texas State,0.82,3
2024,Dylan,Frazier,DL,SMU,Sam Houston,0.82,3
2024,Jaylen,Hudson,EDGE,Wake Forest,Massachusetts,0.81,3
2024,JD,Sherrod,QB,Troy,Kent State,0.81,3
2024,Kameron,Olds,EDGE,Buffalo,Kent State,0.81,3
2024,Tyler,Huff,QB,Furman,Jacksonville State,0.81,3
2024,Samario,Rudolph,WR,UAB,Jacksonville State,0.81,3
2024,Sebastian,Brown,WR,Michigan State,Kent State,0.8,3
2024,Kyle,Frazier,IOL,Savannah State,Georgia Southern,0.8,3
2024,Nathaneal,Floyd,CB,Texas Tech,Nevada,0.8,3
2024,A’Ceon,Cobb,WR,Florida Atlantic,Florida A&M,,3
2024,CJ,Davis,CB,Marshall,Indiana State,,3
2024,Zion,Allen,CB,BYU,Southern Utah,,3
2024,CJ,Charleston,WR,Youngstown State,Michigan,0.87,3
2024,CJ,Tiller,QB,Boise State,Utah State,0.82,3
2024,Dominique,Johnson,RB,Arkansas,TCU,0.83,3
2024,DJ,Jones,OT,Murray State,UAB,0.83,3
2024,Yessman,Green,CB,Jacksonville State,UTEP,0.83,3
2024,Joseph,Borjon,OT,Arizona,San Diego State,0.83,3
2024,Brevin,Randle,LB,Louisiana Tech,UTSA,0.83,3
2024,Nick,Reimer,OT,Merrimack,Bowling Green,0.83,3
2024,Milan,Tucker,WR,App State,Florida Atlantic,0.83,3
2024,Richard,Pearce,IOL,East Carolina,New Mexico,0.82,3
2024,Charles,Yates Jr.,CB,Old Dominion,Liberty,0.82,3
2024,Marquez,Taylor,RB,Austin Peay,UTEP,0.82,3
2024,Jaleel,Davis,OT,NC State,Florida International,0.82,3
2024,Tigana,Cisse,IOL,Idaho,Ohio,0.82,3
2024,Luke,Dalton,OT,Cincinnati,Ball State,0.82,3
2024,Elijah,Boyd,TE,UTEP,Bowling Green,0.82,3
2024,Devin,Price,WR,Florida Atlantic,Ole Miss,0.82,3
2024,Benjamin,Roy,IOL,UCLA,Massachusetts,0.81,3
2024,Zach,Barlev,IOL,Illinois,Old Dominion,0.81,3
2024,Ryan,Jankowski,QB,Akron,Massachusetts,0.81,3
2024,Taven,Curry,RB,UAB,UL Monroe,0.81,3
2024,Blake,Boda,QB,Coastal Carolina,Arkansas,0.81,3
2024,Sam,Telesa,IOL,New Mexico,UL Monroe,0.8,3
2024,Reese,Steele,IOL,New Mexico,UL Monroe,0.8,3
2024,Luke,MacPhail,QB,Syracuse,Utah Tech,0.79,2
2024,Kendarius,Small,OT,East Carolina,Jacksonville State,,2
2024,NaNa,Osafo-Mensah,DL,Notre Dame,TCU,0.88,3
2024,CJ,Kiss,TE,Notre Dame College,Western Kentucky,0.83,3
2024,Justin,Beadles,EDGE,Houston,New Mexico State,0.83,3
2024,Brennan,Smith,IOL,Austin Peay,UTEP,0.82,3
2024,AJ,Thomas,EDGE,Tulane,McNeese,,3
2024,Tyquan,King,LB,East Carolina,Temple,0.83,3
2024,Chisom,Ifeanyi,EDGE,Shippensburg University,Florida Atlantic,0.83,3
2024,Dustin,Johnson,S,Northern Colorado,Ohio,0.83,3
2024,D'Angalo,Titialii,IOL,Portland State,Washington,0.83,3
2024,Javier,Morton,CB,Nebraska,Temple,0.83,3
2024,Quinzavious,Warren,DL,Jacksonville State,UTEP,0.82,3
2024,John Paul,Flores,IOL,Louisville,Liberty,0.82,3
2024,Aaron,Key,LB,Western Kentucky,UConn,0.82,3
2024,Isaiah,Essissima,CB,Nevada,Colorado State,0.82,3
2024,Austin,Smith,TE,Memphis,Sam Houston,0.82,3
2024,Ryan,Raybuck,S,Saint Anselm,Western Michigan,0.82,3
2024,Devon,Smith,OT,New Mexico,UL Monroe,0.82,3
2024,Sterling,Smith,S,Holy Cross,Purdue,0.82,3
2024,James,Bailey,IOL,Texas A&M,New Mexico,0.81,3
2024,Jahmar,Brown,LB,Coastal Carolina,Liberty,0.81,3
2024,Kyrik,Mason,OT,Monmouth,Georgia State,0.81,3
2024,Shea,Kuykendall,QB,Northern Colorado,Washington,0.81,3
2024,Atticus,Sappington,K,Oregon State,Oregon,0.8,3
2024,Caden,Costa,K,Ole Miss,Memphis,0.8,3
2024,Ryan,Coe,K,North Carolina,California,0.8,3
2024,Tremayne,Mejia-Paster,LB,Colorado State,Bethune-Cookman,,3
2024,Gavin,Miller,OT,Brown,Portland State,,
2024,Tony,McCray,CB,Georgia State,Jackson State,,3
2024,EJ,Lightsey,LB,Georgia,Georgia Tech,0.87,3
2024,Olasunkonmi,Agunloye,DL,Virginia,Marshall,0.82,3
2024,Christian,Moss,WR,Virginia Tech,Kennesaw State,0.82,3
2024,Christian,Richter,OT,Lehigh,Marshall,0.82,3
2024,Naki,Fahina,DL,UNLV,New Mexico State,0.83,3
2024,Lucas,Banks,DL,Mississippi Valley State,Arkansas State,0.83,3
2024,Seth,Robertson,CB,Georgia Southern,App State,0.83,3
2024,Terry,Lockett Jr.,DL,Syracuse,James Madison,0.83,3
2024,Zavier,Short,WR,South Carolina,App State,0.82,3
2024,Dalton,Carnes,WR,Houston,North Texas,0.82,3
2024,Blake,Austin,OT,Troy,Western Kentucky,0.82,3
2024,Dominic,Zvada,K,Arkansas State,Michigan,0.82,3
2024,Mitch,Jeter,K,South Carolina,Notre Dame,0.82,3
2024,Thomas,Shrader,IOL,Florida State,App State,0.82,3
2024,Xavier,Robinson,LB,West Georgia,Georgia State,0.82,3
2024,Dino,Kaliakmanis,WR,Minnesota,Rutgers,0.82,3
2024,Jaylen,Dotson,CB,Monmouth,Kent State,0.82,3
2024,Keydrell,Lewis,OT,UL Monroe,Memphis,0.82,3
2024,Bryson,Harrison,QB,Georgia State,East Carolina,0.81,3
2024,Jasper,Lott,IOL,TCU,North Texas,0.81,3
2024,Jacob,Kettels,OT,Montana State,Kennesaw State,0.8,3
2024,JJ,Jenkins,WR,Columbia,Buffalo,0.8,3
2024,Tre,Pinkney,LB,Coastal Carolina,Southern Miss,0.8,3
2024,Trent,Allen,IOL,Davenport,Ohio,0.8,3
2024,Nehemiah,Martinez,WR,Texas Tech,Stephen F. Austin,,
2024,Duece,Jones,WR,New Mexico,Grambling,,3
2024,Amari,Williams,EDGE,Liberty,Lamar,,
2024,Octavius,Brothers,LB,Purdue,UAB,0.83,3
2024,Joshua,Miller,IOL,Georgia,Syracuse,0.87,3
2024,Tellek,Lockette,IOL,UL Monroe,Texas State,0.81,3
2024,Wallace,Unamba,OT,Florida Atlantic,New Mexico,0.82,3
2024,Bryce,Childress,WR,Troy,Western Kentucky,0.83,3
2024,Kourtlan,Marsh,CB,Samford,Memphis,0.83,3
2024,Colin,Truett,IOL,Chattanooga,Baylor,0.83,3
2024,Kyle,Taylor,LB,Tarleton State,Arkansas State,0.83,3
2024,Kamari,Stephens,EDGE,Jacksonville State,Arkansas State,0.83,3
2024,Darryl,Minor Jr.,LB,Indiana,Memphis,0.82,3
2024,Robert,Rahimi,S,Liberty,San José State,0.82,3
2024,Zach,Gibson,QB,Georgia Tech,Georgia State,0.82,3
2024,Heston,Edwards,OT,Texas-Permian Basin,Coastal Carolina,0.82,3
2024,Stanley,King,WR,Northwestern State,Kent State,0.82,3
2024,Spencer,Cassell,OT,Harvard,Rice,0.82,3
2024,Pat,McMurtrie,OT,Holy Cross,James Madison,0.82,3
2024,Keshawn,Brown,WR,Duquesne,Massachusetts,0.82,3
2024,David,Conner,IOL,Colorado,Texas State,0.82,3
2024,Tristan,Souza,DL,Washington State,Buffalo,0.82,3
2024,Ja'Shaun,Poke,WR,West Virginia,San Diego State,0.82,3
2024,Cortez,Braham Jr.,WR,West Virginia,Nevada,0.81,3
2024,Jack,Burgess,P,Weber State,Texas Tech,0.81,3
2024,Emmonte,Davis,CB,Louisiana Tech,Incarnate Word,0.81,3
2024,Jeremiah,Ballard,WR,UTEP,Tulsa,0.81,3
2024,Jack,Barton,EDGE,Georgia Tech,UConn,0.81,3
2024,Victoine,Brown,DL,Louisville,Georgia State,0.8,3
2024,Jack,Shields,QB,Old Dominion,Buffalo,0.8,3
2024,TyQuan,Henderson,WR,Southern Miss,Jackson State,,3
2024,Donnell,Wilson,OT,Coastal Carolina,Howard,,2
2024,Jovon,Jackson,S,Fairmont State,Texas Tech,0.88,3
2024,AJ,Tisdell,CB,Wisconsin,Incarnate Word,0.85,3
2024,Justin,Bowick,WR,Eastern Illinois,Ball State,0.82,3
2024,Brenden,Deasfernandes,CB,Iowa,Central Michigan,0.8,3
2024,Christian,Lorenzo,DL,Illinois,Georgia State,0.8,3
2024,Dayne,Shor,OT,UConn,Akron,0.83,3
2024,Brannon,Spector,WR,Clemson,Jacksonville State,0.83,3
2024,Brendon,Harris,S,Wake Forest,Middle Tennessee,0.83,3
2024,Ivan,Yates,CB,Furman,Colorado,0.83,3
2024,Donte,Thompson,CB,Arkansas State,Texas State,0.82,3
2024,George,Udo,S,Cincinnati,Ball State,0.82,3
2024,Jakobus,Seth,OT,Washington State,Nevada,0.82,3
2024,CJ,Beasley,RB,Coastal Carolina,Georgia State,0.82,3
2024,Dominique,Henry,WR,BYU,Florida Atlantic,0.82,3
2024,Jai'Onte',McMillan,CB,TCU,Minnesota,0.82,3
2024,Jerry,Johnson III,RB,Texas A&M,California,0.82,3
2024,Tyler,King,WR,Texas Tech,Wyoming,0.82,3
2024,Francis,Sherman,TE,Arkansas,Cincinnati,0.82,3
2024,Sifa,Leota,LB,North Texas,Louisiana Tech,0.82,3
2024,Tyler,Purdy,RB,Holy Cross,James Madison,0.81,3
2024,Micaiah,Overton,DL,Texas A&M,Arkansas State,0.81,3
2024,Earl,Woods III,QB,Jacksonville State,Kennesaw State,0.81,3
2024,Qway,McCoy,S,UL Monroe,Kennesaw State,0.81,3
2024,Coleman,Bennett,RB,Bucknell,Rice,0.8,3
2024,Grant,Norberg,TE,UCLA,San José State,0.8,3
2024,Reginald,Harden Jr.,WR,Benedict,Arkansas State,0.8,3
2024,Ashton,Nickelberry,WR,Austin Peay,UTEP,0.8,3
2024,Detraveon,Brown,WR,North Texas,Southern,,3
2024,K-Shawn,Schulters,S,Villanova,Monmouth,,3
2024,Tyler,Baker,QB,Navy,Rhode Island,,
2024,Jay'viar,Suggs,DL,Grand Valley State,LSU,0.87,3
2024,Drew,Viotto,QB,Minnesota,Eastern Michigan,0.83,3
2024,Will,Leys,IOL,Illinois,San José State,0.83,3
2024,Ja'Kavion,Nonar,OT,Maryland,Florida Atlantic,0.83,3
2024,Spencer,Lovell,IOL,Kansas,Nevada,0.82,3
2024,Ellis,Adams,IOL,Tennessee Tech,Middle Tennessee,0.82,3
2024,Allen,Jones Jr.,OT,Prairie View A&M,Toledo,0.82,3
2024,Deacon,Hill,QB,Iowa,Utah Tech,0.82,3
2024,Isaiah,Wright,IOL,Austin Peay,UTEP,0.82,3
2024,Ma'Kyi,Lee,OT,Missouri,North Texas,0.82,3
2024,CJ,Brown,S,Northern Illinois,Bowling Green,0.82,3
2024,Aakil,Washington,LB,Liberty,South Alabama,0.82,3
2024,Emmett,Brown,QB,Washington State,San José State,0.81,3
2024,Jake,Godfrey,WR,New Mexico,UL Monroe,0.82,3
2024,Ryan,Burger,QB,App State,Liberty,0.82,3
2024,Jamarcus,Jones,LB,UAB,Louisiana Tech,0.81,3
2024,Hunter,McLain,IOL,Virginia Tech,James Madison,0.81,3
2024,DJ,Cotton Jr.,DL,West Virginia,James Madison,0.81,3
2024,Jax,Van Zandt,LB,North Texas,UAB,0.8,3
2024,Hunter,Hopperton,TE,Rhode Island,Kent State,0.8,3
2024,Kahzir,Brown,CB,Maine,Florida Atlantic,0.8,3
2024,Julien,Simon,LB,Tulsa,UConn,0.8,3
2024,Jordan,Johnson,RB,Hawai'i,Grambling,,3
2024,Brian,Norris,LB,South Florida,Florida A&M,,3
2024,Kobe,Williams,IOL,Troy,Grambling,,
2024,D’Angelo,Ponds,CB,James Madison,Indiana,0.87,3
2024,Johnny,Dickson,IOL,Virginia Tech,North Texas,0.83,3
2024,Luke,Murphy,LB,Kent State,Eastern Michigan,0.82,3
2024,Jake,Parnagian,WR,Washington,Fresno State,0.83,3
2024,JJ,Sparkman,WR,Texas Tech,UTSA,0.83,3
2024,Antonio,Carter II,CB,Notre Dame,Jacksonville State,0.82,3
2024,Wes,Hoeh,IOL,Syracuse,UConn,0.82,3
2024,Brent,Austin,CB,James Madison,South Florida,0.82,3
2024,JonDarius,Morgan,OT,South Carolina,UAB,0.82,3
2024,Deston,Hawkins,RB,Syracuse,Nevada,0.82,3
2024,Wydett,Williams Jr.,S,Delta State,UL Monroe,0.82,3
2024,Kam,Thomas,WR,Austin Peay,UTEP,0.82,3
2024,Jack,Purcell,OT,Pennsylvania,Duke,0.82,3
2024,Baron,Franks II,IOL,Norfolk State,UAB,0.82,3
2024,Faybian,Marks,CB,Utah,Rice,0.81,3
2024,Elvin,Harris,OT,Campbell,New Mexico,0.81,3
2024,Baraka,Beckett,IOL,Campbell,New Mexico,0.81,3
2024,Karson,Jones,IOL,Houston,East Carolina,0.81,3
2024,Yaser,Al-Awadi,OT,Western Illinois,Ball State,0.81,3
2024,Teylor,Jackson,LB,East Carolina,Liberty,0.8,3
2024,Trey,Andersen,OT,Pittsburgh,Utah State,0.8,3
2024,Daniel,Hull,P,Missouri,Eastern Michigan,0.8,3
2024,Mason,Williams,IOL,Western Kentucky,Incarnate Word,,2
2024,Ja'kai,Young,CB,Gardner-Webb,James Madison,,
2024,AJ,Vinatieri,K,Ball State,Louisville,,2
2024,Ta'ron,Keith,RB,Western Kentucky,South Florida,0.86,3
2024,TJ,Smith,S,Georgia Southern,,,3
2024,Bryan,Whitehead,EDGE,Liberty,Arkansas State,0.82,3
2024,Carter,Miller,IOL,James Madison,UL Monroe,0.82,3
2024,Jayden,Simon,DL,Tulsa,UConn,0.83,3
2024,Connor,Gilbreath,TE,LSU,Boise State,0.83,3
2024,Dimitri,Madden,DL,UTEP,Akron,0.82,3
2024,Jason,Shuford,DL,East Carolina,Marshall,0.82,3
2024,Graham,Walker,WR,Brown,Rice,0.82,3
2024,EJ,Ndoma-Ogar,IOL,Missouri,Arkansas State,0.82,3
2024,Logan,Bednar,IOL,Harvard,Eastern Michigan,0.82,3
2024,Michael,Watkins,IOL,Arizona,Washington,0.82,3
2024,Jake,Steele,IOL,San José State,Boise State,0.82,3
2024,Kofi,Taylor-Barrocks,LB,Colorado,UTEP,0.82,3
2024,CJ,Doggette,EDGE,Cincinnati,Ohio,0.82,3
2024,Tyrell,Martin,DL,Delaware State,Eastern Michigan,0.81,3
2024,Cam,Jones,OT,Cincinnati,Jacksonville State,0.81,3
2024,Jake,Bruno,TE,Saint Francis (PA),Ohio,0.81,3
2024,Jakobie,Keeney-James,WR,Eastern Washington,Massachusetts,0.81,3
2024,Bryce,Langston,DL,LSU,Florida Atlantic,0.8,3
2024,Favor,Komolafe,IOL,Boise State,Georgia State,0.8,3
2024,Will,Seiler,DL,Pennsylvania,Duke,0.8,3
2024,Nyquee,Hawkins,S,Virginia Tech,Sam Houston,,3
2024,Evan,Graham,LB,Georgia State,Alabama A&M,,3
2024,Xe'ree,Alexander,LB,Idaho,UCF,0.88,3
2024,RaRa,Dillworth,LB,East Carolina,Baylor,0.84,3
2024,Mason,Bowers,IOL,Coastal Carolina,Kennesaw State,0.8,3
2024,Austin,Harnetiaux,LB,Washington,Nevada,0.81,3
2024,Ezra,Odinjor,EDGE,Georgia Tech,UAB,0.82,3
2024,Dominic,Tatum,S,Washington State,New Mexico,0.82,3
2024,Bryce,Ramsey,IOL,Southern Miss,Marshall,0.82,3
2024,Zion,Turner,QB,UConn,Jacksonville State,0.82,3
2024,Zyell,Griffin,WR,UNLV,Eastern Michigan,0.82,3
2024,Chance,Gamble,CB,Kennesaw State,Georgia Southern,0.82,3
2024,Carmycah,Glass,LB,Missouri,Louisiana,0.82,3
2024,Nazeviah,Burris,WR,Stetson,Florida International,0.82,3
2024,Terrell,Crosby Jr.,WR,Iowa State,Toledo,0.82,3
2024,Jack,Storey,IOL,Hope ,Eastern Michigan,0.82,3
2024,Ben,Shellenback,OT,Tusculum,Florida International,0.81,3
2024,Derrick,Maxey III,S,Coastal Carolina,Georgia State,0.81,3
2024,Zack,Conti,IOL,Eastern Michigan,Southern Miss,0.81,3
2024,Beau,Blankenship,TE,Marshall,Ohio,0.8,3
2024,Jackson,Manning,TE,Massachusetts,Kennesaw State,0.8,3
2024,Mason,Woods,LB,Towson,Kent State,0.8,3
2024,Jaquez,Smith,WR,Indiana,Missouri State,,3
2024,Henry,Wilson,WR,Western Michigan,Gardner-Webb,,3
2024,RJ,Oben,EDGE,Duke,Notre Dame,0.92,4
2024,Calvin,Smith,EDGE,Illinois,Purdue,0.86,3
2024,Donte,Lee Jr.,WR,Shaw,Liberty,0.8,3
2024,Keyshon,Mills,CB,SMU,,,3
2024,Spencer,Holstege,IOL,UCLA,,,3
2024,Jaden,Dugger,S,Georgetown,Louisiana,0.86,3
2024,Josh,Celiscar,EDGE,UCF,Texas A&M,0.86,3
2024,Savion,Washington,OT,Colorado,Syracuse,0.85,3
2024,Casey,Thompson,QB,Florida Atlantic,Oklahoma,0.85,3
2024,Derrick,Graham,IOL,Texas A&M,Tulane,0.85,3
2024,Micah,Robinson,CB,Furman,Tulane,0.85,3
2024,Juwaun,Price,RB,Syracuse,North Texas,0.85,3
2024,Chris,Thompson Jr.,LB,USC,Tulsa,0.85,3
2024,Alani,Makihele,IOL,UNLV,UCLA,0.85,3
2024,Kasen,Weisman,QB,Colorado,Florida Atlantic,0.83,3
2024,Myles,Jernigan,EDGE,California,Louisville,0.85,3
2024,Tyson,Mobley,WR,Coastal Carolina,Liberty,0.85,3
2024,Logan,Kyle,TE,Vanderbilt,James Madison,0.85,3
2024,Hayden,Moore,LB,Michigan,Washington,0.85,3
2024,Enyce,Sledge,DL,Auburn,Illinois,0.85,3
2024,Kamaar,Bell,IOL,Florida Atlantic,South Carolina,0.85,3
2024,Omari,Kelly,WR,Auburn,Middle Tennessee,0.85,3
2024,Wyatt,Hummel,OT,Villanova,Colorado,0.85,3
2024,Drake,Metcalf,IOL,UCF,Virginia,0.85,3
2024,Torrance,Burgess Jr.,RB,UTEP,Texas State,0.85,3
2024,Keyron,Crawford,EDGE,Arkansas State,Auburn,0.85,3
2024,Eddie,Walls III,EDGE,Bethune-Cookman,Florida International,0.85,3
2024,Apollos,Cook,WR,Duke,Mercer,0.84,3
2024,Eric,O'Neill,DL,LIU Post,James Madison,0.84,3
2024,Jaylon,Jimmerson,S,Liberty,Sam Houston,0.84,3
2024,Rodney,McGraw,EDGE,Louisville,Western Michigan,0.84,3
2024,Dion,Washington,DL,Nevada,Hawai'i,0.84,3
2024,Caleb,Coombs,WR,Marshall,Florida Atlantic,0.84,3
2024,Jah-Mal,Williams,EDGE,Cincinnati,Troy,0.84,3
2024,RJ,Regan,CB,Arizona State,Fresno State,0.84,3
2024,Jordan,Herman,OT,Florida,Charlotte,0.84,3
2024,Ben,Roberts,DL,Oregon,Michigan State,0.84,3
2024,Nick,Campbell,DL,NC State,App State,0.84,3
2024,Joshua,Sales Jr.,OT,Indiana,Purdue,0.84,3
2024,Adrian,Cole,CB,Florida International,Arkansas State,0.84,3
2024,D'Andre,Martin,EDGE,South Carolina,Charlotte,0.84,3
2024,Jeff,Sims,QB,Nebraska,Arizona State,0.84,3
2024,James,Neal,LB,UTEP,Texas State,0.83,3
2024,Tariq,Watson,CB,Minnesota,UAB,0.83,3
2024,Ben,McNaboe,DL,North Dakota,Ohio,0.83,3
2024,Trez,Moore,CB,UTEP,Texas State,0.83,3
2024,Sterling,Galban,WR,Jacksonville State,Massachusetts,0.83,3
2024,Gavin,Meyer,DL,Wyoming,USC,0.83,3
2024,Tim,Grant-Randall,DL,Eastern Michigan,Massachusetts,0.83,3
2024,Jasaiah,Gathings,WR,Akron,UConn,0.83,3
2024,CJ,Clinkscales,CB,Boston College,Charlotte,0.83,3
2024,Joey,Su'a,IOL,Arkansas,Arizona State,0.85,3
2024,Jarra,Anderson,DL,Memphis,Arizona,0.85,3
2024,Tyler,Gibson,OT,Georgia Tech,Charlotte,0.84,3
2024,Chedon,James,WR,Idaho State,Fresno State,0.86,3
2024,Jake,Appleget,TE,Nebraska,Northern Illinois,0.85,3
2024,Dermaricus,Davis,QB,Washington,UCLA,0.9,4
2024,CJ,Stokes,RB,Michigan,Charlotte,0.87,3
2024,Syrus,Dumas,CB,UTSA,,,
2024,Chris,Pearson,LB,Houston,Arkansas State,0.83,3
2024,Luke,Shields,WR,Virginia Tech,Tennessee Tech,,
2024,Joshua,Burrell,WR,Florida State,Furman,,3
2024,Jason,Duclona,CB,UCF,Liberty,0.86,3
2024,Edward,Rhambo,CB,Northern Arizona,Bowling Green,0.85,3
2024,Blake,Ruffin,S,Eastern Illinois,Louisville,0.87,3
2024,Champ,Lewis,CB,TCU,Tulsa,,3
2024,Da'Marcus,Crosby II,S,Sam Houston,New Mexico State,0.85,3
2024,Xavier,Bausley,OT,Jacksonville State,West Virginia,0.87,3
2024,Justin,Eklund,LB,San José State,Bowling Green,0.83,3
2024,Cam,Pedro,WR,Marshall,Southeast Missouri State,,3
2024,Lajuan,Owens,IOL,Tulane,New Mexico,0.8,3
2024,Charles,Brantley,CB,Michigan State,,,3
2024,Payton,Kirkland,OT,Texas,Colorado,0.88,3
2024,Jackson,Hamilton,LB,Louisville,Georgia Tech,0.85,3
2024,AJ,Green,RB,Arkansas,Oklahoma State,0.88,3
2024,Domonique,Thomas,RB,Georgia State,Ole Miss,0.82,3
2024,Max,Johnson,QB,Texas A&M,North Carolina,0.87,3
2024,Charlie,Leota,DL,San José State,,,2
2024,SaVeon,Brown,S,Western Michigan,Buffalo,0.84,3
2024,Cameren,Jenkins,S,UNLV,Baylor,0.85,3
2024,Bryon,Threats,S,Cincinnati,UCF,0.88,3
2024,Kevin,Green Jr.,WR,Arizona,Washington,0.88,3
2024,Shamar,Porter,WR,Kentucky,UConn,0.85,3
2024,Audric,Harris,WR,Arizona,Washington,0.89,3
2024,William,Fowles,WR,Louisville,App State,0.85,3
2024,TreyShun,Hurry,WR,Weber State,San José State,0.82,3
2024,Tad,Hudson,QB,North Carolina,Coastal Carolina,,4
2024,Tyler,Williams,WR,Georgia,Minnesota,0.91,4
2024,Mateen,Bhaghani,K,California,UCLA,0.81,3
2024,Terrell,Timmons Jr.,WR,NC State,Colorado,0.88,3
2024,Aaron,Armitage,EDGE,Stanford,Utah State,,3
2024,Rodney,Hill,RB,Florida A&M,Arkansas,0.86,3
2024,Reymello,Murphy,WR,Old Dominion,Arizona,0.86,3
2024,Jalen,Emery,CB,Houston,,,3
2024,Qae'Shon,Sapp,IOL,East Carolina,SMU,0.84,3
2024,Christian,Ellis,S,New Mexico,,,3
2024,Yakiri,Walker,IOL,UConn,Colorado,0.88,3
2024,CJ,Nelson,WR,Houston,Eastern Illinois,0.85,3
2024,Devan,Williams,WR,Tulsa,Houston,0.87,3
2024,Myles,Norwood,CB,New Mexico State,Ball State,0.83,3
2024,Mason,Howard,OT,Old Dominion,Wofford,,3
2024,Trey,Firestone,WR,Purdue,Ball State,0.81,3
2024,Jacurri,Brown,QB,Miami,UCF,0.87,3
2024,Brennen,Bailey,CB,West Liberty,Massachusetts,0.84,3
2024,Val,Erickson,OT,Missouri,NC State,0.85,3
2024,Marquis,Cooper,CB,Buffalo,,,
2024,Bryce,Cohoon,WR,Syracuse,Kansas,0.84,3
2024,Daniel,Harris,CB,Georgia,,,4
2024,Jaden,Mangham,S,Michigan State,Michigan,0.87,3
2024,Michael,Patterson,CB,Houston,Stephen F. Austin,0.85,3
2024,Marquis,Groves-Killebrew,CB,Louisville,Arizona,0.87,3
2024,Jake,Johnson,TE,Texas A&M,North Carolina,0.92,4
2024,Lyndon,Cooper,IOL,NC State,Pittsburgh,0.84,3
2024,Billy,Walton III,EDGE,Texas,SMU,0.88,3
2024,Cooper,Lovelace,IOL,USC,Northwestern,0.83,3
2024,Jardin,Gilbert,S,Texas A&M,LSU,0.93,4
2024,Javan,Robinson,CB,Washington State,Arizona State,0.87,3
2024,Bishop,Thomas,DL,Colorado,Georgia State,0.84,3
2024,Reginald,Hughes,LB,Ole Miss,Jacksonville State,0.83,3
2024,Jared,Badie,EDGE,Illinois,San Diego State,0.83,3
2024,Mekhi,Mason,LB,Syracuse,Louisiana Tech,0.84,3
2024,Zack,Owens,IOL,Clemson,Colorado,0.88,3
2024,Tunmise,Adeleye,DL,Michigan State,Texas State,0.88,3
2024,Paris,Patterson,IOL,Arkansas,SMU,0.87,3
2024,Kedrick,Bingley-Jones,DL,North Carolina,Mississippi State,0.83,3
2024,Brayden,Hall,CB,Notre Dame College,Coastal Carolina,,
2024,Dorian,Royal,DL,Maine,Georgia State,0.83,3
2024,RJ,Garcia II,WR,Kansas State,Bowling Green,0.83,3
2024,Ari,Patu,QB,Stanford,North Alabama,,3
2024,Daveon,Walker,WR,Vanderbilt,Florida A&M,,3
2024,Austin,Ausberry,S,Auburn,LSU,0.86,3
2024,Jack,Luttrell,S,Tennessee,Arizona,0.86,3
2024,Javante,Mackey,LB,Arkansas State,Memphis,0.85,3
2024,TJ,Finley,QB,Texas State,Western Kentucky,0.88,3
2024,Mo,Clipper Jr.,IOL,Tennessee,Charlotte,0.85,3
2024,Victory,Johnson,LB,Colorado,Cal Poly,,3
2024,Cam,Fancher,QB,Marshall,Florida Atlantic,0.88,3
2024,Kajuan,Banks,CB,South Carolina,South Florida,0.84,3
2024,Ormanie,Arnold,CB,Idaho,Cincinnati,0.84,3
2024,MJ,Morris,QB,NC State,Maryland,0.87,3
2024,Keith,Brown,LB,Louisville,Washington State,0.85,3
2024,James,Heard,EDGE,West Virginia,Syracuse,0.85,3
2024,Jyaire,Brown,CB,Ohio State,LSU,0.88,3
2024,Mel,Brown,RB,Gardner-Webb,UConn,0.87,3
2024,Malachi,Preciado,IOL,Purdue,South Alabama,0.83,3
2024,Cameron,Ball,TE,Buffalo,Mississippi State,0.9,4
2024,Jaden,Rashada,QB,Arizona State,Georgia,0.92,4
2024,Jayden,McGowan,WR,Vanderbilt,Boston College,0.88,3
2024,Calib,Perez,OT,Duke,UAB,,3
2024,Collins,Acheampong,EDGE,Miami,UCLA,0.89,3
2024,Kenny,Odom,WR,Austin Peay,UTEP,0.81,3
2024,Cole,Martin,CB,Oregon,Arizona State,0.9,4
2024,Darius,Snow,LB,Michigan State,,,3
2024,Jeremiah,Hughes,CB,LSU,Michigan State,0.87,3
2024,Nick,Dimitris,DL,UNLV,Florida A&M,,3
2024,Brady,Tillman,RB,UL Monroe,,,
2024,Jeremiah,Piper,CB,Western Michigan,Western Illinois,,2
2024,Stantavious,Smith,DL,South Florida,Florida A&M,,3
2024,Bryce,LaFollette,P,Virginia Tech,Towson,,
2024,Michael,Wooten,OT,Oregon,Arizona,0.85,3
2024,Elijah,Reed,CB,Kentucky,Akron,,3
2024,DJ,Wesolak,EDGE,Missouri,Oregon State,0.85,3
2024,Walter,Taylor III,QB,Vanderbilt,Colorado,0.88,3
2024,Marc,Pretto,LB,Fordham,Northern Illinois,0.84,3
2024,Andre,Greene Jr.,WR,North Carolina,Virginia,0.89,3
2024,Reese,Poffenbarger,QB,UAlbany,Miami,0.86,3
2024,Kervins,Choute,DL,UCF,UConn,0.82,3
2024,Skyler,Locklear,QB,Austin Peay,UTEP,0.82,3
2024,Amorion,Walker,CB,Michigan,Ole Miss,0.87,3
2024,Daemian,Wimberly,DL,SMU,UTSA,0.81,3
2024,Marcus,Vinson,TE,UTEP,,,3
2024,Durell,Robinson,RB,Charlotte,UConn,0.85,3
2024,Eli,Hall,DL,Wake Forest,Liberty,0.84,3
2024,Ricky,Lolohea,DL,Oklahoma State,Utah State,0.81,3
2024,Joseph,Griffin Jr.,WR,Boston College,Wisconsin,0.87,3
2024,Tony,Mitchell,S,Alabama,East Mississippi C.C.,0.88,3
2024,Kye,Stokes,S,Ohio State,Cincinnati,0.87,3
2024,Max,Whisner,TE,Missouri,Akron,0.86,3
2024,CJ,Campbell Jr.,RB,Florida State,Florida Atlantic,0.83,3
2024,Ethan,Moczulski,K,Texas A&M,Illinois,,3
2024,Kaleb,Hutchinson,S,Coastal Carolina,Mercer,,2
