season,firstName,lastName,position,origin,destination,rating,stars
2025,Josiah,Harris,CB,Campbellsville,Gardner-Webb,,
2025,Isaiah,Rogers,DL,Monmouth,Cincinnati,0.84,3
2025,Austin,Collins,IOL,Louisville,Syracuse,0.86,3
2025,Daniel,Ogundipe,OT,Florida International,Albany,,3
2025,Keon,Hardin,IOL,Chattanooga,,,
2025,Simon,Mapa,TE,California,New Mexico,0.82,3
2025,Mason,Starling,WR,California,San José State,0.84,3
2025,Sam,Neely III,CB,Wake Forest,Stanford,0.85,3
2025,Justus,Boone,EDGE,Florida,Arkansas,0.87,3
2025,Kheagian,Heckaman,TE,Tennessee State,Prairie View A&M,,
2025,Eli,Wallace,EDGE,Sam Houston,,,
2025,Bryce,Dixon,DL,Liberty,,,3
2025,Matthew,Bess,CB,Iowa State,Houston Christian,,2
2025,Aiden,Knapke,S,Washington State,Lindenwood,0.81,3
2025,Jordan,Smith,WR,New Mexico State,Nicholls,,2
2025,Christian,Ford,S,Arkansas,Missouri State,,3
2025,Jordon,Crawford,DL,Hawai'i,Maine,,
2025,Cameron,Monteiro,WR,Pittsburgh,Akron,0.84,3
2025,Avion,Carter,DL,TCU,North Texas,0.83,3
2025,Trevon,Tate,WR,UT Martin,UTEP,,
2025,Elijah,Kinsler,DL,West Virginia,Southern Miss,0.84,3
2025,Carlos,Orr-Gillespie,WR,Illinois,Utah State,0.85,3
2025,Brody,Richter,P,UCLA,Minnesota,,
2025,Holden,Grieger,OT,Western Illinois,American River C.C.,,
2025,Jelani,Davis,DL,Southern,Kent State,0.85,3
2025,Guiseann,Mirtil,TE,Tulane,Florida A&M,,3
2025,Jayme,Simmons,OT,North Alabama,Akron,0.83,3
2025,Nathan,Acevedo,WR,Fresno State,San Diego State,,3
2025,Jaylen,Booker,OT,Bethune-Cookman,South Alabama,0.79,2
2025,Dekel,Crowdus,WR,Hawai'i,Wisconsin,0.86,3
2025,Jordan,Dunbar,CB,Bowling Green,Missouri State,0.83,3
2025,Tennel,Bryant,WR,Arkansas State,South Dakota,,3
2025,Gaston,Moore,QB,Tennessee,South Florida,,
2025,Donavon,Platt,CB,Army,Virginia,0.86,3
2025,Marquis,Crosby,RB,Louisiana Tech,Oregon State,0.85,3
2025,Judah,Mallette,WR,Iowa,Drake,,
2025,Frank,Peasant,RB,Middle Tennessee,Memphis,0.82,3
2025,De'Andre,Tamarez,WR,Western Carolina,Marshall,,
2025,Kendrick,Gilbert,DL,Kentucky,Louisville,0.87,3
2025,Josiah,Kennard,LS,East Texas A&M,James Madison,,
2025,Isaiah,Gibson Sr.,DL,Marshall,Southern Miss,0.82,3
2025,Oscar,Moore,S,UTEP,Sacramento State,,3
2025,James,Rexroat,TE,Arkansas State,Missouri State,,2
2025,Demarko,Williams,S,Western Kentucky,,,3
2025,Jakobe,Thomas,S,Tennessee,Miami,0.89,3
2025,Armoni,Goodwin,RB,UAB,UT Martin,,4
2025,An'Darius,Coffey,S,Northwestern,Purdue,0.85,3
2025,Joe,Moore,EDGE,Missouri,Florida Atlantic,0.83,3
2025,Bryce,Duke,RB,Old Dominion,Utah,0.86,3
2025,Al,Ashford III,CB,Northern Arizona,Marshall,0.81,3
2025,Nick,Reimer,OT,Bowling Green,Western Kentucky,0.82,3
2025,Dylan,Shaw,IOL,Texas Tech,North Texas,0.8,3
2025,Syeed,Gibbs,CB,Georgia Tech,Kansas,0.86,3
2025,Semaj,Parker,TE,Mississippi State,Kennesaw State,0.79,2
2025,Connor,Calvert,K,Washington State,Wake Forest,,
2025,Dennis,Palmer,RB,Bethune-Cookman,Troy,0.84,3
2025,Roy,Alexander,WR,Incarnate Word,Texas Tech,0.87,3
2025,Jahkai,Lang,EDGE,Missouri,SMU,0.87,3
2025,Kwon,McGinney,DL,Arkansas State,Georgia Southern,0.84,3
2025,Evan,Taylor,CB,Nebraska,,,3
2025,Keyshawn,Jackson,CB,East Carolina,Chattanooga,,
2025,Joseph,Mupoyi,EDGE,Penn State,North Carolina,0.86,3
2025,Tyjai,Hopper,CB,James Madison,Oregon State,0.85,3
2025,Elias,Rudolph,EDGE,Miami,UNLV,0.86,3
2025,Jeffson,Lafontant,DL,Bethune-Cookman,UCF,0.85,3
2025,Emmett,Morehead,QB,Old Dominion,Minnesota,0.8,3
2025,Ty,Cooper,EDGE,Tulane,Tulsa,0.83,3
2025,Edwin,White Schultz,S,North Alabama,Keiser (Fl),0.85,3
2025,Jackson,Runyan,K,Navy,Trinity,,
2025,Omari,Abor,EDGE,SMU,CSU-Pueblo,,4
2025,Kalan,Ellis,IOL,Syracuse,San Diego State,,3
2025,Lorenzo,Smith,S,South Alabama,New Mexico State,0.82,3
2025,Hayden,George,TE,Nevada,Southern Utah,,3
2025,Michael,Short,LB,North Carolina,Virginia Tech,0.86,3
2025,Marcus,Field,WR,Sam Houston,West Texas,,3
2025,Justin,Pegues,RB,Bowling Green,North Alabama,,
2025,Harris,Boyd,QB,Memphis,Valdosta State,,2
2025,Donnie,Gray,WR,Northwestern,Massachusetts,0.81,3
2025,Keionte,Scott,CB,Houston,Miami,0.86,3
2025,Marvin,Smith,S,Alabama A&M,Western Michigan,0.84,3
2025,Brett,Griffis,QB,James Madison,Central Connecticut,,3
2025,Earl,Kulp,CB,Purdue,Temple,0.85,3
2025,Kyrik,Mason,OT,Kent State,UAB,0.83,3
2025,Orion,Irving,OT,Sam Houston,Vanderbilt,0.85,3
2025,Harrison,Taggart,LB,BYU,California,0.86,3
2025,Emory,Floyd,S,South Carolina,App State,0.82,3
2025,Keyan,Burnett,TE,Kansas,Arizona,0.89,3
2025,Mike,Matthews,WR,Tennessee,,0.92,4
2025,Luke,Dunne,P,Oregon,Washington,,
2025,Jay,Gardenhire,OT,Colorado,,,3
2025,Stephen,Daley,EDGE,Kent State,Indiana,0.86,3
2025,Kade,Millard,LB,San José State,,,3
2025,Korion,Sharpe,IOL,North Carolina A&T,,,
2025,Brian,Pierce,WR,San Diego State,,,
2025,Silas,Corder,QB,Southern Miss,Southwest Mississippi C.C.,0.82,3
2025,Luby,Maurice,WR,Florida International,,,3
2025,Talan,Chandler,IOL,Missouri,Northwestern,0.84,3
2025,Andrew,Simpson,LB,Boise State,North Carolina,0.86,3
2025,Aaron,Hester,EDGE,Florida State,Liberty,0.84,3
2025,Chase,Schutty,TE,Northern Illinois,Drake,,2
2025,Jake,Yurachek,LB,Arkansas,,,2
2025,Isaiah,Hankins,K,Baylor,Colorado State,,
2025,Curtis,Douglas,RB,Kent State,Fort Hays,,3
2025,Max,Balthazar,RB,Coastal Carolina,Rice,0.83,3
2025,Nathan,Knapik,OT,Idaho,Illinois,0.85,3
2025,Reese,Clark,TE,Temple,Delaware State,,3
2025,Eddie,Kelly Jr.,DL,Missouri,West Virginia,0.89,3
2025,Qua,Birdsong,CB,UCF,East Tennessee State,,4
2025,AJ,Vaipulu,IOL,New Mexico State,Washington State,0.86,3
2025,Adrian,Onyiego,EDGE,Wyoming,Navarro College,,
2025,Brendan,Sullivan,QB,Iowa,Tulane,0.85,3
2025,Gabe,Winowich,RB,Rutgers,Rhode Island,,4
2025,Kamron,Frye,OT,William & Mary,,,
2025,Zavier,Carter,LB,UCF,Georgia State,,4
2025,C.J.,Van Buren,IOL,Arkansas-Pine Bluff,Temple,,
2025,Montreze,Smith Jr.,LB,Western Kentucky,Austin Peay,0.84,3
2025,Quincy,Wright,DL,North Texas,Arkansas State,0.82,3
2025,Cameron,Warchuck,LS,Washington,,,
2025,Sinn,Brennan,EDGE,Ohio,,,3
2025,Chase,Harrison,QB,Ball State,,,3
2025,Kenton,Allen,LB,Angelo State,North Texas,0.83,3
2025,Corey,Smith,WR,Tulsa,Purdue,0.86,3
2025,Jacob,Robinson,S,Emory & Henry,Coastal Carolina,0.86,3
2025,Waltclaire,Flynn Jr.,IOL,UCF,Georgia,0.86,3
2025,Jalon,Williams,CB,Boston College,Austin Peay,,3
2025,Cameron,Estep,QB,App State,UNC-Pembroke,,
2025,Deity,Deablo,EDGE,Georgia State,Fayetteville State,,3
2025,Garfield,Lawrence,DL,Houston,Texas Southern,,3
2025,Bob,Schick,IOL,Virginia Tech,Oklahoma State,0.85,3
2025,Porter,Small,EDGE,BYU,Weber State,,3
2025,Derek,Ganter Jr.,S,Eastern Washington,Boise State,0.86,3
2025,Darius,Thomas,LB,Louisville,Oklahoma State,0.87,3
2025,Adonis,Jackson,EDGE,Southern Oregon,Mississippi Valley State,,
2025,Cyrus,Rogers,WR,North Carolina,,,
2025,Jarod,Bowie,WR,Jacksonville State,West Virginia,0.86,3
2025,Brennon,Scott,LB,UNLV,Sacramento State,0.82,3
2025,Christian,Anderson,OT,Alabama A&M,Southern Miss,0.84,3
2025,Joey,VanWetzinga,DL,Iowa,Central Michigan,0.85,3
2025,AJ,Wallace,S,Arkansas State,Chattanooga,,3
2025,Jékob,Jones,LB,Cal Poly,Sacramento State,,3
2025,Julien,Randolph,TE,North Carolina,Austin Peay,,3
2025,Coleman,Kuntz,TE,Sacramento State,South Dakota State,,3
2025,Moshood,Giwa,OT,LIU Post,Rutgers,0.83,3
2025,Gannon,Burt,LS,Florida,North Carolina,,
2025,Nacari,Ashley,LB,Georgia Tech,,,3
2025,Jacob,Stewart,TE,San José State,Louisville,0.86,3
2025,Josiah,Wyatt,DL,App State,Charleston Southern,,3
2025,Alijah,Lacey,EDGE,Georgia Southern,,,3
2025,Quran,Boyd,RB,Duke,,,3
2025,Garrison,Butler,DL,App State,Furman,0.85,3
2025,Sean,DuBose Jr.,EDGE,Abilene Christian,Houston Christian,,3
2025,Davis,Heinzen,IOL,Central Michigan,Wisconsin,0.86,3
2025,Larry,Simmons,WR,Southern Miss,Utah,0.88,3
2025,Jocelyn,Malaska,CB,Oklahoma,Abilene Christian,,3
2025,Jaidyn,Doss,WR,Nebraska,Kansas,0.85,3
2025,Taven,Curry,RB,UL Monroe,Akron,,3
2025,Jadrian,Gibbs,S,Massachusetts,,,3
2025,Tayten,Beyer,CB,San Diego State,Cal Poly,,3
2025,Carlo,Thompson,S,UNC-Pembroke,Georgia Southern,,
2025,Trent,Ramsey,IOL,California,App State,0.81,3
2025,Delvon,Gulley,CB,Alabama A&M,UAB,0.86,3
2025,Bryce,Dopson,WR,Kennesaw State,,,3
2025,David,Stone,DL,Oklahoma,,0.95,4
2025,Fabian,Ross,CB,Hawai'i,,,4
2025,Braedyn,Locke,QB,Wisconsin,Arizona,0.85,3
2025,Kavir,Bains-Marquez,S,UC Davis,Pittsburgh,0.86,3
2025,Kyle,Long,IOL,Maryland,East Carolina,,3
2025,Tyler,Onyedim,DL,Iowa State,Texas A&M,0.9,4
2025,Michael,Snowden,S,Akron,,,
2025,Davion,Williams,S,Charleston Southern,Eastern Michigan,,
2025,Jakiah,Leftwich,OT,UCF,,0.86,3
2025,Santino,Marucci,QB,New Mexico State,,,3
2025,Marvin,Alexander,WR,Florida Atlantic,Duquesne,,3
2025,DJ,Mayes,WR,New Mexico,Utah State,0.8,3
2025,Khai,Prean,WR,Tulane,,,4
2025,Adonis,Friloux,DL,Tulane,Baylor,0.86,3
2025,Jordan,Fuller,RB,Holy Cross,James Madison,0.82,3
2025,Quincy,Jenkins,IOL,James Madison,Western Kentucky,0.8,3
2025,Logan,Pili,LB,Utah State,Utah Tech,,3
2025,Leroy,Harris III,EDGE,Chattanooga,Kansas,0.85,3
2025,Peter,Simmons III,DL,Michigan,UAB,0.8,3
2025,Ja'Maric,Morris,CB,Georgia State,Virginia,0.86,3
2025,Shahid,Barros,CB,South Dakota,Iowa,0.85,3
2025,Jalyn,Durgan,EDGE,South Alabama,North Texas,0.82,3
2025,Dru,McClough,IOL,Presbyterian,East Carolina,0.82,3
2025,Leroy,Bowers,S,Southern,,,3
2025,Beau,Blankenship,TE,Ohio,Gardner-Webb,,
2025,Chris,Keys Jr.,S,Mississippi State,Florida Atlantic,0.82,3
2025,Caleb,McCreary,QB,Troy,Tennessee State,,3
2025,AJ,Guida,LB,Northern Illinois,Lindenwood,,3
2025,Rod,Green,IOL,Purdue,Charlotte,0.85,3
2025,Bear,Bachmeier,QB,Stanford,BYU,0.85,3
2025,Zach,Person,TE,Northern Michigan,Arkansas State,0.81,3
2025,A'Marion,Peterson,RB,USC,UTSA,0.85,3
2025,Daniel,Demery,LB,Ole Miss,Arkansas State,0.82,3
2025,Darrian,King,IOL,Samford,Mercer,0.82,3
2025,Arik,Gilbert,TE,Nebraska,Savannah State,0.85,3
2025,Nacari,Johnson,CB,UAB,Kennesaw State,0.82,3
2025,Alton,McCaskill,RB,Arizona State,Sam Houston,0.82,3
2025,Kortlin,Rausaw,EDGE,North Texas,Abilene Christian,,3
2025,Christian,LeBrun,S,Massachusetts,Illinois State,,3
2025,Zion,Jones,S,UTSA,Houston Christian,,3
2025,Kiandre,Terry,WR,Arkansas State,Hinds C.C.,,3
2025,Josh,Joyner,RB,Washington State,Missouri State,0.84,3
2025,Joey,Lightfoot,DL,UTEP,Nicholls,,
2025,Trishstin,Glass,WR,Wake Forest,Coastal Carolina,0.85,3
2025,Tyrone,Fowler Jr.,EDGE,Ferris State,,0.84,3
2025,Elhadj,Fall,DL,Georgia Southern,Virginia Tech,0.85,3
2025,Jay,Harper,CB,Wisconsin,UL Monroe,0.85,3
2025,Nasir,Smith,DL,Georgia Southern,Kennesaw State,0.82,3
2025,Philjae,Bien-Aime,S,North Alabama,Robert Morris,,
2025,Hunter,Kallstrom,TE,Wyoming,North Dakota,,3
2025,Rayshawn,Pleasant,CB,Tulane,Auburn,0.87,3
2025,Eli,Coenen,DL,Bemidji State,Illinois,0.86,3
2025,Jason,Collins Jr.,RB,Morgan State,,,
2025,Aidan,McCowan,CB,Arkansas,,,
2025,Jake,Wilson,QB,Purdue,Mercer,,
2025,Caleb,Nix,S,Clemson,Jacksonville State,0.79,2
2025,Ibraheem,Kamara,LB,Toledo,Ashland University,,3
2025,Mark,Hamper,WR,Wisconsin,California,0.89,3
2025,Sam,Kenerson,WR,Georgia Southern,,,3
2025,Ty,McCutcheon,QB,Utah Tech,,,3
2025,Blake,Hogshooter,WR,Houston,,,3
2025,Justin,Cesaire,OT,New Haven,Rutgers,0.86,3
2025,Jeilani,Davis,S,Utah,Montana,,3
2025,Antwone,Santiago,LB,Temple,Virginia Tech,0.84,3
2025,Cade,Fennegan,QB,BYU,Abilene Christian,,2
2025,Tristan,Bennett,DL,North Texas,College of San Mateo,,
2025,Angelo,Butts,WR,Missouri State,Upper Iowa,,3
2025,Reginald,Allen Jr.,LB,Western Kentucky,Bryant,,
2025,Carson,Tujague,DL,BYU,Utah State,0.79,2
2025,Kahlil,Tate,S,Iowa,Austin Peay,,3
2025,Joseph,Habinowski,IOL,Ohio,Middle Tennessee,0.8,3
2025,Adrian,Norton,WR,Akron,Marshall,,3
2025,David,Chapeau,P,Central Michigan,Louisville,,
2025,Myles,Turner,LB,Massachusetts,Towson,,2
2025,Josh,Aisosa,IOL,Oklahoma,West Virginia,0.86,3
2025,Luke,Beard,LS,Mississippi State,Southern Miss,,
2025,Jake,Weir,QB,Mississippi State,Houston Christian,,
2025,Jack,Kane,S,Oregon State,Rice,0.83,3
2025,Donta,Whack,RB,Massachusetts,Robert Morris,,3
2025,Johntay,Cook,WR,Washington,Syracuse,0.89,3
2025,Bruce,Mitchell,S,Mississippi Valley State,Eastern Illinois,,
2025,Conner,Dunphy,WR,North Texas,Midwestern State,,
2025,Jayden,Oliver,CB,Buffalo,South Dakota State,,3
2025,Jake,Woods,TE,Cal Poly,Temple,0.82,3
2025,Patrick,Bowen,RB,LIU Post,St. Thomas,,3
2025,Jonathan,Agumadu,LB,Oklahoma State,North Carolina,0.83,3
2025,Dilan,Battle,DL,LSU,Utah,0.86,3
2025,Jaydon,Wright,RB,Minnesota,UL Monroe,0.84,3
2025,Kellan,Wyatt,EDGE,Maryland,Indiana,0.86,3
2025,Connor,Cameron,OT,Arizona State,Baylor,0.82,3
2025,Zedric,Washington,EDGE,Jacksonville State,Hinds C.C.,,3
2025,Ajani,Farmer,EDGE,East Carolina,Harding,,
2025,John,Emery Jr.,RB,LSU,UTSA,0.85,3
2025,Sone,Falealo,OT,Idaho,Washington State,0.85,3
2025,Jarvis,Boatwright Jr.,S,USC,Florida State,0.85,3
2025,Jarvis,Jones,WR,UConn,Towson,,2
2025,Kai,Fernandes,S,App State,Incarnate Word,,3
2025,Tayshaun,Burney,CB,Wake Forest,Richmond,,3
2025,Kadarius,Calloway,RB,California,New Mexico State,0.83,3
2025,Boden,Groen,TE,Rice,Kansas,0.86,3
2025,Tracy,Revels,S,Bowling Green,Michigan State,0.85,3
2025,Marcell,Blocker,CB,Florida Memorial University,UTEP,0.84,3
2025,Jaquez,Smith,WR,Missouri State,Southwest Baptist,,3
2025,Arrion,Concepcion,WR,Kansas State,James Madison,0.84,3
2025,Michael,Kirch,TE,Thomas More,Florida Atlantic,0.84,3
2025,Harold,Stubbs IV,S,Florida State,Florida,0.8,3
2025,Kam,Pringle,IOL,South Carolina,Syracuse,0.89,3
2025,John,Nestor,CB,Iowa,Minnesota,0.88,3
2025,Micah,Hudson,WR,Texas A&M,Texas Tech,0.92,4
2025,Easton,Bonnett,LS,South Florida,,,
2025,Trevor,Allen,P,Adams State,Washington,,
2025,JeCareon,Lathan,CB,Texas State,Northwestern State,,3
2025,Jonathan,Brady,WR,California,Indiana,0.85,3
2025,Jet,Thompson,WR,Georgia Southern,UTEP,0.82,3
2025,Avarion,Cole,S,App State,Western Kentucky,0.87,3
2025,Colin,Parachek,QB,Marshall,Albany,,
2025,Andrew,Yanoshak,TE,Notre Dame,Dayton,,
2025,Cole,Gustafson,DL,Florida International,UTEP,0.79,2
2025,Jack,Howes,K,Maryland,Buffalo,,
2025,Justin,Kirkland,DL,Oklahoma State,BYU,0.85,3
2025,Elijah,Davis,S,Ball State,Robert Morris,,2
2025,Sterling,Galban,WR,Massachusetts,East Tennessee State,,3
2025,Tyderick,Brown,CB,UAB,Florida International,,3
2025,Luke,Williams,S,Purdue,Austin Peay,0.85,3
2025,Tate,Rodemaker,QB,Southern Miss,Western Carolina,0.83,3
2025,Elo,Modozie,EDGE,Army,Georgia,0.92,4
2025,Ernest,Campbell,WR,Texas A&M,Sacramento State,0.84,3
2025,Willie,Goodacre,IOL,Syracuse,North Texas,0.81,3
2025,Ke'Travion,Hargrove,RB,Grambling,Old Dominion,,4
2025,Sam,Secrest,IOL,Houston,Louisville,0.84,3
2025,Ben,Dutton,TE,Washington State,Ball State,,2
2025,Zion,Allen,CB,Southern Utah,Hawai'i,0.82,3
2025,Will,Larkins,OT,Georgia State,Oregon State,0.85,3
2025,Chisom,Ifeanyi,EDGE,Florida Atlantic,Wyoming,0.85,3
2025,JP,Pickles,QB,UTEP,Mercer,,3
2025,Jeremiah,Finaly,QB,Minnesota,,,2
2025,Tamarus,Walker,IOL,Maryland,UConn,0.83,3
2025,Robert,Freeman IV,WR,Utah State,Idaho State,,3
2025,Hykeem,Williams,WR,Florida State,Colorado,0.9,4
2025,Jack,Brandon,QB,Boston College,Tennessee State,,3
2025,Isaac,Sohn,IOL,North Texas,Sam Houston,0.82,3
2025,Jaden,Hardy,DL,Grambling,Western Kentucky,0.82,3
2025,Jack,Hestera,WR,Utah State,Colorado,0.87,3
2025,Dillion,Williams,S,UTEP,Florida Atlantic,0.86,3
2025,AJ,Hasson,IOL,Wake Forest,UC Davis,0.85,3
2025,Bailey,Benson,LB,Wake Forest,NC State,0.85,3
2025,Antonio,Parker,S,Purdue,Northeast Mississippi C.C.,,
2025,Marcus,Downs,DL,UCF,Georgia Southern,0.84,3
2025,Kristopher,Ross,EDGE,Nevada,Sacramento State,0.87,3
2025,Jorden,McDonald,EDGE,Virginia Tech,William & Mary,,3
2025,Zach,Wusstig,S,Portland State,Idaho,,3
2025,Ja'Marion,Kennedy,IOL,Louisiana Tech,Wake Forest,0.86,3
2025,Kainoa,Davis,DL,Charlotte,San Diego State,0.84,3
2025,Jy,Gilmore,S,Georgia State,Georgia Tech,0.85,3
2025,Ronnie,Porter,LB,South Carolina,App State,0.8,3
2025,Caleb,Coombs,WR,Florida Atlantic,Jacksonville State,0.83,3
2025,Pierce,Clarkson,QB,Ole Miss,UCLA,0.83,3
2025,Colin,O'Sullivan,QB,Rutgers,West Chester,,
2025,Hunter,Smith,RB,UL Monroe,Temple,0.83,3
2025,Nate,Forystek,TE,North Dakota State,South Alabama,0.82,3
2025,Tyler,Black,K,Wake Forest,Liberty,,3
2025,Marquise,Collins,RB,Duke,UAB,0.82,3
2025,Cade,Adams,DL,Georgia Tech,Sam Houston,0.79,2
2025,JT,Sowell,IOL,App State,Richmond,,3
2025,De'kelvion,Beamon,CB,Oklahoma State,Lamar,,3
2025,Dakota,Williams,WR,Louisiana Tech,,,3
2025,Isaac,Smith,EDGE,Texas Tech,Michigan State,0.85,3
2025,Jack,Reynolds,WR,Charlotte,Gardner-Webb,,2
2025,Jalen,Washington,RB,Southern Miss,Central Arkansas,,3
2025,Noah,Staples,TE,Massachusetts,UT-Rio Grande Valley (Do not use),,2
2025,Traevon,Dunbar,RB,West Virginia,South Alabama,0.84,3
2025,Braxton,Fely,DL,Boise State,,0.86,3
2025,Grady,O'Neill,WR,Wisconsin,Sam Houston,0.79,2
2025,Jamari,Farmer,LB,Indiana,East Tennessee State,0.84,3
2025,Jaheim,Miller,CB,Florida Atlantic,Texas Southern,,3
2025,Will,Reed,OT,Princeton,Georgia Tech,0.85,3
2025,Jayden,Davis,S,Sacramento State,Western Michigan,0.82,3
2025,Kristos,Fernandez,OT,LIU Post,Charlotte,0.84,3
2025,Darrell,Starling,S,Troy,Prairie View A&M,,3
2025,Jake,Renda,TE,Pittsburgh,UCLA,0.83,3
2025,John,Lewis,LB,UNLV,West Virginia,0.84,3
2025,Raheim,Sexil,CB,Florida International,Massachusetts,0.81,3
2025,Evan,Rutkowski,LB,Towson,Monmouth,,
2025,R.J.,Mukes III,WR,Ball State,Robert Morris,,3
2025,Andre,Roye Jr.,OT,Maryland,Colorado,0.88,3
2025,Aymeric,Koumba,EDGE,Michigan,UCF,0.86,3
2025,Tyler,Aronson,QB,SMU,Trinity,0.83,3
2025,Elijah,Lee,CB,Coastal Carolina,Georgia Military College Prep,,
2025,Tee,Denson,CB,Jacksonville State,,,3
2025,Keayen,Nead,TE,New Mexico,BYU,0.81,3
2025,Kody,Jones,S,Memphis,Kennesaw State,0.82,3
2025,Jeremiah,Jones,S,South Florida,Wittenberg,,3
2025,Justin,Terry,OT,West Virginia,Ohio State,0.86,3
2025,Carlos,Slayden,OT,Troy,Southern Miss,0.81,3
2025,Noe,Ruelas,K,James Madison,UCF,,
2025,Ezekiel,Avit,WR,Maryland,Fresno State,0.83,3
2025,Andres,Miyares Jr.,QB,North Carolina,,,
2025,Eddie,Walls III,EDGE,Florida International,Houston,0.88,3
2025,Traveon,Wright,CB,Mississippi State,Purdue,0.85,3
2025,Joseph,Adedire,EDGE,Texas Tech,NC State,0.87,3
2025,Shamar,Easter,TE,Arkansas,North Carolina,0.86,3
2025,Jay,Hardy,DL,Liberty,Auburn,0.86,3
2025,Eli,Freeman,IOL,Ball State,Lindenwood,,3
2025,AJ,Odom,EDGE,Memphis,Bowling Green,0.81,3
2025,Damien,Taylor,RB,Troy,Ole Miss,0.87,3
2025,Hinckley,Ropati,RB,BYU,,,3
2025,Deion,Brown,RB,Eastern Michigan,Indiana State,,3
2025,CharMar,Brown,RB,North Dakota State,Miami,0.87,3
2025,Hunter,Smith,IOL,Tarleton State,,0.86,3
2025,Byron,Cardwell Jr.,RB,California,San Diego State,0.84,3
2025,Ladarian,Paulk,S,West Florida,East Carolina,0.82,3
2025,Robbie,Pizzolato,IOL,Tulane,,0.84,3
2025,Louis,Brown IV,WR,Colorado State,Baylor,0.85,3
2025,Brandon,Rehmann,WR,West Virginia,Delaware,,3
2025,Mason,Ferguson,WR,North Texas,UTEP,0.83,3
2025,Ronald,Cooper,CB,Georgia State,Mercer,,2
2025,Brandon,Campbell,RB,Massachusetts,Prairie View A&M,,3
2025,Jayden,Williams,CB,Florida Atlantic,UCF,0.85,3
2025,Nick,Fattig,IOL,Texas Tech,Stanford,0.85,3
2025,Benjamin,Hall,RB,Michigan,North Carolina,0.86,3
2025,Naki,Fahina,DL,New Mexico State,Utah State,0.83,3
2025,Karmello,English,WR,West Georgia,Coastal Carolina,0.85,3
2025,Jaden,Ball,IOL,Purdue,Minnesota,0.84,3
2025,Eric,Karner,TE,Texas A&M,Miami (OH),,3
2025,Blake,Bradford,OT,App State,Gardner-Webb,,
2025,Nico,Dowdell,S,Georgia Tech,,,3
2025,Jordan,Herman,OT,Charlotte,Sacramento State,,
2025,Zeke,Campbell,EDGE,Louisiana Tech,Coastal Carolina,0.83,3
2025,Wallace,Unamba,OT,Kentucky,Virginia,0.85,3
2025,Cooper,Blomstrom,EDGE,Georgetown,,,
2025,Ajani,Sheppard,QB,Rutgers,Washington State,0.83,3
2025,Justin,Williams-Thomas,RB,California,Marshall,0.81,3
2025,Gabe,Hoffmann,TE,Eastern Michigan,Idaho,,3
2025,Jack,Sadowsky V,LB,Iowa State,Northwestern,0.86,3
2025,Jayden,Anderson,WR,Virginia Tech,,0.85,3
2025,Marquise,Thorpe-Taylor,OT,UCLA,Fresno State,0.85,3
2025,DJ,Williams,RB,Ball State,Sacred Heart,,3
2025,Parker,Jacobs,DL,Robert Morris,Youngstown State,,
2025,Warren,Smith Jr.,CB,Washington State,Sacramento State,0.83,3
2025,Hunter,Teal,TE,Miami (OH),Chattanooga,,3
2025,Richard,Thomas,EDGE,Florida Atlantic,,,3
2025,Demarcus,Smith,DL,UAB,,,3
2025,LJ,Turner Jr.,RB,West Virginia,Lenoir Rhyne,0.85,3
2025,Chris,Henry,CB,West Virginia,Coastal Carolina,0.83,3
2025,Eli,Brickhandler,QB,Houston Christian,Ohio State,0.85,3
2025,Blair,Schonhorst,S,Ball State,Butler,,2
2025,Kyeran,Garcia,LB,Colorado,,,3
2025,Shemar,Kirk,WR,Texas State,Austin Peay,0.83,3
2025,Mavin,Anderson,WR,California,Texas State,0.82,3
2025,Greg,Johnson II,CB,Navy,South Alabama,0.82,3
2025,Ken,Willis,S,Cincinnati,James Madison,0.81,3
2025,Moses,Gray,RB,Southern Miss,,0.83,3
2025,Loren,Ward,DL,Florida Atlantic,,,3
2025,Malik,Bradford,WR,UNLV,,,3
2025,Yamir,Knight,WR,James Madison,SMU,0.86,3
2025,TD,Williams,CB,Central Arkansas,Purdue,0.84,3
2025,Blake,Boda,QB,Arkansas,,,3
2025,Jaden,Robinson,WR,Kennesaw State,Austin Peay,,3
2025,Lardarius,Webb Jr.,CB,South Alabama,Wake Forest,0.85,3
2025,Trent,Zappe,LB,Western Kentucky,Houston Christian,,
2025,D'Angelo,Davis,EDGE,Nevada,,,3
2025,Daniel,Ademisoye,OT,Tulsa,Norfolk State,,2
2025,Egypt,Nelson,WR,VMI,Western Michigan,0.83,3
2025,Carson,Su'esu'e,TE,BYU,Oklahoma State,0.83,3
2025,Evan,Spivey,WR,James Madison,Campbell,,
2025,Nick,Taylor,CB,App State,West Virginia,0.85,3
2025,Joe,Strickland,DL,Purdue,Liberty,0.81,3
2025,Shane,Porter,RB,North Texas,Sam Houston,0.83,3
2025,A'tiq,Muhammad,CB,UTEP,Kent State,,
2025,Katrevrick,Banks,CB,Ole Miss,Grambling,,3
2025,Kaleb,Brown,LB,UTSA,Tennessee Tech,,3
2025,Deyon,Batiste,QB,Wyoming,Incarnate Word,,3
2025,Huston,Eubank,LB,Western Michigan,,,3
2025,Donte,Thompson,CB,Texas State,UTEP,0.81,3
2025,Joe,Cadette,EDGE,Houston Christian,Incarnate Word,,
2025,Dylan,Barbrey,OT,App State,The Citadel,,3
2025,Kam,Bell,TE,Florida Atlantic,Jacksonville State,0.81,3
2025,Cedrick,Hawkins Jr.,S,UCF,South Florida,0.84,3
2025,Jack,McCallister,P,Nebraska,Purdue,,
2025,Joseph,Marsh,EDGE,Boise State,Ohio,,3
2025,Jaffer,Murphy,K,North Carolina,UTSA,,
2025,Trey,Horne,WR,Georgia Tech,Southern Miss,,3
2025,Enrique,Cruz Jr.,OT,Syracuse,Kansas,0.83,3
2025,Rahkeem,Smith,WR,Bowling Green,Georgia Tech,0.85,3
2025,Joe,Shimko,DL,Bowling Green,Lafayette,,3
2025,Kobe,Dillon,RB,Southern,Incarnate Word,,2
2025,Ian,Hershey,K,Arizona State,,,2
2025,JC,Hart,CB,Auburn,Utah,0.87,3
2025,Sean,Embree Jr.,WR,Washington State,Eastern Washington,0.85,3
2025,Tyrei,Washington,RB,Temple,Cal Poly,,3
2025,Justin,Kowalak,QB,Ole Miss,Fort Hays,,
2025,Mo,Omonode,DL,Purdue,Minnesota,0.85,3
2025,Cameron,Jones,OT,James Madison,Kentucky,0.83,3
2025,Keith,Smith Jr.,DL,North Texas,Tyler J.C. ,,3
2025,Bryce,George,OT,Ferris State,Iowa,0.86,3
2025,Ean,Rhea,EDGE,Emory & Henry,,0.85,3
2025,Pershaun,Fann,LB,Buffalo,,,3
2025,Rickey,Hunt Jr.,RB,Tulsa,Middle Tennessee,0.83,3
2025,Isaiah,Spencer,WR,Jackson State,Virginia Tech,0.87,3
2025,Josh,Franklin,WR,Western Michigan,,,2
2025,Josh,Burney,DL,Fort Valley State,Purdue,0.84,3
2025,Logan,Ramper,WR,Slippery Rock,West Virginia,0.86,3
2025,Ashton,Ojiaku,S,Rice,Prairie View A&M,,3
2025,Maurice,Williams II,S,Houston,Arizona State,0.85,3
2025,Jack,Mowrey,LS,James Madison,Hawai'i,,
2025,Dom,Collins,WR,West Virginia,Concord,,3
2025,Jacob,Busic,EDGE,UCLA,,,
2025,Jayden,Whaley,S,Hampton,Liberty,0.84,3
2025,Wyatt,Lawson,IOL,Florida International,South Dakota,,2
2025,Mitch,Melton,LB,Sam Houston,,,
2025,Kiersten,Lee,LB,Georgia State,,,3
2025,Zack,Zandier,TE,Coastal Carolina,Lafayette,,2
2025,Sam,Franklin,RB,Oklahoma,South Florida,0.85,3
2025,Jace,Wilson,QB,Texas Southern,Tennessee Tech,,
2025,Grant,Hidalgo,TE,Auburn,Samford,,
2025,Ashton,Heflin,LB,Marshall,Texas State,0.82,3
2025,Jordan,Owens,TE,Oklahoma State,North Carolina,0.84,3
2025,Gavin,Edwards,S,Austin Peay,Maryland,0.85,3
2025,Chase,Malamala,OT,UCF,Southern Miss,,3
2025,Pius,Odjugo,DL,Central Michigan,Ohio,0.82,3
2025,Johnny,Pascuzzi,TE,West Virginia,Tulane,0.86,3
2025,Jaylen,Bonelli,WR,Wagner,Arkansas State,0.84,3
2025,Brylan,Noonan,LS,Temple,Kennesaw State,,
2025,Jalen,Newman,CB,Princeton,Monmouth,,3
2025,Anthony,Rosier,LB,App State,Florida A&M,,3
2025,Quaron,Adams,WR,South Dakota,California,0.85,3
2025,Dierre,Kelly,DL,Bowling Green,,,2
2025,E'Lla,Boykin,LB,Barton,Boston College,0.87,3
2025,RJ,Lester Jr.,CB,Oklahoma State,UTSA,0.83,3
2025,Dillon,Tatum,S,Michigan State,Northwestern,0.86,3
2025,Zach,Cochnauer,OT,Central Arkansas,Nevada,0.83,3
2025,Ty,Mims,WR,Southern Miss,Texas State,0.84,3
2025,Cedric,Franklin II,S,Georgia Tech,Arkansas State,0.82,3
2025,RJ,Johnson III,QB,Toledo,Florida A&M,,3
2025,RJ,Whitehead,OT,UTEP,Southern Miss,0.8,3
2025,Blake,Thompson,S,Louisiana Tech,Houston,0.86,3
2025,Donovan,Spellman,EDGE,Charlotte,UNLV,,3
2025,Juwaun,Price,RB,North Texas,Massachusetts,0.82,3
2025,Chase,Pinkston,S,Oklahoma State,Memphis,0.84,3
2025,Joshua,Wood,QB,Fresno State,Idaho,,3
2025,Nason,Coleman,WR,BYU,Northern Arizona,,3
2025,Gavin,Ransaw,DL,Coastal Carolina,Arkansas State,0.83,3
2025,Michael,DiPasquale,RB,App State,,,
2025,Josh,Horton,DL,Miami,Georgia,0.87,3
2025,Rob,Fogler,OT,Ball State,Kentucky,0.8,3
2025,Tykie,Andrews,WR,Oklahoma State,Central Oklahoma,,3
2025,Leon,Washington Jr.,WR,Florida Atlantic,Valdosta State,,3
2025,Kenny,Seymour Jr.,LB,Rice,New Haven,,3
2025,Steven,Scott III,OT,Illinois,Fresno State,0.77,2
2025,Anthony,LaFrance,OT,New Mexico State,Wayne State,,3
2025,Elijah,Zollicoffer,IOL,Arkansas State,Kennesaw State,0.83,3
2025,Rick,Moore,OT,Old Dominion,,,
2025,Isaiah,Green,DL,Western Michigan,Memphis,0.85,3
2025,Cam,Todd,IOL,Coastal Carolina,Sam Houston,0.78,2
2025,Mitch,Hodnett,IOL,TCU,Tulane,0.84,3
2025,Jaden,Lyles,S,Austin Peay,Western Michigan,0.81,3
2025,Chris,Boti,DL,Liberty,Arkansas State,0.82,3
2025,Gabe,Fortson,IOL,Tulane,Arkansas State,0.83,3
2025,Colin,Coates,DL,Charlotte,Mississippi State,0.85,3
2025,Grayson,Barnes,TE,Northern Illinois,West Virginia,0.85,3
2025,Zion,Ferguson,CB,North Carolina,Pittsburgh,0.86,3
2025,CJ,Brown,S,Bowling Green,Sam Houston,0.85,3
2025,Alessandro,Lorenzetti,OT,Michigan,Baylor,0.83,3
2025,Oluwaseyi,Omotosho,EDGE,Oregon State,West Virginia,0.85,3
2025,Aidan,Fedigan,LS,UCF,Tulsa,,
2025,Makai,Byerson,EDGE,West Virginia,Boston College,0.85,3
2025,Terez,Reid,CB,UTEP,Florida Atlantic,0.85,3
2025,Trey,Lenhardt,S,App State,Samford,,3
2025,Patrick,Matan,OT,NC State,Montana,,3
2025,Aiden,Ramos,RB,Cal Poly,Mt. San Antonio College,,3
2025,Aakil,Washington,EDGE,South Alabama,SMU,0.86,3
2025,AJ,Vinatieri,K,Louisville,Lindenwood,,2
2025,Karate,Brenson,WR,Tennessee State,Wake Forest,0.86,3
2025,Kendrick,Rucker,WR,Louisiana Tech,,,3
2025,Harrison,Waylee,RB,Wyoming,Virginia,0.84,3
2025,Alex,Elliott,LB,Minnesota,North Dakota State,0.81,3
2025,Sidney,Mbanasor,WR,Tulane,Old Dominion,0.83,3
2025,Jaylen,Boehm-Peterson,S,Texas State,South Dakota,,3
2025,Lucas,Scheerhorn,QB,Kennesaw State,Rice,0.8,3
2025,Cash,Cleveland,IOL,Colorado,Texas Tech,0.86,3
2025,Khmari,Johnson,LB,Austin Peay,Florida Atlantic,,
2025,Brandon,Jones,LB,UTEP,Cisco College,,3
2025,Randy,Reece,WR,SMU,,,3
2025,Hunter,Barth,LB,California,Stanford,0.86,3
2025,Diondre,Glover,CB,Gardner-Webb,UConn,0.82,3
2025,Jordan,Knox,IOL,Northwestern,Northwest Mississippi C.C.,,3
2025,Devin,Grant,EDGE,Incarnate Word,West Virginia,0.87,3
2025,Nehemiah,Chandler,CB,Georgia Tech,South Alabama,0.84,3
2025,Caldra,Williford,CB,Tennessee Tech,Baylor,0.86,3
2025,Jackson,Voth,WR,Kansas State,,,2
2025,Luke,Murphy,LB,Eastern Michigan,Coastal Carolina,0.83,3
2025,Jesus,Machado,LB,Tulane,Houston,0.86,3
2025,Caleb,Chamberlin,S,Air Force,Ohio,0.8,3
2025,Zacharyus,Williams,WR,Utah,USC,0.86,3
2025,Akelo,Stone,DL,Ole Miss,Georgia Tech,0.91,4
2025,Jayden,Studio,LB,Kent State,James Madison,0.85,3
2025,Adrian,Cormier,RB,Weber State,Texas-Permian Basin,,
2025,Joah,Cash,EDGE,Coastal Carolina,Tulsa,0.84,3
2025,Keenen,Hatcher,DL,Coastal Carolina,Lenoir Rhyne,,
2025,Teagen,Lenderink,P,Liberty,,,
2025,Tyrence,Crutcher,CB,West Florida,West Virginia,0.85,3
2025,Cam,Williams,EDGE,Georgia State,Michigan State,0.85,3
2025,Jordan,Holmes,CB,Old Dominion,Duquesne,,3
2025,Jordon,Simmons,RB,Ole Miss,Georgia State,0.86,3
2025,Anthony,Grigsby Jr.,QB,Nevada,Cal Poly,,2
2025,J.P.,Deeter,DL,Arizona State,Texas State,0.78,2
2025,Easton,Fulton,IOL,Sam Houston,West Texas,,3
2025,Djouvensky,Schlenbaker,RB,Washington State,Texas-Rio Grande Valley,,3
2025,Reilly,Garcia,QB,Washington State,Houston Christian,,
2025,Tyler,Henry,DL,Sacramento State,North Dakota,,2
2025,Kellen,Stewart,WR,Middle Tennessee,Prairie View A&M,,
2025,Chalil,Cummings,CB,Memphis,Purdue,0.85,3
2025,Caleb,Reid,EDGE,Middle Tennessee,Tennessee State,,3
2025,Jaylon,Shelton,CB,UTEP,,,
2025,Isaiah,Collins,CB,Texas Tech,North Texas,0.84,3
2025,Dontavius,Nash,CB,East Carolina,Michigan State,0.84,3
2025,Ahmad,Robinson,CB,Prairie View A&M,App State,0.83,3
2025,Chase,Arrington,CB,Eastern Michigan,Campbell,,
2025,Ryne,Shackelford,WR,Purdue,Baylor,0.85,3
2025,Terez,Davis,OT,Maryland,Ole Miss,0.86,3
2025,Jose,Gonzalez,OT,Fort Valley State,Gardner-Webb,,
2025,Jacobi,Jones,LB,Georgia State,Campbell,,3
2025,Peyton,Wing,LB,Portland State,Montana,,3
2025,Cam,Fleming,S,Virginia Tech,App State,0.82,3
2025,Sammie,Hunter,CB,Utah,Fresno State,0.85,3
2025,Derick,Brazil,WR,East Carolina,App State,,
2025,Zach,Hrbacek,RB,Sam Houston,Weber State,,
2025,Hayden,Schwartz,EDGE,Minnesota,Montana,,3
2025,Pooh,Lawton,S,Slippery Rock,Temple,0.84,3
2025,Luke,Jones,WR,Purdue,Fresno State,0.79,2
2025,Feyisayo,Oluleye,WR,Penn State,Clarion,,
2025,Alvin,Puefua,DL,Hawai'i,BYU,0.83,3
2025,John,Burris III,CB,UTEP,Morgan State,,2
2025,Jayvin,James,OT,Maryland,Mississippi State,0.87,3
2025,Amare,Campbell,LB,North Carolina,Penn State,0.91,4
2025,TJ,Bush Jr.,EDGE,Liberty,California,0.87,3
2025,Tyrell,Green,IOL,Eastern Kentucky,Purdue,0.88,3
2025,Kaden,McMahan,LB,Kansas State,,,3
2025,Will,Loerzel,TE,South Alabama,Wake Forest,0.83,3
2025,Carson,Morgan,RB,Kansas,Rice,0.79,2
2025,JoJo,Bermudez,WR,Delaware,Temple,0.82,3
2025,Luke,Banbury,LB,Cornell,William & Mary,0.83,3
2025,Dasheen,Jackson,S,UAB,,0.83,3
2025,Beau,Atkinson,EDGE,North Carolina,Ohio State,0.91,4
2025,Isaiah,Alston,WR,Iowa State,James Madison,0.85,3
2025,Jayven,Hall,LB,Georgia State,Coffeyville C.C.,,
2025,Joseph,Jefferson II,S,Western Michigan,Louisville,0.86,3
2025,Kobe,Stewart,EDGE,Buffalo,,,
2025,Christian,Abney,TE,Ball State,Illinois,0.85,3
2025,Hayden,Dozier,IOL,South Alabama,Itawamba C.C.,,
2025,Andrew,Erby,IOL,Ohio,Bucknell,,3
2025,Kyler,Brunan,IOL,Michigan State,Grand Valley State,,3
2025,Trayv'on,Culbert,WR,Louisiana,Henderson State,,
2025,Elijah,Rikard,S,Central Michigan,,,3
2025,Chauncey,Johnson,OT,Oklahoma State,Ouachita Baptist,,3
2025,Michael Levelle,Watkins,IOL,Washington,San Diego State,0.81,3
2025,Devin,Lee,DL,Vanderbilt,South Florida,0.82,3
2025,Rocco,Milia,LB,Columbia,Michigan,0.85,3
2025,Nick,Mazzie,K,New Hampshire,East Carolina,,
2025,Riley,Trujillo,QB,UCF,Delaware,,3
2025,Landen,King,TE,Utah,Duke,0.84,3
2025,Ryan,Butler,RB,Stanford,Rice,,
2025,Preston,Ross,TE,Ball State,Furman,,3
2025,Brayden,Ramey,IOL,Florida Atlantic,South Alabama,0.81,3
2025,Saint,Farrior,DL,Hampton,App State,0.81,3
2025,Gavin,Sawchuk,RB,Oklahoma,Florida State,0.87,3
2025,Cooper,Lovelace,IOL,Northwestern,Colorado,0.85,3
2025,Cole,Welliver,QB,UConn,New Mexico,0.84,3
2025,JaKolby,Jones,OT,Georgia Tech,,,3
2025,Jackson,Lataimua,S,Washington State,North Texas,0.83,3
2025,Khian'Dre,Harris,CB,Old Dominion,Albany,,2
2025,Tariq,Sims,RB,Old Dominion,William & Mary,,3
2025,Dante,Kelly,LB,Southern Miss,Mississippi Valley State,,3
2025,Justin,Wood,LS,Houston,Florida International,,
2025,Alonzo,Contreras,QB,San José State,,,3
2025,Dante,Reno,QB,South Carolina,Yale,0.85,3
2025,George,Nahas,IOL,Iowa State,,,2
2025,Gevani,McCoy,QB,Texas State,Temple,0.86,3
2025,Kade,Hensley,K,Coastal Carolina,West Virginia,,
2025,Gary,Bryant III,LB,South Dakota,Syracuse,0.85,3
2025,Jordan,Scott,WR,Florida State,Maryland,0.86,3
2025,Tim,Carpenter,QB,Tulsa,Ohio,0.85,3
2025,Jackson,Accuardi,TE,West Virginia,South Dakota,0.85,3
2025,Andrew,Page,IOL,Kent State,Indiana State,,2
2025,Macyo,Williams,DL,Utah State,Charlotte,0.82,3
2025,Mekhi,Butler,CB,Saint Francis (PA),Alabama State,,
2025,Quinten,Johnson,LB,UCF,,,
2025,Breylon,Charles,DL,North Texas,Purdue,0.87,3
2025,Dontae,Pollard,CB,Samford,Temple,0.87,3
2025,John,Volker,RB,Princeton,Michigan,0.84,3
2025,Makhete,Gueye,OT,Louisville,Missouri State,,3
2025,William,Jones,IOL,Massachusetts,Merrimack,,
2025,Holden,Sapp,LB,Army,,,
2025,Ryan,Yaites,S,California,TCU,0.85,3
2025,Shawqi,Itraish,QB,Rice,Ole Miss,0.8,3
2025,Eric,Taylor,DL,SMU,Coastal Carolina,0.86,3
2025,Tate,Sandell,K,UTSA,Oklahoma,,2
2025,Chauncey,Logan Jr.,CB,James Madison,Memphis,0.85,3
2025,Nate,Weyand,TE,Colorado State,Austin Peay,,
2025,Franklin,Baret Jr.,WR,App State,Jacksonville State,0.79,2
2025,Martavis,Blackmon,LB,Memphis,Missouri State,,3
2025,Fabian,Scott,S,Florida Atlantic,Mercer,,3
2025,Ronald,Jackson Jr.,S,Old Dominion,Ohio,0.83,3
2025,Izayah,Cummings,TE,Louisville,App State,0.84,3
2025,Gavin,Blackwell,WR,North Carolina,Florida State,0.85,3
2025,Ty,Hudkins,S,Purdue,Iowa,0.85,3
2025,Andrew,Hines III,LB,Wake Forest,Bowling Green,0.84,3
2025,Cooper,Evans,K,South Florida,Northwestern State,,
2025,Malik,Ellis,TE,Mississippi State,Troy,0.86,3
2025,Noah,Braham,TE,West Virginia,,,3
2025,Jeff,Burton,IOL,Kent State,Georgia State,0.82,3
2025,CJ,Wilson Jr.,EDGE,Toledo,Butler,,3
2025,Ethan,McDowell,EDGE,Miami (OH),Mercer,,2
2025,Rex,Lahr,IOL,Liberty,Youngstown State,,3
2025,Alani,Makihele,IOL,UCLA,UNLV,,3
2025,Byron,Floyd,LS,Buffalo,Youngstown State,,
2025,Marques,Easley,IOL,Georgia,Purdue,0.87,3
2025,JD,Sherrod,QB,Kent State,Southeast Missouri State,,3
2025,Watson,Hafer,TE,Missouri State,North Dakota,,2
2025,Rashad,McKenzie,DL,Washington State,Arizona State,0.84,3
2025,Jack,Jacobs,QB,Fresno State,East Texas A&M,,3
2025,Romando,Johnson,EDGE,West Virginia,Massachusetts,0.84,3
2025,Brent,Austin,CB,South Florida,California,0.86,3
2025,Wydett,Williams Jr.,S,UL Monroe,Ole Miss,0.86,3
2025,Cole,Snodgrass,TE,TCU,Texas State,0.84,3
2025,Trae,Davis III,WR,Kansas State,Prairie View A&M,0.86,3
2025,DeMardrick,Blunt,LB,Louisiana Tech,Navarro College,,3
2025,Jacob,Dennison,OT,Wake Forest,,0.86,3
2025,Gage,Jones,S,Washington State,,,3
2025,Jordan,Jackson,CB,West Virginia,Gardner-Webb,,3
2025,Dean,Abdullah,IOL,San Diego State,Sacramento State,,
2025,Travor,Randle,CB,UL Monroe,,,2
2025,Alex,Atcavage,IOL,Florida Atlantic,,,3
2025,Petey,Tucker,WR,Eastern Michigan,Colorado State,0.82,3
2025,Cooper,Sheehan,IOL,New Mexico State,Northern Arizona,,3
2025,Cooper,Barkate,WR,Harvard,Duke,0.86,3
2025,Josh,Anglin,LB,North Alabama,Tulsa,0.85,3
2025,Aiden,Ellis,IOL,West Virginia,Mercyhurst College,,
2025,Caleb,Moran,LB,Army,Montana,,
2025,Christian,Moore,TE,UNLV,Purdue,0.84,3
2025,Jaydn,Girard,WR,Wake Forest,,,3
2025,Derek,Berlitz,DL,West Virginia,Central Connecticut,,
2025,Clinton,Azubuike,OT,Northern Arizona,Vanderbilt,0.86,3
2025,LJ,Johnson Jr.,RB,SMU,California,0.85,3
2025,Isaiah,Chisom,LB,Oregon State,UCLA,0.85,3
2025,Sascha,Garcia,CB,William & Mary,Wake Forest,0.85,3
2025,DD,Holmes,DL,Florida State,Maryland,0.87,3
2025,Jake,Pope,S,Georgia,UNLV,,4
2025,Hank,Weber,DL,Wisconsin,Samford,,3
2025,Carsten,Reynolds,LB,South Dakota State,Washington State,0.84,3
2025,Deshaun,Buchanan,RB,Idaho,New Mexico,0.84,3
2025,Omarion,Cooper,S,Florida State,Memphis,,3
2025,X'Avion,Brice,CB,North Texas,East Texas A&M,,3
2025,Kavion,Broussard,IOL,Ole Miss,Arkansas,0.86,3
2025,Sam,Lindsey,LS,Georgia State,Indiana,,
2025,Raheem,Anderson,IOL,Michigan,Western Michigan,0.82,3
2025,Colin,Weber,TE,Charlotte,Rutgers,0.89,3
2025,Ted,Hurst,WR,Georgia State,,0.92,4
2025,Jeremy,Cook,S,Oklahoma State,Oklahoma State,,
2025,Keshawn,Brown,WR,Massachusetts,Merrimack,,
2025,Austyn,Dendy,RB,Missouri,Bowling Green,0.84,3
2025,Justin,Bowick,WR,Ball State,Illinois,0.88,3
2025,Alex,Orji,QB,Michigan,UNLV,0.85,3
2025,Gavin,Fugate,LB,Washington State,,,2
2025,Shelton,Sampson Jr.,WR,LSU,Louisiana,0.86,3
2025,Shamus,Florio,P,Yale,,,
2025,Ian,Massey,S,Colorado,,,
2025,Kade,Eldridge,TE,USC,Washington,0.86,3
2025,Damon,Greaves,P,Kansas,Colorado,,
2025,Nathan,Dibert,K,LSU,Eastern Michigan,,2
2025,Naz,Hill,CB,Wyoming,Southern Illinois,,3
2025,Deante,McCray,EDGE,Western Kentucky,Florida State,0.87,3
2025,Mordecai,McDaniel,S,Charlotte,Oklahoma State,0.86,3
2025,Amarie,Archer,IOL,East Carolina,Akron,0.82,3
2025,Bryce,Schondelmyer,QB,Youngstown State,Dayton,,2
2025,Jamorri,Colson,CB,Washington State,,,3
2025,Aloali'i,Maui,IOL,Utah State,Southern Miss,0.83,3
2025,Khamari,Anderson,TE,Kentucky,Arizona State,0.86,3
2025,Dominic,Oliver,EDGE,San Diego State,Western Kentucky,,3
2025,NaQuari,Rogers,RB,New Mexico,Utah,0.86,3
2025,Braylon,Braxton,QB,Marshall,Southern Miss,0.86,3
2025,Demetrius,Hill,S,Illinois,Florida International,,3
2025,Bear,Alexander,DL,USC,Oregon,0.92,4
2025,Brendon,Lewis,QB,Nevada,Memphis,0.86,3
2025,Da'Shawn,Elder,S,Middle Tennessee,,,3
2025,Albert,Jang,K,Pennsylvania,,,2
2025,Malachi,Carney,OT,South Alabama,Georgia Tech,0.87,3
2025,Immanuel,Hickman Sr.,EDGE,South Florida,Virginia Tech,0.85,3
2025,Anthony,Carrie,RB,Georgia Tech,Florida International,0.87,3
2025,Brandon,Smiley,DL,Elon,Wake Forest,0.86,3
2025,Seth,McGowan,RB,New Mexico State,Kentucky,0.87,3
2025,Kelby,Williams,WR,Old Dominion,Western Kentucky,0.84,3
2025,Colton,Boomer,K,UCF,Boise State,,
2025,Lento,Smith Jr.,CB,Ferris State,Tulsa,0.83,3
2025,Andrew,Glass,K,Kent State,Northern Illinois,,
2025,Noah,Thomas,WR,Texas A&M,Georgia,0.93,4
2025,Vontroy,Malone,EDGE,Tulsa,Iowa State,0.85,3
2025,Nate,Spillman,WR,Charlotte,,,3
2025,Jaylin,Caldwell,OT,Grand Valley State,Washington State,0.85,3
2025,Matt,Ogunniyi,TE,Rutgers,Massachusetts,0.84,3
2025,Alec,Marenco,LB,Kansas State,Wake Forest,0.84,3
2025,Dorion,Jackson,S,Troy,Tulane,0.81,3
2025,Kody,Huisman,DL,North Dakota State,Virginia Tech,0.87,3
2025,Ryder,Langsdale,OT,Lafayette,Rutgers,0.83,3
2025,Zachary,Franks,IOL,Duke,Massachusetts,0.82,3
2025,Antonio,Doyle Jr.,EDGE,UNLV,,0.85,3
2025,Jaiden,Francois,CB,Utah State,Duke,0.85,3
2025,Morgan,Pearson,TE,Colorado,Central Missouri,,3
2025,Ranod,Smith,WR,South Florida,Edward Waters,,
2025,JoJo,Evans,S,Florida International,Louisville,0.85,3
2025,Max,Klare,TE,Purdue,Ohio State,0.94,4
2025,Ty,Furnish,IOL,Virginia,,,3
2025,Henry,Boyer,TE,Illinois,Kentucky,0.86,3
2025,Christian,Hamilton,WR,North Carolina,West Virginia,0.86,3
2025,Camren,Campbell,CB,South Florida,Iowa Western C.C.,,3
2025,Austin,Clay,WR,Michigan State,Bowling Green,0.84,3
2025,Hunter,Najm,QB,Washington State,Bowling Green,0.8,3
2025,Nate,Johnson,ATH,Vanderbilt,Utah,0.85,3
2025,Michael,Brescia,TE,Colgate,Western Michigan,0.84,3
2025,Camden,Coleman,QB,Richmond,James Madison,0.85,3
2025,Viron,Ellison Jr.,RB,Tulsa,,,3
2025,E.J.,Warner,QB,Rice,Fresno State,0.85,3
2025,Jordan,Louie,RB,North Carolina,Coffeyville C.C.,,3
2025,John-Keawe,Sagapolutele,QB,Hawai'i,Portland State,,3
2025,Kayden,Collins,RB,San José State,Davenport,,
2025,Gavin,Frakes,QB,Virginia,Northwestern,0.82,3
2025,Amari,Jones,QB,Florida International,South Carolina State,,2
2025,Cade,McNamara,QB,Iowa,East Tennessee State,,4
2025,Andrew,Savaiinaea,TE,Nevada,,,3
2025,Nate,White,RB,Wisconsin,South Dakota State,,3
2025,Shamar,Crawford,OT,Middle Tennessee,Tennessee State,,2
2025,Grant,Hessler,DL,UNLV,,,
2025,DeMarco,Ward,LB,Florida State,Memphis,0.84,3
2025,Raylyn,Manley,CB,Western Michigan,Austin Peay,0.82,3
2025,Justin,Houston,ATH,Fresno State,Utah Tech,,3
2025,De'Myrion,Johnson,DL,LSU,Southern,,3
2025,Caleb,Brown,CB,Hawai'i,Virginia Tech,0.85,3
2025,Johnny,Williams IV,OT,West Virginia,Missouri,0.86,3
2025,Mikey,Keene,QB,Fresno State,Michigan,0.85,3
2025,Terry,Nwabuisi-Ezeala,DL,North Carolina,Vanderbilt,0.85,3
2025,Bear,Tenney,TE,Utah,Sacramento State,0.85,3
2025,Jaylen,Henderson,QB,Texas A&M,West Virginia,0.86,3
2025,Kanye,Roberts,RB,App State,,,2
2025,Terry,Wilkins,RB,Middle Tennessee,,,2
2025,Joe,Labas,QB,Central Michigan,,,4
2025,Jayden,Hobson,OT,South Alabama,Alabama,0.84,3
2025,Adam,Saul,P,Washington,Ball State,,
2025,Joe,Hall III,CB,Kansas State,Northern Iowa,,
2025,Reggie,Fleurima,WR,Northwestern,Slippery Rock,,4
2025,Marcus,Burris Jr.,DL,Indiana,Memphis,0.85,3
2025,Kechaun,Bennett,DL,Michigan,UCLA,0.86,3
2025,Logan,Loya,WR,UCLA,Minnesota,0.87,3
2025,Justin,Okoronkwo,LB,Alabama,South Carolina,0.88,3
2025,Chris,Parson,QB,Mississippi State,Austin Peay,0.83,3
2025,Jalen,Harrell,S,Massachusetts,Duquesne,,4
2025,Tyler,Van Dyke,QB,Wisconsin,SMU,0.86,3
2025,Jaleel,Skinner,TE,Louisville,,,4
2025,Jo'shon,Barbie,RB,McNeese,Marshall,0.86,3
2025,Sam,Adams II,RB,Washington,Sacramento State,,4
2025,Bernard,Gooden,DL,South Florida,LSU,0.92,4
2025,Brady,Boyd,WR,Texas Tech,Utah State,0.83,3
2025,Darell,Jones,CB,Kansas State,Fort Hays,,3
2025,Dane,Key,WR,Kentucky,Nebraska,0.93,4
2025,Ashton,Cozart,WR,SMU,Kentucky,0.84,3
2025,Miles,Campbell,TE,North Carolina Central,Florida A&M,,4
2025,Daejon,Reynolds,WR,Pittsburgh,UNLV,0.84,3
2025,Ian,Foster,S,Marshall,Southern Miss,0.84,3
2025,Leland,Smith,WR,Purdue,San José State,0.85,3
2025,Shadwel,Nkuba II,CB,Louisiana,Illinois State,,3
2025,Caleb,Hood,RB,North Carolina,,,4
2025,Quinton,Williams,OT,Louisiana,Sam Houston,0.81,3
2025,DJ,Justice,WR,UCLA,,,3
2025,Jake,Retzlaff,QB,BYU,,0.9,4
2025,Amaury,Wiggins,IOL,Arkansas,South Alabama,0.83,3
2025,Jayden,Brown,LB,Syracuse,Maine,,3
2025,Roosevelt,Mitchell,IOL,Akron,,,3
2025,Tobias,Merriweather,WR,California,Utah,0.87,3
2025,Logan,Forbes,WR,Michigan,,,
2025,Larry,Stephens,WR,Toledo,Indiana State,,3
2025,Loren,Hall,S,Southeastern Louisiana,Florida Atlantic,,
2025,Aki,Ogunbiyi,OT,Texas A&M,Colorado,0.87,3
2025,Javonte,Sherman,WR,Middle Tennessee,Mars Hill,,3
2025,Luther,Richesson,QB,Middle Tennessee,Central Arkansas,,3
2025,Jayson,Raines,WR,Stanford,Northern Arizona,,3
2025,Jaylon,Tillman,WR,Bowling Green,Texas-Permian Basin,,2
2025,Cesar,Carrasco,WR,Liberty,Bucknell,,
2025,Dacari,Collins,WR,NC State,Louisville,0.87,3
2025,Jackson,Ford,TE,Tulsa,San Diego State,0.85,3
2025,Joshua,Swift,S,UCLA,,,2
2025,Bill,Young,RB,Army,,,
2025,Josh,Thompson,IOL,Northwestern,LSU,0.94,4
2025,Antonio,Ferguson,TE,Florida International,UAB,0.82,3
2025,Deshaun,Batiste,EDGE,Tulane,Florida Atlantic,0.82,3
2025,Will,Dixon,TE,West Virginia,Rhode Island,,3
2025,Mike,Jackson,WR,Florida International,Florida Memorial University,,3
2025,Mike,Wright Jr.,QB,Northwestern,East Carolina,0.82,3
2025,Mykel,Patterson-McDonald,S,Oklahoma,Northeastern Oklahoma A&M,,3
2025,Caleb,Curtain,S,Elon,Charlotte,,
2025,Justin,Keller,K,Coastal Carolina,Southeast Missouri State,,
2025,Terrance,Love,S,Auburn,Colorado,0.85,3
2025,Ethan,Crawford,QB,Southern Miss,Arkansas State,0.81,3
2025,Aslan,Fraser,S,Washington State,,,2
2025,Brock,Chappell,TE,Furman,Louisiana,0.81,3
2025,Skyler,Bell,WR,UConn,,,3
2025,Taharin,Sudderth,TE,Middle Tennessee,East Tennessee State,,3
2025,Jackson,Crosby,WR,Clemson,East Tennessee State,,
2025,Jeremiah,Aaron,WR,North Texas,,,3
2025,Gabe,Blair,IOL,North Texas,,,3
2025,Jer'marques,Bailey,OT,New Mexico,Houston Christian,,3
2025,Charlie,Patterson,IOL,Virginia,Georgia State,0.82,3
2025,Christian,Williams,IOL,Florida,Liberty,0.82,3
2025,Gino,Quinones,IOL,USC,Fresno State,,3
2025,Peter,Knudson,TE,Weber State,Alabama,0.84,3
2025,Josh,Hunter,CB,San Diego State,,,3
2025,Sean,Hill,IOL,NC State,Tulsa,0.82,3
2025,Wil,Saxton,IOL,Southern Miss,Arkansas State,0.83,3
2025,Jalen,Lee,DL,LSU,UNLV,,4
2025,Kendall,Stanley,OT,Charlotte,Pittsburgh,0.86,3
2025,Tyrek,Thompson,S,Troy,Johnson C. Smith,,
2025,Web,Davidson,OT,Virginia Tech,Samford,,3
2025,Austin,Barrett,OT,Indiana,Iowa State,0.85,3
2025,Zaquan,Patterson,S,Miami,Oklahoma State,0.87,3
2025,Trevor,Timmons,IOL,Georgia State,UTSA,0.84,3
2025,Cam,Davis,RB,San Diego State,,,3
2025,Marcus,Scott II,CB,California,Central Arkansas,,3
2025,Antoine,Booth,CB,James Madison,North Dakota State,,3
2025,Chris,Marable Jr.,DL,Wake Forest,Boston College,0.83,3
2025,Langston,Anderson,WR,Texas State,Abilene Christian,,4
2025,Makilan,Thomas,IOL,Arkansas State,Virginia,0.87,3
2025,Spencer,Jones,WR,Duke,,,3
2025,Adam,Samaha,K,North Carolina,Akron,0.79,2
2025,Malakai,Murphy,CB,Colorado,Southern Miss,0.79,2
2025,Ben,Bogle,LB,Southern Illinois,West Virginia,0.85,3
2025,Joey,Bearns III,TE,Charlotte,,,3
2025,Tavien,Ford,IOL,New Mexico,,,
2025,Justin,Wolf,TE,Kansas State,Western Kentucky,0.82,3
2025,Nate,Rutchena,TE,California,UC Davis,,3
2025,Walter,Young Bear,IOL,Tulsa,West Virginia,0.88,3
2025,Brady,Ploucha,IOL,Central Michigan,,,3
2025,Josh,McCray,RB,Illinois,Georgia,0.89,3
2025,Lucas,Osada,K,North Carolina,Illinois,,3
2025,JaDarious,Lee,OT,Florida International,Kennesaw State,0.82,3
2025,Malik,Tullis,DL,Eastern Michigan,Sacramento State,,3
2025,Logan,Cox,IOL,Kansas State,Old Dominion,0.8,3
2025,Owen,McGraw,WR,Eastern Michigan,Robert Morris,,2
2025,Carson,Osmus,OT,Washington State,Florida Atlantic,0.82,3
2025,C.J.,Johnson,S,Auburn,New Mexico,0.82,3
2025,Michael,Eneh,IOL,Fresno State,Houston Christian,,2
2025,Ty,Williams,S,Oklahoma State,Tulsa,0.82,3
2025,DJ,Mazzone,QB,North Carolina,,,
2025,Jordan,King,IOL,Purdue,Ball State,0.84,3
2025,Brody,Foley,TE,Indiana,Tulsa,0.85,3
2025,Karsten,Upchurch,OT,Mississippi State,Western Kentucky,0.8,3
2025,Jake,Maggio,LS,South Carolina State,,,
2025,Jordan,Favors,S,App State,,,3
2025,Trevor,Mayberry,IOL,Stanford,Mississippi State,0.86,3
2025,DJ,Jones,EDGE,Virginia,Florida A&M,,3
2025,Shamaar,Darden,S,Ole Miss,,,3
2025,Nick,Bakken,OT,South Dakota State,Washington State,0.83,3
2025,Jordan,Smart,WR,Ole Miss,Arkansas State,,
2025,JR,Wilson,WR,Virginia,Florida Atlantic,,3
2025,Ryan,Browne,QB,North Carolina,Purdue,0.86,3
2025,Jesse,Ramil,OT,Mississippi State,Charlotte,0.85,3
2025,Jack,Storey,IOL,Eastern Michigan,South Florida,,
2025,JT,Kitna,QB,Bowling Green,Stephen F. Austin,0.83,3
2025,Jackson,Bussey,EDGE,App State,Samford,,3
2025,Marcellus,Nash,EDGE,James Madison,Hampton,,3
2025,Tyler,Kirkwood,WR,Southern,Baylor,0.84,3
2025,Bradyn,Fleharty,QB,Yale,Ball State,0.8,3
2025,Tamarcus,Gray Jr.,WR,Louisiana Tech,Houston Christian,,3
2025,Jasaiah,Gathings,WR,UConn,Buffalo,,3
2025,Oryend,Fisher,EDGE,West Virginia,UTEP,0.84,3
2025,LJ,Green,CB,Troy,Tulane,0.85,3
2025,Jordan,Johnson,S,Southern Miss,UT Martin,,3
2025,A.J.,Haulcy,S,Houston,LSU,0.9,4
2025,MJ,Cannon,CB,Illinois State,Bowling Green,0.85,3
2025,Mekhi,Rodgers,CB,Saint Francis,James Madison,,
2025,Jeremiah,Mawali,IOL,James Madison,Prairie View A&M,0.8,3
2025,James,Thompson Jr.,DL,Wisconsin,Illinois,0.92,4
2025,Zelmar,Vedder,CB,Sacramento State,Houston,0.89,3
2025,Matthew,Caldwell,QB,Troy,Texas,0.84,3
2025,Jaylin,Jones,EDGE,UTEP,Baylor,0.84,3
2025,Ryan,Boultwood,TE,Boston College,San José State,0.81,3
2025,Gavin,Crawford,IOL,West Virginia,Virginia Tech,0.86,3
2025,Brock,Montgomery,WR,Marshall,Tennessee State,0.85,3
2025,Madden,Iamaleava,QB,Arkansas,UCLA,0.87,3
2025,Shko-Mak,Pahmahmie,DL,UNLV,Indiana State,,2
2025,Anthony,Pinnace III,CB,UTSA,Michigan State,0.86,3
2025,Dorian,Boyland,RB,Drake,Ohio,,
2025,Charles,Williams,CB,Wyoming,Georgetown,,3
2025,Paul,Gurrola,OT,North Texas,West Texas,,3
2025,Joshua,Dye,RB,UTEP,Southern Utah,,
2025,Lance,Holtzclaw,EDGE,Washington,Utah,0.86,3
2025,Jayden,Gray,EDGE,Louisiana Tech,Western Kentucky,0.84,3
2025,Sedrick,Smith,DL,Alabama A&M,Maryland,0.86,3
2025,Michel,Lucien,LB,Albany,Texas-Rio Grande Valley,,
2025,Raishein,Thomas,EDGE,Northern Illinois,Mississippi State,0.85,3
2025,Alvin,Gulley Jr.,DL,Yale,Northern Illinois,,
2025,Evan,Niemi,EDGE,Butler,San Diego,,2
2025,Mohamed,Kaba,LB,South Carolina,,,4
2025,Joey,Aguilar,QB,UCLA,Tennessee,0.85,3
2025,Gabe,Ervin Jr.,RB,Nebraska,Kansas State,0.84,3
2025,Owen,Spell,OT,Limestone,UCF,0.85,3
2025,Nolan,Hay,OT,Incarnate Word,South Carolina,0.85,3
2025,Dennard,Flowers,EDGE,Murray State,South Florida,0.84,3
2025,Jamari,Payne,EDGE,Purdue,North Alabama,,3
2025,Jalen,Brooks,LB,Campbell,Missouri State,0.84,3
2025,Caleb,Irving,DL,Purdue,Charlotte,0.84,3
2025,Michael,Fitzgerald II,WR,Central Missouri,Wyoming,0.81,3
2025,Brandon,Hawkins Jr.,WR,UAB,,,
2025,Aiden,Webb,K,UTEP,Prairie View A&M,,2
2025,Kadiyon,Sweat,S,Utah State,Southern Utah,,3
2025,Aiden,Kehm,IOL,Nevada,Arkansas State,,2
2025,Ezra,Christensen,DL,Fresno State,New Mexico State,,3
2025,William,Wells,S,UCF,East Tennessee State,,3
2025,Dylan,Manuel,DL,Charleston Southern,App State,0.85,3
2025,Tabias,Hinton,LB,Mississippi State,,,3
2025,Caleb,McMickle,QB,Houston,Western Kentucky,0.83,3
2025,VJ,Bronson,DL,North Texas,Rice,0.82,3
2025,Zach,Rice,IOL,North Carolina,Syracuse,0.86,3
2025,J.B.,Mitchell,WR,Eastern Michigan,Abilene Christian,,3
2025,Josh,Moten,CB,Marshall,Southern Miss,0.92,4
2025,Robert,McDaniel,QB,UCLA,San José State,0.85,3
2025,Jeremiah,Noga,WR,Oregon State,Washington State,0.85,3
2025,Dumela,Knox,OT,Middle Tennessee,Ferris State,,2
2025,L'Cier,Luter,DL,Ball State,Florida International,,3
2025,Jiquavious,Marshall,CB,Kentucky,Liberty,0.84,3
2025,Anfernee,Crease,OT,Kentucky,Texas State,0.82,3
2025,Dorian,Blackwell,CB,Maine,Texas-Rio Grande Valley,,2
2025,Trey,Caver,CB,Benedict,Old Dominion,,
2025,Zachary,Rogers,CB,Toledo,,,3
2025,Jordan,Kwiatkowski,LB,Central Michigan,,,3
2025,Kadin,Bailey,LB,Syracuse,Eastern Michigan,,3
2025,Cam,Burden,LB,Charlotte,Memphis,,3
2025,Jamar,Taylor Jr.,WR,Temple,,,3
2025,Mateo,Sudipo,S,Western Carolina,Bowling Green,0.85,3
2025,Jariel,Cobb,RB,North Carolina,Charlotte,0.83,3
2025,Koby,Gross,TE,Florida A&M,Ball State,0.82,3
2025,Almarion,Crim,OT,Chattanooga,South Dakota,,3
2025,Ryan,McKinnis,LB,App State,Western Carolina,,3
2025,Cam,Crooks,RB,Tulsa,Emporia State,,3
2025,Fabrizio,Pinton,K,Illinois,McNeese,,2
2025,Isaiah,Atchison,WR,Central Michigan,Mississippi Valley State,,3
2025,Cameron,Pascal,IOL,Memphis,Prairie View A&M,,2
2025,Saimone,Davis,TE,BYU,Stephen F. Austin,,3
2025,Michael,Teason,LB,Missouri State,TCU,0.86,3
2025,Andrew,Hancock,IOL,Marshall,Elon,,3
2025,Peyton,Garrett,EDGE,Northern Colorado,,,
2025,Noah,Gibson,CB,Shaw,Coastal Carolina,0.82,3
2025,Jordan,Davis,OT,South Alabama,,0.87,3
2025,Devin,Kargman,QB,Kent State,,,3
2025,Zachary,Clay,TE,Texas A&M,,,
2025,Reid,Williams,IOL,Chattanooga,UNLV,0.83,3
2025,Christian,Boivin,LB,Michigan,,,
2025,Sammy,Anderson Jr.,CB,Austin Peay,UConn,0.84,3
2025,Makari,Vickers,CB,Oklahoma,Colorado,0.87,3
2025,Isaiah,Crozier,CB,Youngstown State,UAB,,2
2025,Wayshawn,Parker,RB,Washington State,Utah,0.91,4
2025,Darren,Agu,EDGE,Vanderbilt,New Mexico,0.83,3
2025,Wyatt,Draeger,DL,San Diego State,Towson,0.82,3
2025,Dylan,Gooden,EDGE,Maryland,Sacramento State,0.85,3
2025,Justin,Payoute,S,Ferris State,,,
2025,Trenton,Scott,OT,Texas State,Nevada,0.84,3
2025,Navarion,Benson,CB,Louisiana Tech,UL Monroe,0.79,2
2025,Aidan,Ellison,K,Arkansas State,North Central College,,
2025,Garrison,Hickle,IOL,Indiana,Idaho,,
2025,Jayvion,Showers,WR,Arkansas State,Kilgore College,,
2025,Julian,Neal,CB,Stanford,Arkansas,0.92,4
2025,Jordan,Pierro,CB,Fresno State,Louisiana Tech,0.82,3
2025,Brock,Woolf,OT,Kansas State,South Dakota,,
2025,Durham,Harris,LS,Washington State,Vanderbilt,,
2025,Josh,Evans,WR,Middle Tennessee,Bethune-Cookman,,3
2025,Demari,Henderson,S,UCF,,,3
2025,Ta'Mere,Robinson,LB,Penn State,USC,0.89,3
2025,Darrian,Lewis,S,Akron,West Virginia,0.86,3
2025,Takeshi,Faupula,RB,New Mexico,,0.78,2
2025,Dylan,Gentry,WR,Auburn,Jacksonville State,0.81,3
2025,Kaden,Brown,QB,Louisiana Tech,Trinity Valley C.C.,0.79,2
2025,Keany,Parks,CB,Wyoming,Houston,0.85,3
2025,Tiger,Bachmeier,WR,Stanford,BYU,0.84,3
2025,Gabe,Brown,LB,Oklahoma State,Abilene Christian,,3
2025,David,Wohlabaugh Jr.,OT,Syracuse,Virginia,0.85,3
2025,Antoineo,Harris Jr.,EDGE,Utah State,UConn,0.82,3
2025,Justin,Holmes,TE,Marshall,Pittsburgh,0.83,3
2025,Jack,Sammarco,TE,West Virginia,Alabama,0.86,3
2025,Chase,Stevens,IOL,Florida,Kennesaw State,0.8,3
2025,Jackson,Cowgill,DL,Washington State,South Dakota,0.83,3
2025,Quimari,Shemwell,CB,Utah,California,0.84,3
2025,Will,Huggins,TE,Pittsburg State,Oklahoma,0.86,3
2025,Dallas,Holmes,TE,Lafayette,South Dakota,,
2025,Chris,Domercant,WR,Chattanooga,UCF,0.84,3
2025,Ethan,Hilliman,WR,Sacred Heart,Fort Hays,0.86,3
2025,Ramon,Pernas,LB,North Texas,Navarro College,,
2025,Anthony,Venneri,P,Ohio State,UCF,,
2025,Jaylon,Stone,DL,Southeast Missouri State,Vanderbilt,0.88,3
2025,Richie,Munoz,QB,Incarnate Word,Tennessee Tech,0.82,3
2025,Lincoln,Philyaw,QB,Texas State,Houston Christian,,
2025,Nolan,Munroe,WR,Army,Stetson,,
2025,Kason,Stokes,WR,UCF,Middle Tennessee,0.85,3
2025,Cameron,Powell,CB,Western Michigan,UT Martin,,3
2025,Elijah,Wilson,S,UNLV,Prairie View A&M,,
2025,Ja'Mez,Drummer,LB,Old Dominion,Towson,,2
2025,Tyler,Swann,DL,Alabama State,Tennessee Tech,,
2025,Blake,Steen,IOL,Virginia,Mississippi State,0.87,3
2025,Ky'won,McCray,LB,Jacksonville State,New Mexico,0.82,3
2025,Koa,Eldredge,WR,BYU,Hawai'i,,3
2025,Isaiah,Crawford,EDGE,Texas Tech,Abilene Christian,,4
2025,Hudson,Wilharm,ATH,North Carolina,NC State,,
2025,D'Wayne,Bain,IOL,South Florida,Valdosta State,,
2025,Thomas,Nance,TE,Bethune-Cookman,Temple,0.83,3
2025,Devynn,Cromwell,S,Texas Tech,Michigan State,0.85,3
2025,Willie,Nelson,S,Oklahoma State,,,3
2025,Julian,Dugger,QB,Pittsburgh,Washington State,0.86,3
2025,George,Okorie,EDGE,Vanderbilt,Ball State,0.84,3
2025,Shay,Taylor,LB,Ohio,Charlotte,0.86,3
2025,Cam,Rice,DL,Ohio,Maryland,0.86,3
2025,Jon,Mitchell,CB,Penn State,Georgia Tech,0.87,3
2025,Christian,Charles,S,Tennessee,Virginia,0.87,3
2025,Kenan,Johnson,CB,Utah,Virginia,0.85,3
2025,Justin,Crutchmer,LB,Oklahoma State,Ouachita Baptist,,
2025,Zach,Smith,LB,SMU,Western Kentucky,0.83,3
2025,Jarred,Sample,WR,Kansas,Kilgore College,,
2025,Carlos,Moore,OT,Elon,Maryland,0.87,3
2025,Blake,Nelson,TE,Toledo,,,2
2025,Tristan,Golightly,WR,Abilene Christian,Prairie View A&M,,3
2025,Jayden,Sweeney,S,Liberty,Florida Atlantic,0.83,3
2025,Sammy,Etienne,S,West Virginia,Marshall,0.86,3
2025,Daniel,Meunier,LS,Texas State,West Georgia,,
2025,Jamauri,Knox,WR,Liberty,UNC-Pembroke,,3
2025,Carter,Hewitt,DL,Northern Iowa,Illinois,0.85,3
2025,Caleb,Sempebwa,K,Hawai'i,,,
2025,Ashaad,Hall,EDGE,South Carolina State,UTEP,0.85,3
2025,Placide,Djungu-Sungu,S,Duke,Baylor,0.83,3
2025,Aidan,Steinfeldt,TE,Marshall,Richmond,,3
2025,Anthony,Jones,EDGE,Michigan State,UCLA,0.86,3
2025,Liam,Lindo,CB,Arkansas-Pine Bluff,Bryant,,
2025,Jack,Harvey,LB,Wyoming,,,3
2025,Jarnorris,Hopson,WR,Ole Miss,Lane College,,3
2025,Caleb,Bryant,IOL,Old Dominion,,,
2025,Will,Leys,IOL,San José State,,,3
2025,Dewey,Greene,EDGE,Southern Illinois,Incarnate Word,,
2025,Josh,Daniel,IOL,Alabama State,Coastal Carolina,0.82,3
2025,James,Resar,QB,Iowa,Independence C.C.,0.86,3
2025,Miles,Mitchell,EDGE,Monmouth,Purdue,0.88,3
2025,Santos,Valdez,IOL,East Texas A&M,New Mexico State,,
2025,Steve,Angeli,QB,Notre Dame,Syracuse,0.88,3
2025,Wyatt,Wright,LB,Arkansas State,,0.82,3
2025,Lincoln,Tuioti-Mariner,S,Air Force,Southern Utah,,3
2025,Lee,Molette,S,UConn,,,3
2025,Bert,Auburn,K,Texas,Miami,,
2025,David,Borchers,DL,Nebraska,Western Illinois,,3
2025,Eriq,George,EDGE,Tennessee State,Bowling Green,0.82,3
2025,James,Shellman,CB,Middle Tennessee,Savannah State,,3
2025,Armone,Harris,WR,Clark Atlanta,Johnson C. Smith,,
2025,Deuce,Spann,WR,Florida State,Pittsburgh,0.87,3
2025,Deven,Wright,EDGE,Texas State,Sacramento State,0.86,3
2025,Jordan,Hall,OT,UAB,North Carolina,0.87,3
2025,Jaden,Price,S,Eastern Michigan,Eastern Washington,,2
2025,Nico,Ottomanelli,K,Nebraska,Sam Houston,,2
2025,Anthony,Rucker,TE,North Carolina A&T,,,2
2025,Gavin,Forsha,LB,South Alabama,Tennessee State,,
2025,Martes,Lewis,IOL,Minnesota,Northwestern,0.86,3
2025,AJ,Odums,CB,UTEP,,,2
2025,Morgan,Suarez,K,Florida Atlantic,James Madison,,
2025,Zaire,Flournoy,IOL,UAB,Florida International,0.83,3
2025,Treaden,Henry,OT,Marshall,Campbell,,
2025,Rayquan,Bell,IOL,Houston,Prairie View A&M,,3
2025,Hayes,Galloway,IOL,North Carolina,Clemson,,
2025,Joe,Cotton,OT,South Dakota,Cincinnati,0.91,4
2025,Elijah,Brody,LB,New Mexico,,,
2025,Dillon,Hipp,TE,Ole Miss,Missouri State,,3
2025,Evan,Jackson,CB,Stanford,,,
2025,Nathan,Pritchard,OT,Washington State,Idaho,,3
2025,Tylen,Gonzalez,DL,Arizona,,,3
2025,Kamal,Bonner,LB,NC State,Miami,0.88,3
2025,John,Gayer,EDGE,California,Utah State,0.79,2
2025,Terik,Mulder,TE,Limestone,Kent State,0.81,3
2025,Keshawn,Lyons,CB,McKendree,Northern Illinois,,
2025,Dave,Herard,CB,Western Kentucky,,,3
2025,Michael,Hall,WR,North Carolina,,,
2025,Carson,Lee,IOL,Mississippi State,West Virginia,0.88,3
2025,Tyrone,Jackson,WR,Boise State,,,3
2025,Braylon,Johnson,S,Virginia Tech,Wake Forest,0.83,3
2025,Kegan,Mountain,CB,Eastern Michigan,Northern State,0.84,3
2025,Melvin,Swindle II,DL,Eastern Michigan,Sacramento State,,3
2025,Trey,Williams,CB,Air Force,,,
2025,Will,Faris,K,Vanderbilt,Incarnate Word,,
2025,Garth,White,K,USC,Rhode Island,,
2025,Amare,Garrett,CB,Toledo,Troy,,
2025,AJ,Davis,CB,SMU,Washington State,0.84,3
2025,De'Marion,Thomas,DL,Vanderbilt,Oklahoma State,0.87,3
2025,Jonathan,Cabral-Martin,CB,Northern Iowa,,,
2025,Al,Sandifer,DL,Western Kentucky,Austin Peay,,2
2025,Shaikh,Thompson,EDGE,East Carolina,Coastal Carolina,,3
2025,Andrew,Harris,LB,UCF,Arkansas,0.85,3
2025,Breylan,Thompson,CB,Yale,Stanford,0.84,3
2025,Johann,Cardenas,RB,Vanderbilt,Minnesota,0.86,3
2025,Josaiah,Knight,EDGE,Mississippi State,Western Kentucky,0.85,3
2025,Caleb,Sandstrom,EDGE,St. Thomas,App State,0.82,3
2025,Colin,Chase,WR,St. Thomas,Temple,0.84,3
2025,AJ,Miller,QB,Syracuse,William & Mary,,
2025,Quinzavious,Warren,DL,UTEP,Southern Miss,0.8,3
2025,Caleb,Coleman,S,Texas State,New Mexico,0.82,3
2025,Zayden,Martinez,WR,Kansas State,Central Oklahoma,,
2025,Montrel,Hatten Jr.,WR,Oregon State,West Texas,,3
2025,Shaadie,Clayton-Johnson,RB,North Texas,,,4
2025,Brenden,Segovia,P,Maryland,,,2
2025,Kameron,Durant,IOL,East Carolina,Campbell,,3
2025,Miguel,Camboia,WR,Alabama,,,
2025,Ryan,Gaea,EDGE,San Diego State,Duquesne,,3
2025,Earl,Miller Jr.,DL,Bethune-Cookman,Florida Atlantic,,3
2025,Dylan,Goffney,WR,Colorado State,SMU,0.83,3
2025,Eni,Falayi,TE,Utah Tech,Wake Forest,0.84,3
2025,Branson,Robinson,RB,Georgia,Georgia State,0.87,3
2025,A.J.,Pena,EDGE,Memphis,Rhode Island,0.87,3
2025,Hunter,Luke,WR,Kansas,Texas-Rio Grande Valley,,
2025,Jayden,McDonald,LB,Virginia Tech,UCF,0.86,3
2025,Naiem,Simmons,WR,South Florida,UConn,0.85,3
2025,Jack,Bernstein,LS,UCF,Kennesaw State,0.78,2
2025,Matthew,Sluka,QB,UNLV,James Madison,0.88,3
2025,Caleb,Anderson,CB,Louisiana,Michigan,0.85,3
2025,Timothy,Passmore Jr.,DL,UConn,Massachusetts,0.82,3
2025,Walker,Himebauch,LS,Kentucky,Colorado State,,
2025,TJ,Johnson,TE,West Virginia,Southern Miss,0.8,3
2025,Wrook,Brown,S,Wyoming,Houston,0.85,3
2025,Tristan,Wiley,WR,UL Monroe,Harding,,
2025,Keyaan,Abdul-Rahim,LB,NC State,Murray State,,
2025,Braden,Davis,QB,Syracuse,Hampton,,3
2025,Nick,Billoups,QB,UCLA,,,3
2025,Caleb,Moore,DL,Southern Miss,Georgia Southern,,3
2025,Adham,Abouraya,IOL,Pittsburgh,Eastern Michigan,0.83,3
2025,Carter,Enyard,LB,Michigan State,Bucknell,,3
2025,Woo,Spencer,DL,Louisville,SMU,0.87,3
2025,D'Nas,White,DL,Florida State,,,3
2025,Stephen,Johnson,DL,McNeese,South Alabama,0.84,3
2025,Landon,Morris,TE,Temple,California,0.84,3
2025,Holden,Geriner,QB,Auburn,Texas State,0.84,3
2025,Caleb,Johnston,LS,California,Rutgers,,
2025,Evan,Haynes,WR,North Carolina,Georgia Tech,0.86,3
2025,Khai,Isaac,TE,Georgia Southern,Georgia Military,,
2025,DJ,Taylor Jr.,S,Cincinnati,Texas State,0.8,3
2025,Orlando,Daniels,EDGE,Arkansas State,Chattanooga,0.81,3
2025,Blake,Martin,IOL,Coastal Carolina,Mercer,0.8,3
2025,Kadin,Schmitz,LB,Ohio,Charlotte,0.83,3
2025,Oliver,Billotte,DL,Kent State,Rutgers,0.85,3
2025,Maealiuaki,Smith,QB,Oklahoma State,Ole Miss,0.85,3
2025,David,Abiara,EDGE,SMU,Texas State,0.83,3
2025,Jalen,Hand,DL,Western Kentucky,Eastern Kentucky,,
2025,Race,Stewart,DL,Indiana,Western Michigan,0.8,3
2025,Zack,Homan,RB,San José State,Idaho State,,2
2025,Cole,LaCrue,QB,Wisconsin,Eastern Illinois,0.8,3
2025,Elin,Jones,EDGE,Johnson C. Smith,Western Kentucky,0.81,3
2025,Vaughn,Johnson,TE,Miami (OH),Lindenwood,,
2025,Matt,Appel,OT,Navy,Dayton,,
2025,Joey,Wright,OT,Sacramento State,,0.82,3
2025,Keontae,Jenkins,CB,Coastal Carolina,Delaware,0.82,3
2025,Keona,Peat,IOL,Arizona State,Arizona,0.83,3
2025,Zac,Yoakam,K,Notre Dame,Houston,,
2025,Joep,Engbers,IOL,Illinois,Liberty,0.78,2
2025,Josh,Philostin,CB,Indiana,Rhode Island,0.86,3
2025,Jaylan,Brown,WR,Michigan State,UTEP,0.85,3
2025,Nathan,Leacock,WR,Purdue,North Carolina,0.86,3
2025,Troy,Pikes,DL,Georgia Southern,South Carolina,0.85,3
2025,D'Andre,Barnes,S,Nebraska,Utah State,0.81,3
2025,Obinna,Onwuka,EDGE,West Virginia,Coastal Carolina,0.84,3
2025,David,Washington,WR,Utah,Purdue,0.85,3
2025,Desmond,Jackson,OT,North Carolina,Coastal Carolina,0.83,3
2025,Malik,Williams,OT,San José State,New Mexico State,,3
2025,Jaden,Maronen,LB,Baylor,Lamar,,
2025,Brendan,Bett,DL,Baylor,Florida,0.86,3
2025,Charles,Correa,LB,UNLV,Purdue,0.85,3
2025,Brayden,Dorman,QB,Arizona,,,4
2025,Trey,Lubin,S,Memphis,Rhode Island,,2
2025,Vince,Fiacable,IOL,Indiana,Florida Atlantic,0.81,3
2025,Davi,Belfort,QB,Virginia Tech,UCF,0.82,3
2025,Myles,Williams,EDGE,California,Nevada,0.82,3
2025,Chris,Peal,CB,Georgia,Syracuse,0.86,3
2025,Chris,Gant Jr.,S,North Texas,New Mexico,0.83,3
2025,Klabron,Pollard,OT,Southern Miss,Nicholls,,3
2025,CJ,Hester,RB,Massachusetts,Michigan,0.86,3
2025,Camden,DeGraw-Tryall,EDGE,Washington State,Boise State,,3
2025,Colton,Peoples,LS,UT Martin,Washington State,,
2025,Xavier,Leigh,RB,Sacred Heart,North Dakota,,2
2025,Kaevion,Mack,WR,Western Michigan,Illinois State,,3
2025,Ben,Corniello,DL,Columbia,Florida Atlantic,,
2025,Chris,Long,WR,Rutgers,Montana State,0.83,3
2025,Chris,Gacayan II,TE,Mary Hardin Baylor,Tulsa,0.82,3
2025,Damarius,McGhee,CB,Kansas,Florida Atlantic,,4
2025,Quincy,Burroughs,WR,Wisconsin,Western Kentucky,0.82,3
2025,Dylan,Mauro,P,Washington State,UC Davis,,
2025,Jackson,Veasy,DL,Jacksonville State,,,
2025,Rico,Walker,TE,Auburn,Purdue,0.85,3
2025,Jax,Brown,QB,Sam Houston,Arkansas State,0.83,3
2025,Bert,Emanuel Jr.,QB,Central Michigan,San Diego State,0.82,3
2025,Quentin,Hayes,QB,Air Force,The Citadel,,
2025,Kendric,Nowling,LB,Eastern Michigan,Norfolk State,,2
2025,Miquon,Merriweather,DL,UAB,Southwest Mississippi C.C.,,
2025,Adam,Hickerson,IOL,Gardner-Webb,Arkansas State,,
2025,KingJoseph,Edwards,EDGE,Syracuse,,0.88,3
2025,Christopher,Allen Jr.,DL,North Carolina A&T,,,3
2025,Jaheim,Jenkins,S,Eastern Michigan,Jacksonville State,0.82,3
2025,JoJo,Stone,WR,Louisville,Florida International,0.83,3
2025,James,Ferguson-Reynolds,P,Boise State,Oregon,,2
2025,Ethan,Myers,LS,Chattanooga,Mississippi State,,
2025,Malik,Agbo,OT,Texas,West Virginia,0.85,3
2025,Rico,Steele,IOL,Bowling Green,Kent State,0.81,3
2025,Jalen,Bell,DL,Tennessee State,Memphis,0.81,3
2025,Brandon,Nunez,QB,New Mexico State,Mississippi Valley State,,
2025,Josh,Dorsainvil,EDGE,UCF,,,
2025,Taje,McCoy,EDGE,Colorado,Oklahoma State,0.87,3
2025,Cahari,Haynes,LB,App State,Gardner-Webb,,3
2025,Charles,DePrima,QB,Harvard,,,2
2025,Dylan,Tapley,TE,Arizona,San Diego,,3
2025,Nick,Munson,WR,Ball State,Butler,,
2025,Peyton,Ellis,OT,Marshall,Marshall,,
2025,Peyton,Faulkner,TE,Kent State,Towson,,
2025,Tom,Weston,P,Ouachita Baptist,Minnesota,,2
2025,Jacob,Merritt,IOL,Michigan State,Buffalo,0.79,2
2025,Cameron,Hollobaugh,LB,Walsh,Ohio,0.84,3
2025,Timir,Hickman-Collins,LB,Florida State,North Carolina,0.85,3
2025,Dylan,Jemtegaard,IOL,California,Montana,,3
2025,Jaden,McGill,RB,Tennessee State,Western Kentucky,0.84,3
2025,Lexington,Matthews,P,James Madison,Louisiana Tech,,
2025,Cutter,Stewart,QB,Houston Christian,,,
2025,Keanon,McNally,OT,Old Dominion,Cal Poly,,3
2025,Mekhi,Hagens,QB,Arkansas-Pine Bluff,Lamar,,
2025,Isiah,Davis,CB,UConn,Florida A&M,,
2025,Sam,Cook,EDGE,Southeast Missouri State,Nevada,0.83,3
2025,Derrell,Farrar,LB,App State,Liberty,0.82,3
2025,Jeremiah,Orr,OT,Hampton,Jacksonville State,0.84,3
2025,Joshua,Singh,DL,BYU,Vanderbilt,0.84,3
2025,Otto,Hess,IOL,Boston College,Ball State,0.82,3
2025,Jarret,Nielsen,QB,Hawai'i,,0.81,3
2025,Jaylon,Armstead,RB,San Diego State,Portland State,,3
2025,Marquis,Bell,CB,Liberty,UC Davis,,3
2025,Ja'Den,McBurrows,CB,Michigan,App State,0.85,3
2025,Luke,Bauer,P,Missouri,Michigan,,
2025,Brady,Kerperin,LB,Air Force,Iowa Western C.C.,,
2025,Jeffrey,Simmons,TE,Ball State,,,3
2025,Jordan,Kinsler,RB,Rutgers,,,
2025,Leshon,Williams,RB,Iowa,Kansas,0.85,3
2025,Jace,Wilson,WR,UTSA,Sacramento State,,3
2025,Adam,Damante,QB,Arizona,Tennessee State,,2
2025,Ahmarian,Granger,WR,Akron,,,3
2025,Joshua,Acord,TE,Southern Utah,App State,0.83,3
2025,Q'Daryius,Jennings,RB,Murray State,Tennessee Tech,,2
2025,Dayton,Sneed,WR,Tennessee,North Carolina,0.83,3
2025,Anthony,Rosas,OT,UNLV,Abilene Christian,,3
2025,Emmanuel,Waller,EDGE,UAB,South Alabama,0.83,3
2025,Mecca,Carr-Bordeaux,DL,Tennessee State,North Carolina A&T,,
2025,Kiel,Eldridge,EDGE,Toledo,Alabama A&M,,3
2025,Cale,Breslin,RB,BYU,Montana State,0.85,3
2025,Rasheed,Reason,CB,Old Dominion,East Carolina,0.83,3
2025,Tyler,Scott,DL,Kennesaw State,UTEP,0.84,3
2025,Jordan,Larsen,IOL,South Dakota,Duke,0.85,3
2025,Grayson,Cutchlow,LB,Missouri,Missouri State,,2
2025,TJ,Hartley,K,Georgia Southern,,,
2025,Frankie,Tinilau,IOL,Miami,East Tennessee State,,3
2025,Cole,Kozlowski,LB,Colgate,UCF,0.86,3
2025,Jamari,Holliman,CB,Florida International,South Dakota State,,3
2025,TaShawn,Jeter,CB,Marshall,,,
2025,Trevor,Woods,S,Colorado,Jacksonville State,0.86,3
2025,Wildrekus,Johnson,CB,Southern Miss,East Central C.C.,,3
2025,Ravon,Johnson,EDGE,Alabama A&M,Tennessee State,,
2025,JB,Nelson,IOL,Penn State,Kansas State,0.88,3
2025,Greg,Smith,S,Florida,North Carolina,0.88,3
2025,Ian,Flynt,TE,Nebraska,NC State,0.84,3
2025,Keveion'ta,Spears,DL,Memphis,SMU,0.86,3
2025,Joshua,Goines,TE,Tulane,New Mexico State,0.83,3
2025,Syncere,Massey,DL,Texas Southern,Sacramento State,,3
2025,DJ,Warnell Jr.,S,North Texas,Nevada,0.83,3
2025,Andres,Dewerk,OT,App State,Ohio,0.81,3
2025,Rino,Monteforte,LS,Notre Dame,California,,2
2025,Kyle,Cunanan,K,California,Nebraska,0.79,2
2025,Noah,King,CB,Kansas State,Colorado,0.9,4
2025,Tyson,Davis,WR,Central Michigan,,,3
2025,Marc,Nave Jr.,IOL,Kentucky,Purdue,0.85,3
2025,Larry,Johnson III,OT,Tennessee,Colorado,0.87,3
2025,Blake,Boenisch,DL,Rice,,,3
2025,Jer'Michael,Carter,WR,McNeese,Oklahoma,0.87,3
2025,Lance,Mason,TE,Missouri State,Wisconsin,0.86,3
2025,Brandon,Buckhaulter,WR,Western Kentucky,UL Monroe,0.83,3
2025,Calvin,Johnson II,WR,Northwestern,Tulsa,0.82,3
2025,Sterling,Lane II,EDGE,Arizona,Boise State,0.87,3
2025,Maruio,White Jr.,EDGE,Tulsa,,,3
2025,Terrill,Davis,WR,Central Oklahoma,Oklahoma State,0.88,3
2025,Jamario,Clements,RB,Duquesne,Wake Forest,0.85,3
2025,Josh,Richards,WR,Maryland,Arkansas-Pine Bluff,,3
2025,Devin,Robinson,S,Tulsa,,,3
2025,Kadinn,Morris,TE,Western Michigan,Southern Miss,0.81,3
2025,Khristian,Dunbar-Hawkins,CB,UCLA,North Carolina,0.85,3
2025,Collin,Westfelt,LS,Jacksonville State,,,
2025,Grant,Reddick,K,UCF,,,2
2025,Jailen,Holmes,WR,Oregon State,UAB,0.81,3
2025,Tyrese,Hunt-Thompson,WR,Ferris State,North Texas,0.83,3
2025,Jonny,Sorensen,QB,Bowling Green,,,3
2025,Nick,Esposito,DL,Western Michigan,Northwest Missouri State,,
2025,DonTerry,Russell,EDGE,Mississippi State,Texas State,0.85,3
2025,Romario,Noel,S,Baylor,Abilene Christian,,3
2025,Ta'Derius,Collins,EDGE,Indiana,Texas State,,3
2025,Andre,Davis,WR,Kansas State,,,3
2025,Ty,Banco,IOL,Texas A&M,Pittsburgh,,
2025,Jaylen,Wester,LB,Colorado,Western Kentucky,0.83,3
2025,Reagan,Gill,IOL,SMU,McNeese,,3
2025,Jamarrion,Solomon,DL,Florida International,Charlotte,0.87,3
2025,Mason,Woods,LB,Kent State,,,2
2025,Marcel,Williams,WR,Marshall,Akron,,3
2025,Logic,Hudgens,CB,Florida Atlantic,Texas-Rio Grande Valley,,3
2025,Greg,Burrell,RB,Texas State,,0.85,3
2025,Denis,Lynch,K,USC,San José State,,
2025,Kolbe,Cage,S,Southern Miss,Northwestern State,,3
2025,Carlos,Alvarado,K,Texas State,Stephen F. Austin,,
2025,Christopher,Eaton Jr.,EDGE,Hampton,Sam Houston,0.82,3
2025,Phillip,Lee,EDGE,Troy,Arkansas,0.88,3
2025,Chasen,Johnson,CB,UCF,USC,0.88,3
2025,Var'Keyes,Gumms,TE,Arkansas,UNLV,0.85,3
2025,Damon,Bankston,RB,Weber State,New Mexico,0.85,3
2025,Javien,Cuff,WR,Buffalo,Texas-Rio Grande Valley,,2
2025,Tyrane,Stewart,CB,North Carolina,North Texas,0.81,3
2025,Jaedon,Wilson,WR,Arkansas,UCLA,0.83,3
2025,Simeon,Price,RB,Coastal Carolina,Colorado,0.83,3
2025,Nitro,Tuggle,WR,Georgia,Purdue,0.87,3
2025,Leo,Blackburn,WR,Georgia Tech,Georgia State,0.82,3
2025,KC,Concepcion,WR,NC State,Texas A&M,0.94,4
2025,Christian,Leary,WR,Georgia Tech,Western Michigan,0.83,3
2025,Mycah,Pittman,WR,Utah,,,4
2025,Josh,Meredith,WR,Washington State,,,3
2025,Ty,Washington,TE,Arkansas,Notre Dame,0.84,3
2025,K.D.,Arnold,OT,Jacksonville State,UCLA,0.85,3
2025,Jace,Arnold,CB,Wisconsin,Sam Houston,,3
2025,Jack,Powers,IOL,Cornell,Missouri,0.82,3
2025,Elias,Owens,EDGE,Bowling Green,,,3
2025,Baylor,Hayes,QB,East Tennessee State,Tulsa,0.82,3
2025,Phaizon,Wilson,WR,Akron,UT Martin,,3
2025,Jimmy,Liston,IOL,Purdue,Utah State,0.78,2
2025,Nathaniel,Chandler,DL,Sacred Heart,Toledo,0.82,3
2025,Myles,Ewell,OT,Kansas,Missouri State,,
2025,Tyler,Dostin,TE,UT Martin,West Florida,,3
2025,Trey,Krause,S,Kansas State,Bryant,,2
2025,Jerrod,Cameron,CB,Western Illinois,Texas-Permian Basin,,3
2025,Rodrick,Pleasant,CB,Oregon,UCLA,0.87,3
2025,Semaj,James,CB,Troy,Hawai'i,0.81,3
2025,Trever,Jackson,QB,Florida State,Arkansas,0.85,3
2025,Eric,Fletcher,CB,East Carolina,Oklahoma State,0.85,3
2025,Tyler,Scott,CB,Auburn,Georgia State,0.86,3
2025,Zach,Hobson,CB,West Virginia State,Old Dominion,,
2025,Jamari,Person,WR,Colorado State,Liberty,0.84,3
2025,Landon,Ibieta,WR,LSU,Nicholls,,3
2025,Logan,Tanner,TE,San Diego State,Sacramento State,,3
2025,Kendall,Karr,TE,Coastal Carolina,,,3
2025,Tyler,Devera,TE,Elon,,,3
2025,Dasan,McCullough,LB,Oklahoma,Nebraska,0.9,4
2025,Bryson,Parker,S,Richmond,Stony Brook,0.84,3
2025,Keshawn,Lynch,EDGE,Norfolk State,,,
2025,Wesley,Edison,LB,Kansas,Coffeyville C.C.,,
2025,Mohamed,Toure,LB,Rutgers,Miami,0.86,3
2025,Bai,Jobe,EDGE,Kansas,Miami (OH),0.85,3
2025,Horatio,Fields,WR,Wake Forest,Auburn,0.92,4
2025,Terrez,Worthy,RB,Temple,,,
2025,Pig,Cage,S,Louisiana Tech,Incarnate Word,,3
2025,Michael,Merdinger,QB,North Carolina,Liberty,0.86,3
2025,Rocco,Nicholl,LB,Kent State,South Florida,0.82,3
2025,Chase,Nenad,WR,Yale,,,3
2025,Justin,Kimber,WR,UL Monroe,UT-Rio Grande Valley,,3
2025,Jayden,Weber,WR,Sacramento State,,,2
2025,Trayvon,Rudolph,WR,Northern Illinois,Toledo,0.86,3
2025,Luke,Seib,WR,UTEP,Louisiana Tech,0.8,3
2025,Joshua,Pierre-Louis,CB,West Georgia,Marshall,,3
2025,Malachi,Madison,DL,Virginia Tech,Massachusetts,0.84,3
2025,Zackary,Drawdy,WR,UConn,Indiana State,,3
2025,DJ,Stepney,S,Marshall,Akron,0.82,3
2025,Savion,Riley,S,Colorado,Georgia Tech,0.84,3
2025,Dylan,Tucker,CB,Elon,Utah State,0.83,3
2025,Luke,Colella,WR,Princeton,Villanova,,
2025,Charlotin,Charles,LB,Fresno State,,,3
2025,Caleb,Walker,S,St. Thomas,UTEP,0.82,3
2025,Eric,Willis III,WR,California (PA),UTEP,0.82,3
2025,Marcos,Davila,QB,Purdue,Nebraska,0.87,3
2025,Kasen,Carpenter,IOL,Tulsa,Oklahoma State,0.83,3
2025,Talyn,Hunter,IOL,Old Dominion,,0.79,2
2025,Austin,Gentle,IOL,Harvard,Memphis,0.85,3
2025,Derek,Simmons,OT,Western Carolina,Oklahoma,0.88,3
2025,David,Fisher,CB,Sam Houston,North Texas,0.82,3
2025,Justyn,Rhett,S,Georgia,Nebraska,0.86,3
2025,Marcus,Williams,OT,TCU,,,3
2025,Eli,Sutton,IOL,North Carolina,Austin Peay,,4
2025,Tommy,Matheson,IOL,Princeton,Boston College,0.84,3
2025,Jake,Jensen,QB,USC,Montana,0.83,3
2025,J’Shun,Bodiford,OT,Middle Tennessee,,,3
2025,Cazeem,Moore,EDGE,Elon,Virginia,0.86,3
2025,Caden,Kitler,IOL,UCF,Arkansas,0.86,3
2025,Braylen,Ragland,QB,Georgia State,Alabama State,,3
2025,Davis,Watson,OT,Cornell,,,
2025,Miles,Davis,RB,BYU,Utah State,0.81,3
2025,Tayvion,Galloway,TE,Purdue,Middle Tennessee,0.85,3
2025,Keeshawn,Silver,DL,Kentucky,USC,0.91,4
2025,Tupu,Alualu,DL,San Diego State,,,
2025,Jamar,Rucks,EDGE,Kennesaw State,,,3
2025,Jason,Brooks Jr.,IOL,Oklahoma State,Houston,0.85,3
2025,Tyson,Watson,DL,Massachusetts,Campbell,,3
2025,Phoenix,Rose,CB,Sacramento State,College of San Mateo,,3
2025,Jalen,Brown,WR,Florida State,Arkansas,0.86,3
2025,Dylan,Rizk,QB,UCF,Stanford,0.86,3
2025,Jake,Stonebraker,LB,Kansas State,Austin Peay,,3
2025,Don,Munnerlyn,EDGE,Toledo,UTSA,0.81,3
2025,Horace,Lockett,DL,Georgia Tech,UCF,0.86,3
2025,Beni,Mwamba,CB,Chattanooga,Memphis,0.85,3
2025,Carson,Kent,TE,Kennesaw State,Oklahoma,0.84,3
2025,Jaylen,Moson,CB,Furman,Utah,0.85,3
2025,Jacob,Petersen,TE,Holy Cross,Toledo,0.85,3
2025,Bryce,Myers,TE,Pennsylvania,,,
2025,Leron,Husbands,TE,Maryland,Tulane,0.8,3
2025,Arian,Gregory,LB,Southern Miss,,,3
2025,Thomarius,Walker,DL,Kennesaw State,Memphis,0.85,3
2025,John,Bock II,IOL,Florida International,Tulane,,3
2025,Micah,Riley,TE,Auburn,Texas A&M,0.88,3
2025,Nick,Booker-Brown,DL,UTSA,Norfolk State,,3
2025,Taran,Tyo,OT,Ball State,Cincinnati,0.84,3
2025,Chris,Dietrich,QB,Temple,Bucknell,,3
2025,Luther,McCoy,DL,Minnesota,Hawai'i,,3
2025,Demarcus,Hendricks,EDGE,Texas A&M-Kingsville,,,3
2025,Max,Dowling,TE,UT Martin,Massachusetts,,
2025,Zachariah,Branch,WR,USC,Georgia,0.95,4
2025,Joshua,Hardy,EDGE,North Carolina A&T,Weber State,,3
2025,Bangally,Kamara,LB,South Carolina,Kansas,0.87,3
2025,Tahj,Bullock,QB,Akron,Colorado State,0.84,3
2025,Rod,Orr Jr.,OT,Toledo,UAB,,4
2025,TrayVaughn,Swanigan,DL,Coastal Carolina,Southern Utah,,
2025,Wyatt,Becker,QB,Utah,Princeton,,3
2025,Kabriel,Anderson-Dale,LB,North Texas,Northwestern State,,3
2025,Eli,Stein,LS,Wisconsin,Cincinnati,,2
2025,Helaman,Ofahengaue,LB,Utah,Utah Tech,,2
2025,Stefon,Young-Rolle,DL,Alabama State,Tennessee Tech,,
2025,Brent,Helton,IOL,Iowa State,Arizona State,0.84,3
2025,Jonathan,Jean,S,Rice,East Carolina,0.82,3
2025,Da'Shawn,Womack,EDGE,LSU,Ole Miss,0.9,4
2025,Bryce,Capers,EDGE,Florida,,,3
2025,Tyler,Huenemann,DL,Harvard,,,3
2025,Brandon,Svets,EDGE,Harvard,,,3
2025,Danny,Royster,EDGE,Ball State,,,3
2025,Jahon,Myers,EDGE,Kennesaw State,Florida A&M,,
2025,Tai,Newhouse,DL,Tulsa,,,2
2025,Alvin,Gulley Jr.,DL,Yale,,,2
2025,Jaylan,Jarrett,DL,Kennesaw State,,,
2025,Owen,Ostroski,EDGE,Tulsa,Northern Iowa,,3
2025,Chris,Davis Jr.,EDGE,Georgia State,East Tennessee State,,3
2025,Jacob,Psyk,DL,Harvard,UC Davis,,3
2025,Marcus,Howard,EDGE,Northern Colorado,Austin Peay,,
2025,Clev,Lubin,EDGE,Coastal Carolina,Louisville,0.87,3
2025,Garrett,Morphis,IOL,Texas Tech,Northwestern State,,
2025,Moritz,Schmoranzer,IOL,Pittsburgh,App State,0.84,3
2025,Jalen,McClendon,CB,Tennessee State,Bowling Green,0.85,3
2025,Kirkland,Michaux,QB,Illinois,Mary Hardin Baylor,,
2025,James,Schott,EDGE,Michigan State,Miami (OH),0.84,3
2025,Trebor,Pena,WR,Syracuse,Penn State,0.91,4
2025,John,Grant III,TE,Coastal Carolina,South Carolina State,,3
2025,Jayven,Williams,CB,Kennesaw State,Mississippi State,0.84,3
2025,Kam,Sallis,LB,Kansas State,Jackson State,,3
2025,Solomon,Tuliaupupu,EDGE,USC,Montana,,4
2025,Conner,Weigman,QB,Texas A&M,Houston,0.91,4
2025,Cole,Wisniewski,S,North Dakota State,Texas Tech,0.89,3
2025,Reggie,Peterson,LB,Florida International,,,3
2025,Marcus,Alexander,LB,Harvard,,,2
2025,Tyler,Lepolo,LB,Temple,,,2
2025,Amir,Johnson,OT,Merrimack,Boston College,0.86,3
2025,John,Tessmann,LB,Davidson,,,
2025,Brandon,Rawls,LB,Saginaw Valley State,Oklahoma State,0.86,3
2025,Drew,Francis,LB,Middle Tennessee,East Tennessee State,,3
2025,Garland,Benyard,LB,Kennesaw State,,,
2025,Tyson,Meiguez,LB,Murray State,Duquesne,,3
2025,Dallas,Walker IV,DL,Western Kentucky,Auburn,0.86,3
2025,Phillip,Daniels,OT,Minnesota,Ohio State,0.91,4
2025,Dominick,Giudice,IOL,Michigan,Missouri,0.87,3
2025,Cameron,Upshaw Jr.,S,Memphis,UTSA,0.83,3
2025,Lucas,Austin,OT,West Virginia,Virginia Tech,0.85,3
2025,Jaren,Hamilton,WR,Alabama,Arizona State,0.87,3
2025,DD,Snyder,S,Ball State,Massachusetts,0.83,3
2025,Nathaniel,Wallace-Dilling,P,UConn,Texas-Rio Grande Valley,,
2025,Nico,Iamaleava,QB,Tennessee,UCLA,0.98,5
2025,E.J.,Wilson,RB,Temple,Abilene Christian,,3
2025,George,Wilson,EDGE,Campbell,South Carolina,0.86,3
2025,Titus,Ivy,WR,Virginia,Kilgore College,,
2025,Wade,Helton,IOL,Iowa State,Arizona State,0.85,3
2025,Chase,Riedel,IOL,Toledo,Lake Erie College,,
2025,Zack,Boehly,OT,East Carolina,,,3
2025,Ryan,Ward,TE,North Carolina,West Virginia,0.84,3
2025,Jacobie,Henderson,CB,Marshall,Rutgers,0.86,3
2025,Jshawn,Frausto-Ramos,S,Stanford,Arizona,0.85,3
2025,Cornell,Allen,S,Charlotte,,,3
2025,Tyrik,McDaniel,S,Indiana,The Citadel,0.82,3
2025,Ty,Richardson,CB,Tufts University,UC Davis,,2
2025,Josiah,Jackson,S,West Virginia,Garden City C.C. ,,3
2025,Syncere,Safeeullah,CB,Nebraska,Tennessee State,0.82,3
2025,Julian,Talley,S,Pennsylvania,Villanova,,2
2025,Ryan,Ruane,S,Holy Cross,Stony Brook,,2
2025,Brady,Drogosh,QB,Cincinnati,Grand Valley State,,3
2025,Jamari,Johnson,TE,Louisville,Oregon,0.9,4
2025,Eugene,Brooks,IOL,Oklahoma,UCLA,0.89,3
2025,Damion,Miller,S,Southern Miss,Alcorn State,0.82,3
2025,Tuna,Altahir,RB,Eastern Washington,Stanford,0.85,3
2025,Kamo'i,Latu,S,Wisconsin,UConn,,3
2025,Isaiah,Dunson,CB,Baylor,Georgia State,,4
2025,Will,Spain,LS,Troy,Houston,,
2025,Terrance,Caldwell,IOL,Weber State,Northern Arizona,,3
2025,Boyton,Cheney,CB,Missouri,,,
2025,George,Hamsley,QB,Ole Miss,,,
2025,K'wan,Powell,RB,South Florida,,,3
2025,Jojo,Hawkins,ATH,Princeton,,,3
2025,Ty,Davis,LB,Delaware,Temple,,2
2025,Kamuela,Ka'aihue,LB,Arizona,UNLV,,3
2025,David,Dallas,QB,Georgia Southern,,,3
2025,Tanner,Welch,OT,Southern Miss,Northwest Mississippi C.C.,,3
2025,Inumidun,Ayo-Durojaiye,S,Yale,Monmouth,,
2025,Elijah,Jackson-Anderson,RB,Eastern Michigan,Wofford,,3
2025,Pierce,Humpich,EDGE,New Mexico State,,,2
2025,Dylan,Camp,CB,Eastern Michigan,,,2
2025,Keegan,Andrews,P,Texas A&M,Massachusetts,,
2025,Muhammad-Ali,Kobo,DL,Cornell,,,
2025,Immanuel,Hawkins,DL,UL Monroe,,,
2025,Braxton,Myers,CB,Southern Miss,Western Kentucky,0.83,3
2025,C.J.,Douglas,S,Samford,Houston,0.86,3
2025,Caleb,Francl,S,South Dakota State,Washington State,0.86,3
2025,Bradley,Weaver,DL,Ohio,Rutgers,0.9,4
2025,Jeff,Weimer,WR,Idaho State,West Virginia,0.86,3
2025,Jimeto,Obigbo,IOL,Texas State,Arizona State,0.86,3
2025,Justin,Williams Jr.,WR,Rice,,,3
2025,AJ,Stephens,CB,Rice,,,3
2025,Crews,Law,LB,North Carolina,Memphis,0.83,3
2025,Taji,Atkins,RB,Rice,Texas State,,3
2025,David,Prince,TE,Georgia Tech,,,3
2025,Latrell,Neville,WR,New Mexico State,Southeast Missouri State,,
2025,Jerry,Wilson,CB,Houston,Florida State,0.92,4
2025,Al-Ma'hi,Ali,S,Charlotte,Western Kentucky,0.85,3
2025,Kevin,Carrigan,P,UCF,South Dakota State,,
2025,Jashad,Presley,LB,UCF,UTSA,0.84,3
2025,Whitt,Newbauer,QB,Mercer,Oklahoma,0.85,3
2025,Ryan,Pellum,WR,Oregon,Delaware State,0.86,3
2025,Tony,Mathis Jr.,RB,Houston,Marshall,0.82,3
2025,Gideon,Lampron,LB,Dayton,Bowling Green,0.85,3
2025,Ashton,Whitner,S,Old Dominion,Ball State,0.82,3
2025,Mali,Hamrick,EDGE,North Carolina,,0.85,3
2025,Jarard,Mosely,S,Kentucky,Lindenwood,,
2025,Genesis,Smith,S,Arizona,,,3
2025,Michael,Coats Jr.,CB,Nevada,West Virginia,0.88,3
2025,Simon,Wilson,IOL,Middle Tennessee,Tulsa,0.84,3
2025,Zach,Vaughan,OT,Wake Forest,Western Michigan,,3
2025,Koy,Moore,WR,Western Kentucky,UNLV,0.85,3
2025,Russ,Woodward,DL,Army,Colorado School of Mines,,3
2025,EJ,Colson,QB,Purdue,Incarnate Word,0.84,3
2025,Josiah,Allen,CB,UTEP,UC Davis,,3
2025,Daniel,Rickert,EDGE,Tennessee Tech,Virginia,0.86,3
2025,Armondous,Cooley,DL,Southern Miss,Tulane,0.83,3
2025,Dominic,Richardson,RB,New Mexico State,Tulsa,0.81,3
2025,Marquis,Black,DL,Gardner-Webb,UConn,0.8,3
2025,TJ,Ferguson,IOL,Florida State,Syracuse,0.9,4
2025,Tony,Johnson,WR,Cincinnati,Miami,0.88,3
2025,Julius,Loughridge,RB,Fordham,South Dakota State,0.83,3
2025,Turner,Schmidt,EDGE,Robert Morris,James Madison,0.85,3
2025,Mikey,Preston,S,West Virginia,Shippensburg,,
2025,Preston,Howard,TE,Maryland,Auburn,0.86,3
2025,Ishmael,Findlayter,EDGE,Virginia Tech,Duquesne,,3
2025,Zach,Aamland,OT,Illinois,Rutgers,0.83,3
2025,Langston,Hardy,EDGE,UConn,Wake Forest,0.85,3
2025,EJ,Hall,CB,Troy,Tuskegee,,3
2025,Tyler,Turner,S,Oregon,Baylor,0.86,3
2025,Malachi,Finau,DL,Hawai'i,San Diego State,,3
2025,Dakota,Thomas,WR,Southern Miss,Nevada,0.82,3
2025,Brendan,Jenkins,WR,Samford,South Alabama,0.84,3
2025,Connor,Gibbs,K,Southern Miss,Auburn,0.79,2
2025,Malachi,Riley,WR,Arizona,San José State,0.84,3
2025,Hugo,Gil,DL,Temple,Charleston Southern,,
2025,Grant,Seagren,OT,Nebraska,Oklahoma State,0.85,3
2025,Dru,Polidore Jr.,S,Montana State,California,0.85,3
2025,Elijah,Davis,EDGE,South Carolina,Troy,0.84,3
2025,Marlon,McClendon,CB,Georgia State,Samford,,3
2025,Kayden,Greene,S,Washington,,,2
2025,Antonio,Smith,CB,Florida Atlantic,Missouri State,,3
2025,Caden,Chittenden,K,UNLV,USC,0.82,3
2025,Austin,Hobson,DL,App State,,,
2025,Fred,Perry,S,Jacksonville State,West Virginia,0.86,3
2025,Mason,Jones,IOL,Bucknell,New Mexico,0.81,3
2025,Jack,Tannehill,K,Southern Miss,Samford,,2
2025,Ryan,Leavy,P,Duke,East Carolina,,
2025,Malcolm,McClure,LB,Nevada,,,3
2025,Kyson,Van Vugt,OT,Iowa,Fresno State,,3
2025,Chase,Allen,K,UTSA,Rice,,
2025,Drue,Watts,LB,Nevada,Memphis,0.86,3
2025,Todd,Drummond,QB,Oklahoma State,Emporia State,,
2025,Jordan,Dwyer,WR,Idaho,TCU,0.92,4
2025,Richard,Kramer,EDGE,Hampton,Georgia State,0.84,3
2025,Max,Mogelson,DL,UNLV,St. Thomas,,3
2025,Phil,Picciotti,LB,Oklahoma,UCF,0.83,3
2025,Miles,Gaddy,S,North Carolina,East Carolina,,
2025,Torren,Coppage-El,DL,Houston,Stephen F. Austin,,
2025,Cam,East,OT,Ole Miss,Tulsa,0.84,3
2025,Rodney,Lora,DL,North Carolina,UCF,0.85,3
2025,Luis,Cordova,OT,Arizona State,Utah Tech,,3
2025,Jackson,Harris,WR,Stanford,Hawai'i,0.83,3
2025,Kendrick,DuJour,EDGE,Sam Houston,East Carolina,0.85,3
2025,Dayon,Hayes,EDGE,Colorado,Texas A&M,0.86,3
2025,Mitchell,Melton,EDGE,Ohio State,Virginia,0.86,3
2025,Camden,Orth,QB,Bowling Green,Chattanooga,,
2025,Trey,Harris,S,Cornell,Sam Houston,0.84,3
2025,Keelan,Marion,WR,BYU,Miami,0.92,4
2025,Caleb,Coley,CB,Michigan State,,,3
2025,Cameron,Bonner,WR,Baylor,Prairie View A&M,,3
2025,Raesjon,Davis,LB,USC,Oregon State,0.85,3
2025,Chance,Roberts,IOL,Albany,Arizona,0.85,3
2025,Marquise,Henderson,RB,Clemson,,0.88,3
2025,Jack,Endries,TE,California,Texas,0.91,4
2025,Malik,Willis,CB,Campbell,Texas State,0.83,3
2025,Jakai,Moore,IOL,South Carolina,North Carolina,0.86,3
2025,Anthony,Patt,OT,Old Dominion,Cal Poly,,3
2025,Jahari,Rogers,CB,SMU,Colorado State,0.84,3
2025,Deuce,Alexander,WR,Wake Forest,Ole Miss,0.9,4
2025,Tyler,Lawrence,OT,Air Force,New Mexico,0.82,3
2025,Ayden,Bussell,IOL,Tennessee,West Virginia,0.85,3
2025,Kyran,Duhon,EDGE,UTEP,Oklahoma State,0.89,3
2025,Shamar,Rigby,WR,Purdue,Oklahoma State,0.85,3
2025,Jamar,Curtis,RB,Lafayette,Sacramento State,,
2025,Zukudo,Igwenagu,EDGE,Massachusetts,,0.83,3
2025,Kollin,Collier,S,TCU,Old Dominion,0.84,3
2025,Robert,Briggs Jr.,RB,Utah State,Southern Miss,0.83,3
2025,Rion,Roseborough,DL,Towson,East Carolina,,
2025,Jalil,Farooq,WR,Oklahoma,Maryland,0.88,3
2025,Jalen,Johnson,WR,Northern Illinois,New Hampshire,,2
2025,Hero,Kanu,DL,Ohio State,Texas,0.89,3
2025,Jack,Shields,QB,Buffalo,Albany,,2
2025,Darrell,Johnson Jr.,OT,Western Kentucky,Akron,0.82,3
2025,Braelin,Moore,IOL,Virginia Tech,LSU,0.9,4
2025,Miller,McCrumby,TE,Arkansas State,South Alabama,0.83,3
2025,Ronald,Triplette,EDGE,UTSA,Georgia Tech,0.86,3
2025,Maraad,Watson,DL,Syracuse,Texas,0.92,4
2025,Hyrum,Hatch,LS,New Mexico,Utah State,,
2025,Kristyane,Gregory,DL,Liberty,,,3
2025,Jalen,Harris,WR,Coastal Carolina,Gardner-Webb,,3
2025,Paul,Tangelo,EDGE,Saint Francis (PA),Colorado State,0.88,3
2025,Landon,Bridges,IOL,Arkansas State,Central Arkansas,,2
2025,Luke,Fletcher,EDGE,Eastern Michigan,East Texas A&M,,3
2025,CJ,Heard,S,Florida Atlantic,Vanderbilt,0.85,3
2025,Caimon,Mathis,CB,Georgia Southern,Wofford,,3
2025,Robert,Shockey,QB,Marshall,,,
2025,Drew,Lawson,IOL,Southern Miss,North Alabama,0.83,3
2025,Jaivian,Thomas,RB,California,UCLA,0.89,3
2025,Charles,Greer Jr.,RB,Fresno State,,,3
2025,Cameren,Smith,RB,Western Illinois,Charlotte,0.84,3
2025,Buddha,Peleti,LB,New Mexico State,Washington State,,3
2025,AJ,Barton,IOL,UTEP,Alcorn State,,
2025,Kobe,Roberts,DL,College of Idaho,Murray State,,2
2025,Sione,Moa,RB,BYU,Weber State,0.81,3
2025,Tre'Quon,Fegans,CB,UCF,Jacksonville State,0.85,3
2025,Michael,Jackson III,WR,Georgia,Purdue,0.85,3
2025,A.J.,Seay,CB,North Alabama,Furman,0.85,3
2025,Tarrion,Grant,CB,Purdue,Texas Tech,0.87,3
2025,Tyshawn,Russell,WR,South Carolina,Syracuse,0.84,3
2025,Demetrius,Freeney,CB,Arizona,Boise State,,3
2025,Matt,Gulbin,IOL,Wake Forest,Michigan State,0.86,3
2025,Jordan,Walker,S,Chattanooga,West Virginia,0.85,3
2025,Jayden,Davis,S,Georgia Tech,Georgia Southern,,3
2025,Jayden,George,QB,Florida Atlantic,,,
2025,Joquarri,Price,EDGE,UCLA,Austin Peay,,3
2025,Keontez,Bradley,CB,Arizona State,Buffalo,0.83,3
2025,Herschel,Turner,RB,Utah State,Nevada,0.85,3
2025,Demoris,Jenkins,EDGE,East Carolina,Austin Peay,,3
2025,Adrian,Medley,IOL,UCF,Florida State,0.88,3
2025,Jayden,McClintock,WR,Coastal Carolina,Anderson,,
2025,Da'Veawn,Armstead,CB,Sam Houston,North Texas,0.84,3
2025,Dominique,Ratcliff,DL,Texas State,Indiana,0.86,3
2025,Darren,Barkins,CB,Washington,,,3
2025,Charlie,Weinrich,K,Kansas,Houston Christian,,
2025,Gabriel,Arnold,OT,Western Kentucky,Eastern Michigan,,3
2025,AJ,Wilson,WR,Houston Christian,UTSA,0.85,3
2025,Isaiah,Johnson,DL,Arizona,North Carolina,0.89,3
2025,Isaiah,McGuffin,LB,App State,UVA Wise,,
2025,James,Pogorelc,OT,Duke,James Madison,0.85,3
2025,Elijah,Brown,TE,UCF,Kentucky,0.85,3
2025,Tre,Shackelford,WR,Washington State,Tulane,0.83,3
2025,TJ,Jones,CB,Hawai'i,,,2
2025,Javis,Mynatt,S,Wofford,Texas State,,
2025,Elijah,Tau-Tolliver,RB,Sacramento State,Michigan State,0.88,3
2025,Buck,Buchanan,K,Louisiana Tech,Colorado,0.8,3
2025,Alex,McLaughlin,S,Northern Arizona,Washington,0.87,3
2025,Darius,Wallace,LB,Charlotte,,,3
2025,Terique,Miles-Parker,EDGE,Norfolk State,,,
2025,Elijah,Gunn,DL,Southern Illinois,Cincinnati,0.85,3
2025,Ben,Gulbranson,QB,Oregon State,Stanford,0.86,3
2025,Will,Gavin,CB,Kansas,Indiana State,,
2025,Colton,Hood,CB,Colorado,Tennessee,0.87,3
2025,George,Rooks,DL,Boston College,Syracuse,0.86,3
2025,Isaiah,Johnson,WR,Western Carolina,Cincinnati,0.87,3
2025,Jaiden,Kimble,LB,Kennesaw State,South Carolina State,,
2025,Jahvante,Royal,CB,New Mexico,,,3
2025,Will,O'Steen,OT,Jacksonville State,North Carolina,0.86,3
2025,Maliki,Crawford,CB,USC,San José State,0.85,3
2025,Mitch,Griffis,QB,Wake Forest,Texas Tech,0.85,3
2025,Malik,Charles,DL,West Georgia,Oklahoma State,,
2025,Jaylen,George,DL,East Tennessee State,Nebraska,0.84,3
2025,Gunner,Givens,IOL,Virginia Tech,Vanderbilt,0.84,3
2025,Landon,Hullaby,S,UTEP,,,3
2025,Micah,Tease,WR,Texas A&M,Tulsa,0.86,3
2025,Melkart,Abou-Jaoude,EDGE,Delaware,North Carolina,0.86,3
2025,Jamaal,Jarrett,DL,Georgia,USC,0.9,4
2025,Braylen,Russell,RB,Arkansas,,,4
2025,Freddie,Dubose,WR,Texas,,,3
2025,Rocko,Griffin,RB,UTSA,Massachusetts,0.8,3
2025,Markevious,Brown,CB,Purdue,,0.87,3
2025,Kaidon,Salter,QB,Liberty,Colorado,0.89,3
2025,Gavriel,Lightfoot,DL,Fresno State,Colorado,0.86,3
2025,Buzz,Flabiano,K,UTEP,Eastern Kentucky,,2
2025,Ryan,Boyd,WR,Missouri State,Lindenwood,,2
2025,Cameron,Jones,RB,UCLA,,,3
2025,Cole,Gonzales,QB,Oklahoma,Pittsburgh,0.85,3
2025,Cameron,Blaylock,DL,Tennessee State,UTSA,0.85,3
2025,Terrence,Enos Jr.,OT,Pittsburgh,Kansas State,0.85,3
2025,Rickie,Collins,QB,LSU,Syracuse,0.87,3
2025,Naquil,Betrand,OT,Alabama,Syracuse,0.86,3
2025,Wendell,Moe Jr.,IOL,Arizona,Tennessee,0.88,3
2025,Andrew,Jones,LB,Grambling,Ole Miss,0.86,3
2025,Travion,Barnes,LB,Florida International,Baylor,0.86,3
2025,Solo,Lewis,WR,Louisiana Tech,,,3
2025,Javion,Clark,S,East Carolina,East Tennessee State,,3
2025,Kole,Wilson,WR,Texas State,Baylor,0.85,3
2025,Deaubry,Hood,CB,Arkansas State,Tarleton State,,3
2025,Kolubah,Pewee Jr.,CB,Georgetown,UConn,,
2025,Luke,Kromenhoek,QB,Florida State,Mississippi State,0.94,4
2025,TJ,Metcalf,S,Arkansas,Michigan,0.86,3
2025,Tevis,Metcalf,S,Arkansas,Michigan,0.84,3
2025,Hunter,Tipton,TE,Louisiana Tech,Middle Tennessee,0.82,3
2025,Jeff,Caldwell,WR,Lindenwood,Cincinnati,0.85,3
2025,Stephen,Rusnak,K,Charlotte,Cincinnati,0.81,3
2025,Erwil,Anthony Jr.,IOL,Wingate,Liberty,,
2025,Kewan,Lacy,RB,Missouri,Ole Miss,0.88,3
2025,Mason,Murphy,OT,USC,Auburn,0.91,4
2025,Mason,Kidd,QB,South Carolina State,Newberry,,3
2025,Khai,Taylor,CB,Boise State,Idaho State,,3
2025,Andrew,Maushardt,QB,California,,,3
2025,Austin,Blaske,IOL,North Carolina,,,4
2025,Joshua,Eaton,CB,Texas State,Michigan State,0.88,3
2025,Derick,Mourning Jr.,LB,Texas State,,,3
2025,Mason,Nelson,DL,Western Michigan,Vanderbilt,0.86,3
2025,Zach,Calzada,QB,Incarnate Word,Kentucky,0.88,3
2025,Osman,Kamara,EDGE,King's College,Robert Morris,,
2025,Kenny,Walz,IOL,East Carolina,Maine,,3
2025,Dantu,Gardner Jr.,EDGE,Ball State,Butler,,2
2025,Nigel,Williams,CB,New Mexico,Louisville,0.84,3
2025,Withchiel,Filamar,EDGE,Louisiana Tech,Texas-Rio Grande Valley,,
2025,Max,White,RB,Iowa,Wyoming,0.81,3
2025,Reese,Osei-Wusu,IOL,Lamar,South Alabama,0.78,2
2025,Upton,Bellenfant,K,Buffalo,Texas Tech,0.8,3
2025,Kendall,Bournes,S,Concord,Massachusetts,,
2025,Delano,Townsend,IOL,UAB,Ole Miss,0.87,3
2025,Will,Karoll,P,Tulane,UCLA,,
2025,Jaylen,King,QB,East Tennessee State,Florida State,0.84,3
2025,Daughtry,Richardson,OT,Florida Atlantic,,,3
2025,Timmy,Hinspeter,LB,Rutgers,Massachusetts,0.82,3
2025,Max,Brown,QB,Charlotte,West Virginia,0.8,3
2025,Gabe,Moore,DL,Mississippi State,Nebraska,0.84,3
2025,Micheal,Garner,EDGE,Grambling,Wisconsin,0.88,3
2025,Brayden,Johnson,LB,Oklahoma Baptist,Wyoming,,
2025,Kam,Dewberry,IOL,Texas A&M,Alabama,0.89,3
2025,Jacob,Jones,QB,South Alabama,,,3
2025,Dillon,Robinson,IOL,Bowling Green,,,2
2025,DeKalon,Taylor,RB,Incarnate Word,Colorado,0.86,3
2025,Brian,Nelson II,CB,North Texas,NC State,0.88,3
2025,Joshua,Wiggins,CB,Liberty,,,3
2025,Ui,Ale,QB,Houston,Troy,,
2025,Antwaan,Mays,WR,Marshall,,,3
2025,Logan,George,EDGE,Idaho State,Ohio State,0.86,3
2025,Patrick,Gurd,TE,Ohio State,Cincinnati,0.84,3
2025,Jamal,Hailey,RB,Western Michigan,Florida A&M,,3
2025,Jamaal,Young,WR,Arizona State,North Dakota,,
2025,Keyjuan,Brown,RB,Louisville,,,3
2025,Lamont,Green Jr.,EDGE,Florida State,Florida International,0.85,3
2025,Nick,Floyd,RB,Utah State,,,
2025,JT,Fayard,QB,Northwestern State,Wofford,,
2025,My'Keil,Gardner,DL,Oregon,Arizona State,0.86,3
2025,Hudson,Cedarland,LB,Washington State,,,3
2025,R.J.,Jones,S,UCLA,Utah Tech,,3
2025,Justice,Finkley,EDGE,Texas,Kansas,0.86,3
2025,Ethan,Davies,WR,Virginia,Maine,,
2025,Jordan,Buchanan,CB,South Alabama,UNLV,,3
2025,CJ,McCray,EDGE,Virginia Tech,Cincinnati,0.85,3
2025,Logologo,Va'a,DL,UTEP,Nevada,,2
2025,Omari,Evans,WR,Penn State,Washington,0.86,3
2025,Simeon,Mitchell,DL,McNeese,Arkansas State,,
2025,Zachariah,Keith,DL,West Virginia,Southern Miss,0.83,3
2025,Marcus,Ross,LB,Mississippi State,UL Monroe,0.83,3
2025,Tacario,Davis,CB,Arizona,Washington,0.93,4
2025,Jack,Layne,QB,Idaho,New Mexico,0.83,3
2025,Ka'Morreun,Pimpton,TE,LSU,TCU,0.87,3
2025,Omar,Ibrahim,CB,Hampton,Temple,0.82,3
2025,JJ,Kohl,QB,Iowa State,App State,0.85,3
2025,Emar'rion,Winston,EDGE,Oregon,Baylor,0.88,3
2025,J'Mond,Tapp,EDGE,Arizona State,Southern Miss,0.84,3
2025,Nate,Yarnell,QB,Pittsburgh,Texas State,0.85,3
2025,Bryson,Lamb,EDGE,Washington State,,,2
2025,Ethan,Tierney,S,Northern Illinois,Fresno State,,2
2025,Noah,Matthews,EDGE,Kentucky,Delaware,0.83,3
2025,Colin,Rutland,TE,Youngstown State,East Tennessee State,,
2025,Riley,Moore,P,Massachusetts,,,
2025,Ameir,Glenn,DL,Wake Forest,Ball State,0.83,3
2025,Charles,Perkins,DL,UT Martin,Wisconsin,0.88,3
2025,Taye,Seymore,S,Georgia Tech,Auburn,0.86,3
2025,Gavin,Willis,LB,Bucknell,Charlotte,0.85,3
2025,Maurice,Heims,EDGE,Washington,Idaho,0.84,3
2025,Corey,Walker,EDGE,Western Michigan,Wisconsin,0.84,3
2025,Hunter,Renner,P,Northwestern,,,2
2025,Debron,Gatling,WR,South Carolina,Georgia Tech,,3
2025,Jacob,Holmes,DL,Fresno State,Virginia,0.83,3
2025,Chase,Davis,S,Utah State,Texas State,0.83,3
2025,Danny,Lewis Jr.,TE,Alabama,,,3
2025,Darius,Owens,S,Akron,,,3
2025,Derrick,Shepard Jr.,DL,UAB,Tulane,,3
2025,John,Iannuzzi,IOL,Columbia,Central Michigan,0.83,3
2025,Aneesh,Vyas,DL,Bucknell,Wyoming,,
2025,Rohan,Jones,TE,Montana State,Arkansas,0.85,3
2025,Cartevious,Norton,RB,Charlotte,South Florida,,3
2025,Ja'mori,Coard,DL,Buffalo,,,3
2025,Matthew,Fobbs-White,EDGE,Tulane,Baylor,0.86,3
2025,Tyler,Robles,K,USC,Texas State,,
2025,Thomas,Amankwaa,S,Rutgers,Delaware,,4
2025,Marlin,Dean,EDGE,Utah State,Georgia State,0.84,3
2025,Landyn,Watson,LB,Marshall,Kentucky,0.86,3
2025,Khamari,Terrell,CB,Oregon,Texas State,,4
2025,Javin,Whatley,WR,Chattanooga,Arizona,0.85,3
2025,Terrell,Taylor,S,Utah State,,,3
2025,Sirad,Bryant,S,UAB,,,3
2025,Jack,Pyburn,EDGE,Florida,LSU,0.91,4
2025,Rushawn,Lawrence,DL,Stony Brook,Minnesota,0.86,3
2025,Joseph,Auzenne,DL,Temple,Marshall,0.83,3
2025,Danny,O'Neil,QB,San Diego State,Wisconsin,0.86,3
2025,Will,Jados,OT,Miami (OH),Texas Tech,0.88,3
2025,Michael,Dansby,CB,San José State,Arizona,0.88,3
2025,Keith,Gouveia,IOL,Richmond,Pittsburgh,0.86,3
2025,Jakeem,Fletcher,DL,Alabama State,Western Kentucky,,
2025,Kelvin,Hill,CB,UAB,Georgia Tech,0.86,3
2025,Uche,Iloh,DL,Georgia Tech,Georgia Southern,,3
2025,Andrew,Taddeo,DL,Colgate,James Madison,,
2025,DJ,Harvey,CB,San José State,USC,0.88,3
2025,Kani,Walker,CB,Oklahoma,Arkansas,0.87,3
2025,Jalen,O'Neal,S,Sam Houston,Prairie View A&M,,3
2025,Jaylen,Brown,EDGE,Missouri,South Carolina,0.92,4
2025,Ki'Shawn,Harvey,DL,Western Kentucky,East Tennessee State,,
2025,Anwar,Lewis,RB,Jacksonville State,,,
2025,Brad,Spence,LB,Arkansas,Texas,0.86,3
2025,Chancellor,Owens,EDGE,Northwestern State,Arizona,0.84,3
2025,Hudson,Kaak,P,Oklahoma State,Auburn,0.81,3
2025,Kendall,Williams,CB,Carson Newman,East Tennessee State,,
2025,Jordan,Allen,S,LSU,Houston,0.85,3
2025,Kevin,Gallic,LS,New Hampshire,Nebraska,0.8,3
2025,Wesley,Bailey,EDGE,Rutgers,Louisville,0.85,3
2025,Sam,Greene,EDGE,USC,Kentucky,0.87,3
2025,Skyler,Gill-Howard,DL,Northern Illinois,Texas Tech,0.88,3
2025,Isaiah,Potts,DL,Campbell,East Tennessee State,,3
2025,Tyree,Carlisle,CB,Tulsa,,,
2025,J.J.,Hester,WR,Oklahoma,Kentucky,0.86,3
2025,Matthew,Pajuste,IOL,Buffalo,Kent State,0.81,3
2025,Will,Safris,P,Utah State,,,
2025,Elijah,Jackson,CB,Washington,TCU,0.88,3
2025,Nate,Guinn,TE,Illinois,Utah Tech,,3
2025,Thomas,Aden,IOL,Pittsburgh,Kent State,,2
2025,Christian,Berry,TE,Davidson,Kent State,,
2025,Keona,Davis,DL,Nebraska,,,3
2025,Boaz,Stanley,IOL,Troy,South Carolina,0.88,3
2025,Amare,Thomas,WR,UAB,Houston,0.86,3
2025,Justin,Benton,DL,Houston,East Carolina,,3
2025,Jaxson,Jones,EDGE,Oregon,Utah,,3
2025,Jaylon,Braxton,CB,Arkansas,Ole Miss,0.88,3
2025,Reggie,Virgil,WR,Miami (OH),Texas Tech,0.9,4
2025,Jacob,Ulrich,P,Kennesaw State,Oklahoma,0.82,3
2025,Jalen,Smith,LB,Tennessee,Mississippi State,0.88,3
2025,Damon,Payne,DL,Alabama,Michigan,0.89,3
2025,Nico,Davillier,EDGE,Arkansas,UCLA,0.88,3
2025,Maalik,Murphy,QB,Duke,Oregon State,0.92,4
2025,Addison,Nichols,IOL,Arkansas,SMU,0.88,3
2025,Favor,Bate,EDGE,Merrimack,Boston College,0.84,3
2025,Selman,Bridges,CB,Arkansas,,,4
2025,Chris,Lofton,WR,James Madison,Gardner-Webb,0.82,3
2025,Nikola,Milovac,OT,South Florida,Kennesaw State,0.84,3
2025,Omar,Graham Jr.,LB,Florida State,,,3
2025,Javonnie,Gibson,WR,Arkansas-Pine Bluff,Oklahoma,0.87,3
2025,JacQawn,McRoy,OT,Oregon,Arkansas,0.89,3
2025,Sylas,Gomez,QB,Sam Houston,,,
2025,Max,Elkman,DL,New Mexico,Southeastern Louisiana,,2
2025,Khalib,Johns,LB,Kent State,,,
2025,Jordan,Dingle,TE,Kentucky,South Carolina,0.86,3
2025,Aaron,Williams,CB,Louisville,UCLA,0.85,3
2025,Tay'Shawn,Wilson,CB,Baylor,Prairie View A&M,,3
2025,Joseph,Gonzales,S,Yale,Colorado School of Mines,,3
2025,Dallas,Dudley,WR,North Texas,Abilene Christian,,
2025,Drew,Tuazama,DL,UCLA,,,
2025,Tyler,Jones,S,Tennessee State,UTEP,,3
2025,Reed,Jesiolowski,TE,Southern Miss,,,3
2025,Danny,Scudero,WR,Sacramento State,San José State,0.83,3
2025,Jaydan,Mayes,CB,Army,,0.86,3
2025,Jibreel,Al-Amin,LB,Jacksonville State,Marshall,0.82,3
2025,Darold,DeNgohe,DL,James Madison,Rutgers,0.84,3
2025,Lavaka,Taukeiaho,IOL,Weber State,Oklahoma State,0.85,3
2025,Robby,Harrison,DL,Indiana,Western Kentucky,0.82,3
2025,Ronald,Daragjati,K,Miami,,,
2025,Aidan,Banfield,IOL,North Carolina,,0.88,3
2025,Carver,Willis,OT,Kansas State,Washington,0.89,3
2025,Markeston,Douglas,TE,Florida State,,0.86,3
2025,Drew,Biber,TE,Purdue,Minnesota,0.87,3
2025,Davion,Ross,S,Sacramento State,,,
2025,CJ,Mims,DL,East Carolina,North Carolina,0.85,3
2025,Rasheed,Jackson,OT,Incarnate Word,TCU,0.85,3
2025,Fluff,Bothwell,RB,South Alabama,Mississippi State,0.91,4
2025,Djay,Braswell,RB,South Carolina,Georgia State,0.84,3
2025,Aidan,Ryan,S,Virginia,,,3
2025,Victor,Venn,RB,Liberty,,,3
2025,Walker,Howard,QB,Ole Miss,Louisiana,0.86,3
2025,Jaiden,Spearman,S,Louisville,,,3
2025,Quan,Peterson,CB,Coastal Carolina,,,3
2025,Tyler,Riddell,QB,Gardner-Webb,Duquesne,,
2025,Gaard,Memmelaar,IOL,Washington,UCF,0.85,3
2025,Jamari,Broady,CB,Charlotte,Jackson State,,
2025,Tyler,Johnson,IOL,Colorado,,,4
2025,Bill,Jackson,RB,Tulsa,,,3
2025,Izaiah,Taylor,OT,Liberty,Georgia Military College Prep,,3
2025,Razah,Townsend,EDGE,Western Michigan,Ferris State,,2
2025,Adarious,Jones,DL,Memphis,,,3
2025,Phillip,Roche,S,Missouri,,,3
2025,William,Hardrick,CB,Miami (OH),,,3
2025,Jaedyn,McKinstry,WR,UL Monroe,,,3
2025,Riley,WIlson,EDGE,Montana,Arizona,0.86,3
2025,Erick,Harris,WR,James Madison,,,
2025,Kevorian,Barnes,RB,UTSA,TCU,0.85,3
2025,Dylan,Kinney,IOL,Abilene Christian,TCU,0.86,3
2025,Dexter,Williams II,QB,Georgia Southern,Kennesaw State,0.83,3
2025,Kaden,Holmes,S,Toledo,,,
2025,JeRico,Washington Jr.,CB,Kennesaw State,,0.84,3
2025,Luke,Farr,OT,Nevada,,,3
2025,Malik,McConico,S,Utah State,,,
2025,Jaleel,Birdsong,LB,Jacksonville State,,,
2025,Busbee,Phillips,CB,Wake Forest,,,
2025,Koali,Nishigaya,WR,Hawai'i,,,2
2025,Angelo,Anderson,DL,Tulane,Tarleton State,,3
2025,Hayden,McDonald,S,Columbia,Nevada,0.86,3
2025,Jacob,Coleman,TE,Middle Tennessee,,,3
2025,David,Ojiegbe,EDGE,Pittsburgh,,,4
2025,Anthony,Benjamin,WR,Jacksonville State,,,3
2025,Alex,Branch,S,Kent State,,,3
2025,Sincere,Brown,WR,Campbell,Colorado,0.88,3
2025,Kaden,Turner,P,Texas Tech,,,
2025,Lamar,Seymore,WR,Pittsburgh,,,3
2025,Rece,Verhoff,K,Marshall,North Carolina,,
2025,Brady,McKelheer,QB,Washington State,,,2
2025,Phillip,Dunnam,S,Florida Atlantic,UCF,0.86,3
2025,Marcell,Baylor,WR,Virginia Tech,,,3
2025,Reid,Jamerson,EDGE,Western Kentucky,,,
2025,Jaremiah,Anglin Jr.,S,Pittsburgh,,,3
2025,Troy,Martin,S,Kent State,,,3
2025,Clifton,Mosley Jr.,DL,Henderson State,UL Monroe,,3
2025,Jordon,Myles,CB,Louisiana Tech,,,
2025,Jordan,Tapscott,WR,Virginia Tech,Shepherd,,
2025,Bugs,Mortimer,WR,Western Michigan,Stephen F. Austin,,3
2025,Tyson,Flowers,S,Rice,Virginia Tech,0.87,3
2025,Peter,Kikwata,WR,Georgia State,,,3
2025,Dominic,Dutton,WR,Old Dominion,,,
2025,Kaden,Dudley,RB,Boise State,,,3
2025,Jalen,Coit,WR,NC State,,,3
2025,Dallin,Havea,ATH,BYU,Utah Tech,,3
2025,Dylan,Gary,WR,West Georgia,Georgia Southern,,
2025,Jyree,Roberts,LB,Massachusetts,Robert Morris,,3
2025,Sione,Hala,LB,Boston College,Weber State,0.86,3
2025,Jude,McCoskey,OT,Tulane,Purdue,0.85,3
2025,Richard,Outland Jr.,DL,Sam Houston,North Texas,0.83,3
2025,Jamarion,Carroll,WR,SMU,,,3
2025,Ismail,Ganley,IOL,Hawai'i,,,
2025,Jordin,Parker,WR,Western Michigan,,,
2025,Trace,Patterson,TE,Western Kentucky,,,
2025,Donovan,Rieman,EDGE,Kansas State,,,3
2025,King,Williams,CB,Washington State,Central Washington,,
2025,Harrison,Utley,OT,Kansas,,,3
2025,Mahki,Whitney,TE,Washington State,,,
2025,Nate,Markiewicz,TE,UTSA,,,3
2025,Deshun,Murrell,RB,UCLA,,,4
2025,Zamondre,Merriweather,ATH,Boise State,,,3
2025,Ezell,Jolly,RB,UTEP,,,3
2025,Lorenzo,Williams Jr.,CB,Western Michigan,,,3
2025,Jabin,Ford,S,Liberty,,,2
2025,Nick,Slogik,TE,East Carolina,,,3
2025,Dajon,Doss,LB,Washington State,,,3
2025,D.J.,Crest,WR,Texas Tech,,,3
2025,DJ,Peevy,EDGE,USC,,,4
2025,Logan,Sinkfield,WR,Fort Valley State,,,
2025,Ahmari,Borden,WR,Stanford,,,3
2025,Ezra,Evaimalo,EDGE,Hawai'i,,,3
2025,Devon,Dampier,QB,New Mexico,Utah,0.87,3
2025,Brian,Kilbane Jr.,IOL,Akron,,,2
2025,Osaro,Aihie,LB,Air Force,,,3
2025,Anthony,Garrett,QB,Glenville State ,,,2
2025,Jaden,Kelly,LB,Norfolk State,Kennesaw State,0.82,3
2025,Justin,Stewart,DL,Virginia,,,
2025,Kobe,Paysour,WR,North Carolina,,,3
2025,Jay'Quan,Bostic,S,Toledo,Bowling Green,0.84,3
2025,Easton,Messer,WR,Western Kentucky,Florida Atlantic,0.84,3
2025,Briceon,Hayes,EDGE,Sam Houston,North Texas,0.85,3
2025,Curtis,Harris-Lopez,S,Holy Cross,James Madison,0.84,3
2025,Johnathan,Cline,IOL,UCF,East Tennessee State,,3
2025,Bradyn,Joiner,IOL,Auburn,Purdue,0.87,3
2025,Jayden,Bellamy,CB,Syracuse,UCF,0.87,3
2025,Jerand,Bradley,WR,Boston College,Kansas State,0.86,3
2025,Cyrus,Allen,WR,Texas A&M,Cincinnati,0.86,3
2025,Chase,Brackney,DL,Iowa,Sacramento State,,3
2025,Peyton,Waters,S,Washington,North Carolina,0.86,3
2025,Ryder,Burton,QB,West Virginia,UAB,0.84,3
2025,Vaughn,Pemberton,RB,Ball State,Boston College,0.84,3
2025,Andrew,Marshall,CB,Idaho,Nebraska,0.89,3
2025,Austin,Boyd,IOL,UNLV,,,3
2025,Justice,Haynes,RB,Alabama,Michigan,0.92,4
2025,Tristan,Smith,WR,Southeast Missouri State,Clemson,0.85,3
2025,Luke,McGary,TE,Tulsa,Houston,0.88,3
2025,Zeke,Moore,TE,Florida Atlantic,Boston College,,3
2025,Jack,Tanner,OT,Tulsa,Kansas,0.86,3
2025,Josiah,Trotter,LB,West Virginia,Missouri,0.87,3
2025,Christo,Kelly,IOL,Holy Cross,North Carolina,0.88,3
2025,Hunter,Whitenack,IOL,Illinois,Western Michigan,,3
2025,Jack,Mills,IOL,Ole Miss,,,3
2025,AJ,Rollins,TE,Nebraska,,,3
2025,Andre,Jordan Jr.,CB,Oregon State,UCLA,0.88,3
2025,Jordan,Anderson,WR,Oregon State,Sacramento State,0.86,3
2025,Will,Smith,EDGE,Tulsa,North Texas,,3
2025,Ashton,Daniels,QB,Stanford,Auburn,0.86,3
2025,Garner,Langlo,IOL,App State,Troy,0.84,3
2025,Kai,Wallin,EDGE,Nebraska,Oregon State,,3
2025,Carson,Dean,LB,Arkansas,Purdue,0.84,3
2025,Bryon,Threats,S,UCF,UCLA,0.84,3
2025,R.J.,Jackson Jr.,DL,Tulsa,UCF,0.84,3
2025,Barion,Brown,WR,Kentucky,LSU,0.92,4
2025,Dillon,Thieneman,S,Purdue,Oregon,0.9,4
2025,Boogsie,Silvera,S,McNeese,South Florida,,3
2025,Lamar,Robinson,OT,Georgia State,California,0.85,3
2025,Jimari,Butler,EDGE,Nebraska,LSU,0.88,3
2025,Ismail,Mahdi,RB,Texas State,Arizona,0.85,3
2025,Ja'Keem,Jackson,CB,Florida,LSU,0.9,4
2025,Xavior,Gray,OT,Liberty,Northwestern,0.85,3
2025,Chase,Sowell,WR,East Carolina,Iowa State,0.9,4
2025,Arhmad,Branch,WR,Purdue,,,4
2025,James,Williams,EDGE,Nebraska,Florida State,0.92,4
2025,Lemondre,Joe,CB,Missouri State,Colorado State,0.83,3
2025,Luke,Wysong,WR,New Mexico,Arizona,0.88,3
2025,Mason,Reiger,EDGE,Louisville,Wisconsin,0.88,3
2025,Naeer,Jackson,OT,Florida International,Louisville,0.85,3
2025,Xavier,Townsend,WR,UCF,Iowa State,0.86,3
2025,Courtney,Crutchfield,WR,Missouri,Arkansas,0.88,3
2025,Tyson,Ford,DL,Notre Dame,California,0.84,3
2025,Jackson,Arnold,QB,Oklahoma,Auburn,0.9,4
2025,Amare,Snowden,CB,Wisconsin,Toledo,,3
2025,Xavier,Perkins,EDGE,Florida State,Florida A&M,,
2025,Jaylan,Sanchez,WR,Villanova,James Madison,0.85,3
2025,Kaleb,Webb,WR,Tennessee,Maryland,0.86,3
2025,Zach,Atkins,TE,Northwest Missouri State,Colorado,0.85,3
2025,Andrew,Rosinski,OT,North Carolina,Georgia Tech,0.85,3
2025,Stefon,Thompson,LB,Nebraska,Florida State,0.86,3
2025,Landon,Rogers,WR,UNLV,,,3
2025,Kobi,Albert,S,Mississippi State,UConn,,3
2025,Chris,Murray,EDGE,Sam Houston,Auburn,0.86,3
2025,Ty'Kieast,Crawford,IOL,Arkansas,West Virginia,0.86,3
2025,Noah,Rosahac,IOL,Syracuse,Delaware,,3
2025,Brandon,Perkins,LB,New Hampshire,Bryant,,2
2025,Calvin,Jones,WR,Western Carolina,Samford,,
2025,Kelton,Farmer,DL,Kentucky Wesleyan,UTEP,,
2025,Keegan,Shackford,K,Iowa State,,,
2025,Jaray,Bledsoe,DL,Texas,Mississippi State,0.86,3
2025,Rahsul,Faison,RB,Utah State,South Carolina,0.92,4
2025,Seth,Adams,TE,Southeastern Louisiana,San Diego State,0.83,3
2025,David,Pantelis,WR,Yale,Stanford,0.86,3
2025,Isaiah,Brown-Murray,CB,East Carolina,Virginia Tech,0.85,3
2025,Erik,McCarty,S,Oklahoma,,,3
2025,Carter,Wyatt,LB,Duke,,,3
2025,Jovoni,Borbon,LS,McNeese,Massachusetts,,
2025,Braedyn,Moore,S,Wisconsin,Toledo,0.85,3
2025,Josiah,Dye,S,UTEP,,,3
2025,Carter,Jula,P,Nevada,,,
2025,Ethan,Head,K,Tulane,West Virginia,,
2025,Xavier,Phipps,WR,UTEP,Texas Southern,,
2025,Tre,Richardson,WR,Washburn,Vanderbilt,0.88,3
2025,Cam,Vaughn,WR,Jacksonville State,West Virginia,0.86,3
2025,Joshua,Nobles,EDGE,Jackson State,Massachusetts,,3
2025,Steven,Sannieniola,S,Vanderbilt,Troy,0.82,3
2025,Tyler,Kinsman,P,Oregon,,,3
2025,Trey,Lathan,LB,West Virginia,Kansas,0.86,3
2025,Latrell,Fordham,WR,Youngstown State,,,3
2025,Alvin,Williamson Jr.,CB,Vanderbilt,,,3
2025,Ben,Bouzi,CB,Colorado,,,3
2025,Jake,Buerk,IOL,Coastal Carolina,UNC-Pembroke,,
2025,Jayden,Jones,DL,Arkansas State,,,3
2025,Marc,Stampley II,S,Georgia Southern,Houston,0.84,3
2025,Isaiah,Newcombe,S,UCLA,,,4
2025,Dylan,Hampsten,EDGE,San José State,Sacramento State,,
2025,Alexander,Ford,CB,Western Kentucky,Kennesaw State,,3
2025,Cade,Cunningham,QB,Memphis,Jacksonville State,0.79,2
2025,Isaiah,Cook,IOL,Delaware State,,,
2025,Kenny,Soares Jr.,LB,Northwestern,NC State,0.85,3
2025,Malachi,Coleman,WR,Nebraska,Minnesota,0.89,3
2025,Montrell,Wade,WR,Boston College,,,3
2025,Terrell,Cooks Jr.,WR,Nevada,,,3
2025,Eli,Hiscock,LS,South Florida,Wagner,,
2025,Kofi,Asare,EDGE,Massachusetts,Florida,0.86,3
2025,Dawson,Johnson,TE,Florida,Old Dominion,0.82,3
2025,Parker,Startz,EDGE,Ohio,Charlotte,0.82,3
2025,Miles,Hill,S,UL Monroe,,,
2025,Jaylan,Ware,DL,UL Monroe,Jackson State,,2
2025,Theran,Johnson,CB,Northwestern,Oregon,0.88,3
2025,Niko,Lopez,LB,Colorado State,Saddleback College,,3
2025,Antonio,Stevens,S,Purdue,Kennesaw State,,3
2025,JD,Davis II,QB,Western Michigan,Alabama A&M,,3
2025,Paolo,Burak,RB,San José State,,,
2025,Joedrick,Lewis,CB,Arkansas State,Ball State,,
2025,Derrick,LeBlanc,DL,UCF,,0.84,3
2025,Connor,McLaughlin,OT,Stanford,South Florida,,3
2025,Alvin,Ebosele,OT,Baylor,Houston,0.85,3
2025,Rent,Montie,QB,Duke,,,2
2025,Nick,Fernandez,DL,Arizona,Texas-Rio Grande Valley,,3
2025,Geimere,Latimer,CB,Jacksonville State,Wisconsin,0.84,3
2025,Luke,Baklenko,OT,Stanford,Oklahoma,0.84,3
2025,Benjamin,Perry,S,Louisville,UCLA,0.88,3
2025,Creed,Whittemore,WR,Mississippi State,Utah,0.88,3
2025,Thaddeus,Dixon,CB,Washington,North Carolina,0.92,4
2025,Santana,Banner,S,Northern Illinois,Missouri,0.87,3
2025,Shamarr,Jackson,OT,New Mexico State,App State,0.83,3
2025,Richard,Reese,RB,Baylor,Stephen F. Austin,0.84,3
2025,Jamari,Somerville,S,James Madison,Akron,,
2025,Kam,Moore,LB,UCF,,0.82,3
2025,Javoni,Gardere,WR,UTEP,Idaho State,,
2025,Deondre,Shepherd,S,Coastal Carolina,Ball State,,3
2025,Javonte,Vereen,TE,NC State,UConn,0.83,3
2025,Jonah,Wilson,WR,Houston,Texas A&M,0.85,3
2025,Antoine,Cobb,DL,Florida International,,,
2025,Miller,Moss,QB,USC,Louisville,0.9,4
2025,Jonas,Duclona,CB,Wisconsin,South Florida,,3
2025,Khalil,Laufau,DL,Washington State,Houston,0.86,3
2025,Marlon,Corey II,OT,Coastal Carolina,West Georgia,,
2025,Stephen,Hall,CB,Washington State,Missouri,0.85,3
2025,Jordan,Nubin,RB,Minnesota,Kent State,0.84,3
2025,D'Arco,Perkins-McAllister,CB,Chattanooga,UL Monroe,0.83,3
2025,Antonio,White Jr.,S,Rutgers,Georgia Southern,0.86,3
2025,Ethan,Torres,S,Washington State,,,
2025,Trey,Bedosky,OT,UAB,Liberty,,3
2025,Tavake,Tuikolovatu,OT,UCLA,Kansas,0.86,3
2025,Jamari,Ferrell,RB,Wyoming,,,3
2025,Tray,Franklin,OT,South Carolina State,Coastal Carolina,0.82,3
2025,Aviyon,Smith-Mack,WR,LIU Post,Sam Houston,0.83,3
2025,Lane,Jeffcoat,OT,Rice,Central Arkansas,,3
2025,Key,Lawrence,S,Ole Miss,UCLA,0.85,3
2025,Hank,Purvis,IOL,UNLV,Purdue,0.84,3
2025,Udoka,Ezeani,LB,Boise State,UTEP,,3
2025,Bobby,Piland Jr.,DL,Utah,Cal Poly,,3
2025,Zhighlil,McMillan,WR,North Texas,Central Missouri,,3
2025,Deondre,Johnson,WR,Rutgers,Jacksonville State,0.81,3
2025,Jack,Clougherty,QB,South Dakota,Marshall,,3
2025,KC,Eziomume,CB,Albany,Tulane,,
2025,Korbin,Hendrix,WR,Arizona State,Montana,,3
2025,Dallan,Coleman,TE,UCF,,,4
2025,Jordan,Jackson,WR,West Georgia,Kennesaw State,0.82,3
2025,Kamron,Bibby,WR,Arkansas,Central Arkansas,,
2025,Harold,Brooks,EDGE,Arizona State,,,
2025,Rene,Miller,OT,Alcorn State,Kennesaw State,0.82,3
2025,Atley,Cowan,QB,Indianapolis,Marshall,,
2025,Jaqavius,Yates,OT,UAB,,,3
2025,Tyrell,Raby,CB,Middle Tennessee,Grambling,,3
2025,Kekoa,Visperas,QB,Eastern Washington,Tennessee Tech,,3
2025,Dylan,Ray,IOL,Kentucky,Minnesota,0.87,3
2025,Jadarius,Green-McKnight,S,Marshall,,0.86,3
2025,Tyas,Martin,DL,Marshall,Marshall,,3
2025,Kerion,Martin,LB,Marshall,Marshall,,3
2025,Thai,Baldwin,CB,Ball State,Charlotte,,2
2025,Ric'Darious,Farmer,WR,West Virginia,UCF,0.85,3
2025,Abraham,Williams,CB,Idaho,New Mexico,0.84,3
2025,Braylon,McReynolds,RB,South Alabama,UL Monroe,0.82,3
2025,Amari,Jefferson,WR,Alabama,Tennessee,0.86,3
2025,Botros,Alisandro,CB,Purdue,Old Dominion,0.82,3
2025,Kendal,Daniels,LB,Oklahoma State,Oklahoma,0.91,4
2025,Devin,Gandy,WR,Sacramento State,Louisiana Tech,0.82,3
2025,Colby,Garfield,LS,Ohio,Charlotte,,
2025,Devonte,Golden-Nelson,CB,Akron,West Virginia,0.85,3
2025,Brandon,Rose,QB,Utah,Massachusetts,0.84,3
2025,Zah,Jackson,CB,West Virginia,Marshall,0.85,3
2025,Kaden,Carr,IOL,Texas Tech,Abilene Christian,,3
2025,Malakai,Williams,EDGE,Idaho,Boise State,,3
2025,Rusty,VanWetzinga IV,TE,Iowa,Central Michigan,0.81,3
2025,Kejon,Owens,RB,Florida International,,,3
2025,Dashaun,Gibson,CB,Northern Illinois,Southern Illinois,,
2025,Gavin,Hoffman,TE,Iowa,Missouri,0.87,3
2025,Riley,Williams,TE,Miami,Oregon State,0.89,3
2025,Kalen,Carroll,CB,Cincinnati,Central Michigan,,3
2025,Camden,Overton,TE,Gardner-Webb,Georgia State,0.84,3
2025,Marquez,Tatum,DL,Florida International,,,2
2025,Dylan,Fisher,DL,Ohio Dominican,Central Michigan,,
2025,Moussa,Berry,WR,Western Kentucky,,,
2025,Noah,Arinze,EDGE,New Mexico State,Coastal Carolina,0.84,3
2025,Jude,Tinor,DL,Georgia State,Wofford,,3
2025,Riley,Callaghan,K,Southeastern Louisiana,Old Dominion,,
2025,Bryce,Purnell,DL,Virginia,Maine,,
2025,Aaron,Beckwith,DL,Massachusetts,Temple,,3
2025,Bradley,Vislisel,EDGE,Northern Iowa,New Mexico State,,
2025,Dijon,Stanley,RB,Utah,New Mexico State,0.84,3
2025,Tyler,McDuffie,OT,Hampton,Marshall,0.85,3
2025,Jayden,Bonsu,S,Ohio State,Pittsburgh,0.85,3
2025,Jacolby,Spells,CB,West Virginia,,0.83,3
2025,Xavier,Slayton,EDGE,Idaho,New Mexico,0.85,3
2025,Quentin,Murphy,WR,Arkansas,UL Monroe,0.85,3
2025,Jordan,Williams,TE,Colorado State,Sacramento State,,3
2025,Jacob,Ellis,LB,Iowa State,Colorado State,0.84,3
2025,Ryan,Jankowski,QB,Massachusetts,Rhode Island,,
2025,TJ,McGill,S,William & Mary,James Madison,,
2025,Jaxton,Eck,LB,Idaho,New Mexico,0.85,3
2025,Israel,Benjamin,RB,Texas A&M,,,3
2025,Pius,Njenge,EDGE,Gardner-Webb,Tarleton State,,
2025,Byron,Turner Jr.,EDGE,Florida State,Tulsa,0.84,3
2025,Hunter,Erb,OT,Texas A&M,Tulsa,0.83,3
2025,Sincere,Jackson,LB,Sam Houston,,,3
2025,JD,Drew,CB,Utah State,Tulsa,,3
2025,Kam,Kynard,S,Marshall,,,3
2025,Ayden,Williams,WR,Ole Miss,Mississippi State,0.87,3
2025,Kaleb,Stewart,LB,UConn,,,3
2025,Ikani,Tuiono,IOL,Nebraska Kearney,Middle Tennessee,0.82,3
2025,Mudia,Reuben,WR,Stanford,South Florida,0.83,3
2025,Luca,Puccinelli,TE,Wake Forest,Purdue,0.86,3
2025,Tyler,Johnson,WR,Penn State,East Carolina,0.84,3
2025,Jaylen,Castleberry,CB,Youngstown State,Temple,0.84,3
2025,Colton,Grover,WR,South Dakota Mines,Ohio,0.8,3
2025,Trent,Baker-Booker,S,Virginia,Indiana State,,3
2025,Shawn,Thigpen,WR,Bowling Green,,,3
2025,Keith,Reynolds,WR,Washington,Miami (OH),0.84,3
2025,AJ,Williams,WR,Mary Hardin Baylor,New Mexico State,0.82,3
2025,Frankie,Edwards III,CB,Weber State,New Mexico,0.84,3
2025,Malick,Sylla,EDGE,Texas A&M,Mississippi State,0.89,3
2025,Brady,Simmons,WR,Indiana,Miami (OH),0.79,2
2025,Dallas,Afalava,DL,Idaho,Wake Forest,0.83,3
2025,Cam,McNair,OT,Holy Cross,James Madison,0.83,3
2025,Antonio,Gates Jr.,WR,Michigan State,Delaware State,0.86,3
2025,Demick,Starling,WR,Western Kentucky,Utah State,0.82,3
2025,Kai,Horton,QB,Tulane,Washington,0.85,3
2025,Michael,Diatta,DL,Virginia,Oklahoma State,0.85,3
2025,Zane,Porter,LB,Morehead State,Marshall,,
2025,Jaden,Barnes,WR,Austin Peay,App State,0.84,3
2025,Jaylin,Davies,CB,UCLA,Oklahoma State,0.87,3
2025,Jordan,Thompson,LB,Middle Tennessee,Western Carolina,,
2025,Kal-El,Pascal,S,Bowling Green,,,3
2025,Tavian,Combs,S,New Mexico,,,2
2025,Jaden,Gibson,WR,Virginia,Samford,,3
2025,Matt,Durrance,S,South Dakota State,Washington State,0.86,3
2025,Dorian,Thomas,TE,Arizona,New Mexico,0.83,3
2025,Spencer,Kishbaugh,LB,Coastal Carolina,Monmouth,,
2025,Bryson,Taylor,CB,New Mexico,Utah State,,
2025,Aiden,Olson,IOL,Northern Illinois,,,2
2025,Rykem,Laney,WR,Georgia State,,,3
2025,Landen,Delich,S,Toledo,,,2
2025,Malik,Berry,EDGE,Pittsburg State,App State,,
2025,Carter,Traynor,OT,Texas State,,,
2025,Brandon,McElroy,DL,Massachusetts,,,
2025,Charles,Remlinger,EDGE,Fresno State,,,
2025,Brian,Dilworth,CB,Kansas,North Alabama,,3
2025,CK,Carter,OT,UTEP,Prairie View A&M,,3
2025,Trinidad,Chambliss,QB,Ferris State,Ole Miss,0.86,3
2025,Quentin,Thomas,WR,Campbell,Itawamba C.C.,,3
2025,Jordan,Huff,S,East Carolina,Georgia State,0.84,3
2025,Marvin,Jones Jr.,EDGE,Florida State,Oklahoma,0.92,4
2025,Tavian,Coleman,DL,Texas State,Colorado,0.86,3
2025,Nick,Hawthorne,EDGE,Boise State,Massachusetts,0.81,3
2025,Evan,Jackson,S,North Texas,,,3
2025,Eric,Richardson,WR,Northwest Missouri State,Wyoming,,
2025,Brayden,Wilson,EDGE,Weber State,Wyoming,,
2025,Jaden,DaCosta,CB,Portland State,Wyoming,,3
2025,Ethan,Stuhlsatz,LB,Lindenwood,Wyoming,,
2025,Finn,Claypool,EDGE,Drake,Fresno State,0.85,3
2025,Bo,Blanchard,OT,Florida International,Valdosta State,,
2025,Colby,Taylor,EDGE,Newberry,West Florida,,
2025,Tru,Edwards,WR,Louisiana Tech,Kentucky,0.9,4
2025,Marius,Landsfeld,DL,Liberty,Mercer,,
2025,Caleb,Schlater,LS,Miami (OH),Holy Cross,,
2025,Charles,Kellom,RB,Akron,Eastern Illinois,,
2025,Flavio,Gonzalez,IOL,Oregon State,Arizona,0.86,3
2025,Matthew,Alexander,DL,UCF,Georgia Tech,0.86,3
2025,Kaleb,Black,WR,Arizona State,Sam Houston,0.83,3
2025,Jacarvis,Alexandre,CB,Ferris State,Jacksonville State,0.83,3
2025,Perry,Fisher,CB,Maryland,UAB,0.87,3
2025,Jordan,Norman,EDGE,South Alabama,Tulane,0.84,3
2025,Kody,Epps,WR,BYU,Western Kentucky,0.83,3
2025,Ben,Smiley III,DL,Virginia,UConn,0.83,3
2025,Jordan,Onovughe,WR,Colorado,Stanford,0.83,3
2025,Tysen,Smith,EDGE,Toledo,Indiana State,,3
2025,Zak,Bowden,IOL,Troy,Austin Peay,,2
2025,Ayden,Merrihew,IOL,Middle Tennessee,Northern Colorado,,
2025,Bobby,Arnold III,S,New Mexico,Utah State,,
2025,Miles,Greer,S,Shepherd,Buffalo,,
2025,Micah,Mariteragi,IOL,Hawai'i,,,3
2025,Reginald,Vick Jr.,WR,Virginia Union,Wake Forest,0.86,3
2025,Tanner,Lemaster,TE,Kentucky,Eastern Michigan,,3
2025,Darrell,Sweeting,CB,Temple,Marshall,0.82,3
2025,Koy,Beasley,S,Purdue,Miami (OH),0.86,3
2025,La'Vell,Wright,RB,Austin Peay,Western Kentucky,0.85,3
2025,Derick,Hunter Jr.,DL,Memphis,,,4
2025,Anthony,Brown-Stephens,WR,Kentucky,Tulane,0.84,3
2025,Rodney,Johnson Jr.,CB,Southern,Louisville,0.85,3
2025,Parker,Mitchell,OT,Richmond,Memphis,0.83,3
2025,Rashad,McKinley,CB,New Mexico State,Minnesota State,,3
2025,Kendrick,Law,WR,Alabama,Kentucky,0.9,4
2025,Jonah,Lewis,CB,Nevada,Southern Utah,,3
2025,Ma'jon,Wright,WR,Valdosta State,Marshall,0.82,3
2025,Adam,Dolan,OT,Butler,Ball State,0.85,3
2025,River,Helms,TE,Western Kentucky,Georgia Southern,0.85,3
2025,Vysen,Lang,IOL,Tennessee,Troy,0.84,3
2025,Nijhay,Burt,CB,Eastern Illinois,Michigan State,0.86,3
2025,Logan,Lisherness,LB,Washington,,,2
2025,Ashton,Woods,LB,North Carolina,West Virginia,0.85,3
2025,Terion,Stewart,RB,Bowling Green,Virginia Tech,0.87,3
2025,Shakur,Smalls,S,Maine,Arkansas,0.86,3
2025,Brendan,Harrington,LB,App State,Georgia Southern,,3
2025,Te'Sean,Smoot,QB,Jacksonville State,Alabama State,,3
2025,AJ,Campos,LS,Sacramento State,San José State,,
2025,Soni,Finau,DL,Cal Poly,Washington State,0.82,3
2025,Ty,Buchanan,OT,Texas Tech,Arizona,0.87,3
2025,Leke,Asenuga,IOL,North Texas,,,3
2025,Murphy,Clement,RB,West Virginia,Illinois,0.82,3
2025,Kevin,Norwood,DL,Troy,East Mississippi C.C.,,3
2025,Kylan,Salter,LB,TCU,Colorado,0.84,3
2025,Tirrell,Johnson,EDGE,Harding,South Alabama,0.83,3
2025,Ben,Turner,WR,West Liberty,Marshall,0.81,3
2025,Zander,Rockow,ATH,Minnesota,St. Thomas,,2
2025,Zeraun,Daniel,S,Georgetown,Massachusetts,,
2025,Tristan,Davis,EDGE,Arizona,Iowa Central C.C.,,3
2025,AJ,Taylor,CB,Ball State,,,
2025,Cade,Puckett,IOL,Georgia State,,,
2025,Ashton,Sanders,DL,Oklahoma,UCLA,0.86,3
2025,Joseph,Martinez,RB,Michigan State,,,2
2025,Dylan,Wade,TE,Maryland,UCF,0.87,3
2025,Malcolm,Bell,CB,UConn,Michigan State,0.86,3
2025,Trent,Whalen,LB,Kent State,Arkansas,0.84,3
2025,Ahmere,Foster,S,Marshall,Southern Miss,,3
2025,Chas,Nimrod,WR,Tennessee,South Florida,0.85,3
2025,Elijah,Caldwell,WR,South Carolina,,,3
2025,Isaiah,Cash,S,Sam Houston,Virginia Tech,0.86,3
2025,Jordan,Robinson,CB,Cincinnati,Virginia,0.87,3
2025,Camden,Jones,TE,California,,,3
2025,CJ,Christian,S,Florida International,Washington,0.86,3
2025,Evan,Dickens,RB,Georgia Tech,Liberty,0.83,3
2025,Kaylon,Walters,CB,Charleston Southern,,,
2025,Spencer,Dow,IOL,Old Dominion,Lehigh,,
2025,Ishmael,Ibraheem,CB,Marshall,Southern Miss,0.84,3
2025,Austin,Uke,IOL,Stanford,Miami (OH),0.83,3
2025,Chuck,Montgomery,WR,Marshall,Southern Miss,0.83,3
2025,Malachi,Hosley,RB,Pennsylvania,Georgia Tech,0.88,3
2025,Hauss,Hejny,QB,TCU,Oklahoma State,0.87,3
2025,Thai,Chiaokhiao-Bowman,WR,Rice,UConn,0.81,3
2025,James,Jointer Jr.,RB,Liberty,Eastern Michigan,0.83,3
2025,Aisea,Moa,LB,BYU,Michigan State,0.85,3
2025,Zach,Johnson,LB,Idaho,Stanford,0.84,3
2025,Tre'Mon,Henry,EDGE,Southern Miss,South Alabama,0.82,3
2025,Luke,Wisham,S,Louisiana Tech,Arkansas State,,3
2025,Jaxson,Davis,TE,Mississippi Valley State,,,
2025,Hershey,McLaurin,S,Houston,Purdue,0.85,3
2025,Key,Crowell,CB,Indianapolis,East Carolina,0.83,3
2025,Dallen,Ponder,WR,Western Kentucky,Tulsa,0.8,3
2025,Javious,Bond,RB,East Carolina,Austin Peay,,3
2025,Rashad,Amos,RB,Memphis,Georgia State,0.86,3
2025,Jameer,Lewis,EDGE,Southern Miss,,,3
2025,Dean,Patterson,WR,Florida International,Georgia Tech,0.85,3
2025,Bryce,Echols,DL,Arizona,Nevada,,2
2025,Yanni,Karlaftis,LB,Purdue,Northwestern,0.85,3
2025,Jaquaize,Pettaway,WR,Oklahoma,East Carolina,0.85,3
2025,Markel,Fortenberry,WR,Liberty,Gardner-Webb,,3
2025,Obinna,Okeke,EDGE,Louisiana Tech,New Mexico State,,3
2025,MJ,Flowers,RB,Eastern Illinois,UConn,0.86,3
2025,Cyrus,Traugh,WR,Youngstown State,West Virginia,0.87,3
2025,Maurice,Turner,RB,Louisville,Tulane,0.85,3
2025,Ian,Jeffries,DL,Arkansas State,Purdue,0.85,3
2025,Dante,Anderson,EDGE,Florida State,Florida International,0.84,3
2025,Cade,Conley,TE,Marshall,Western Michigan,0.82,3
2025,David,Santiago,EDGE,Air Force,Michigan State,0.88,3
2025,Quincy,Ivory,EDGE,Florida,Jackson State,,3
2025,Damien,McDaniel,WR,UNLV,Sacramento State,,3
2025,Jahzari,Priester,DL,Hampton,Virginia Tech,0.85,3
2025,Trenton Alan,Yowe,CB,App State,Arkansas State,,3
2025,Isaiah,Horton,WR,Miami,Alabama,0.91,4
2025,Breeon,Ishmail,EDGE,Michigan,Purdue,0.86,3
2025,Jemeil,Jackson,OT,Central Michigan,Western Kentucky,0.81,3
2025,Jamichael,Rogers,EDGE,Miles,UAB,,
2025,Anelu,Lafaele,EDGE,Wisconsin,Michigan State,0.88,3
2025,LT,Sanders,RB,Western Kentucky,North Alabama,,3
2025,Evans,Chuba,QB,Washington State,Purdue,0.85,3
2025,Kylan,Guidry,EDGE,Western Kentucky,,0.84,3
2025,Jaylen,Hampton,WR,Western Kentucky,Charlotte,0.83,3
2025,Marcellous,Hawkins,RB,Central Missouri State,Virginia Tech,0.85,3
2025,Jordan,Washington,CB,Dartmouth,Stanford,0.85,3
2025,Rashan,Murray,CB,California (PA),Pittsburgh,0.86,3
2025,Patrick,Methlie,IOL,West Chester,Delaware,,
2025,Nicholas,Hilliard,IOL,Princeton,Austin Peay,0.82,3
2025,Ray,Coney,LB,East Tennessee State,Tulsa,,2
2025,Tavare,Smith Jr.,S,East Central,Tulane,,
2025,Jacob,Otts,OT,Rhode Island,Middle Tennessee,0.82,3
2025,Ace,Meadows,OT,Tennessee State,Jackson State,,3
2025,Ty,Curran,WR,Ball State,Holy Cross,,2
2025,J.T.,Byrne,TE,California,Georgia Tech,0.85,3
2025,Braden,Mullen,EDGE,Dartmouth,Charlotte,0.84,3
2025,Dakari,Frazier,DL,Ball State,Western Michigan,,3
2025,Christopher,Martin,QB,Alcorn State,Tuskegee,,
2025,Vito,Calvaruso,K,Arkansas,,,
2025,Tausili,Akana,EDGE,Texas,BYU,0.85,3
2025,J'Mari,Taylor,RB,North Carolina Central,Virginia,0.84,3
2025,Triston,O'Brien,LS,Indiana State,East Carolina,,
2025,Leon,Hart Jr.,LB,Marshall,Florida Atlantic,,3
2025,Hudson,Emeterio,LB,North Texas,San Diego,,3
2025,Ahmon,Green,TE,Georgia State,Georgia Southern,0.81,3
2025,Malcolm,Greene,CB,Virginia,Massachusetts,0.82,3
2025,Corey,Gordon Jr.,S,Baylor,Louisville,0.87,3
2025,Brandon,White,WR,Kentucky,Hawai'i,0.82,3
2025,Ugochukwu,Odoemelam,S,Oregon State,,,2
2025,Madden,Sanker,IOL,Louisville,Florida Atlantic,0.85,3
2025,Kadin,Semonza,QB,Ball State,Tulane,0.85,3
2025,Blake,Gotcher,LB,Northwestern State,Arizona,0.83,3
2025,Josiah,Timoteo,IOL,Nevada,Oregon State,,3
2025,Connor,Vaughn,TE,Tulsa,North Texas,0.84,3
2025,Reid,Mikeska,TE,South Carolina,Florida Atlantic,,3
2025,E.J.,Harris,IOL,Auburn,Middle Tennessee,0.84,3
2025,Jarvis,Rush,WR,Akron,Alcorn State,,3
2025,Joey,Hunter,CB,Akron,Memphis,,3
2025,Robert,Hammond III,K,Florida Atlantic,Toledo,,
2025,Ethan,Crite,WR,Middle Tennessee,Austin Peay,,3
2025,Andre,Washington,QB,Charlotte,,,
2025,Zeiqui,Lawton,DL,West Virginia,,,3
2025,Al'zillion,Hamilton,CB,Fresno State,,0.86,3
2025,Marques,Watson-Trent,LB,Georgia Southern,Nebraska,0.85,3
2025,Joe,Pesansky,QB,Holy Cross,Florida International,,
2025,Ozzie,Hoffler,EDGE,Georgia State,,,3
2025,Desman,Hearns,S,Southern Illinois,Wyoming,,
2025,Shad,Banks Jr.,LB,TCU,UTSA,0.85,3
2025,Wendell,Gregory,EDGE,South Carolina,Oklahoma State,0.89,3
2025,Lance,Bassett,DL,Kansas,North Alabama,,
2025,Gabriel,Brownlow-Dindy,DL,Texas A&M,South Carolina,0.89,3
2025,Gabe,Jones,DL,New Mexico State,Colorado State,0.83,3
2025,CJ,Ogbonna,QB,Buffalo,,,
2025,Ethan,O'Connor,CB,Washington State,Miami,0.92,4
2025,Braydon,Bailey,DL,Utah State,Montana,,3
2025,Grant,Leeper,TE,Iowa,Miami (OH),,3
2025,Jackson,Lee,LS,Florida International,Florida Atlantic,,2
2025,Josh,Baka,S,Kent State,UAB,,2
2025,Braden,Pegan,WR,UCLA,Utah State,0.81,3
2025,Ethan,Day,DL,Wyoming,North Texas,,
2025,Tunmise,Adeleye,DL,Texas State,UNLV,0.85,3
2025,Tra,Thomas,EDGE,Temple,NC State,0.86,3
2025,Bryson,Canty,WR,Columbia,Kansas,0.87,3
2025,Kingston,McKinstry,S,East Carolina,,,3
2025,Harrison,Hamsley,TE,Valdosta State,Jacksonville State,0.8,3
2025,Justin,Agu,CB,Louisiana,Louisville,0.86,3
2025,David,Avit,RB,Villanova,,,
2025,Regen,Terry,DL,Boston College,,,3
2025,Leon,Neal Jr.,WR,Washington State,,,3
2025,David,Bailey,EDGE,Stanford,Texas Tech,0.95,4
2025,Brandon,Cisse,CB,NC State,South Carolina,0.92,4
2025,C.J.,Murphy,LB,North Carolina,,,
2025,Antarron,Turner,LB,Western Carolina,Wisconsin,0.85,3
2025,Brandon,Lewis,ATH,Michigan State,Saginaw Valley State,,
2025,Dallas,Shirley,IOL,Newberry,Indianapolis,,
2025,Derrick,Rogers Jr.,CB,Purdue,Florida Atlantic,0.83,3
2025,Prince,Strachan,WR,Boise State,USC,0.86,3
2025,Keelan,Crimmins,P,Purdue,Illinois,,2
2025,Ja'Coby,Matthews,WR,Florida International,Alcorn State,,2
2025,Elijah,Jackson,RB,Purdue,Ball State,0.82,3
2025,Chantz,Harley,CB,Maryland,James Madison,0.83,3
2025,Blake,Cotton,CB,UC Davis,Utah,0.88,3
2025,Isaiah,World,OT,Nevada,Oregon,0.92,4
2025,Jordan,Matthews,CB,Tennessee,Vanderbilt,0.87,3
2025,Caleb,Odom,WR,Alabama,Ole Miss,0.89,3
2025,Jalen,Moss,WR,Fresno State,Arizona State,0.86,3
2025,Jorel,Liverpool,EDGE,Wagner,Charlotte,0.83,3
2025,Nolan,Latulippe,OT,Albany,Cincinnati,0.85,3
2025,Sammy,Norris,IOL,UNLV,Sacramento State,,
2025,Henry,Duke,TE,Virginia,,,
2025,Ben,Locklear,QB,Virginia Tech,,,2
2025,Mitchell,Butler,IOL,Mississippi College,Miami (OH),0.81,3
2025,Preston,Stone,QB,SMU,Northwestern,0.86,3
2025,JaSire,Peterson,DL,Rutgers,UAB,,4
2025,Jacob,Barrick,TE,Jacksonville State,West Virginia,0.84,3
2025,Destyn,Hill,WR,Florida State,LSU,0.84,3
2025,Rashad,Cheney,DL,South Florida,,,3
2025,Zeed,Haynes,WR,Syracuse,,0.86,3
2025,Devin,Kylany,IOL,Washington State,Wake Forest,0.86,3
2025,Savion,Red,RB,Nevada,Sacramento State,0.86,3
2025,Marshall,Jackson,IOL,Western Kentucky,,,
2025,Jawaun,Singletary,IOL,New Mexico,Incarnate Word,,
2025,CJ,Jacobsen,TE,Utah,Louisville,0.84,3
2025,Brody,Dalton,TE,Troy,Alabama,0.87,3
2025,Brandon,Hills Jr.,WR,Washington State,Akron,0.82,3
2025,Micah,Pettus,OT,Ole Miss,Florida State,0.91,4
2025,Griffin,Wilde,WR,South Dakota State,Northwestern,0.87,3
2025,Sam,West,TE,Indiana,Mississippi State,0.84,3
2025,Sherrod,Covil Jr.,S,Clemson,Virginia Tech,0.86,3
2025,Farradj,Titikpina,DL,Coastal Carolina,Maine,,
2025,Mason,Mini,TE,Idaho,California,0.85,3
2025,Maddix,Blackwell,S,Indiana State,Central Michigan,,
2025,Leon,Bell,OT,Mississippi State,California,0.86,3
2025,Calvin,Pitcher,S,Idaho State,UAB,,3
2025,Bryce,Butler,TE,Ohio,,,3
2025,Nolan,Ziegler,LB,Central Michigan,Ferris State,,4
2025,Ishmael,Aceves,LB,New Mexico State,,,
2025,Jack,Hood,OT,East Tennessee State,Tulsa,0.8,3
2025,Jack,Richardson,P,Southern Miss,,,3
2025,Xayvion,Turner-Bradshaw,WR,Virginia Tech,Marshall,0.8,3
2025,Zylon,Crisler,IOL,Illinois,Colorado,0.89,3
2025,Aiden,Gobaira,EDGE,Notre Dame,James Madison,0.8,3
2025,Rodrick,Tialavea,IOL,Washington State,Wake Forest,0.85,3
2025,Dalton,Riggs,LS,BYU,UCF,,
2025,Kirby,Vorhees,RB,South Dakota State,Washington State,0.84,3
2025,Dwight,Bootle II,CB,Nebraska,Charlotte,0.82,3
2025,Jett,Elad,S,UNLV,Rutgers,0.86,3
2025,Jonathan,Harder,IOL,Cincinnati,Toledo,0.82,3
2025,Brooks,Yurachek,LB,Arkansas,App State,,
2025,Emmanuel,Crawford,RB,Arkansas,Central Oklahoma,,
2025,Ikaika,Ragsdale,RB,North Texas,Stony Brook,,3
2025,Jairus,Mack,WR,Charlotte,Western Kentucky,0.83,3
2025,Hahsaun,Wilson,RB,Charlotte,UTEP,0.84,3
2025,Nick,Elksnis,TE,South Carolina,UNLV,,3
2025,Marcus,Dumervil,OT,Maryland,Arkansas,0.87,3
2025,Trey,Wilson,DL,Baylor,SMU,,3
2025,Landry,Lyddy,QB,UAB,Southern Miss,0.82,3
2025,Khmori,House,LB,Washington,North Carolina,0.9,4
2025,Andre,Cobb,CB,Northern Illinois,Fresno State,,
2025,Sabastian,Harsh,EDGE,Wyoming,NC State,0.86,3
2025,Timothy,Conerly,WR,UNLV,Sacramento State,0.82,3
2025,Louikenzy,Jules,CB,University of Charleston,Marshall,0.84,3
2025,Fernando,Lecuona,EDGE,South Dakota State,Washington State,0.84,3
2025,Xavier,Holmes,DL,Maine,James Madison,,
2025,Gerard,Bullock,TE,Tennessee State,Kennesaw State,,
2025,Claude,Larkins,EDGE,Florida International,,,3
2025,Austin,Welch,K,Kennesaw State,Oklahoma,,
2025,CJ,Blocker,CB,Utah,Colorado State,0.85,3
2025,Darrell,Jones,IOL,Bowie State,UTSA,,
2025,Derion,Gullette,LB,Texas,Mississippi State,0.88,3
2025,Xavier,Atkins,LB,LSU,Auburn,0.86,3
2025,Hyrum-Benjamin,Moors,DL,Washington State,New Mexico Highlands,,3
2025,Alex,Lines,TE,New Mexico State,Northwestern,0.84,3
2025,David,Gusta,DL,Washington State,Kentucky,0.93,4
2025,E. Jai,Mason,WR,Samford,Charlotte,0.82,3
2025,Dylan,Hasz,S,Arkansas,App State,,3
2025,Tavierre,Dunlap,RB,Michigan,Eastern Michigan,0.82,3
2025,Ger-Cari,Caldwell,WR,North Carolina A&T,Memphis,0.83,3
2025,Josh,Battle,S,Chattanooga,Southern Miss,0.86,3
2025,Kyson,Thomas,WR,Washington State,Eastern Washington,,2
2025,Rahtrel,Perry,OT,Central Connecticut,Maryland,0.91,4
2025,Brandon,Johnson,RB,Arizona,Northern Colorado,,3
2025,Emmett,Mosley V,WR,Stanford,Texas,0.88,3
2025,Jerry,Cross,TE,Penn State,Memphis,0.84,3
2025,DJ,Barnes,CB,West Florida,Kent State,,
2025,Keyshaun,Pipkin,WR,Northern Illinois,UT Martin,,3
2025,Alex,Bray,DL,Illinois,Kansas,0.85,3
2025,Tyler,Strain,CB,Illinois,,,3
2025,Jaden,Muskrat,IOL,Auburn,Virginia Tech,0.85,3
2025,Jack,Nickel,TE,UAB,Miami,0.83,3
2025,Trent,Jones II,EDGE,Iowa State,UConn,0.85,3
2025,Xavier,Chaplin,OT,Virginia Tech,Auburn,0.92,4
2025,Najiib,Anderson,WR,Western Michigan,Benedict,,4
2025,Elijah,Brown,CB,Arizona,Colorado State,0.82,3
2025,Rod,Elston,S,Auburn,Jacksonville State,,
2025,Ian,Wagner,K,Illinois State,Arizona,,2
2025,Armend,Ujkashi,IOL,Winona State,Missouri State,,
2025,Donovan,Hamilton,WR,Purdue,Ball State,0.84,3
2025,Jason,Hertz,DL,App State,Charleston Southern,,
2025,Abram,Murray,K,Miami,California,,3
2025,Giordano,Vaccaro,IOL,Manitoba,Purdue,0.86,3
2025,Tamatoa,McDonough,EDGE,Yale,Iowa State,0.84,3
2025,Mitch,McCarthy,P,UCF,Indiana,0.81,3
2025,Javon,Tracy,WR,Miami (OH),Minnesota,0.87,3
2025,Jesus,Gomez,K,Eastern Michigan,Arizona State,0.8,3
2025,Cameron,Davis,RB,Washington,Minnesota,0.86,3
2025,Brady,Denaburg,K,Syracuse,Minnesota,,2
2025,Cam,Pickett,WR,Ball State,Kansas,0.85,3
2025,Brendan,Franke,K,Texas State,Indiana,,
2025,Nick,Haberer,P,Washington State,Vanderbilt,,2
2025,Ansel,Din-Mbuh,DL,Washington State,TCU,0.85,3
2025,Luka,Vincic,IOL,Oregon State,Michigan State,0.85,3
2025,Julian,Armella,IOL,Florida State,UCLA,0.85,3
2025,Noah,Biglow,CB,Pittsburgh,Louisiana Tech,,3
2025,Parker,Petersen,DL,Tulane,Wisconsin,0.88,3
2025,Jacob,Katauskas,IOL,Coastal Carolina,Southern Illinois,,3
2025,Stephon,Wright,EDGE,Texas Southern,UConn,,4
2025,Kenyon,Clay,RB,Southern Miss,Arkansas State,0.83,3
2025,Keanu,Tanuvasa,DL,Utah,BYU,0.86,3
2025,Solo,Barnes,S,Fayetteville State,UTEP,,
2025,Lewis,Carter,LB,Oklahoma,UCF,0.87,3
2025,Frank,Cusano,LB,Washington State,Wake Forest,0.85,3
2025,Sawyer,Racanelli,WR,Montana,Wake Forest,0.86,3
2025,Laith,Marjan,K,South Alabama,Kansas,0.81,3
2025,Angel,Munoz,S,New Mexico State,,,
2025,Demetrie,Morgan,EDGE,Alabama A&M,North Texas,,
2025,A.J.,Turner,RB,Marshall,Minnesota,0.88,3
2025,Bryan,McCoy,LB,Akron,Oklahoma State,0.85,3
2025,Djay,Williams,IOL,Louisiana,UTSA,,3
2025,Jimmori,Robinson,EDGE,UTSA,West Virginia,0.92,4
2025,Harvey,Broussard,WR,Louisiana,Houston,0.84,3
2025,Alex,Geraci,TE,Dartmouth,Massachusetts,0.82,3
2025,Mike,Evans,CB,Austin Peay,,,
2025,Kahlil,Ali,S,Boston College,Delaware,,3
2025,Chase,Canada,CB,Illinois,North Texas,0.83,3
2025,Qua,Moss,S,West Georgia,Kansas State,,
2025,Ky,Thomas,RB,Kent State,Washburn,,4
2025,Adonis,Forrest Jr.,S,Colorado,,,3
2025,Kristen,Hoskins,WR,Minnesota,North Dakota,,3
2025,Jarvis,Hayes,WR,Western Kentucky,,,
2025,Jake,Waltman,IOL,New Mexico State,Bryant,,2
2025,Jake,McConnachie,WR,Pittsburgh,Massachusetts,0.8,3
2025,DaMarco,Moorer,S,New Mexico State,,,3
2025,Steven,Curtis,DL,Illinois State,Minnesota,0.87,3
2025,Jaylen,Bowden,CB,North Carolina Central,Minnesota,0.86,3
2025,Devin,Green,RB,UNLV,Utah,0.84,3
2025,Jabari,Ishmael,EDGE,Marshall,Southern Miss,,3
2025,Rod,Gainey Jr.,RB,Charlotte,,,3
2025,David,Amaliri,LB,Minnesota,,,3
2025,Sefa,Saipaia,LB,Bowling Green,Western Michigan,,
2025,Evan,Beerntsen,IOL,South Dakota State,Northwestern,0.85,3
2025,Zachary,Essih,TE,UTEP,,,
2025,Ezra,McAllister,WR,Vanderbilt,,,3
2025,Raydarious,Jones,CB,Mississippi State,,,4
2025,KJ,Bratton,WR,Virginia,,,
2025,Brady,Anderson,LB,San Diego State,,,3
2025,Antavious,Fish,LB,Akron,Sam Houston,,
2025,Cody,Ahola,TE,Air Force,,,3
2025,Alexander,Whitmore,DL,UNLV,,,
2025,Tyrese,Johnson,EDGE,Washington,,,
2025,Rickey,Hyatt Jr.,S,South Alabama,Ohio,,3
2025,Ryan,Peppins,WR,UAB,,,
2025,Camden,Sirmon,WR,Washington,,,2
2025,Chris,Edmonds,RB,Bowling Green,,,
2025,Israel,Mukwiza,IOL,Mercer,New Mexico,0.82,3
2025,Cooper,Wilson,S,Nebraska,Nevada,,
2025,Chris,Thomas Jr.,DL,Marshall,Syracuse,0.85,3
2025,Jake,Maikkula,IOL,Stanford,Oklahoma,0.85,3
2025,Sione,Fotu,LB,Utah,Houston,0.85,3
2025,Callahan,Blair,EDGE,Vanderbilt,Lafayette,,3
2025,Ny'Len Ramon,Jones,LB,Old Dominion,,,2
2025,Mason,Vicari,IOL,UNLV,Purdue,0.84,3
2025,Declan,Duley,P,Illinois,,,3
2025,Parker,Leise,QB,Florida,,,3
2025,Kai,Greer,OT,Georgia Tech,Stanford,0.85,3
2025,Walker,White,QB,Auburn,Baylor,0.9,4
2025,Trevon,Howard,S,Iowa State,Arkansas State,,3
2025,Cayman,Spaulding,LB,Tennessee Tech,Georgia Tech,0.85,3
2025,James,Jones,RB,UL Monroe,Sacramento State,0.85,3
2025,Jayden,Wilson,LB,New Mexico,UTEP,,2
2025,Eric,Etienne,DL,Norfolk State,Western Kentucky,0.85,3
2025,Charles,Thomas,CB,UL Monroe,,,2
2025,Hudson,Clement,WR,West Virginia,Illinois,0.86,3
2025,Hugh,Robertson,P,Illinois,,,
2025,John,Mateer,QB,Washington State,Oklahoma,0.95,4
2025,Jonathan,Akins,CB,Maryland,East Carolina,0.84,3
2025,Boone,Morris,LB,Kansas State,,,3
2025,Lars,Rau,P,Texas State,Illinois,,
2025,Oran,Singleton,WR,Eastern Michigan,West Virginia,0.86,3
2025,Brandon,Tyson,LB,Elon,Georgia Southern,0.83,3
2025,Ryan,Damron,QB,Tennessee,Stephen F. Austin,,3
2025,Christian,Burkhalter,EDGE,Georgia Tech,North Alabama,0.8,3
2025,Brendan,Doyle,TE,Memphis,Stanford,0.86,3
2025,La'Garrius,Sims,LB,UL Monroe,,,
2025,Dayne,Hodge,S,Tulsa,Youngstown State,,
2025,Kerry,Williams II,CB,North Texas,,,3
2025,Ka'eo,Akana,EDGE,Utah,Hawai'i,0.8,3
2025,Landen,Lucas,TE,Robert Morris,Tulsa,0.82,3
2025,Keyshawn,Buckley,WR,Southern Miss,,,3
2025,Darion,Williamson,WR,Florida State,Miami (OH),0.84,3
2025,Jayden,Robertson,WR,Southern Utah,,,3
2025,Darian,Mensah,QB,Tulane,Duke,0.9,4
2025,Davin,Stoffel,TE,South Dakota State,Illinois,0.85,3
2025,Jahron,Manning,S,Old Dominion,Mississippi State,0.88,3
2025,Treydan,Stukes,CB,Arizona,,,
2025,Crew,Wakley,S,BYU,Purdue,0.86,3
2025,Tamarion,Crumpley,CB,Pittsburgh,UAB,,3
2025,Adam,Lamar,DL,Louisiana Tech,Grambling,,3
2025,Dallas,Young,S,Arkansas,South Alabama,,3
2025,TJ,Harden,RB,UCLA,SMU,0.86,3
2025,Ethan,Boyd,IOL,Colorado,,,3
2025,Sterling,Dixon,LB,Alabama,NC State,0.87,3
2025,Nolan,Clement,EDGE,Arizona,,,3
2025,Mathis,Haygood,LB,Marshall,Southern Miss,,
2025,Kyle,Altuner,IOL,West Virginia,Virginia Tech,0.88,3
2025,Quay,Davis,WR,Southern,,,4
2025,Tyler,Glover,TE,Charleston Southern,West Georgia,,
2025,Joshua,Lair,S,Baylor,,,3
2025,Tyler,Morris,WR,Michigan,Indiana,0.87,3
2025,Matthew,Henry,WR,Western Illinois,Western Kentucky,0.86,3
2025,Jacob,Hood,OT,Nebraska,,,3
2025,Ty,Howard,LB,Duquesne,Ohio State,0.84,3
2025,Stone,Earle,QB,Marshall,Abilene Christian,,
2025,Jayven,Anderson,S,North Texas,,,3
2025,Dwight,Lewis III,CB,Marian (IN),Mississippi State,0.9,4
2025,Jamaal,Whyce Jr.,DL,South Carolina,Marshall,,3
2025,Alan,Wright,CB,Vanderbilt,Alabama State,,3
2025,Micah,Davis,S,Michigan,Western Michigan,,2
2025,Markell,Samuel,OT,App State,Oklahoma State,0.89,3
2025,Reece,Thomas,WR,Lindenwood,William Jewell College,,
2025,Will,Pauling,WR,Wisconsin,Notre Dame,0.86,3
2025,Teague,Andersen,OT,Utah State,NC State,0.84,3
2025,Jaden,Platt,TE,Texas A&M,Arkansas,0.9,4
2025,Vinson,Davis III,WR,Southern Illinois,,,3
2025,EJ,Horton Jr.,WR,Florida Atlantic,Purdue,0.85,3
2025,Onye,Nwosisi,EDGE,Valparaiso,Boston College,0.85,3
2025,Anthony,Holmes Jr.,DL,Houston,Texas Tech,0.86,3
2025,Logan,Brasfield,IOL,Coastal Carolina,Illinois State,,3
2025,Derek,Boyd,LB,Hawai'i,Delaware State,,3
2025,Alijah,Williams,EDGE,Bowling Green,Wofford,,3
2025,Kaleb,Brown,WR,Iowa,UAB,0.84,3
2025,Darren,Lloyd,RB,Coastal Carolina,Anderson,,
2025,Phoenix,Jackson,LB,Fresno State,Baylor,0.86,3
2025,Chuck,Nnaeto,DL,Elon,Boston College,0.85,3
2025,Troy,Bowles,LB,Georgia,Michigan,0.86,3
2025,Patrick,Payton,EDGE,Florida State,LSU,0.95,4
2025,Vincent,Jackson,DL,Nebraska,UConn,,3
2025,Mitch,Bolden,QB,Army,Miami (OH),0.8,3
2025,Austin,Brawley,S,Ohio,New Mexico,,
2025,Scottre,Humphrey,RB,Montana State,New Mexico,0.88,3
2025,Hardley,Gilmore IV,WR,Nebraska,Kentucky,0.88,3
2025,Camden,Brown,WR,Auburn,Georgia Southern,0.84,3
2025,Kobe,Prentice,WR,Alabama,Baylor,0.89,3
2025,Joshua,Rudolph,LB,Indiana,UTEP,,3
2025,Tyriq,Poindexter,IOL,VMI,App State,0.85,3
2025,Phillippe,Wesley,WR,San Diego State,Delaware State,,3
2025,Andrew,Burnette,RB,Keiser (Fl),Louisiana Tech,0.84,3
2025,Ike,Nnakenyi,EDGE,Nevada,Grambling,,3
2025,Anwar,Sparrow,LB,Syracuse,,,3
2025,D'Marius,Rucker,RB,Coastal Carolina,East Tennessee State,,3
2025,Grady,Sherrill,WR,North Carolina,,,
2025,Brian,Courtney,TE,Florida State,Tennessee Tech,,3
2025,Cam,Miller,CB,Penn State,Rutgers,0.87,3
2025,Rayshon,Luke,RB,Arizona,Fresno State,0.84,3
2025,Eli,Ennis,LB,Nicholls,UAB,0.85,3
2025,Joseph,Firebaugh Jr.,K,UCLA,Sacramento State,,
2025,Zach,Palmer-Smith,RB,Richmond,UL Monroe,0.86,3
2025,Ty,Stamey,TE,Louisiana,Texas State,0.83,3
2025,Jonny,King,IOL,Charlotte,,,2
2025,Daniel,King,OT,Troy,North Carolina,0.92,4
2025,Nick,Rempert,WR,North Texas,Nevada,0.81,3
2025,Ayden,Knapik,OT,Idaho,Illinois,0.89,3
2025,Xander,Lamb,WR,Charlotte,,,
2025,Tristan,Bohannon,LB,Washington State,,,3
2025,Tomas,Rimac,IOL,West Virginia,Virginia Tech,0.86,3
2025,Tyson,Ruffins,IOL,Nevada,California,0.84,3
2025,Roice,Cleeland,IOL,Washington,UC Davis,,3
2025,Nic,Trujillo,WR,New Mexico,UL Monroe,0.85,3
2025,Turner,Helton,QB,Western Kentucky,Georgia Southern,0.82,3
2025,Christian,Earls,TE,UNLV,Purdue,0.84,3
2025,Avery,Morris,LB,Charlotte,,,3
2025,Jelani,Willis,ATH,Western Michigan,Tennessee State,,3
2025,Miles,Tucker,S,Wyoming,College of San Mateo,,3
2025,Alex,Wollschlaeger,OT,Bowling Green,Kentucky,0.91,4
2025,Scooter,Jackson,CB,Utah Tech,UCLA,0.85,3
2025,Trevon,McAlpine,DL,Texas Tech,Tulane,0.85,3
2025,IBK,Mafe,EDGE,St. Thomas,South Alabama,0.82,3
2025,Luke,Petitbon,IOL,Wake Forest,Florida State,0.92,4
2025,Nuer,Gatkuoth,EDGE,Colorado State,Wake Forest,0.86,3
2025,Jahlil,Hurley,CB,Alabama,Kansas,0.87,3
2025,Keviyan,Huddleston,DL,TCU,North Texas,,3
2025,Amorion,Walker,WR,Michigan,Middle Tennessee,0.84,3
2025,Jared,Dawson,DL,Louisville,Notre Dame,0.86,3
2025,T.J.,Searcy,EDGE,Florida,Texas A&M,0.91,4
2025,Roman,Hemby,RB,Maryland,Indiana,0.89,3
2025,Kyle,Brown,IOL,Dartmouth,Massachusetts,0.84,3
2025,Landon,Roaten,IOL,Washington State,Abilene Christian,,3
2025,Eric,Singleton Jr.,WR,Georgia Tech,Auburn,0.96,4
2025,Jeremiah,Brown,LB,Colorado,,,3
2025,Jordan,Scruggs,CB,South Alabama,West Virginia,0.86,3
2025,Dalton,Johnson,S,Arizona,,,3
2025,Jadon,Thompson,WR,Louisville,Memphis,0.83,3
2025,Hunter,Osborne,DL,Alabama,Virginia,0.88,3
2025,Qua,Ashley,RB,Kennesaw State,Ball State,,
2025,Air,Noland,QB,South Carolina,South Carolina,0.9,4
2025,Maleek,McNeil,OT,Georgia State,Bethune-Cookman,,2
2025,Paul,Hutson III,EDGE,Campbell,Marshall,0.83,3
2025,Drew,Cassens,TE,Butler,Ball State,0.82,3
2025,Harold,Nash III,S,North Texas,,,
2025,Gabe,Kirschke,EDGE,Colorado State,Wake Forest,0.85,3
2025,Griffin,Duggan,OT,Virginia Tech,Old Dominion,0.83,3
2025,Philipp,Davis,CB,Michigan State,Marshall,,3
2025,Ryan,Marks,P,Utah State,Utah Tech,,2
2025,Omari,Hayes,WR,Florida Atlantic,Tulane,,
2025,Qwyn,Williams,DL,Ohio Dominican,Hawai'i,,
2025,Kalib,Hicks,RB,Oklahoma,Oklahoma State,0.85,3
2025,Corri,Milliner,WR,UAB,,,
2025,Quan,Dunbar,TE,Old Dominion,,,3
2025,Elijah,Wood,LB,Utah Tech,,,3
2025,Zen,Michalski,OT,Ohio State,Indiana,0.86,3
2025,Demanuel,Brown,EDGE,Boise State,New Mexico State,,3
2025,Jai-Ayviauynn,Celestine,CB,Arizona,Florida International,,3
2025,Keyshawn,James-Newby,EDGE,Idaho,New Mexico,0.86,3
2025,Gavin,Shipman,CB,Harvard,Charlotte,0.82,3
2025,Kai,Richardson,EDGE,Oregon State,Idaho,,2
2025,DeCarlos,Nicholson,CB,USC,,0.84,3
2025,Ademola,Faleye,TE,Michigan State,Washington State,0.83,3
2025,Jordan,Brown,WR,Texas Tech,Nevada,0.83,3
2025,Kapena,Gushiken,S,Washington State,Ole Miss,0.86,3
2025,Brian,Booker,DL,Texas Southern,New Mexico,,
2025,Avery,Powell,CB,Missouri State,Temple,0.83,3
2025,Kiael,Kelly,QB,Ball State,,,3
2025,John,Locke Jr.,TE,Louisiana Tech,Oklahoma,0.83,3
2025,Trey,Dubuc,LS,South Florida,New Mexico,,2
2025,Cole,Nilles,LB,Bryant,Texas State,,
2025,Elijah,Pritchett,OT,Alabama,Nebraska,0.92,4
2025,Jayvon,Henderson,CB,East Tennessee State,South Alabama,0.82,3
2025,Andrew,Gentry,OT,Michigan,BYU,0.86,3
2025,Deuce,Spurlock II,LB,Florida,Liberty,,3
2025,Monte,Watkins,RB,New Mexico State,,,4
2025,Payton,Mangrum,WR,South Carolina,East Carolina,0.82,3
2025,Beau,Pribula,QB,Penn State,Missouri,0.9,4
2025,Curtis,Janvier,S,Florida Atlantic,,,3
2025,Jayden,Williams,CB,Texas Southern,New Mexico,,3
2025,Chapman,McKown,RB,Oklahoma,Central Arkansas,,
2025,Brodie,Tagaloa,DL,Nebraska,Sacramento State,0.83,3
2025,Malik,Rutherford,WR,Georgia Tech,,,3
2025,Tyson,Edwards,WR,Memphis,Tennessee State,,3
2025,Will,Whitson,DL,Coastal Carolina,Mississippi State,0.87,3
2025,DeVonta,Owens,CB,Temple,Lindenwood,,2
2025,Aidan,Plate,S,Air Force,,,
2025,Miles,Walker,OT,Ohio State,Boise State,0.84,3
2025,Robert,Stafford,CB,Miami,UCLA,0.86,3
2025,Ethan,Onianwa,OT,Rice,Ohio State,0.91,4
2025,Alfred,Chea,S,UConn,Ball State,,3
2025,Jeffery,Pittman,RB,Mississippi State,Southern Miss,0.82,3
2025,William,Davis,S,Virginia Union,West Virginia,0.85,3
2025,Marvae,Myers-Glover,CB,Marshall,Marshall,,3
2025,Matt,Byrnes,TE,Houston,UNLV,0.83,3
2025,Rashawn,Carr,S,Campbell,Marshall,,3
2025,Ethan,Proffitt,IOL,Florida Atlantic,,,3
2025,Willy,Love,LB,Monmouth,Temple,0.84,3
2025,Malik,Aliane,IOL,New Mexico,,,
2025,Christian,Harrison,S,Tennessee,Cincinnati,0.86,3
2025,Gio,Lopez,QB,South Alabama,North Carolina,0.87,3
2025,Ty,Lockwood,TE,Alabama,Boston College,0.86,3
2025,Khalifa,Keith,RB,Tennessee,App State,0.85,3
2025,Taison,Fa’asuamanu,LB,West Liberty,Sacramento State,,
2025,Luke,Faccone,P,Air Force,Eastern Washington,,2
2025,Mason,Bowers,IOL,Kennesaw State,Charlotte,0.83,3
2025,Derrick,McCormick Jr.,LB,UCF,South Florida,0.84,3
2025,JT,Kouame-Yao,LB,Shepherd,James Madison,,
2025,Liam,Boyd,K,North Carolina,Charlotte,,
2025,Jordan,McCants,WR,Jacksonville State,West Virginia,0.83,3
2025,Kaven,Call,EDGE,UCF,East Tennessee State,0.8,3
2025,Amir,Leonard-Jean Charles,DL,West Virginia,Southern Miss,0.86,3
2025,Jaekwon,Bouldin,OT,Purdue,Mississippi State,0.85,3
2025,Anthony,Palano,LB,South Dakota State,Washington State,,2
2025,Frank,Mulipola,DL,Texas-Permian Basin,Arkansas,0.85,3
2025,James,Djonkam,EDGE,Eastern Michigan,Virginia Tech,0.86,3
2025,Codie,Hornsby,IOL,Syracuse,Tulsa,0.8,3
2025,Kevin,Kalonji,OT,Maryland,Sam Houston,0.81,3
2025,Bralen,Henderson,DL,Ohio,Missouri,0.85,3
2025,Obadiah,Obasuyi,OT,NC State,Georgia State,0.83,3
2025,Cam,Thompson,WR,Northern Illinois,Mississippi State,0.86,3
2025,Noah,Lugo,QB,BYU,UTSA,0.84,3
2025,Larry,Jones III,EDGE,Liberty,New Mexico State,0.82,3
2025,Jayden,Dixon-Veal,WR,Purdue,California,0.84,3
2025,Brock,Stukes,IOL,North Carolina A&T,NC State,0.85,3
2025,Daniel,Mincey,IOL,Kentucky,UAB,0.82,3
2025,Jake,Garcia,QB,East Carolina,Michigan,0.83,3
2025,Ta'ir,Brooks,WR,UTEP,Charlotte,0.83,3
2025,Jaelen,Smith,WR,Michigan State,UTSA,0.85,3
2025,Amariyun,Knighten,CB,Northern Illinois,Indiana,0.89,3
2025,Troy,Petz,P,Washington,Washington State,,
2025,Tayvion,Beasley,S,San Diego State,BYU,0.82,3
2025,Drew,Doyle,LS,Iowa State,Virginia Tech,,
2025,Brandon,Jacob Jr.,S,UCF,UTSA,0.86,3
2025,Izaiah,Guy,CB,Georgia State,South Florida,0.86,3
2025,Damashja,Harris,RB,North Texas,Wyoming,0.85,3
2025,Bo,Gaines,P,Stetson,Georgia State,,
2025,DK,McGruder,CB,Tulane,Mississippi State,,3
2025,Ziggy,Loa,EDGE,New Mexico State,UL Monroe,0.8,3
2025,Hunter,Haines,S,Washington State,San Diego State,0.83,3
2025,Javen,Johnson,DL,Hampton,Coastal Carolina,,
2025,Anisi,Purcell,EDGE,Southern Utah,BYU,0.8,3
2025,JJ,Harrell,WR,Mississippi State,Arkansas State,0.85,3
2025,Denzel,Lowry,DL,Old Dominion,Louisville,0.85,3
2025,Maxwell,Woods,RB,South Dakota State,Washington State,0.83,3
2025,DeVonta,Smith,S,Alabama,Notre Dame,0.89,3
2025,Evan,Ferguson,IOL,Gardner-Webb,Marshall,0.83,3
2025,Emeka,Megwa,RB,Oklahoma,UNLV,0.84,3
2025,Eric,Rivers,WR,Florida International,Georgia Tech,0.91,4
2025,Torrance,Farmer Jr.,RB,Western Illinois,,,
2025,Josh,Calvert,LB,Utah,,,4
2025,Ben,Bell,EDGE,Texas State,Virginia Tech,0.86,3
2025,Jalen,Burton,CB,Bowling Green,,,2
2025,Corey,Robinson II,OT,Georgia Tech,Arkansas,0.89,3
2025,Kalen,Villanueva,LB,UConn,Campbell,,3
2025,Ques,McNeal,CB,Southern Miss,Stephen F. Austin,,3
2025,Kells,Bush,DL,Louisiana Tech,James Madison,,
2025,TJ,Lindsey,DL,Auburn,Purdue,0.86,3
2025,Joseph,Manjack IV,WR,Houston,TCU,0.86,3
2025,Anthony,James,DL,Eastern Washington,Northwestern State,,3
2025,Lee,Hunter,DL,UCF,Texas Tech,0.92,4
2025,Cam,Marshall,S,Georgia State,,,3
2025,Malik,McGowan,IOL,North Carolina,UNLV,0.81,3
2025,John,Randle Jr.,RB,Utah,Garden City C.C. ,,4
2025,Blake,Ford,K,North Texas,Arkansas,,
2025,Will,Thomas,OT,UNLV,,,
2025,Isaiah,Holland,S,Georgia State,,,3
2025,Cian,Slone,EDGE,Utah State,NC State,0.86,3
2025,Isaiah,Carlson,RB,UCLA,,,3
2025,Kerry,King,WR,East Carolina,,,
2025,Zechariah,Poyser,S,Jacksonville State,Miami,0.9,4
2025,Nathan,Hoke,LB,BYU,,,3
2025,Kevin,Terry,OT,Temple,,,3
2025,Xander,Ruggeroli,OT,Nebraska,Arizona State,0.84,3
2025,Maclane,Watkins,WR,Hawai'i,San Diego,,3
2025,Keenan,Landry,DL,Kent State,McNeese,,
2025,Mathyus,Su'a,IOL,UNLV,,0.83,3
2025,Marco,Patierno,LB,Elon,Eastern Michigan,0.83,3
2025,AJ,Brown,S,UAB,,,3
2025,Tre,Spivey,WR,Kansas State,Arizona,0.87,3
2025,Joshua,Miller,OT,Syracuse,,,3
2025,Chase,Meyer,K,Penn State,California,,
2025,Lionell,Whitaker,CB,Maryland,Coastal Carolina,,3
2025,Mason,Clinton,DL,Mississippi State,Southern Miss,0.83,3
2025,Dallin,Johnson,DL,BYU,Utah Tech,,3
2025,Roman,Pearson,CB,Bucknell,Ball State,,
2025,Aaron,Bryant,DL,Texas,Vanderbilt,0.85,3
2025,Gunnar,Hansen,OT,Vanderbilt,Florida State,0.86,3
2025,Jamel,Johnson,S,TCU,,,4
2025,Ryan,Kean,LS,Utah Tech,Washington,0.8,3
2025,Ethan,Hagler,IOL,Sam Houston,,,
2025,Ahmad,Hardy,RB,UL Monroe,Missouri,0.9,4
2025,Malachi,Singleton,QB,Arkansas,Purdue,0.87,3
2025,Myles,Pollard,CB,Michigan,Memphis,0.85,3
2025,DJ,Jackson,DL,NC State,Liberty,,3
2025,Mario,Craver,WR,Mississippi State,Texas A&M,0.92,4
2025,Tim,Hardiman,DL,Arkansas State,Tulsa,,
2025,Jamil,Williams,S,Arkansas State,,,3
2025,No'Tavien,Green,S,East Carolina,Carson Newman,,
2025,Tristan,Holmbeck,IOL,Dartmouth,Colorado State,,
2025,Martin,Owusu,DL,Minnesota,Fresno State,0.83,3
2025,Chase,Belcher,RB,West Georgia,Kennesaw State,0.83,3
2025,Joel,Starlings,DL,North Carolina,Maryland,0.87,3
2025,Simeon,Harris,S,Utah State,Fresno State,,3
2025,Wesley,Horton,DL,Western Kentucky,East Tennessee State,,2
2025,Tyriq,Starks,QB,Florida Atlantic,Jackson State,,
2025,Cayden,Woolwine,LB,Northern Arizona,San José State,,
2025,Sevion,Morrison,RB,Kansas,Tulsa,0.83,3
2025,Jason,Albritton,RB,Ole Miss,East Tennessee State,,
2025,Luke,McEndoo,TE,Oklahoma State,Nevada,0.8,3
2025,Gabe,Tahir,S,Boise State,Idaho State,,3
2025,Caleb,Carter,IOL,Western Carolina,Michigan State,0.83,3
2025,Sullivan,Weidman,IOL,West Virginia,Massachusetts,0.83,3
2025,Mason,Edwards,CB,Utah State,McNeese,,2
2025,Trejan,Bridges,WR,Central Arkansas,,0.86,3
2025,Avery,McFadden,WR,Georgia State,Newberry,,3
2025,Jimto,Obidegwu,OT,Kent State,North Texas,,3
2025,Jordan,Hall,OT,Liberty,Tulane,0.84,3
2025,Lorenzo,Cowan,EDGE,USC,Kentucky,0.86,3
2025,Austin,Cartwright,CB,UL Monroe,,,
2025,Trevor,Moffitt,LB,Gardner-Webb,East Tennessee State,,3
2025,Tyree,Kelly,WR,South Florida,Massachusetts,,
2025,Lysander,Moeolo,IOL,Syracuse,Texas State,0.84,3
2025,Donta,Armstrong,TE,Charlotte,,,3
2025,Jordan,Bass,LB,Pittsburgh,Virginia Tech,0.85,3
2025,Tim,Malo,S,Brown,Hawai'i,0.81,3
2025,Syrus,Dumas,CB,UTSA,,,
2025,Jackson,Holman,WR,Arizona,Wyoming,0.82,3
2025,Jerry,Lawson,DL,Abilene Christian,Louisville,0.88,3
2025,AJ,Richardson,LB,Norfolk State,NC State,0.85,3
2025,AJ,Jones,WR,Arizona,Middle Tennessee,0.82,3
2025,Tanner,Bailey,QB,South Carolina,Auburn,,3
2025,Dylan,Lonergan,QB,Alabama,Boston College,0.87,3
2025,Tyler,Wagner,IOL,Coastal Carolina,,,2
2025,Justyn,Martin,QB,UCLA,Maryland,0.88,3
2025,Beau,Baker,TE,South Dakota State,Washington State,0.86,3
2025,Miguel,Cedeno,OT,Rice,Florida International,0.81,3
2025,Jackson,Gilkey,QB,UTSA,Weber State,,3
2025,Bryce,Damous,TE,UAB,,,
2025,RJ,Adams,OT,North Carolina A&T,New Mexico,0.82,3
2025,Everett,Hunter,TE,New Mexico,Eastern Michigan,0.81,3
2025,Antoine,Sullivan,WR,Fresno State,Cal Poly,,2
2025,Brandon,Tucker,LB,East Texas A&M,UTSA,0.85,3
2025,Micah,Pollard,LB,Michigan,Liberty,,3
2025,Hayes,Creel,OT,McNeese,Southern Miss,0.85,3
2025,Raymari,Oggs,CB,Southwest Baptist,East Tennessee State,,
2025,Clinton,Anokwuru,DL,Coastal Carolina,,,3
2025,Devin,Gunter,CB,Nevada,Bethune-Cookman,,3
2025,Cole,Keller,TE,Washburn,East Tennessee State,,
2025,Joshua,Bates,IOL,Oklahoma,SMU,0.89,3
2025,George,Silva,OT,Oregon,,0.84,3
2025,Bryce,Henderson,OT,South Dakota,Vanderbilt,0.88,3
2025,Elijah,Hughes,DL,USC,Notre Dame,0.84,3
2025,Xavier,Lucas,CB,Wisconsin,Miami,0.93,4
2025,Caleb,Medford,WR,New Mexico,Kansas State,0.86,3
2025,Jalyn,Thompson,TE,Iowa,South Dakota State,,2
2025,Curley,Reed,CB,Washington,Louisiana Tech,0.86,3
2025,JaQuan,Adams,OT,East Tennessee State,Tulsa,0.84,3
2025,Donavan,Manson,IOL,Coastal Carolina,UNLV,0.83,3
2025,Jackson,West,TE,Florida State,Western Kentucky,0.85,3
2025,Trae,Tomlinson,CB,Richmond,Louisiana,,3
2025,Antonio,Kite,CB,Auburn,Ole Miss,0.85,3
2025,Alex,Sanford,LB,Arkansas,Purdue,0.85,3
2025,Jordan,Spasojevic-Moko,IOL,Charlotte,California,0.86,3
2025,Emmett,Johnson,RB,Nebraska,,0.85,3
2025,Gatlin,Hancock,TE,Kennesaw State,Valdosta State,,
2025,Charlie,Robinson,EDGE,Louisiana Tech,Iowa Central C.C.,,3
2025,Fernando,Mendoza,QB,California,Indiana,0.93,4
2025,Ethan,Vasko,QB,Coastal Carolina,Liberty,0.84,3
2025,MarJayvious,Moss,CB,Memphis,,,4
2025,Ryder,Burns,LS,Southern Miss,,,2
2025,Anton,Ambuehl,OT,UNLV,,,3
2025,Jayquan,Reid,WR,Western Michigan,,,3
2025,J.Michael,Sturdivant,WR,UCLA,Florida,0.89,3
2025,Leif,Magnuson,IOL,Arizona,,,3
2025,Michael,Nwokocha,DL,Syracuse,Texas State,,3
2025,Chad,Brown,CB,Nevada,Purdue,0.86,3
2025,Timmy,McClain,QB,Arkansas State,Bethune-Cookman,0.85,3
2025,Jamahdia,Whitby,WR,Coastal Carolina,Lamar,,
2025,Cooper,Trnavsky,OT,Newberry,East Carolina,,
2025,Malachi,Fields,WR,Virginia,Notre Dame,0.93,4
2025,Kendal,Septs,IOL,Houston Christian,East Texas A&M,,3
2025,Tim,Grear Jr.,WR,Fresno State,Akron,0.83,3
2025,Courtland,Ford,OT,Kentucky,UCLA,0.86,3
2025,Ender,Aguilar,IOL,Tulsa,,,3
2025,Jayvant,Brown,LB,Kentucky,Temple,0.82,3
2025,Elijah,Williams,IOL,Kent State,Western Kentucky,0.81,3
2025,Traylon,Ray,WR,West Virginia,Ole Miss,0.91,4
2025,Ty'Quarius,Perry,DL,Troy,UT Martin,,
2025,Mari,Smith,WR,Tulsa,Central Arkansas,,3
2025,Dae'vonn,Hall,WR,Nebraska,Nebraska Kearney,,3
2025,Mabrey,Mettauer,QB,Wisconsin,Sam Houston,0.85,3
2025,Marlen,Sewell,S,Vanderbilt,,,3
2025,Kelby,Collins,DL,Florida,Alabama,0.9,4
2025,Mike,Stoker,OT,TCU,Incarnate Word,,3
2025,Dequan,Finn,QB,Baylor,Miami (OH),0.86,3
2025,Chenellson,Exume,DL,South Florida,Florida Atlantic,0.84,3
2025,Tavoy,Feagin,CB,Clemson,Ole Miss,0.86,3
2025,Shawn,Murphy,LB,Florida State,South Carolina,0.86,3
2025,Quan,Lee,WR,Florida A&M,Arkansas State,0.83,3
2025,Nevell,Brown,IOL,Alabama A&M,New Mexico,0.82,3
2025,Fran,Brown Jr.,LB,Saint Francis (PA),Syracuse,0.82,3
2025,Walker,Harris,EDGE,Southern Utah,Oregon State,,
2025,Nate,Boerkircher,TE,Nebraska,Texas A&M,0.86,3
2025,Smith,Vilbert,EDGE,Penn State,North Carolina,0.9,4
2025,Nate,Azzopardi,IOL,Idaho,,,2
2025,Darrell,Gipson,EDGE,Idaho State,Cincinnati,0.84,3
2025,Charlie,Gilliam,QB,Wake Forest,Samford,,3
2025,Jason,Mitchell,S,San Diego State,Western Michigan,0.84,3
2025,Lacota,Dippre,EDGE,Charlotte,James Madison,0.85,3
2025,George,Fitzpatrick,OT,Ohio State,Kansas State,0.86,3
2025,Malik,Sherrod,RB,Fresno State,Boise State,0.83,3
2025,Luke,LoPresti,QB,Massachusetts,,,
2025,Kode,Lowe,S,West Florida,UTEP,,
2025,Zack,Miller,OT,Washington State,,,3
2025,Cal,Swanson,QB,Illinois,Holy Cross,,3
2025,Connor,Meadows,IOL,Tennessee State,UCF,0.84,3
2025,Thomas,McCoy,WR,Marshall,Northern Illinois,0.82,3
2025,Jerrale,Powers,TE,Florida State,Stephen F. Austin,,3
2025,Khalib,Gilmore,LB,Ball State,Norfolk State,,
2025,Taariq,Al-Uqdah,LB,Washington State,Washington,0.85,3
2025,Cameron,Williams,IOL,Alabama A&M,Kennesaw State,0.83,3
2025,Jaydn,Ott,RB,California,Oklahoma,0.92,4
2025,Eyan,Thomas,DL,Saint Francis (PA),Maryland,0.85,3
2025,Simeon,Evans,WR,Sam Houston,North Texas,0.83,3
2025,Vince,Brown II,TE,Colorado State,Missouri,0.85,3
2025,Clint,Stephens,S,UCLA,New Mexico,,3
2025,Toby,Moore,IOL,UNLV,,,3
2025,Jordan,White,IOL,Liberty,Vanderbilt,0.91,4
2025,Jalen,John,RB,Massachusetts,Coastal Carolina,0.83,3
2025,Josiah,Green,DL,Dartmouth,Duke,0.84,3
2025,Jayden,Ballard,WR,Ohio State,Wisconsin,0.85,3
2025,Mike,Entwistle,IOL,Harvard,Massachusetts,0.82,3
2025,AG,McGhee,CB,Marshall,Arkansas State,,3
2025,Isaiah,McMorris,WR,Nebraska,Missouri State,,3
2025,Cam,May,OT,Howard,San Diego State,0.83,3
2025,Henry,Rutledge,WR,Charlotte,,,
2025,Charles,Brantley,CB,Michigan State,Miami,0.9,4
2025,Deion,Colzie,WR,Notre Dame,Miami (OH),0.84,3
2025,Jayden,Thomas,WR,Notre Dame,Virginia,0.86,3
2025,Max,Alford,LB,Utah State,BYU,0.83,3
2025,Tristan,Dunn,S,Washington,California,0.84,3
2025,Cameron,Barmore,WR,Mercyhurst College,Arizona,0.85,3
2025,Anthony,Hightower Jr.,CB,Lenoir Rhyne,,,
2025,Cale,Reeder,S,South Dakota State,Washington State,0.83,3
2025,Nigel,Tate,DL,Boston College,UAB,0.84,3
2025,Dorian,Fleming,TE,Georgia State,Maryland,0.87,3
2025,Jaden,Yates,LB,Marshall,Ole Miss,0.85,3
2025,Ta'ita'i,Uiagalelei,DL,Arizona,Washington,0.86,3
2025,Kevis,Thomas,CB,Maryland,Kentucky,0.86,3
2025,Trey,Miller,TE,Wayne State,Louisiana,0.81,3
2025,Carsen,Ryan,TE,Utah,BYU,0.87,3
2025,Marcus,Burke,WR,Florida,UCF,0.87,3
2025,Albert,Nunes,S,Northern Iowa,New Mexico,,
2025,Jaden,Mickey,CB,Notre Dame,Boise State,0.86,3
2025,Jaron-Keawe,Sagapolutele,QB,Oregon,California,0.93,4
2025,Jamontez,Woods,RB,Troy,,0.81,3
2025,Dontay,Joyner,S,Arkansas State,Maryland,0.86,3
2025,CJ,Donaldson,RB,West Virginia,Ohio State,0.89,3
2025,Matthew,Traynor,S,Richmond,Wisconsin,0.85,3
2025,Chris,Victor,EDGE,Chattanooga,California,0.86,3
2025,Anthony,Chiccitt,QB,Robert Morris,Temple,0.83,3
2025,David,Blay,DL,Louisiana Tech,Miami,0.92,4
2025,Amier,Boyd-Matthews,CB,UTEP,Texas Tech,0.89,3
2025,VJ,Wilkins,WR,Campbell,Boston College,0.87,3
2025,Adrian,Wilson,S,Washington State,Arizona State,0.88,3
2025,DJ,Bell,CB,Memphis,UCF,0.86,3
2025,Mansoor,Delane,CB,Virginia Tech,LSU,0.91,4
2025,MaLik,Caswell,S,Marshall,Southern Miss,,3
2025,Simote,Pepa,DL,Utah,Washington,0.86,3
2025,Kershawn,Fisher,EDGE,Nicholls,Western Michigan,,3
2025,Sam,M'Pemba,EDGE,Georgia,Texas A&M,0.86,3
2025,Shawn,Collins,EDGE,App State,,,3
2025,Dontae,Lunan,LB,Albany,Coastal Carolina,,3
2025,Nadame,Tucker,EDGE,Houston,Western Michigan,0.88,3
2025,Victor,Jones Jr.,WR,Liberty,Florida A&M,,3
2025,Matthew,Aribisala,DL,Sam Houston,Rice,0.84,3
2025,Amos,Talalele,IOL,USC,Kansas State,0.85,3
2025,Julius,Pope,LB,Arkansas,,,3
2025,Isaiah,Reed,CB,Brown,UCF,0.83,3
2025,Jaden,Williams,CB,Florida International,Bethune-Cookman,,3
2025,Kaden,Robnett,IOL,Idaho,New Mexico,0.82,3
2025,Hosea,Wheeler,DL,Western Kentucky,Indiana,0.85,3
2025,Tanner,Koziol,TE,Wisconsin,Houston,0.92,4
2025,Brady,Wilson,IOL,UAB,Virginia,0.84,3
2025,Jackson,Bowers,TE,BYU,Oregon State,,4
2025,Jaron,Tibbs,WR,Purdue,Kansas State,0.85,3
2025,Tyrecus,Davis,CB,Wyoming,Colorado,0.85,3
2025,Kylin,Jackson,S,LSU,TCU,0.86,3
2025,Jacoby,Mathews,S,Texas A&M,Auburn,0.88,3
2025,Langden,Kitchen,DL,Northwest Missouri State,Missouri,0.85,3
2025,Dante,Thomas,S,Kansas State,Coastal Carolina,,3
2025,Devin,Turner,S,Northwestern,Baylor,0.87,3
2025,Tré,Williams,DL,Clemson,Michigan,0.92,4
2025,Kahlee,Tafai,OT,Washington,Minnesota,0.87,3
2025,Seth,Ford,P,North Texas,,,
2025,Emil,Burton,CB,Eastern Michigan,Morehead State,,2
2025,Angel,Johnson,RB,South Dakota State,Washington State,0.84,3
2025,JR,Gardner,RB,Alabama,Alabama State,,
2025,Raion,Strader,CB,Miami (OH),Auburn,0.9,4
2025,Isaac,Walker,LB,Georgia Southern,Jacksonville State,,3
2025,Dre'lyn,Washington,RB,Louisiana,Alabama,0.88,3
2025,Isaac,Wilson,QB,Utah,,0.86,3
2025,Myles,Butler,LB,Campbellsville,Jacksonville State,,
2025,Jamare,Glasker,CB,Wake Forest,Maryland,0.89,3
2025,Karon,Prunty,CB,North Carolina A&T,Wake Forest,0.86,3
2025,Melvin,Jordan IV,LB,Oregon State,Georgia Tech,0.85,3
2025,Jalen,Cheek,S,Boston College,UAB,0.82,3
2025,Rashod,Dubinion,RB,Arkansas,App State,0.86,3
2025,Donaven,McCulley,WR,Indiana,Michigan,0.87,3
2025,Lee,Beebe Jr.,RB,UAB,Indiana,0.84,3
2025,Patrick,Kutas,IOL,Arkansas,Ole Miss,0.93,4
2025,Jurriente,Davis,LB,Louisville,,,
2025,Jamarius,Dinkins,DL,Purdue,,,3
2025,Jamel,Johnson,CB,Temple,NC State,0.86,3
2025,Rylen,Su'a-Filo,DL,Southern Utah,Western Kentucky,,
2025,Shymell,Davis,DL,Maine,Massachusetts,,
2025,Marcus,Lye,K,Northern Arizona,Massachusetts,,
2025,Alec,Clark,P,Southern Miss,Tulane,0.81,3
2025,Jake,Eichorn,IOL,BYU,Utah State,0.8,3
2025,Chris,Stokes,DL,Marshall,Southern Miss,0.82,3
2025,DeAngelo,Irvin Jr.,WR,UNLV,,,
2025,Bryce,Robinson,LS,Kennesaw State,Virginia,,
2025,Noah,Jones,K,Georgia,Samford,,
2025,Kalib,Perry,LB,Tennessee,Louisville,0.87,3
2025,A.J.,Hoffler,EDGE,Clemson,Georgia Tech,0.88,3
2025,Gabe,Powers,LB,Ohio State,Kansas State,0.86,3
2025,Martavius,French,LB,UTSA,Colorado,0.86,3
2025,JK,Johnson,CB,LSU,Oklahoma State,0.85,3
2025,Jalen,Stroman,S,Virginia Tech,Notre Dame,0.87,3
2025,Jalen,Marshall,LB,Wofford,Marshall,,
2025,Jackson,Sigler,QB,Virginia Tech,Shepherd University,,
2025,Tucker,Large,S,South Dakota State,Washington State,0.85,3
2025,Reece,Sylvester,S,Washington State,Incarnate Word,,3
2025,Jordan,Gant,RB,Tennessee State,Akron,0.84,3
2025,Mitchell,Gonser,LB,Harvard,Buffalo,,
2025,Sam,Driggers,WR,Middle Tennessee,Central Arkansas,,
2025,David,Latu,DL,BYU,Boise State,,3
2025,Mike,Mitchell,RB,Utah,Arizona,0.85,3
2025,Mike,Washington,RB,New Mexico State,Arkansas,0.86,3
2025,Kai,Rapolla,CB,Cal Poly,Washington State,0.84,3
2025,Sam,Dubwig,P,Arkansas,Purdue,,
2025,Mayes,Doggan,CB,Northwest Missouri State,Bowling Green,,
2025,Lance,Williams,IOL,Virginia Tech,App State,0.83,3
2025,Rayyan,Buell,DL,Colorado,Memphis,0.85,3
2025,Duane,Thomas Jr.,WR,Charlotte,UCF,,3
2025,Nick,Cenacle,WR,Hawai'i,,,
2025,Gabe,Peterson,EDGE,Utah State,New Mexico State,0.83,3
2025,Anthony,Arnou,QB,Michigan,Delaware State,,
2025,Dorian,Wesley,DL,Alabama A&M,Western Michigan,,2
2025,Brook,Honore,P,Arkansas State,California,,
2025,Javance,Tupou'ata-Johnson,QB,San Diego State,North Dakota,,3
2025,Louce,Julien,EDGE,Massachusetts,Toledo,0.83,3
2025,Brady,Norton,IOL,Cal Poly,Michigan,0.85,3
2025,Kyron,Hudson,WR,USC,Penn State,0.87,3
2025,Tyree,Patterson,WR,UCF,Middle Tennessee,0.86,3
2025,Jaylon,Glover,RB,Utah,UNLV,0.85,3
2025,Amir,Adams,CB,Edward Waters,,,
2025,Melvin,Siani,OT,Temple,Wake Forest,0.86,3
2025,Chandler,Rogers,QB,California,,,
2025,Tahj,Ra-El,S,Memphis,Purdue,0.84,3
2025,S'Maje,Burrell,LB,Sam Houston,North Texas,0.81,3
2025,Jehiem,Oatis,DL,Alabama,Colorado,0.93,4
2025,Finn,Lappin,P,McNeese,Kansas,,
2025,Gavin,Bloom,LB,Georgia State,,,
2025,Larry,Preston,CB,Murray State,Jacksonville State,,
2025,Ismael,Smith Flores,EDGE,Nebraska,Texas-Rio Grande Valley,,3
2025,Johnny,Martin,RB,Stony Brook,Temple,0.82,3
2025,Tai,Fa'avae,LB,Washington State,CSU-Pueblo,,3
2025,Caleb,Weaver,S,Sam Houston,Duke,0.86,3
2025,Ben,Christman,OT,Kentucky,UNLV,0.83,3
2025,Connor,Weselman,P,Stanford,Missouri,0.79,2
2025,Walker,Baty,IOL,UTSA,Central Arkansas,,3
2025,Gunner,Maldonado,S,Arizona,Kansas State,0.86,3
2025,Ryan,Joyce,IOL,Fordham,Old Dominion,0.83,3
2025,Quentavius,Scandrett,S,Eastern Michigan,Arkansas,0.84,3
2025,Anthony,Evans III,WR,Georgia,Mississippi State,0.86,3
2025,Niki,Prongos,OT,UCLA,Stanford,0.86,3
2025,Michael,Moore,LB,UAB,,0.85,3
2025,Javae,Gilmore,LB,Mississippi State,Marshall,0.85,3
2025,Jalon,Rock,CB,Weber State,Liberty,,
2025,Tayvon,Nelson,CB,Maryland,Marshall,0.82,3
2025,Brooklyn,Cheek,S,California,Wyoming,,3
2025,Kahleef,Jimmison,CB,Delaware State,Norfolk State,,
2025,K'Vion,Thunderbird,LB,Arizona State,Fresno State,0.84,3
2025,Jaden,Nixon,RB,Western Michigan,UCF,0.86,3
2025,Tyreese,Fearbry,EDGE,Kentucky,Wisconsin,0.9,4
2025,Nate,Johnson,EDGE,App State,Missouri,0.88,3
2025,Joseph,Williams,WR,Tulsa,Colorado,0.87,3
2025,TJ,Crandall,CB,West Virginia,Oregon State,0.85,3
2025,Jadon,Cardell,K,Sam Houston,,,
2025,Ka'ena,DeCambra,IOL,Hawai'i,Arizona,0.86,3
2025,Tristan,Bounds,OT,Michigan,Arizona,0.84,3
2025,Riley,Nowakowski,TE,Wisconsin,Indiana,0.85,3
2025,Trey,Leckner,TE,Washington State,,,3
2025,Brennan,Ridley,WR,Hampton,Bowling Green,0.85,3
2025,Devonte,Ross,WR,Troy,Penn State,0.86,3
2025,Jack,Hasz,IOL,UNLV,,0.85,3
2025,Neil,Campbell,CB,Indiana Wesleyan,UTEP,,
2025,Tyclean,Luman,EDGE,Rutgers,Florida Atlantic,0.82,3
2025,Holden,Staes,TE,Tennessee,Indiana,0.89,3
2025,CJ,Daniels,WR,LSU,Miami,0.9,4
2025,Michael,Hughes,EDGE,Washington State,,,
2025,Noreel,White,WR,Ole Miss,,,
2025,Bishop,Fitzgerald,S,NC State,USC,0.89,3
2025,Devan,Boykin,S,NC State,Indiana,0.85,3
2025,Mikey,Matthews,WR,California,UCLA,0.87,3
2025,Nyziah,Hunter,WR,California,Nebraska,0.9,4
2025,Jalen,St. John,OT,UNLV,Purdue,0.86,3
2025,Charles,Demmings,CB,Stephen F. Austin,,,
2025,Alexander,Cobbs,EDGE,San José State,Delaware State,,3
2025,Rodney,Bullard Jr.,WR,Valdosta State,Michigan State,0.85,3
2025,Leon,Lowery Jr.,EDGE,Wisconsin,Illinois,0.88,3
2025,Allen,Jones Jr.,IOL,West Alabama,Akron,0.82,3
2025,Andy,Jean,WR,Pittsburgh,Arkansas,0.85,3
2025,Khurtiss,Perry,DL,Virginia Tech,Jacksonville State,0.86,3
2025,Cameron,Calhoun,CB,Utah,Alabama,0.9,4
2025,Koa,McIntyre,S,Wyoming,,,3
2025,Jalik,Thomas,S,App State,Florida A&M,,3
2025,BJ,Blake,S,Louisiana Tech,,,
2025,Caden,Crawford,EDGE,Iowa,South Dakota,,3
2025,Jonah,Burton,WR,Baylor,Idaho State,,
2025,Chris,Bracy,S,UAB,Memphis,,3
2025,Tori,Daffin,S,Nevada,,,2
2025,Brayden,Manley,EDGE,Mercer,Georgia Tech,0.85,3
2025,Terrence,Cooks Jr.,LB,TCU,Texas State,0.82,3
2025,Aamaris,Brown,CB,South Florida,UNLV,0.84,3
2025,TJ,Magee,CB,Davidson,Massachusetts,,
2025,Montravius,Lloyd,RB,Pittsburgh,,,3
2025,Noah,Bustard,LB,Nebraska,,,
2025,Caleb,King,EDGE,Indiana,,,
2025,Murvin,Kenion III,S,Sacramento State,Nevada,,
2025,Jaeden,Gould,S,Syracuse,UCF,0.83,3
2025,Cristian,Conyer,CB,Coastal Carolina,App State,0.82,3
2025,Micah,Davey,LB,McNeese,UTEP,0.84,3
2025,AJ,Sargent,DL,Tarleton State,Sam Houston,,
2025,Blaine,Spires,EDGE,Utah State,Pittsburgh,0.87,3
2025,Anderson,Castle,RB,App State,Duke,0.85,3
2025,Gerald,Lacy Jr.,S,Missouri,Trinity Valley C.C.,,
2025,Elijah,Herring,LB,Memphis,Florida State,0.86,3
2025,Gavin,Hill,TE,Florida,Florida A&M,,4
2025,DJ,Moore,QB,Coastal Carolina,Holmes C.C.,,3
2025,Hezekiah,Masses,CB,Florida International,California,0.88,3
2025,Alonzo,Edwards Jr.,S,Texas State,Sam Houston,,3
2025,Jack,Kautz,LS,Missouri,Eastern Michigan,,
2025,Websley,Etienne,S,Arkansas State,Florida International,,3
2025,Markus,Clark,DL,App State,Liberty,,3
2025,Kojo,Antwi,WR,Ohio State,Colorado State,0.85,3
2025,Jaylin,Marshall,WR,Shorter,Georgia State,0.82,3
2025,James,Durand,IOL,Wisconsin,Western Illinois,,3
2025,Matthew,Ogunrin,WR,Tulsa,UT-Rio Grande Valley,,3
2025,Caleb,Dozier,LB,Georgia Tech,South Alabama,0.83,3
2025,Emmanuel,Henderson Jr.,WR,Alabama,Kansas,0.88,3
2025,Tiaoalii,Savea,DL,Texas,Arizona,0.84,3
2025,Ayden,Jones,LB,Prairie View A&M,Texas State,0.82,3
2025,Jacob,Cruz,EDGE,Georgia Tech,Jacksonville State,,3
2025,Jadon,Canady,CB,Ole Miss,Oregon,0.87,3
2025,Bryce,Edmondson,LB,Memphis,UNLV,,3
2025,Tomiwa,Durojaiye,DL,Florida State,Illinois,0.88,3
2025,Quinten,Joyner,RB,USC,Texas Tech,0.9,4
2025,Diezel,Wilkinson,S,Idaho,Montana,,3
2025,Tyler,Fortenberry,TE,Vanderbilt,Arkansas State,,2
2025,Guylijah,Theodule,CB,Marshall,Southern Miss,0.84,3
2025,Brayden,Hall,CB,Coastal Carolina,,,
2025,Rodney,Hammond Jr.,RB,Pittsburgh,Sacramento State,0.85,3
2025,Cooper,Frazier,IOL,Samford,Southern Miss,0.83,3
2025,Brayshawn,Littlejohn,LB,Missouri,App State,0.85,3
2025,Kaden,Henley,LB,Arkansas,Harding,,3
2025,Ryder,Bumgarner,RB,Washington,Central Washington,,2
2025,Squirrel,White,WR,Tennessee,Florida State,0.9,4
2025,Jeff,Persi,OT,Michigan,Pittsburgh,0.85,3
2025,Jonathan,Denis,IOL,Central Missouri,Louisiana Tech,0.82,3
2025,Lucas,Lenhoff,QB,UNLV,,,2
2025,Nyland,Green,CB,Purdue,Arizona State,0.89,3
2025,Connor,McDowell,LS,Angelo State,Sacramento State,,
2025,Daylyn,Diston,CB,East Carolina,Florida A&M,,3
2025,Makhi,Gilbert,DL,Samford,Eastern Michigan,,
2025,Morgan,Scott,OT,Middle Tennessee,Marshall,0.8,3
2025,Tanner,Williams,LB,Utah State,San Diego State,,3
2025,Shedrick,Rhodes Jr.,OT,Rutgers,Ohio,0.83,3
2025,Kamrean,Johnson,TE,Vanderbilt,Wake Forest,0.86,3
2025,Jeremy,Hecklinski,QB,Wake Forest,Iowa,0.86,3
2025,Sam,Phillips,WR,Chattanooga,Iowa,0.85,3
2025,Roderick,Daniels,EDGE,Liberty,Kennesaw State,0.83,3
2025,Tyrin,Taylor,S,Memphis,Jacksonville State,,3
2025,Bobby,Engstler,P,Arkansas State,,,3
2025,Chris,Joines,S,Mercer,Rutgers,0.85,3
2025,Chris,Parker,WR,Central Michigan,UConn,0.83,3
2025,Christian,Hunt,QB,Arizona State,,,3
2025,Caden,Veltkamp,QB,Western Kentucky,Florida Atlantic,0.83,3
2025,Kobe,Williams,IOL,Memphis,Arkansas State,0.84,3
2025,Warren-Stevens,Tayou,DL,West Georgia,Eastern Michigan,,
2025,Noah,Burnette,K,North Carolina,Notre Dame,,
2025,Colton,Hinton,WR,Furman,Coastal Carolina,0.85,3
2025,Miles,Thompson,CB,Texas Tech,Northern Illinois,,3
2025,Jaymar,Mundy,CB,Western Kentucky,Ohio,,3
2025,Matt,Jung,S,Bethel,Wisconsin,0.87,3
2025,Drew,Martin,TE,Memphis,,,3
2025,Jayden,Loving,DL,Western Kentucky,Wake Forest,0.86,3
2025,Cameron,Seldon,RB,Tennessee,Virginia Tech,0.89,3
2025,AJ,Swann,QB,LSU,App State,0.86,3
2025,Brady,Allen,QB,Louisville,,0.85,3
2025,Derek,Morris,K,California,Massachusetts,,
2025,Jeff,Bowie,DL,Iowa,South Dakota,,3
2025,Demerick,Morris,DL,Oklahoma State,Temple,0.86,3
2025,Jayden,Sheridan,CB,Utah Tech,New Mexico,,
2025,Cade,Keith,TE,TCU,New Mexico,0.79,2
2025,Deamontae,Diggs,DL,Coastal Carolina,Florida State,0.9,4
2025,Eddie Lee,Marburger,QB,UTSA,Texas-Rio Grande Valley,,3
2025,Jaron,Glover,WR,Michigan State,Mississippi State,0.86,3
2025,Rodney,Newsom Jr.,IOL,Western Kentucky,South Carolina,0.9,4
2025,David,Reese,EDGE,California,Syracuse,0.85,3
2025,Artis,Cole,WR,UL Monroe,Rice,0.81,3
2025,Will,Heldt,EDGE,Purdue,Clemson,0.9,4
2025,Damon,Wilson II,EDGE,Georgia,Missouri,0.98,5
2025,Grant,Chadwick,P,Middle Tennessee,LSU,,3
2025,Garrett,Jordan,LS,North Carolina,,,
2025,Landon,Ellis,WR,Richmond,James Madison,,
2025,Cannon,Lewis,LB,NC State,Marshall,,3
2025,Sam,Pendleton,IOL,Notre Dame,Tennessee,0.9,4
2025,Read,Sunn,LB,Wyoming,Eastern Washington,,
2025,Jack,Stevens,K,South Dakota State,Washington State,,
2025,Kaleno,Levine,CB,Missouri State,Troy,0.84,3
2025,Marcellus,Barnes Jr.,CB,Syracuse,SMU,0.89,3
2025,Derek,Burns,EDGE,New Mexico State,UTEP,,3
2025,Daniel,Harris,S,UAB,Marshall,,3
2025,Jalonnie,Williams,EDGE,Northern Illinois,,,3
2025,T.A.,Cunningham,DL,Penn State,Garden City C.C. ,,
2025,Bryun,Parham,LB,Washington,UConn,0.86,3
2025,Brice,Pollock,CB,Mississippi State,Texas Tech,0.9,4
2025,Daiquan,White,CB,Eastern Michigan,Georgia Tech,0.85,3
2025,DeAndre,Harper,OT,Northwest Missouri State,Kansas,0.86,3
2025,Josiah,Freeman,WR,Fresno State,,,3
2025,Aidan,Glover,QB,Missouri,,0.86,3
2025,Dalton,Merryman,OT,Texas Tech,Houston,,
2025,Jaedon,Foreman,DL,Oklahoma State,Coffeyville C.C.,,3
2025,Jaylon,White-McClain,EDGE,Old Dominion,Cincinnati,0.87,3
2025,Dawaiian,McNeely,S,Wyoming,,,3
2025,Justin,Cayenne,TE,Pennsylvania,Florida International,,3
2025,Tommy,Doman,P,Michigan,Florida,,3
2025,Hank,Brown,QB,Auburn,Iowa,0.85,3
2025,Malachi,Bailey,EDGE,Alcorn State,Arizona,0.86,3
2025,Blaine,McClure,ATH,North Carolina,,,
2025,Malachi,Thomas,RB,Virginia Tech,Purdue,0.85,3
2025,Zay,Franks,CB,Southern Miss,Southern,,3
2025,J.J.,Hawkins,EDGE,Marshall,Southern Miss,,3
2025,Alex,Perry,WR,Hawai'i,Florida International,0.84,3
2025,Mason,Graham,TE,New Mexico State,Houston Christian,,
2025,Venson,Sneed Jr.,EDGE,Indiana,Western Kentucky,,3
2025,Carter,Guillaume,IOL,Southeast Missouri State,Louisville,0.84,3
2025,Andrew,Powdrell,CB,Montana State,UNLV,,
2025,Mose,Phillips III,S,Virginia Tech,Missouri,0.87,3
2025,Nathan,Mejia,IOL,Sacramento State,Stanford,0.85,3
2025,Chace,Davis,DL,Bowling Green,,,3
2025,Tyler,Jefferson,QB,Central Michigan,Florida A&M,,3
2025,Ty,Chan,OT,Notre Dame,UConn,0.85,3
2025,Josiah,Martin,WR,California,Oklahoma,0.86,3
2025,Orion,Phillips,P,Missouri,Utah,,
2025,Cedric,Woods,CB,Louisiana Tech,,,3
2025,Juwon,Gaston,S,Houston,,,3
2025,Cannon,Butler,EDGE,Northern Iowa,Iowa State,0.85,3
2025,Matthew,McDoom,CB,Coastal Carolina,Cincinnati,0.87,3
2025,Jack,Bouwmeester,P,Utah,Texas,0.82,3
2025,Kaedin,Robinson,WR,App State,UCLA,0.88,3
2025,Doug,Blue-Eli,DL,South Florida,Rutgers,0.85,3
2025,Dallas,Fincher,IOL,Michigan State,San Diego State,,3
2025,Nevaeh,Sanders,EDGE,Northern Illinois,Mississippi State,0.85,3
2025,Myles,Mooyoung,CB,Miami,Coastal Carolina,0.82,3
2025,Adam,Mihalek,K,Florida,,,
2025,DeAndre,Buchannon,WR,Georgia Southern,,,3
2025,Martrell,Harris,LB,Texas A&M,,,3
2025,Jayland,Parker,LB,Marshall,Marshall,,3
2025,Brenen,Thompson,WR,Oklahoma,Mississippi State,0.87,3
2025,Javieon,Butler,WR,Southern Miss,,,3
2025,Jaden,Slocum,S,Stanford,,,3
2025,Kyle,Thomas,WR,Northern Illinois,,,2
2025,Chase,Farrell,WR,Stanford,Northwestern,0.85,3
2025,Tre,Bell,CB,Lindenwood,Iowa State,0.89,3
2025,Ryan,Dirksen,OT,San Diego State,,,3
2025,Jaitlin,Hampton,S,Coastal Carolina,,,3
2025,Sam,Brady,LB,Virginia,,,3
2025,Emari,White,WR,UTEP,,,
2025,Luke,Shouse,TE,Tennessee,,,3
2025,Williams,Nwaneri,EDGE,Missouri,Nebraska,0.93,4
2025,Rocco,Spindler,IOL,Notre Dame,Nebraska,0.91,4
2025,Jabari,Mack,CB,Jacksonville State,Louisville,0.84,3
2025,Jalen,Grant,IOL,Purdue,NC State,0.86,3
2025,Chip,Trayanum,RB,Kentucky,Toledo,0.84,3
2025,Avante,Dickerson,CB,Utah State,Arkansas State,,4
2025,Banks,Bowen,QB,Tulsa,Oklahoma State,0.83,3
2025,Bauer,Sharp,TE,Oklahoma,LSU,0.88,3
2025,Jourdyn,Burruss,LB,Arkansas State,,,3
2025,Josh,Fanuiel,TE,Oklahoma,,,
2025,Samu,Taumanupepe,DL,Texas A&M,Baylor,0.86,3
2025,Rodney,Groce Jr.,LB,Ole Miss,,,3
2025,Makai,Jackson,WR,App State,Indiana,0.86,3
2025,Ja'Ryan,Wallace,WR,Houston,,,3
2025,TJ,Rush,S,Miami (OH),,,3
2025,Vili,Taufatofua,DL,Utah,San José State,,3
2025,Miles,Bailey,DL,Murray State,Sacramento State,,3
2025,Roman,Purcell,QB,Indiana,Florida A&M,,
2025,Markus,Knight,S,Old Dominion,Western Kentucky,,
2025,Dawan,Martin,EDGE,Wyoming,,,3
2025,Janik,Ogunlade,OT,Florida A&M,New Mexico State,0.82,3
2025,Kyle,Grady,WR,Michigan,,,
2025,Calvin,Simpson-Hunt,CB,Ohio State,Baylor,0.87,3
2025,Matthew,Toilolo,IOL,New Mexico,,,
2025,Jathan,Caldwell,TE,Louisiana,,,3
2025,Brandon,Jones,CB,Stanford,,,3
2025,Sid,Kaba,DL,Western Michigan,Marshall,,3
2025,Tripp,Woody,K,Iowa,Syracuse,,2
2025,Dylan,McNamara,QB,Florida State,,,2
2025,Andrel,Anthony,WR,Oklahoma,Duke,0.87,3
2025,Alex,Bullock,WR,Nebraska,South Dakota State,,
2025,Tyshawn,Wyatt,OT,James Madison,Virginia,0.86,3
2025,Jyrin,Johnson,TE,Texas Southern,Bowling Green,0.81,3
2025,Deandre,Duffus,IOL,Maryland,Georgia State,0.82,3
2025,Jack,McGarry,IOL,Missouri,,,2
2025,Ismael,Cisse,WR,Stanford,Arkansas,0.86,3
2025,Colton,Fitzgerald,QB,Georgia Southern,West Georgia,,3
2025,Brody,Kosin,TE,Indiana,Miami (OH),0.82,3
2025,Ugonna,Nnanna,IOL,Virginia,North Texas,0.83,3
2025,Aamarii,Notice,DL,Idaho,Coastal Carolina,,
2025,Mike,Williams,IOL,Florida,Towson,0.85,3
2025,Ja'Len,Sims,LB,Southern Miss,,,3
2025,Christian,Medlock,IOL,Northern Illinois,Toledo,0.81,3
2025,Marco,Lainez III,QB,Iowa,Elon,,3
2025,Oliver,Fisher,TE,Boise State,Idaho,,3
2025,Tawfiq,Byard,S,South Florida,Colorado,0.86,3
2025,MarKendrick,Beall,IOL,Sam Houston,,,2
2025,Jalen,Jackson,CB,Middle Tennessee,,,2
2025,Omari,Hopkins,WR,California (PA),Duquesne,,
2025,Joshua,Saddler,EDGE,Coastal Carolina,West Georgia,,3
2025,Justin,McKithen,WR,Old Dominion,,,3
2025,Tyree,Morris,DL,Lafayette,Utah State,0.84,3
2025,Stellan,Bowman,LB,Ohio,Charlotte,0.83,3
2025,Sawyer,Deerman,WR,San José State,Murray State,,3
2025,Bryce,Hawthorne,DL,South Dakota State,Iowa,0.9,4
2025,Grant,Wilson,QB,Old Dominion,Indiana,0.84,3
2025,Chris,Johnson Jr.,RB,Miami,SMU,0.88,3
2025,Kyle,Sfarcioc,IOL,Southern Utah,BYU,0.86,3
2025,Brevin,Hamblin,S,Utah Tech,Utah State,0.83,3
2025,Isaiah,Sategna,WR,Arkansas,Oklahoma,0.87,3
2025,Jayden,Denegal,QB,Michigan,San Diego State,0.83,3
2025,Landon,Hale,S,Florida International,,,3
2025,Wilson,Schwartz,TE,Washington,,,
2025,Mo,Westmoreland,EDGE,UTEP,Tulane,0.85,3
2025,Chad,Lindberg,OT,Rice,North Carolina,0.86,3
2025,Weston,Jones,OT,BYU,,,3
2025,Cole,Brevard,DL,Purdue,Texas,0.88,3
2025,Charlie,Browder,TE,Tennessee,East Tennessee State,,3
2025,Arias,Nash,DL,Mercer,Virginia Tech,0.87,3
2025,Nahji,Logan,LB,Indiana,Nevada,0.85,3
2025,Princewill,Umanmielen,EDGE,Nebraska,Ole Miss,0.94,4
2025,Kam,Franklin,S,Oklahoma State,Louisiana Tech,0.81,3
2025,Mark,Gronowski,QB,South Dakota State,Iowa,0.87,3
2025,Isaac,Perez,IOL,Portland State,Arizona,0.84,3
2025,Jaz,Boykin,CB,Indiana,Hampton,,
2025,Baylin,Brooks,WR,San Diego State,Western Michigan,0.82,3
2025,Jacob,Merrifield,DL,Florida Atlantic,South Florida,,3
2025,Matthew,Littlejohn,S,California,,,3
2025,Nate,Adams,OT,Stephen F. Austin,South Dakota State,,2
2025,Demarcus,Griffin-Taylor,CB,Louisiana Tech,,,3
2025,Michael,Jordan Jr.,DL,Northern Colorado,Fresno State,,
2025,Otto,Tia,WR,Utah State,Utah,0.86,3
2025,Jakolbe,Baldwin,WR,NC State,Marshall,,3
2025,Trey,Fields,LB,Sam Houston,North Texas,,
2025,Julian,Humphrey,CB,Georgia,Texas A&M,0.91,4
2025,Trey,Wilhoit,P,Florida A&M,Florida International,,
2025,Cameron,Edge,QB,Maryland,Eastern Michigan,0.82,3
2025,Caleb,Goodie,WR,Colorado State,Cincinnati,0.86,3
2025,Jaden,Rios,CB,East Texas A&M,Texas State,0.82,3
2025,Pryce,Yates,DL,UConn,North Carolina,0.92,4
2025,Malik,Benson,WR,Florida State,Oregon,0.91,4
2025,Connor,Henderson,LB,North Texas,Buffalo,,
2025,Isaiah,Cobbs,WR,Washington State,Austin Peay,,3
2025,Quincy,Craig,RB,Portland State,Arizona,0.85,3
2025,Keanu,Mailoto,DL,Arizona,Boise State,,3
2025,Carmello,Jones,EDGE,Baylor,Jackson State,,3
2025,Karim,McCune II,WR,Fresno State,Northwood,,3
2025,Tommy,Ziesmer,DL,Kentucky,Eastern Kentucky,,3
2025,Bryson,Harrington,DL,Pittsburgh,Fresno State,,2
2025,Keagan,Johnson,WR,Kansas State,New Mexico,0.85,3
2025,Ezra,Moleni,RB,Sacramento State,,,
2025,Louie,Canepa,OT,New Mexico State,Oklahoma State,0.86,3
2025,Devin,Neal,S,Louisville,Virginia,0.86,3
2025,Nick,Sharpe,IOL,Wake Forest,South Carolina,0.85,3
2025,Adrian,Wilson,WR,Colorado,North Carolina,0.87,3
2025,Darron,Reed Jr.,DL,Auburn,Mississippi State,0.86,3
2025,Za'Ron,Collins,WR,Tusculum,James Madison,0.82,3
2025,Cam'Ron,Dabney,CB,Northern Illinois,Western Carolina,,3
2025,Sirri,Kandiyeli,IOL,Arizona State,Southern Utah,,3
2025,Angelo,Stockstill,S,Western Michigan,Kent State,,2
2025,Semaj,Cross,S,Lafayette,Kent State,0.83,3
2025,Tylan,Hines,RB,Hawai'i,Tarleton State,,3
2025,Tyler,Evans,WR,West Virginia,Robert Morris,,
2025,Aramoni,Rhone,WR,Arkansas-Pine Bluff,UTEP,0.83,3
2025,Jay,Ducker,RB,Sam Houston,Temple,0.85,3
2025,Israel,Carter,QB,South Florida,Norfolk State,0.86,3
2025,Mason,Shipley,K,Texas State,Texas,,
2025,Donald,Chaney Jr.,RB,Louisville,Charlotte,0.85,3
2025,Nickendre,Stiger,S,Kansas State,Old Dominion,0.83,3
2025,Trace,Bruckler,TE,New Mexico,Ole Miss,0.85,3
2025,Andrew,McIlquham,LS,Temple,UNLV,,
2025,Preston,Cushman,OT,Ole Miss,UCF,0.86,3
2025,Amari,Smith,IOL,Mississippi State,Northwest Mississippi C.C.,,3
2025,Cohen,Fuller,DL,Coastal Carolina,UNLV,,
2025,Antonio,Harmon,WR,Mississippi State,Marshall,,3
2025,Kenny,Lueth,QB,Northern Illinois,Northern Colorado,,2
2025,Chris,Barnes,WR,Washington State,Wake Forest,0.84,3
2025,BJ,Hendrickson III,CB,Franklin Pierce,,,
2025,Anthony,Boswell,IOL,Purdue,Toledo,0.78,2
2025,Isaiah,Neyor,WR,Nebraska,,0.88,3
2025,Christian,Ellis,S,New Mexico,Virginia Tech,0.85,3
2025,Lyrik,Rawls,S,Oklahoma State,Kansas,,3
2025,CJ,Nunnally IV,EDGE,Akron,Purdue,0.84,3
2025,Damarjhe,Lewis,DL,Purdue,SMU,0.85,3
2025,Grant,Tucker,WR,App State,Wofford,,4
2025,Jamond,Mathis,EDGE,Southern Illinois,Kent State,,3
2025,C.J.,Williams,WR,Wisconsin,Stanford,0.86,3
2025,Elijah,Gilliam,RB,Fresno State,,,
2025,Jordan,Young,CB,Cincinnati,Arkansas,0.86,3
2025,Keli,Lawson,LB,Virginia Tech,UCF,0.86,3
2025,Nick,DeGennaro,WR,Richmond,James Madison,0.83,3
2025,Ashton,Nawrocki,EDGE,Butler,Ball State,0.83,3
2025,Lorenzo,Vitti,CB,Navy,Hope ,,3
2025,Brian,Dillard,CB,South Alabama,,,3
2025,Maddox,Marcellus,LB,Eastern Kentucky,Virginia,0.85,3
2025,Ryland,Gandy,CB,Pittsburgh,Indiana,0.87,3
2025,Levi,Wentz,WR,Albany,Kansas,0.86,3
2025,David,Oke,DL,Abilene Christian,Arkansas,0.88,3
2025,Deshawn,McKnight,DL,UT Martin,Arizona,0.87,3
2025,Jaden,Williams,DL,Wyoming,Kentucky,0.86,3
2025,Henry,Ikahihifo,DL,Nevada,,,3
2025,Dante,Dowdell,RB,Nebraska,Kentucky,0.89,3
2025,Anthony,Brown,S,Purdue,South Alabama,,3
2025,Sage,Ryan,S,LSU,Ole Miss,0.86,3
2025,Terrance,McWilliams,WR,Minnesota,Louisville,0.84,3
2025,Blake,Tabaracci,LB,New Mexico,San José State,,3
2025,Zion,Fonua,LB,Eastern Michigan,Abilene Christian,,2
2025,Grayson,Loftis,QB,Duke,Charlotte,0.85,3
2025,Cody,Hardy,TE,Elon,NC State,0.85,3
2025,Jacob,Manu,LB,Arizona,Washington,0.86,3
2025,Kitione,Tau,DL,Nevada,,,
2025,Tyrin,Smith,WR,Cincinnati,Texas State,0.85,3
2025,Andrew,Kilfoyl,IOL,South Florida,Bowling Green,0.82,3
2025,Michael,Ray Jr.,S,UTEP,Prairie View A&M,,2
2025,Caleb,Schmitz,TE,Cincinnati,Illinois State,,3
2025,Hank,Zilinskas,IOL,Colorado,Rutgers,0.85,3
2025,Duce,Robinson,WR,USC,Florida State,0.95,4
2025,Caleb,LaVallee,LB,North Carolina,Florida State,0.84,3
2025,Sitiveni,Havili-Kaufusi,DL,UCLA,Oklahoma State,0.86,3
2025,Terrance,Carter,TE,Louisiana,Texas Tech,0.9,4
2025,Nate,Van Zelst,K,Wisconsin,,,
2025,Trey,Dunn,QB,Navy,Marshall,,
2025,Walker,Andersen,OT,UCLA,Colorado,0.83,3
2025,Mar'Quavious,Moss,S,West Georgia,Kansas State,0.85,3
2025,Garrison,Smith,K,Akron,Florida Atlantic,0.8,3
2025,Taleeq,Robbins,DL,Houston,Troy,,
2025,Mehki,Flowers,S,Penn State,Akron,,4
2025,Demon,Clowney,EDGE,Louisville,South Carolina,0.86,3
2025,Marshall,Nichols,P,UNLV,Georgia Tech,,
2025,Malik,Puryear,DL,Charlotte,Winston-Salem State,,
2025,Jerrian,Parker,RB,Southern Illinois,Sam Houston,0.84,3
2025,AJ,Burton,IOL,Iowa State,Northern Colorado,,3
2025,Mekhi,Miller,WR,Missouri,Tulsa,0.85,3
2025,Kyran,Bourda,DL,Arizona State,Texas State,,3
2025,Luke,Hasz,TE,Arkansas,Ole Miss,0.92,4
2025,Chauncey,Magwood,WR,UCF,Purdue,0.85,3
2025,Steele,Wasel,QB,Oklahoma,,,2
2025,James,Faminu,OT,Temple,UNLV,0.82,3
2025,Anthony,Woods,RB,Utah,UCLA,0.86,3
2025,Bryce,Biggs,OT,Marshall,Marshall,,3
2025,Sieh,Bangura,RB,Minnesota,Ohio,0.83,3
2025,Kevin,Wigenton II,IOL,Illinois,Virginia,0.87,3
2025,Isaiah,Wadsworth,CB,Wofford,Tulane,0.85,3
2025,Jonah,Pace,DL,Central Michigan,Iowa,0.87,3
2025,Brodrick,Gooch,LB,App State,,,2
2025,Christian,Fitzpatrick,WR,Marshall,Oklahoma State,0.87,3
2025,Sean,Sullivan,IOL,Yale,Rice,0.83,3
2025,Fa'alili,Fa'amoe,OT,Washington State,Wake Forest,0.92,4
2025,Jeffrey,Ugochukwu,S,Vanderbilt,Coastal Carolina,0.83,3
2025,Fisher,Camac,LB,UNLV,Virginia,0.86,3
2025,Luke,Roaten,OT,Washington State,Abilene Christian,,3
2025,Jaheem,Joseph,S,West Virginia,UNLV,,3
2025,Jake,Jarmolowich,S,Holy Cross,Colorado State,0.86,3
2025,Ryker,Evans,RB,Nebraska,Nebraska Kearney,,
2025,Jayson,Jenkins,DL,Tennessee,Florida State,0.91,4
2025,Tayven,Jackson,QB,Indiana,UCF,0.86,3
2025,Kam,Herring,CB,UTEP,East Central C.C.,,3
2025,Sincere,Edwards,EDGE,Pittsburgh,UCF,0.9,4
2025,Michael,Bumpus,DL,Brown,Boston College,0.84,3
2025,Kamari,Wilson,S,Arizona State,Memphis,,4
2025,Noah,Robinson,WR,Robert Morris,Tennessee Tech,,3
2025,Travis,Burke,OT,Florida International,Memphis,0.84,3
2025,La'Varis,Stanford,CB,Western Michigan,,,3
2025,Erwin,Nash,WR,Kansas State,Northwest Missouri State,,
2025,Joey,Zelinsky,EDGE,Eastern Michigan,Pittsburgh,0.85,3
2025,Myles,Parker,DL,Tennessee Tech,Houston,0.83,3
2025,Isaiah,Thomas,S,Miami,Kennesaw State,0.85,3
2025,Plae,Wyatt,S,Rice,,,3
2025,Broderick,Roman,IOL,Eastern Michigan,Southern Miss,0.84,3
2025,Jamir,Conn,CB,Southern Illinois,Nebraska,0.86,3
2025,Jaren,Sensabaugh,CB,Missouri,NC State,0.87,3
2025,Jake,Strong,QB,Texas Tech,McNeese,,3
2025,Kevin,Coleman Jr.,WR,Mississippi State,Missouri,0.92,4
2025,Jacob,Zeno,QB,UAB,Texas A&M,0.85,3
2025,Robby,Ashford,QB,South Carolina,Wake Forest,0.85,3
2025,Caleb,Offord,CB,Alabama State,Kennesaw State,,3
2025,Hunter,Zambrano,IOL,Illinois State,Texas Tech,0.93,4
2025,JT,Hand,IOL,Arizona,Oregon State,,3
2025,Redd,Hibbler,EDGE,NC State,Mississippi State,0.88,3
2025,Wyatt,Sullivan,TE,Florida Atlantic,South Florida,,3
2025,Kyndrich,Breedlove,CB,Purdue,Arizona State,0.86,3
2025,Donavon,Greene,WR,Wake Forest,Virginia Tech,0.86,3
2025,Gage,Keys,DL,Auburn,Kansas,0.85,3
2025,Bennett,Walker,CB,San Diego State,North Dakota,,
2025,Mahamane,Moussa,IOL,Purdue,Louisville,0.88,3
2025,Justin,Royes,OT,Virginia Union,UCF,0.85,3
2025,Chubba,Purdy,QB,Nevada,,,4
2025,Keanu,Koht,EDGE,Alabama,Vanderbilt,0.88,3
2025,Terry,Webb,DL,Texas State,SMU,0.86,3
2025,Thomas,Castellanos,QB,Boston College,Florida State,0.87,3
2025,Cordale,Russell,WR,Colorado,Miami (OH),,4
2025,Tywon,Wray Jr.,S,Oklahoma State,South Alabama,0.84,3
2025,Dean,Connors,RB,Rice,Houston,0.84,3
2025,Avery,Stuart,S,Kentucky,Ball State,0.84,3
2025,Trech,Kekahuna,WR,Wisconsin,,,3
2025,Christian,Ray,EDGE,UTEP,Houston Christian,,
2025,Ethan,Tookes,CB,Alabama State,Kennesaw State,,
2025,James,Monds III,CB,Middle Tennessee,Eastern Michigan,,3
2025,Jordan,Sanders,DL,Cal Poly,Texas State,0.83,3
2025,Bennett,Ringleb,OT,Tulsa,,,
2025,Kaden,Beatty,DL,Kent State,Washington State,,2
2025,Michael,Flores,IOL,Old Dominion,Louisville,0.86,3
2025,Destun,Thomas,WR,Kennesaw State,,,3
2025,Kedrick,Burley,EDGE,Middle Tennessee,,,3
2025,Ian,Conerly-Goodly,S,Troy,Southeastern Louisiana,,
2025,Wyatt,Milkovic,LB,Boise State,Western Illinois,,3
2025,Joseph,Bakhole,EDGE,Chattanooga,App State,0.83,3
2025,Graham,Friedrichsen,WR,Iowa,Northern Iowa,,
2025,Ayden,Garnes,CB,West Virginia,Arizona,0.85,3
2025,Ryan,Johnson,EDGE,Southern Miss,,,
2025,Zion,Turner,QB,Jacksonville State,Marshall,0.82,3
2025,Tyler,Wegis,EDGE,Boise State,,,3
2025,David,Dellenbach,K,UCLA,Ohio,,
2025,Zuri,Madison,IOL,Arkansas,Arkansas State,0.84,3
2025,Jalon,Peoples,CB,Texas Tech,North Dakota State,,3
2025,Jordan,Shaw,CB,Washington,Texas A&M,0.87,3
2025,Troy,Omeire,WR,Arizona State,UNLV,0.84,3
2025,Grant,Mills,LS,North Carolina,Ohio State,,
2025,Dean,Shaffer,LB,Yale,Massachusetts,,
2025,Tay,Yanta,IOL,Abilene Christian,North Texas,0.84,3
2025,Jaylon,Edmond,CB,Washington State,Wake Forest,0.83,3
2025,Coleman,Bryson,S,Minnesota,North Carolina,0.86,3
2025,Chase,Wilson,LB,Colorado State,West Virginia,0.85,3
2025,Braden,Siders,EDGE,Wyoming,West Virginia,0.86,3
2025,Carlos,Hernandez,WR,Washington State,Wake Forest,0.87,3
2025,Percy,Lewis,OT,Auburn,Ole Miss,0.89,3
2025,Antione,Jackson,CB,UCF,,,4
2025,Micah,Bell,WR,Vanderbilt,Georgia,0.83,3
2025,Zion,Branch,S,USC,Georgia,0.87,3
2025,Kenan,Christon,RB,San Diego State,Jackson State,,4
2025,Ty,Thompson,QB,Tulane,,0.85,3
2025,Will,Flowers,IOL,Valdosta State,App State,0.8,3
2025,Maverick,McIvor,QB,Abilene Christian,Western Kentucky,0.86,3
2025,Agiye,Hall,WR,UCF,Sacramento State,0.86,3
2025,Conner,Harrell,QB,North Carolina,Charlotte,0.85,3
2025,MJ,Hinson Jr.,CB,Texas Southern,Florida Atlantic,0.84,3
2025,J'Onre,Reed,IOL,Syracuse,USC,0.9,4
2025,Caden,High,WR,South Carolina State,Stanford,0.86,3
2025,Derek,Carter Jr.,CB,Jacksonville State,West Virginia,0.85,3
2025,Patrick,Hisatake,DL,Hawai'i,Northeastern State,,3
2025,Justin,Lamson,QB,Stanford,Montana State,0.84,3
2025,Jamauri,Chislom,TE,Memphis,Southeast Missouri State,,3
2025,Patrick,Screws Jr.,OT,Georgia Tech,Troy,0.82,3
2025,Casey,Cain,WR,UNLV,Liberty,0.86,3
2025,Rayfield,Lotten,TE,Mississippi State,Sam Houston,0.79,2
2025,Jalen,Owens,DL,Southern Miss,,,3
2025,Travis,Shaw,DL,North Carolina,Texas,0.91,4
2025,Jeremiah,Alexander,LB,Alabama,Clemson,0.86,3
2025,Julian,Knox,S,TCU,North Texas,0.85,3
2025,Emmanuel,Pregnon,IOL,USC,Oregon,0.93,4
2025,Jack,Turner,QB,Louisiana Tech,Texas A&M-Kingsville,,
2025,James,Brockermeyer,IOL,TCU,Miami,0.88,3
2025,Samson,Ogunade,DL,James Madison,,,
2025,Max,Lofy,CB,Wisconsin,Rice,,3
2025,Isaac,Hill,TE,Bowling Green,,,3
2025,David,Daniel-Sisavanh,S,Georgia,Troy,0.85,3
2025,Kevin,Longstreet,CB,Texas A&M,USC,0.8,3
2025,Landen,Thomas,EDGE,Arizona State,UNLV,0.83,3
2025,King,Mack,S,Alabama,Penn State,0.88,3
2025,Amari,Niblack,TE,Texas,Texas A&M,0.87,3
2025,Brady,Neu,DL,Central Michigan,,,3
2025,John,Cannon,K,South Florida,Western Kentucky,,
2025,Micah,Davis,WR,Ole Miss,Southern Miss,0.84,3
2025,Conner,Moore,OT,Montana State,Michigan State,0.91,4
2025,Chavez,Brown,LB,North Texas,South Florida,0.86,3
2025,Jack,Kayser,RB,Army,Trinity (Texas),,
2025,Denver,Harris,CB,UTSA,UNLV,0.86,3
2025,Taeshaun,Lyons,WR,Utah,UNLV,0.85,3
2025,Kylin,James,RB,UNLV,,0.86,3
2025,Jaggar,Hebeisen,TE,Rice,,,3
2025,Zach,Pyron,QB,Minnesota,South Alabama,0.86,3
2025,Jeremiah,Vessel,S,UNLV,UAB,0.84,3
2025,JR,Buckner,LS,Auburn,,,
2025,Jayden,Sauray,QB,Maryland,,,3
2025,Tristan,Waiamau-Galindo,EDGE,Hawai'i,,,3
2025,Chandler,Morris,QB,North Texas,Virginia,0.87,3
2025,Raylen,Sharpe,WR,Fresno State,Arkansas,0.84,3
2025,Carlos,Del Rio-Wilson,QB,Syracuse,Marshall,0.85,3
2025,Mi'Quise,Humphrey-Grace,EDGE,South Dakota,Kentucky,0.92,4
2025,Tawee,Walker,RB,Wisconsin,Cincinnati,0.87,3
2025,Abdur-Rahmaan,Yaseen,WR,South Florida,,0.85,3
2025,Jay'Vion,Cole,CB,Texas,Arizona,0.85,3
2025,McCallum,Wright,WR,East Carolina,,,
2025,Kamani,Jackson,S,Washington State,,,3
2025,Azariah,Levells,CB,Stephen F. Austin,New Mexico,,
2025,DJ,Wingfield,IOL,Purdue,USC,0.91,4
2025,Geirean,Hatchett,IOL,Oklahoma,Washington,0.86,3
2025,Jeffrey,M'Ba,DL,Purdue,SMU,0.88,3
2025,Trip,White,LB,Ole Miss,Oklahoma State,0.85,3
2025,Shomari,Lawrence,RB,Florida International,Missouri State,,
2025,JaMair,Diaz,LB,Glenville State ,Sam Houston,,
2025,Kimo,Makane'ole,DL,LSU,West Virginia,0.83,3
2025,Cole,Cabana,RB,Michigan,Western Michigan,0.86,3
2025,Zion,Nelson,OT,Miami,SMU,0.86,3
2025,Alex,Bauman,TE,Tulane,Miami,0.88,3
2025,Jez,Janvier,OT,Eastern Michigan,Southern Miss,0.82,3
2025,Vilay,Nakkoun Jr.,S,Rutgers,,,3
2025,Seth,Bullock,LB,Tulsa,Northern Iowa,,2
2025,Treyvon,Adams,DL,James Madison,,,
2025,Jayden,Wayne,EDGE,Washington,California,0.86,3
2025,Malcolm,Gillie,WR,Ball State,Coastal Carolina,0.84,3
2025,Elijah,Green,RB,Indiana,Sam Houston,0.83,3
2025,Tony,Grimes,CB,UNLV,Purdue,0.87,3
2025,Deston,Hawkins,RB,Nevada,,,3
2025,Decoldest,Crawford,WR,Louisiana Tech,,,3
2025,Christian,Davis,RB,Ball State,,,3
2025,Nic,Reeves,IOL,Georgia,Temple,,
2025,Pierre,Royster,S,Saint Francis (PA),UAB,0.82,3
2025,Jayden,Becks,RB,Missouri State,North Texas,0.84,3
2025,Exodus,Anderson,IOL,Old Dominion,,,
2025,Michael,Allen,RB,UNLV,Marshall,0.84,3
2025,Bryce,Carter,DL,Virginia,Texas State,,4
2025,Grant,Meadors,K,Oregon,Sacramento State,,2
2025,Mandel,Eugene,LB,Tulane,Prairie View A&M,,3
2025,Romello,Height,EDGE,Georgia Tech,Texas Tech,0.92,4
2025,Isaiah,Johnson,CB,Marshall,,,4
2025,KaTron,Evans,DL,Marshall,Marshall,,4
2025,Trey,Ridley,S,South Dakota State,Washington State,0.83,3
2025,Colby,Humphrey,CB,South Dakota State,Washington State,0.82,3
2025,Nathan,Jones,TE,Minnesota,Abilene Christian,0.86,3
2025,Graham,Eben,LB,Iowa,South Dakota State,,2
2025,Alfred,Jordan Jr.,WR,Idaho State,Ohio,0.84,3
2025,Jalen,Thomas,DL,LSU,,,
2025,Nahki,Johnson,DL,Pittsburgh,Tulsa,0.84,3
2025,Ashaad,Williams,CB,North Alabama,Wake Forest,0.88,3
2025,William,Whitlow Jr.,EDGE,Memphis,,0.86,3
2025,Zach,Potter,DL,Toledo,Wyoming,,2
2025,Luke,Carter,TE,North Texas,Northwestern State,,3
2025,AJ,Brown,CB,Ole Miss,Georgia Southern,,3
2025,Makhi,Hughes,RB,Tulane,Oregon,0.9,4
2025,Jahlil,McClain,WR,Louisville,Fresno State,0.84,3
2025,Harrison,Bailey,QB,Louisville,Florida,0.84,3
2025,Khristian,Zachary,DL,Alabama A&M,Texas Southern,,3
2025,Jaeden,Moore,EDGE,Oregon,Pittsburgh,0.86,3
2025,Caleb,Wooden,S,Auburn,Arkansas,0.86,3
2025,Zach,Greenberg,IOL,North Carolina,James Madison,0.85,3
2025,Wyatt,Minor,IOL,Youngstown State,West Virginia,0.8,3
2025,Antwain,Littleton II,RB,Temple,Rhode Island,0.85,3
2025,Markus,Allen,WR,Eastern Michigan,Mississippi State,0.86,3
2025,Jacorey,Whitted,OT,Mississippi State,,,3
2025,Sean,DaVault,LB,Tulsa,,,3
2025,Nick,Marinaro,IOL,Dartmouth,Ohio,,
2025,Nick,Harris,TE,UConn,Eastern Michigan,,2
2025,Sam,Jackson V,WR,Auburn,Oklahoma State,0.85,3
2025,Roy'Marr,Thomas,EDGE,James Madison,,,3
2025,Luke,Larsen,P,East Carolina,Villanova,,2
2025,Colson,Brunner,LS,Washington State,,,
2025,Sterling,Porcher,IOL,Texas Tech,Vanderbilt,0.88,3
2025,Ilija,Krajnovic,OT,Boston College,Western Carolina,,3
2025,Aaron,Roberts,IOL,Purdue,Ball State,,
2025,Mike,Peterson Jr.,WR,Arkansas State,Florida,0.85,3
2025,Jett,Runion,TE,Houston,Houston Christian,,3
2025,Naquan,Crowder,DL,California (PA),Marshall,,
2025,Cash,McCollum,QB,North Texas,Weber State,,3
2025,Jaylan,Jones,DL,Texas-Rio Grande Valley,UTSA,,
2025,RJ,Kelly,LB,Arkansas State,South Carolina State,,3
2025,Marc,Britt II,WR,UL Monroe,,,3
2025,Sam,Salz,RB,Texas A&M,,,
2025,Cole,Batson,S,Boston College,UC Davis,,3
2025,Terez,Traynor,WR,Charlotte,,,3
2025,Jalen,Catalon,S,UNLV,Missouri,0.86,3
2025,Jackson,Courville,K,Ball State,Ohio State,,
2025,Kobe,Hylton,S,Oklahoma State,,,
2025,Parker,Stone,LS,Tulsa,,,2
2025,Jacob,Horvath,P,Eastern Illinois,North Carolina,,
2025,Javeon,Wilcox,S,Texas Tech,,,3
2025,Trent,Hudson,WR,Mississippi State,Vanderbilt,0.86,3
2025,Da'Wain,Lofton,WR,Oklahoma State,,,3
2025,Anthony,Richard Jr.,CB,Marshall,Southern Miss,,
2025,Antonio,Tripp Jr.,IOL,Miami,Florida International,0.82,3
2025,Kahlil,Benson,IOL,Colorado,Indiana,0.85,3
2025,Ahmad,Haston,QB,Massachusetts,Tennessee Tech,,3
2025,De'Andre,Coleman,WR,Coastal Carolina,Newberry,,4
2025,Micheal,Caraway Jr.,S,Southern Miss,Florida,0.88,3
2025,Ni,Mansell,IOL,South Carolina,South Alabama,0.81,3
2025,Braylon,Smith,IOL,Kent State,,,
2025,Jonah,Rodriguez,IOL,Arizona,Southwestern (KS),,3
2025,Braydon,Bennett,RB,Coastal Carolina,Virginia Tech,0.86,3
2025,Chantson,Prox,CB,Sam Houston,,,3
2025,Greg,Turner,LB,East Carolina,Tennessee Tech,,3
2025,Chris,Farrell,IOL,Kent State,Southeast Missouri State,,3
2025,Jezreel,Bachert,RB,Arkansas,Ouachita Baptist University,,
2025,Angel,Flores,QB,Northern Arizona,Central Michigan,0.84,3
2025,Robby,Washington,CB,Miami,Coastal Carolina,0.85,3
2025,Shiyazh,Pete,OT,New Mexico State,Kentucky,0.91,4
2025,Mozell,Williams,OT,Rutgers,Florida A&M,,3
2025,Weston,Wallace,IOL,Georgia Southern,Western Kentucky,0.81,3
2025,Tailique,Williams,WR,Georgia State,Western Michigan,0.83,3
2025,Jake,Farrell,QB,Hawai'i,Missouri S&T,,
2025,Maddox,Kopp,QB,Miami (OH),Houston Christian,,3
2025,Cataurus,Hicks,WR,Louisville,Pittsburgh,0.87,3
2025,Charles,Calhoun III,EDGE,Gannon,Temple,0.82,3
2025,Aziah,Johnson,WR,Michigan State,North Carolina,0.87,3
2025,Denver,Warren,DL,Sam Houston,UAB,,
2025,Makhail,Wood,WR,Eastern Michigan,,,3
2025,AJ,Duffy,QB,San Diego State,New Haven,,4
2025,Dycurian,Douglas,WR,Washington State,,,
2025,JoJo,Johnson,CB,Indiana,Bowling Green,,3
2025,Pierre,Kemeni Jr.,CB,New Mexico,Ohio,,
2025,Star,Thomas,RB,Duke,Tennessee,0.86,3
2025,Josiah,Jackson,DL,Davidson,New Mexico State,,
2025,Zuberi,Mobley,RB,Florida Atlantic,Tulane,,3
2025,Jalen,Whittaker,CB,Western Michigan,,,2
2025,Kevin,Beckham,WR,Troy,Hinds C.C.,,3
2025,Jack,MacKinnon,EDGE,Michigan,Nevada,0.8,3
2025,Jack,Stanton,QB,Houston Christian,Stetson,,3
2025,James,Stewart,EDGE,Middle Tennessee,Tennessee State,0.85,3
2025,Mikai,Gbayor,LB,Missouri,North Carolina,0.9,4
2025,Jackson,Grier,WR,Boise State,App State,0.79,2
2025,Josh,Waite,IOL,Shippensburg,Ohio,0.81,3
2025,Blake,Bosma,TE,Western Michigan,,,
2025,Aaris,Bethea,EDGE,Rutgers,Rhode Island,,3
2025,Dre,Butler,DL,Charlotte,South Florida,,4
2025,Olasunkonmi,Agunloye,DL,Marshall,Florida International,,3
2025,Davonte,Miles,DL,Bowling Green,South Carolina,0.86,3
2025,Grady,Kelly,DL,Florida State,Michigan State,0.86,3
2025,Noah,Avinger,S,New Mexico,Utah State,,3
2025,Zevi,Eckhaus,QB,Washington State,,,3
2025,Mitchell,Mayes,IOL,Charlotte,,0.86,3
2025,Howard,Sampson,OT,North Carolina,Texas Tech,0.89,3
2025,Keelan,Cox,EDGE,Texas Southern,Sam Houston,0.84,3
2025,Monroe,Mills,OT,Louisville,Virginia,0.92,4
2025,Damien,Alford,WR,Utah,Florida Atlantic,0.85,3
2025,Cory,Hall,EDGE,Northern Arizona,UNLV,0.82,3
2025,Jeff,Roberson,LB,Oklahoma State,Minnesota,0.85,3
2025,Jaden,Pettway,S,North Texas,UT-Rio Grande Valley,,3
2025,Derrell,Bailey Jr.,OT,East Tennessee State,Georgia State,0.83,3
2025,Ty,Adams,CB,North Carolina,,,3
2025,Kris,Hutson,WR,Washington State,Arizona,0.86,3
2025,D'Yoni,Hill,CB,Miami,Wisconsin,0.86,3
2025,Kam,Wilson,EDGE,Cincinnati,Miami (OH),0.83,3
2025,Koby,Bretz,S,Nebraska,South Dakota State,,3
2025,Teagan,Wilk,S,Houston,East Carolina,,3
2025,Tycoolhill,Luman,EDGE,Rutgers,Florida Atlantic,0.85,3
2025,Ryan,Stephens,WR,East Carolina,North Carolina A&T,,
2025,Pat,Coogan,IOL,Notre Dame,Indiana,0.91,4
2025,Ke'Marion,Baldwin,RB,James Madison,Charleston Southern,,
2025,Jalyn,Stanford,S,Houston,Sam Houston,,3
2025,Elijah,Gordon,S,Saginaw Valley State,Central Michigan,,
2025,Louis,Moore,S,Ole Miss,Indiana,0.85,3
2025,Carson,Beck,QB,Georgia,Miami,0.96,4
2025,Tyhler,Williams,IOL,Akron,Georgia State,0.83,3
2025,Keontez,Lewis,WR,Southern Illinois,Oklahoma,0.87,3
2025,Isaiah,Garcia-Castaneda,WR,Nebraska,South Dakota State,,2
2025,Kristian,Tate,WR,Delaware State,Troy,0.82,3
2025,Jacob,De Jesus,WR,UNLV,California,0.85,3
2025,Evan,Herrmann,EDGE,Vanderbilt,Ohio,0.81,3
2025,Michael,Lunz,LB,Tulane,South Carolina State,,3
2025,Jaylen,Anderson,RB,West Virginia,South Dakota,,3
2025,Jacob,Russell,OT,Valparaiso,Central Michigan,0.82,3
2025,Sam,Brumfield,LB,Virginia Tech,Memphis,0.86,3
2025,Matthew,Moore,LB,North Texas,Prairie View A&M,,3
2025,Richard,Toney Jr.,S,TCU,Purdue,0.85,3
2025,JJ,Johnson,S,Georgia State,NC State,0.86,3
2025,Eli,Aragon,WR,Western Illinois,Coastal Carolina,0.84,3
2025,Mana,Taimani,IOL,Ole Miss,Colorado,0.86,3
2025,Joe,Swen,S,Sam Houston,,,3
2025,Jalen,Stewart,LB,Massachusetts,Temple,0.85,3
2025,Mickel,Clay,OT,North Alabama,West Virginia,0.85,3
2025,Harrison,Wallace III,WR,Penn State,Ole Miss,0.92,4
2025,Daveion,Harley,IOL,Jacksonville State,California,0.84,3
2025,Kamron,Beachem,TE,Fresno State,,,3
2025,JaQues,Evans,EDGE,Baylor,Colorado State,0.83,3
2025,Makylan,Pounders,IOL,Mississippi State,Louisville,0.85,3
2025,Kenard,Snyder,EDGE,Iowa State,Texas State,,3
2025,Julien,Demby,LB,South Alabama,,,3
2025,Wes,Dorsey,OT,UCF,,,2
2025,Zach,Evans,RB,North Texas,,,3
2025,Laterrance,Welch,CB,Arizona State,UNLV,0.85,3
2025,Javante,Mackey,LB,Memphis,Arkansas State,0.81,3
2025,Justin,Stevenson,WR,Wyoming,Utah,0.85,3
2025,Johnny,Chaney Jr.,LB,Colorado,Florida International,,
2025,Donerio,Davenport,RB,Louisiana Tech,Jackson State,,3
2025,Nikhai,Hill-Green,LB,Colorado,Alabama,0.9,4
2025,Carl,Chester,WR,Marshall,Southern Miss,0.83,3
2025,Ryan,Turner,CB,Boston College,Purdue,0.88,3
2025,Josiah,Cox,S,New Mexico State,San Diego State,,3
2025,Xavier,Hill,IOL,Memphis,Colorado,0.88,3
2025,Tychaun,Chapman,WR,Marshall,Southern Miss,,4
2025,Justin,Harrington,S,Washington,West Virginia,0.85,3
2025,Jadarrius,Perkins,CB,Toledo,,,3
2025,Jacolby,Criswell,QB,North Carolina,East Tennessee State,0.83,3
2025,Sam,Huard,QB,Utah,USC,0.84,3
2025,Keagen,Trost,OT,Wake Forest,Missouri,0.88,3
2025,D.J.,Graham II,CB,Utah State,Kansas,0.85,3
2025,Joshua,Donald,DL,App State,Houston,0.86,3
2025,Adrian,Maddox,S,UAB,Georgia,0.86,3
2025,Tar'Varish,Dawson,WR,Jacksonville State,Florida International,,4
2025,O'Mega,Blake,WR,Charlotte,Arkansas,0.91,4
2025,Naejuan,Barber,DL,Coastal Carolina,Florida Atlantic,,
2025,Oscar,Hammond,TE,North Texas,Oklahoma State,0.83,3
2025,Khafre,Brown,WR,Arkansas,,0.84,3
2025,Desmyn,Baker,LB,Southern Miss,,,2
2025,Cameran,Brown,QB,Texas Tech,Georgia State,0.83,3
2025,Jacob,Bostick,WR,Texas A&M,San Diego State,0.83,3
2025,Ryan,Robinson Jr.,CB,Iowa State,McNeese,,3
2025,Dominick,Hill,CB,Liberty,Southern Miss,0.82,3
2025,Langston,Long,LB,South Florida,Toledo,0.84,3
2025,Deontre,Morris,S,Georgia Southern,Alabama State,,
2025,Cam,Smith,S,Jackson State,Marshall,,3
2025,Gavin,Wimsatt,QB,Kentucky,Jacksonville State,0.84,3
2025,Will,James,S,Southern Miss,Houston,,3
2025,General,Booty,QB,UL Monroe,,,
2025,Tamarcus,Cooley,S,NC State,LSU,0.9,4
2025,Jase,Bauer,QB,Sam Houston,UT Martin,,3
2025,Charles,Ross,WR,USC,Purdue,0.85,3
2025,Gavin,Gibson,S,East Carolina,North Carolina,0.86,3
2025,Logan,Fife,QB,Montana,New Mexico State,0.85,3
2025,Anthony,Garcia,QB,Arizona,Utah State,0.84,3
2025,Jarvarius,Sims,CB,UConn,Western Michigan,,
2025,Aaryn,Parks,OT,South Carolina,Southern Miss,0.82,3
2025,Jevon,Jackson,RB,UTEP,UAB,0.82,3
2025,David,Spruiells,S,North Texas,Tarleton State,,
2025,Jaylen,Lewis,CB,Temple,Western Kentucky,0.82,3
2025,Elijah,Metcalf,WR,Marshall,Southern Miss,0.85,3
2025,Reggie,Akles,CB,UConn,,,3
2025,Christian,Washington,RB,Coastal Carolina,San Diego State,0.86,3
2025,Jalil,Rivera-Harvey,DL,Western Kentucky,Marshall,,3
2025,Drew,Pyne,QB,Missouri,Bowling Green,0.82,3
2025,DT,Sheffield,WR,North Texas,Rutgers,0.89,3
2025,Miguel,Jackson,DL,Utah State,Northwestern,0.83,3
2025,Jack,Hollifield,IOL,App State,Tulane,0.84,3
2025,Ezekiel,Larry,EDGE,San Diego State,,,3
2025,Destin,Wade,QB,Colorado,North Alabama,,3
2025,Will,Jones II,S,Old Dominion,North Texas,0.83,3
2025,Jerrae,Williams,S,Washington State,,,
2025,Angelo,Rankin Jr.,CB,Old Dominion,,,3
2025,Christian,Fuhrman,LB,Northern Illinois,,,
2025,Cedrick,Nicely,OT,Marshall,,,3
2025,Max,Harris,LB,Texas State,Arizona,0.84,3
2025,Anterio,Thompson,DL,Western Michigan,Washington,,3
2025,De'Jon,Benton,DL,New Mexico,Hawai'i,,3
2025,Andre,Jones,WR,Coastal Carolina,,,
2025,Keyshawn,Cobb,S,Nevada,,,3
2025,Xavier,Williams,S,Middle Tennessee,Cincinnati,0.85,3
2025,Ja'Koby,Banks,WR,Memphis,Prairie View A&M,,3
2025,Noah,Kim,QB,Coastal Carolina,Eastern Michigan,0.83,3
2025,CJ,James,IOL,UTSA,,,
2025,Collin,Gill,CB,Georgia,Charlotte,,3
2025,Jason,Chambers,CB,App State,West Virginia,0.85,3
2025,Treyveon,McGee,S,Charlotte,,,
2025,Eli,Sanders,RB,New Mexico,USC,0.86,3
2025,Sam,Hart,TE,Colorado,,,3
2025,Demarcus,Lacey,WR,Jacksonville State,Marshall,0.84,3
2025,Mani,Powell,LB,UNLV,Purdue,0.84,3
2025,Cecil,Powell,S,Troy,Sam Houston,,3
2025,Reece,Adkins,TE,UCF,Massachusetts,,
2025,Chief,Borders,EDGE,Pittsburgh,UNLV,0.83,3
2025,Zarian,McGill,IOL,Louisiana Tech,Colorado,0.85,3
2025,Bralon,Brown,WR,Marshall,Southern Miss,,3
2025,Isaia,Glass,OT,Oklahoma State,Vanderbilt,0.86,3
2025,Cam,Ross,WR,James Madison,Virginia,0.87,3
2025,Fernando,Garza III,TE,Sam Houston,,,3
2025,Andrew,Wilson-Lamp,CB,East Carolina,Toledo,0.84,3
2025,Kyran,Montgomery,DL,Ball State,,,3
2025,Moso'oipala,Tuitele,EDGE,New Mexico,,,3
2025,Romello,Watson,IOL,Georgia State,East Texas A&M,,
2025,Jadon,Pearson,LB,Utah State,Fresno State,,3
2025,Kameron,Olds,EDGE,Kent State,Kentucky,0.9,4
2025,Gavin,Barthiel,LB,Utah State,Washington State,,3
2025,De'Zhaun,Stribling,WR,Oklahoma State,Ole Miss,0.9,4
2025,Dominique,Johnson,RB,TCU,Stephen F. Austin,,3
2025,Richard,Pearce,IOL,New Mexico,,,3
2025,Kyle,Lowe,QB,Georgia State,Southeastern Louisiana,,3
2025,Luke,MacPhail,QB,Utah Tech,Wingate,,2
2025,Tyquan,King,LB,Temple,UConn,0.85,3
2025,Devon,Smith,OT,UL Monroe,Western Kentucky,0.82,3
2025,Caden,Costa,K,Memphis,UNLV,,2
2025,Zavier,Short,WR,App State,Marshall,0.82,3
2025,Thomas,Shrader,IOL,App State,South Florida,,3
2025,Jaylen,Dotson,CB,Kent State,Incarnate Word,,
2025,Bryson,Harrison,QB,East Carolina,,,3
2025,Tre,Pinkney,LB,Southern Miss,,,
2025,Dontae,Balfour,CB,Charlotte,Texas Tech,0.86,3
2025,Mackavelli,Malotumau,DL,Nevada,Western Kentucky,,3
2025,Caleb,Burton III,WR,Auburn,UConn,0.84,3
2025,Matthew,Wykoff,IOL,California,Houston,0.86,3
2025,Bryce,Childress,WR,Western Kentucky,,,3
2025,Darryl,Minor Jr.,LB,Memphis,,,
2025,Robert,Rahimi,S,San José State,SMU,0.86,3
2025,LeVar,Talley,LB,Nevada,,,3
2025,David,Conner,IOL,Texas State,,,3
2025,JoJo,Earle,WR,TCU,UNLV,0.85,3
2025,Joshua,Braun,IOL,Arkansas,Kentucky,0.86,3
2025,Christian,Lorenzo,DL,Georgia State,Illinois State,,2
2025,Tyler,King,WR,Wyoming,New Mexico State,0.81,3
2025,Earl,Woods III,QB,Kennesaw State,Norfolk State,,3
2025,Coleman,Bennett,RB,Rice,Kennesaw State,0.79,2
2025,Reginald,Harden Jr.,WR,Arkansas State,Tarleton State,,
2025,Jay'viar,Suggs,DL,LSU,Wisconsin,0.9,4
2025,Ma'Kyi,Lee,OT,North Texas,New Mexico State,0.83,3
2025,Hunter,McLain,IOL,James Madison,,,3
2025,McKenzie,Agnello,OT,New Mexico,Houston,0.85,3
2025,Julien,Simon,LB,UConn,,,4
2025,Emmett,Brown,QB,San José State,Coastal Carolina,0.85,3
2025,Baron,Franks II,IOL,UAB,,,
2025,Faybian,Marks,CB,Rice,,,3
2025,Yaser,Al-Awadi,OT,Ball State,,,3
2025,Julius,Pierce,IOL,Middle Tennessee,Florida International,0.82,3
2025,Keyvone,Lee,RB,Mississippi State,UNLV,0.83,3
2025,Marcellus,Marshall,IOL,UCF,Minnesota,0.88,3
2025,CJ,Doggette,DL,Ohio,Florida Atlantic,0.83,3
2025,Xe'ree,Alexander,LB,UCF,Washington,0.86,3
2025,Davon,Sears,DL,Oklahoma,,,3
2025,E.J.,Williams,WR,Indiana,,0.84,3
2025,Carmycah,Glass,LB,Louisiana,Houston,0.85,3
2025,Nana,Burris,WR,Florida International,Arkansas State,0.83,3
2025,Jahmal,Edrine,WR,Purdue,Virginia,0.87,3
2025,Fred,Davis II,CB,Jacksonville State,Northwestern,0.86,3
2025,Tristan,Monday,DL,Arizona State,,0.82,3
2025,Walker,Merrill,WR,Wake Forest,Austin Peay,,3
2025,Noah,Bolticoff,IOL,Indiana,North Alabama,0.79,2
2025,Craig,McDonald,S,Minnesota,Utah State,0.82,3
2025,Grant,Page,WR,Utah State,Southern Miss,0.84,3
2025,Austin,Dean,LB,Georgia Tech,,,3
2025,Sterling,Berkhalter,WR,Cincinnati,Wake Forest,0.85,3
2025,Josh,Celiscar,EDGE,Texas A&M,South Florida,,3
2025,Enyce,Sledge,DL,Illinois,Florida Atlantic,,3
2025,Omari,Kelly,WR,Middle Tennessee,Michigan State,0.89,3
2025,Eric,O'Neill,EDGE,James Madison,Rutgers,0.86,3
2025,Dion,Washington,DL,Hawai'i,Boise State,0.84,3
2025,Kasen,Weisman,QB,Florida Atlantic,,,3
2025,Dre,Martin,DL,Charlotte,,0.85,3
2025,Ta'Quan,Roberson,QB,Kansas State,Buffalo,0.83,3
2025,Aidan,Kaler,LB,Charlotte,Stony Brook,,
2025,Chedon,James,WR,Fresno State,Incarnate Word,,3
2025,Zhen-Keith,Sotelo,IOL,Hawai'i,,,3
2025,Chrishon,McCray,WR,Kent State,Michigan State,0.86,3
2025,Terron,Kellman,RB,Charlotte,Wyoming,0.82,3
2025,Dermaricus,Davis,QB,UCLA,Hawai'i,0.86,3
2025,Raleigh,Collins III,S,West Virginia,New Hampshire,,3
2025,Ian,Ratliff,P,Marshall,App State,,
2025,DJ,McKinney,RB,Sam Houston,New Mexico,0.85,3
2025,Lawrence,Hattar,IOL,Ferris State,Michigan,0.86,3
2025,Matt,Jones,RB,Ole Miss,Southern Miss,0.84,3
2025,Rara,Thomas,WR,Georgia,Troy,,3
2025,Jake,Furtney,TE,Illinois,,,3
2025,Jayshawn,Ross,EDGE,Alabama,Kansas State,0.89,3
2025,Gianni,Spetic,K,Ohio,Memphis,,2
2025,Braeden,Wisloski,WR,Maryland,James Madison,0.82,3
2025,Kannon,Katzer,RB,Ferris State,West Virginia,0.86,3
2025,Alex,Harkey,OT,Texas State,Oregon,0.9,4
2025,Freddie,Brock,RB,Georgia State,Oklahoma State,0.86,3
2025,Carter,Brown,K,Cincinnati,Utah State,,2
2025,Dane,Pardridge,WR,Northern Illinois,Rutgers,0.85,3
2025,Ali,Abbasi,DL,Roosevelt,Marshall,,
2025,Jason,Duclona,CB,Liberty,East Tennessee State,,3
2025,Kennedy,Urlacher,S,Notre Dame,USC,0.87,3
2025,Edward,Rhambo,CB,Bowling Green,Nevada,,
2025,Blake,Glessner,K,UCLA,,,2
2025,Da'Marcus,Crosby,S,New Mexico State,Virginia,0.86,3
2025,Joseph,Sipp Jr.,LB,Bowling Green,Kansas,0.85,3
2025,Davon,Mitchell,TE,Oklahoma,Louisville,0.87,3
2025,Aiden,Valdez,TE,Campbell,New Mexico,0.82,3
2025,DeCorion,Temple,TE,Central Michigan,,,3
2025,Lajuan,Owens,IOL,New Mexico,California,0.85,3
2025,Tahjae,Mullix,DL,Western Carolina,Oregon State,0.83,3
2025,Bobby,Golden,WR,Akron,Louisville,0.87,3
2025,Fitzroy,Ledgister,CB,Rutgers,Western Michigan,,3
2025,Nic,Anderson,WR,Oklahoma,LSU,0.93,4
2025,Randy,Pittman Jr.,TE,UCF,Florida State,0.85,3
2025,Laurance,Seymore,IOL,Akron,Western Kentucky,0.83,3
2025,Keldric,Luster,QB,SMU,Texas State,0.83,3
2025,Kenari,Wilcher,WR,Illinois,Florida A&M,,3
2025,Koby,Keenum,IOL,Kentucky,Mississippi State,0.86,3
2025,Joey,Farthing,WR,Youngstown State,Hawai'i,0.83,3
2025,Brian,Alston,EDGE,Arkansas State,East Tennessee State,,3
2025,Ashton,Paine,S,Washington State,South Dakota,,2
2025,Payton,Kirkland,IOL,Colorado,UAB,0.84,3
2025,Tray,Taylor,WR,Coastal Carolina,Troy,0.83,3
2025,Luke,Marble,QB,Northern Illinois,South Dakota State,,2
2025,Spencer,Webb,IOL,North Carolina A&T,Eastern Michigan,,
2025,Elijah,Culp,CB,Charlotte,James Madison,0.86,3
2025,Zae,Smith,DL,Houston Christian,California,0.85,3
2025,Evan,Boutorwick,LS,Michigan,,,
2025,Jaavan,Mack,CB,Charlotte,Western Kentucky,,
2025,AJ,Green,RB,Oklahoma State,Arkansas,0.85,3
2025,Carter,Herriman,LB,Miami (OH),Eastern Michigan,,3
2025,Sanders,Ellis,LB,Tennessee State,Purdue,0.86,3
2025,Ja'Marion,Wayne,CB,Missouri,Coastal Carolina,0.82,3
2025,Ben,Kamara,CB,Upper Iowa,Akron,,
2025,Drake,Knobloch,LS,Iowa State,Baylor,,
2025,Charlie,Leota,DL,West Texas,Texas State,0.82,3
2025,Ethan,Hampton,QB,Northern Illinois,Illinois,0.86,3
2025,Gabe,Russo,P,Auburn,,,2
2025,Tyrece,Mills,S,Penn State,UConn,,3
2025,PJ,Hatter,QB,Texas State,Georgia State,0.83,3
2025,Keyon,Concepcion,WR,Limestone,Concord,,
2025,Chance,Graves,CB,Richmond,East Carolina,,
2025,Chase,Carter,DL,Incarnate Word,Memphis,0.85,3
2025,Dennis,Moody,RB,North Texas,North Texas,,
2025,Jacobe,Robinson,QB,Boston College,Southern Miss,0.85,3
2025,Antonio,Robinson,CB,Wake Forest,Florida Atlantic,0.82,3
2025,Jaden,McKinney,DL,UTEP,Southern Miss,0.83,3
2025,TreyShun,Hurry,WR,San José State,Louisville,0.89,3
2025,Dennious,Jackson,DL,Kentucky,Colorado State,0.82,3
2025,Michael,Gravely Jr.,S,Western Michigan,Ball State,,3
2025,Dwayne,McDougle,S,Idaho,San Diego State,0.82,3
2025,TJ,Shanahan,IOL,Texas A&M,Penn State,0.88,3
2025,Billy,Edwards Jr.,QB,Maryland,Wisconsin,0.87,3
2025,J'Dan,Burnett,EDGE,Louisiana Tech,Tulsa,0.82,3
2025,Kam,Shanks,WR,UAB,Arkansas,0.85,3
2025,Jamier,Johnson,CB,Indiana,UCLA,0.86,3
2025,Tyler,Williams,WR,Minnesota,South Florida,0.85,3
2025,Amorie,Morrison,EDGE,Old Dominion,UAB,0.83,3
2025,Joseph,Reddish,CB,Wingate,Virginia Tech,0.85,3
2025,Ricky,Fletcher,CB,South Alabama,Ole Miss,0.87,3
2025,Aaron,Armitage,EDGE,Stanford,Florida International,0.85,3
2025,Leavy,Johnson,IOL,Western Kentucky,South Alabama,0.78,2
2025,Trey,Cornist,RB,Tulane,Central Michigan,0.84,3
2025,Martavious,Collins,TE,UTEP,Florida Atlantic,0.84,3
2025,Devin,Brown,QB,Ohio State,California,0.86,3
2025,Morrow,Evans,LS,Ohio State,UCLA,0.78,2
2025,Reymello,Murphy,WR,Arizona,UConn,0.83,3
2025,Reed,Chandley,P,Houston Christian,Georgia State,,
2025,Jalen,Emery,CB,Houston,Western Kentucky,,3
2025,Devyn,Curtis,LB,Middle Tennessee,Arkansas State,0.8,3
2025,Tye,Edwards,RB,Northern Iowa,West Virginia,0.86,3
2025,Qae'Shon,Sapp,IOL,SMU,Florida Atlantic,0.81,3
2025,Khamauri,Rogers,CB,Mississippi State,Jackson State,,4
2025,Derek,Jensen,OT,Wisconsin,Iowa State,0.87,3
2025,Kendrick,Raphael,RB,NC State,California,0.87,3
2025,Lavon,Johnson,DL,Maryland,Texas,0.89,3
2025,Cam,Cook,RB,TCU,Jacksonville State,0.86,3
2025,Teon,Parks,CB,Illinois State,Colorado,0.87,3
2025,Marcus,Moore Jr.,DL,Bowling Green,Purdue,0.85,3
2025,Moussa,Barry,WR,Western Kentucky,,,
2025,Justin,Smith-Brown,WR,South Carolina State,West Virginia,0.84,3
2025,KJ,Makins,CB,Houston Christian,Baylor,0.85,3
2025,Brendan,Zurbrugg,QB,Oklahoma,Utah,0.84,3
2025,Kenji,Christian,RB,North Carolina A&T,Toledo,0.85,3
2025,Javen,Nicholas,WR,LSU,Charlotte,0.81,3
2025,Michael,Van Buren Jr.,QB,Mississippi State,LSU,0.89,3
2025,Yakiri,Walker,IOL,Colorado,Memphis,0.84,3
2025,Jayshon,Platt,WR,Florida Atlantic,,,3
2025,Ajay,Allen,RB,Florida International,Tulsa,0.85,3
2025,Dominic,Rivera,OT,Rutgers,Toledo,0.83,3
2025,Justin,Flowe,LB,Arizona,UNLV,0.86,3
2025,Myles,Norwood,CB,Ball State,South Carolina,0.88,3
2025,Akim,Lanieux,WR,Northern Illinois,Arizona State,0.83,3
2025,Ja'Elyne,Matthews,OT,Rutgers,Florida State,0.86,3
2025,Danny,Niu,LB,San Diego State,,,3
2025,Josiah,Ayon,WR,Western Colorado,Fresno State,0.83,3
2025,Max,Reese,TE,Eastern Michigan,Mississippi State,0.86,3
2025,Cheick,Kaba,DL,Troy,Charlotte,0.81,3
2025,Anthony,Colandrea,QB,Virginia,UNLV,0.86,3
2025,Chance,Fitzgerald,WR,Virginia Tech,Vanderbilt,0.85,3
2025,Eric,Weatherly,WR,Bucknell,Ball State,,3
2025,Chrisdasson,Saint-Jean,OT,Florida Atlantic,Kennesaw State,0.81,3
2025,Jacob,Norcross,IOL,Kennesaw State,Memphis,0.85,3
2025,Terry,Kirksey Jr.,LB,UConn,Arkansas State,0.81,3
2025,James,Ash,DL,Florida A&M,Auburn,0.87,3
2025,Tyrell,Reed Jr.,RB,Arkansas,UL Monroe,0.83,3
2025,Alijah,Alexander,DL,Stetson,Eastern Michigan,0.83,3
2025,AJ,Johnson,WR,East Tennessee State,UAB,0.85,3
2025,Michael,Kern,P,Texas,California,,3
2025,Skylar,Cook,S,New Mexico,,,3
2025,Emmanuel,Karnley,CB,Miami,Virginia,0.91,4
2025,Sam,Dixon,RB,Ohio State,,,3
2025,Caleb,Nitta,IOL,Virginia Tech,Western Kentucky,0.82,3
2025,Xavier,Miles,DL,Syracuse,Charlotte,0.81,3
2025,D'Antre,Robinson,DL,Florida,North Carolina,0.9,4
2025,Jordan,Church,IOL,Florida Atlantic,Louisville,0.86,3
2025,Justin,Beadles,EDGE,New Mexico State,Louisville,0.85,3
2025,Connor,Cox,TE,South Carolina,North Carolina,0.85,3
2025,John,Slaughter,S,Tennessee,Colorado,0.86,3
2025,Xavier,Loyd,WR,Illinois State,Missouri,0.87,3
2025,Santana,Hopper,DL,App State,Tulane,0.88,3
2025,Ja'son,Prevard,CB,Morgan State,Virginia,0.84,3
2025,Marquis,Groves-Killebrew,CB,Arizona,,0.86,3
2025,Gavin,Harris,TE,Central Michigan,New Mexico State,,
2025,Asaad,Waseem,WR,Colorado,Florida Atlantic,,3
2025,Micah,Harper,S,BYU,Montana,,3
2025,Mark,Robinson,OT,Southeastern,UTEP,0.83,3
2025,Davion,Dozier,WR,Arkansas,App State,0.85,3
2025,Damian,Henderson II,RB,Colorado State,Sacramento State,,3
2025,Terrence,Moore,IOL,Pittsburgh,Toledo,,3
2025,Evan,Wibberley,IOL,Western Kentucky,Kentucky,0.85,3
2025,Isaiah,Thomison,LB,Memphis,Bowling Green,0.81,3
2025,Avery,Dunn,EDGE,Michigan State,Toledo,0.83,3
2025,Hadine,Diaby,IOL,Tennessee State,Nevada,,
2025,Antonio,Martin Jr.,RB,UL Monroe,Kansas State,0.86,3
2025,Brendon,Barrow,RB,Stanford,Rhode Island,,3
2025,Michael,Johnson Jr.,QB,Syracuse,Akron,0.83,3
2025,Zach,Gibson,QB,Georgia State,Florida Atlantic,0.83,3
2025,Jaylan,Knighton,RB,SMU,West Virginia,0.85,3
2025,Jackson,Long,TE,Georgia Tech,Georgia Southern,0.8,3
2025,Anthony,Johnson,DL,Massachusetts,Monmouth,,3
2025,Mike,Adams,OT,Indiana State,Grand Valley State,,2
2025,Elijah,St. John,DL,LIU Post,Purdue,0.83,3
2025,Landon,Rehkow,P,BYU,Utah State,,2
2025,Isaiah,Augustave,RB,Colorado,South Carolina,0.85,3
2025,Isheem,Young,S,North Texas,Memphis,0.84,3
2025,Kai,Rios,TE,Indiana State,Michigan State,0.84,3
2025,Jordan,Sanford,S,Texas Tech,California,0.85,3
2025,RJ,Martinez,QB,Texas State,West Texas,,2
2025,Al,Wooten II,RB,Duke,Towson,0.83,3
2025,James,Bailey,IOL,New Mexico,,,
2025,Cortez,Braham Jr.,WR,Nevada,Memphis,0.86,3
2025,Drew,Viotto,QB,Missouri State,British Columbia,,3
2025,Trevell,Mullen,CB,James Madison,Illinois State,,3
2025,Joshua,Sales Jr.,OT,Purdue,Austin Peay,,3
2025,Reed,Buys,IOL,South Alabama,,,
2025,Darrion,Dalton,DL,San Diego State,Washington State,,3
2025,Jordy,Lowery,CB,Western Carolina,East Carolina,,3
2025,Shaun,Myers,LB,North Alabama,Colorado,0.85,3
2025,Caleb,Presley,CB,Washington,San José State,0.84,3
2025,Donovan,Haslam,IOL,Austin Peay,West Virginia,0.84,3
2025,Brandon,High Jr.,RB,UTSA,California,0.85,3
2025,Arlis,Boardingham,TE,Florida,Bowling Green,0.86,3
2025,Curt,Neal,DL,Wisconsin,Illinois,0.84,3
2025,Miles,McVay,OT,Alabama,North Carolina,0.87,3
2025,Grant,Jordan,QB,Yale,Massachusetts,0.83,3
2025,Donovan,Green,TE,Texas A&M,LSU,0.86,3
2025,Enai,White,EDGE,Texas A&M,Penn State,0.86,3
2025,Donovan,Saunders,CB,Texas A&M,Utah,0.85,3
2025,Reginald,Hughes,LB,Jacksonville State,Colorado,,3
2025,DJ,Black,WR,Limestone University,UCF,0.86,3
2025,Arkel,Anugwom,OT,Ball State,Alabama,0.88,3
2025,PJ,Wilkins,IOL,Charlotte,Ole Miss,0.86,3
2025,Cardell,Williams,QB,Tulsa,Sacramento State,,3
2025,Caleb,Redd,EDGE,Kentucky,Kansas,0.84,3
2025,Zack,Owens,IOL,Colorado,Mississippi State,0.86,3
2025,Carter,Miller,IOL,UL Monroe,UCF,0.9,4
2025,Kahmari,Brown,EDGE,Elon,,0.88,3
2025,Everett,Roussaw Jr.,LB,UAB,Memphis,0.84,3
2025,Jayce,Freeman,WR,Stony Brook,,,
2025,Dorian,Royal,DL,Georgia State,,,
2025,Jaylen,Lloyd,WR,Nebraska,Oklahoma State,0.86,3
2025,Evan,Boyd,WR,Central Michigan,Michigan State,0.85,3
2025,Corey,Myrick,S,Marshall,Southern Miss,,3
2025,Owen,Wafle,EDGE,Michigan,Penn State,0.85,3
2025,Brandon,Best,IOL,Georgia Tech,Kennesaw State,,3
2025,Isaiah,Patterson,LB,UCLA,UNLV,0.85,3
2025,Rickey,Williams,LB,West Virginia,Toledo,0.84,3
2025,Amarion,Fortenberry,CB,South Alabama,Kansas State,0.87,3
2025,Ny,Carr,WR,Miami,,0.86,3
2025,Kalolo,Ta'aga,OT,USC,Utah,0.85,3
2025,Malachi,Nelson,QB,Boise State,UTEP,0.86,3
2025,Enock,Sibomana,S,North Dakota State,Wyoming,0.86,3
2025,TJ,Finley,QB,Tulane,Georgia State,0.85,3
2025,Ethan,Newman,IOL,Kennesaw State,Memphis,,
2025,Michael,Montgomery,LB,Portland State,Southern Miss,0.83,3
2025,Buom,Jock,LB,Colorado State,California,0.86,3
2025,Joshua,Jackson,WR,UAB,,,3
2025,William,Boone,OT,Prairie View A&M,North Carolina,0.85,3
2025,Jaylen,Early,OT,Florida State,Missouri,0.86,3
2025,Cam,Fancher,QB,Florida Atlantic,UCF,0.85,3
2025,Caleb,Wheatland,LB,Maryland,Auburn,0.88,3
2025,Jyzaiah,Rockwell,WR,Sam Houston,Prairie View A&M,,3
2025,Tyler,Mercer,IOL,North Texas,Kansas,0.85,3
2025,Armahn,Hale,CB,Kent State,New Mexico State,0.8,3
2025,Keyone,Jenkins,QB,Florida International,,0.86,3
2025,Nehemiah,Dukes,DL,Youngstown State,Ohio,,
2025,Max,Drag,TE,App State,UCF,0.85,3
2025,Zakye,Barker,LB,East Carolina,SMU,0.85,3
2025,Trey,Cooley,RB,Georgia Tech,Troy,,4
2025,DJ,Warner,EDGE,Kansas,SMU,0.87,3
2025,MJ,Morris,QB,Maryland,Coastal Carolina,0.85,3
2025,Kanye,Udoh,RB,Army,Arizona State,0.86,3
2025,CJ,Montes,QB,Kent State,,0.84,3
2025,Tayden,Barnes,S,New Mexico State,Cincinnati,0.86,3
2025,Jaymon,Lamb,OT,Stephen F. Austin,North Texas,0.84,3
2025,Troy,Stellato,WR,Clemson,Kentucky,0.87,3
2025,Chantz,Johnson,LB,Texas A&M,Texas State,,3
2025,Harry,Lodge,TE,Georgia Tech,Wake Forest,0.86,3
2025,Mike,Sandjo,DL,SMU,Washington State,0.85,3
2025,Jyaire,Brown,CB,LSU,UCF,0.85,3
2025,Mel,Brown,RB,UConn,,,
2025,Kevontay,Wells,EDGE,UL Monroe,,0.86,3
2025,Jaden,Rashada,QB,Georgia,Sacramento State,0.89,3
2025,Ken,Talley,EDGE,Michigan State,Arkansas,,4
2025,Jayden,McGowan,WR,Boston College,Charlotte,0.82,3
2025,Kaden,Meier,CB,Nevada,UTSA,0.81,3
2025,Lukas,Ungar,TE,Stanford,New Mexico State,0.81,3
2025,Bryce,Steele,LB,Boston College,,,4
2025,Curtis,Simpson,EDGE,North Carolina,Charlotte,0.83,3
2025,Robby,Martin,IOL,NC State,West Virginia,0.85,3
2025,Kaleb,Purdy,S,Kansas,Tennessee Tech,,3
2025,Ja'Cari,Henderson,CB,UCF,,,4
2025,Drake,Martinez,TE,Houston Christian,UT Martin,,3
2025,Parker,Jenkins,RB,Houston,East Carolina,0.83,3
2025,Brennan,Smith,IOL,UTEP,Mississippi State,0.86,3
2025,Collins,Acheampong,EDGE,UCLA,Bowling Green,0.86,3
2025,Jimmy,Calloway,WR,Louisville,Tulane,0.84,3
2025,Lloyd,Avant,RB,Tulsa,Colorado State,0.83,3
2025,Jayden,Rowe,CB,Oklahoma,Kansas State,0.84,3
2025,L.J.,Johnson Jr.,WR,Texas Tech,Texas State,0.83,3
2025,Brandon,Sneh,OT,Kansas State,UAB,0.85,3
2025,Jabriel,Rhodes-Nelson,EDGE,Millersville,Georgia State,0.81,3
2025,Tyler,Stolsky,LB,Minnesota,Florida Atlantic,,3
2025,Justyn,Reid,TE,Southern Miss,Tulane,0.81,3
2025,Carson,Conklin,QB,Sacramento State,Fresno State,0.85,3
2025,Rocky,Beers,TE,Florida International,Colorado State,,
2025,Ricky,Lee III,S,UAB,Sacramento State,,3
2025,Keyon,Cox,OT,UCF,Oregon State,0.85,3
2025,Sydir,Mitchell,DL,Texas,LSU,0.86,3
2025,Darrion,Henry-Young,DL,Kentucky,Coastal Carolina,0.86,3
2025,Cole,Martin,S,Arizona State,UCLA,0.86,3
2025,Jaden,Harris,S,Miami,Georgia,0.86,3
2025,Ty,Dieffenbach,QB,Pittsburgh,Cal Poly,,3
2025,Lyndon,Ravare,WR,Fresno State,Kennesaw State,0.81,3
2025,Xavier,McIver,DL,UT Martin,East Carolina,0.82,3
2025,Saadiq,Clements,DL,Louisville,North Texas,0.81,3
2025,Dazmin,James,WR,Arkansas,California,0.86,3
2025,August,Salvati,EDGE,Florida Atlantic,San Diego State,0.83,3
2025,Keyon,Washington,CB,West Virginia,Bowling Green,0.83,3
2025,Zion,Steptoe,WR,Tulsa,,,3
2025,Anas,Luqman,EDGE,Arkansas-Pine Bluff,Ohio,0.84,3
2025,DeAndre,Boykins,S,North Carolina,Oklahoma State,0.86,3
2025,Kaian,Roberts-Day,EDGE,Baylor,UTSA,,4
2025,Isaiah,Myers,WR,Purdue,Western Kentucky,0.85,3
2025,Daniel,Kaelin,QB,Nebraska,Virginia,0.86,3
2025,Dionte,Thornton,S,Boise State,Portland State,,3
2025,Jason,Hewlett Jr.,LB,Michigan,Boston College,0.86,3
2025,Eliyt,Nairne,DL,Liberty,Tulane,,
2025,Garret,Rangel,QB,Oklahoma State,Virginia Tech,0.84,3
2025,Bernard,Causey III,CB,LSU,Georgia State,0.86,3
2025,Javon,Robinson,WR,Grambling,Georgia State,0.85,3
2025,Donovan,Leary,QB,Illinois,Tulane,0.84,3
2025,Zion,Booker,WR,Western Carolina,Tulsa,0.85,3
2025,Corey,Thompson Jr.,WR,UNLV,Utah State,0.82,3
2025,Aaron,Alexander,LB,Michigan State,Arkansas State,0.84,3
2025,Jaylen,Thompson,S,Michigan State,Memphis,,3
2025,Joe,Crocker,OT,Louisville,Baylor,0.84,3
2025,DJ,Wesolak,EDGE,Oregon State,Missouri State,,4
2025,Nakian,Jackson,LB,Sacramento State,Nevada,0.84,3
2025,Will,Monney,TE,Utah State,Oklahoma State,0.83,3
2025,Joshua,Pierce,DL,Campbell,North Texas,,2
2025,Walter,Taylor III,QB,Colorado,Ball State,0.84,3
2025,Alex,Mitchell,LB,Chattanooga,Middle Tennessee,0.85,3
2025,Patrick,Smith-Young,S,Old Dominion,North Texas,0.81,3
2025,Hudson,Miller,LB,Purdue,Toledo,0.8,3
2025,Dallas,Winner-Johnson,LB,Missouri State,Tulane,0.83,3
2025,Jamaal,Johnson,DL,UCF,,,3
2025,Grayson,Brousseau,TE,Utah State,Oklahoma State,0.83,3
2025,Cody,Sigler,DL,West Alabama,Arkansas State,,
2025,Noble,Johnson,WR,Clemson,Arizona State,0.86,3
2025,Malaki,Ta'ase,EDGE,New Mexico State,Washington State,,3
2025,Reese,Poffenbarger,QB,Miami,North Texas,0.85,3
2025,Jordan,Brown,OT,Georgia Tech,Arizona,0.86,3
2025,CJ,Smith,WR,Purdue,Memphis,0.84,3
2025,Justin,Taylor,S,Wisconsin,Wyoming,,3
2025,Deshawn,Purdie,QB,Charlotte,Wake Forest,0.86,3
2025,Laquan,Robinson,S,Auburn,Kansas,0.85,3
2025,Cyrus,Durham,EDGE,Arizona,Akron,0.84,3
2025,BJ,Diakite,EDGE,Vanderbilt,,,3
2025,Cameron,Abshire,WR,Emory & Henry,Oklahoma State,0.87,3
2025,Jonathan,Pennix,CB,Virginia Tech,Southern Miss,0.84,3
2025,Rondo,Porter,DL,South Carolina,App State,0.8,3
2025,Dallas,Payne,TE,UAB,Florida International,0.83,3
2025,Jason,Robinson Jr.,WR,Washington,North Carolina,0.85,3
2025,Anthony,Simpson,WR,Massachusetts,Michigan,0.83,3
2025,Quincy,Brown,WR,Texas State,Florida Atlantic,0.86,3
2025,Caden,Johnson,LB,Ball State,,,3
2025,Antavious,Woody,IOL,UAB,UL Monroe,0.82,3
2025,Durell,Robinson,RB,UConn,Auburn,0.88,3
2025,Khari,Gee,S,Georgia Tech,Chattanooga,,3
2025,Jamel,Howard,DL,Wisconsin,,,3
2025,Traevon,Mitchell,DL,West Florida,South Florida,0.82,3
2025,Tyler,McMillan,OT,Southeast Missouri State,Illinois,0.86,3
2025,Siolaa,Lolohea,DL,Utah State,Oklahoma,0.87,3
2025,Brandon,Hood,RB,Colorado,Massachusetts,0.85,3
2025,Josh,Raymond,OT,Vanderbilt,Florida State,0.85,3
2025,Chamberlain,Campbell,EDGE,Ole Miss,Toledo,,3
2025,David,Onuoha,EDGE,Rutgers,Massachusetts,0.81,3
2025,Max,Baloun,DL,South Dakota State,Washington State,0.85,3
2025,Devin,Hightower,LB,Rhode Island,UAB,,3
2025,Elijha,Payne,OT,Arizona,Delaware State,,3
2025,Gabe,Panikowski,K,Idaho State,Oklahoma State,,
2025,CJ,Campbell Jr.,RB,Florida Atlantic,Rutgers,0.84,3
2025,Hiro,Carr,ATH,Air Force,Morgan State,,3
2025,Ethan,Moczulski,K,Illinois,Washington,,3
2025,Brock,Walters,LS,Old Dominion,Marshall,,
2025,Chase,Barry,P,UCLA,Oklahoma State,,
2025,MJ,Moultrie II,S,Stephen F. Austin,Hampton,,
2025,Matt,Smith,TE,Massachusetts,Rhode Island,,3
2025,Josh,Schell,DL,Grand Valley State,Tennessee,0.84,3
