season,firstName,lastName,position,origin,destination,rating,stars
2026,Tray,Taylor,WR,Troy,Auburn,,3
2026,Chikala,Warden,CB,Western Illinois,City College of San Francisco,,
2026,Trey,Hall,RB,Ole Miss,Old Dominion,0.84,3
2026,Quan,Peterson,CB,Newberry,Austin Peay,,3
2026,Jarra,Anderson,DL,Arizona,Sam Houston,0.85,3
2026,Tre,Leonard,RB,James Madison,,,3
2026,Jackson,Barton,S,Nevada,San José State,0.81,3
2026,Ethan,Johnson,CB,App State,South Carolina,,2
2026,Blake,Cotton,CB,Utah,,,
2026,Knai,Cook,S,Charleston Southern,Troy,0.84,3
2026,KD,Mosley,TE,Howard,James Madison,0.84,3
2026,Niko,Paic,IOL,Valparaiso,East Carolina,0.8,3
2026,DJ,Dugar Jr.,RB,Oklahoma State,Tulane,0.86,3
2026,Nick,Romero,K,Wagner,New Mexico,0.83,3
2026,Brandon,Homady,IOL,West Virginia,North Carolina,0.85,3
2026,Rayfield,Lotten,TE,Sam Houston,New Mexico State,0.82,3
2026,Maliki,Wright,S,Duke,Kennesaw State,0.84,3
2026,Alberto,Mendoza,QB,Indiana,Georgia Tech,0.86,3
2026,Kendric,Davis,LB,East Carolina,West Georgia,0.84,3
2026,Bishop,Thomas,DL,Georgia State,Oklahoma,0.86,3
2026,Isaiah,Spencer,WR,Virginia Tech,Ole Miss,0.86,3
2026,Marco,Tyson,S,Old Dominion,Stephen F. Austin,,2
2026,Omarza,Gray,WR,Ferrum College,,,
2026,Isaiah,Houi,CB,Eastern Illinois,Oregon State,0.86,3
2026,John,Slaughter,S,Colorado,Purdue,0.85,3
2026,Colin,Sorensen,OT,Charleston Southern,Missouri,0.82,3
2026,Kaleb,Jackson,RB,LSU,North Carolina,0.86,3
2026,Mike,Lindsay,CB,Idaho State,San Diego State,0.85,3
2026,Cam,Boone,CB,Robert Morris,Holy Cross,0.82,3
2026,Brien,Taylor Jr.,EDGE,Florida,,0.86,3
2026,Jayden,Tuia,OT,Oregon State,Colorado State,0.82,3
2026,Jordan,Barnett,RB,Shepherd,Morgan State,0.83,3
2026,Ikenna,Ezeogu,DL,Iowa State,Penn State,0.88,3
2026,Corey,Kelly,EDGE,Baylor,Kennesaw State,0.84,3
2026,Jaylen,Moson,CB,Utah,South Alabama,0.82,3
2026,Nick,Segarra,TE,Ohio,Furman,,3
2026,Faheem,Delane,S,Ohio State,LSU,0.9,4
2026,Trajen,Odom,DL,Ohio State,Arkansas,0.86,3
2026,O'Marion,Lewis,S,East Carolina,Campbell,,3
2026,Rod,Robinson II,RB,Georgia,UAB,0.86,3
2026,Omoruyi,Aliu-Otokiti,IOL,Livingstone,UTEP,0.82,3
2026,Se'Von,McDowell,LB,Coastal Carolina,,,
2026,Matt,McKenzie,P,Arizona State,Kennesaw State,,
2026,Cole,Best,IOL,South Florida,Auburn,0.89,3
2026,Cam,Jones,CB,Holy Cross,Toledo,0.83,3
2026,Javier,Willis,WR,Tiffin University,Kent State,0.83,3
2026,Tim,Coleman,LS,UVA Wise,Missouri State,,
2026,Stylz,Blackmon,IOL,Augustana,Wisconsin,0.86,3
2026,Nyair,Domnie,CB,Delaware,New Hampshire,,
2026,Bright,Fagbamiye,OT,Tiffin University,UL Monroe,0.85,3
2026,Steven,Sannieniola,S,Vanderbilt,Utah State,0.82,3
2026,Gideon,Herbert,EDGE,Arkansas State,East Tennessee State,,3
2026,Jaylen,Poe,RB,Northern Illinois,Georgia State,0.83,3
2026,Isaiah,Myers,WR,Western Kentucky,Missouri State,0.83,3
2026,Jack,Luttrell,S,Arizona,Auburn,0.85,3
2026,Ashton,Rivera,IOL,Kent State,California,0.86,3
2026,Mitchell,Toney,DL,Missouri State,Coastal Carolina,0.85,3
2026,AJ,Newberry,RB,Vanderbilt,Oregon State,0.85,3
2026,Terry,Nwabuisi-Ezeala,DL,Vanderbilt,Marshall,0.85,3
2026,DeAndre,Moore Jr.,WR,Texas,Colorado,0.94,4
2026,Walker,Howard,QB,Louisiana,Ole Miss,0.85,3
2026,Michael,Matthews-Canty,LB,Hampton,Auburn,0.85,3
2026,Chantz,Johnson,LB,Texas State,North Texas,0.85,3
2026,Justin,Townsend,EDGE,Columbia,Virginia,,
2026,Micah,Harper,S,Montana,Iowa State,0.86,3
2026,Ryan,Staub,QB,Colorado,Tennessee,0.85,3
2026,Bubba,Craig,IOL,Arkansas,Old Dominion,0.85,3
2026,Blaine,Hipa,QB,Princeton,Duke,0.85,3
2026,Tommy,Warner,P,Northwest Missouri State,UConn,,
2026,Maxwell,Wentz,IOL,Dartmouth,Ball State,0.82,3
2026,Ja'Mard,Jones Jr.,OT,Nicholls,LSU,0.85,3
2026,Johntay,Cook II,WR,Syracuse,Ole Miss,0.88,3
2026,Keyone,Jenkins,QB,Florida International,UCF,0.85,3
2026,Terrez,Worthy,RB,Temple,Maryland,0.85,3
2026,Jonte,Newman,OT,Texas A&M,Texas,0.87,3
2026,Javin,Gordon,RB,Tulane,Tennessee,0.86,3
2026,Vasean,Washington,OT,Dartmouth,Ohio State,0.85,3
2026,Jimmy,Calloway,WR,Tulane,Tulsa,0.84,3
2026,A.J.,Harris,CB,Penn State,Indiana,0.91,4
2026,Lathan,Croley,LB,Holy Cross,James Madison,0.84,3
2026,Milt,Ferguson,CB,James Madison,,,3
2026,Tad,Hudson,QB,Coastal Carolina,NC State,0.85,3
2026,CJ,Stokes,RB,Charlotte,,,3
2026,Austin,Harnetiaux,LB,Nevada,Rice,0.85,3
2026,TJ,Laurent,EDGE,MidAmerica Nazarene,UTSA,,
2026,Kynjrick,Boyd,OT,Georgia State,Murray State,,
2026,Michael,Patterson,CB,Stephen F. Austin,Texas State,0.86,3
2026,Bjorn,Jurgensen,QB,Virginia,Hawai'i,0.86,3
2026,Josh,Ehrlich,QB,Susquehanna,UNC-Pembroke,,
2026,Kenyon,Rivera,LB,Memphis,Tarleton State,0.85,3
2026,Hosea,Wheeler,DL,Indiana,Baylor,0.92,4
2026,William,Watson III,QB,Virginia Tech,Massachusetts,,3
2026,Devin,Hyatt,WR,Arizona,Miami (OH),0.85,3
2026,Nick,Osho,RB,Indiana State,North Texas,0.84,3
2026,Frank,Mulipola,DL,Arkansas,,,
2026,Jimmy,Johnsen,IOL,Purdue,,,
2026,Emanuel,Ross,WR,Syracuse,UConn,0.86,3
2026,Devon,Anderson,S,Central Connecticut,Lamar,,
2026,Cincear,Lewis,LB,Cincinnati,Ball State,0.83,3
2026,Jack,Leyrer,OT,Stanford,Auburn,0.84,3
2026,Zion,Kearney,WR,Oklahoma,Wisconsin,0.86,3
2026,Andre,Greene Jr.,WR,Virginia,Georgia Southern,0.84,3
2026,Joshua,Ofor,LB,NC State,Arkansas State,0.86,3
2026,Nader,Chirchi,TE,UConn,Colorado State,0.85,3
2026,Evan,Lawrence,OT,Indiana,San Diego State,0.87,3
2026,Markeith,Williams,S,Miami,Oklahoma State,0.85,3
2026,Malachi,Fannin-Render,RB,Liberty,James Madison,0.82,3
2026,Terrente,Hinton,S,NC State,Marshall,0.84,3
2026,Isaiah,Thomison,DL,Bowling Green,Illinois,0.86,3
2026,Noah,Rogers,WR,NC State,Alabama,0.93,4
2026,Rico,Scott,WR,Alabama,,0.86,3
2026,Trent,Hudson,WR,Vanderbilt,,,3
2026,Cade,Hechter,K,UT Martin,UTEP,,
2026,Jefferson,Bretanys-Desca,LB,Wheeling,Austin Peay,,
2026,Marc,Pretto,LB,Northern Illinois,Colorado State,0.84,3
2026,Malik,Orsan,K,Southeast Missouri State,South Carolina,,
2026,PJ,Hatter,QB,Georgia State,,,3
2026,Kayden,Luke,TE,Arizona,West Virginia,0.85,3
2026,Dontrae,Henderson,CB,Indiana,Arkansas State,0.79,2
2026,Brian,Williams Jr.,IOL,Jackson State,UTEP,0.84,3
2026,Denzel,Johnson,LB,Alabama State,Florida A&M,,
2026,Durell,Robinson,RB,Auburn,Colorado State,0.84,3
2026,Cedric,Franklin II,CB,Arkansas State,Ball State,0.83,3
2026,Ethan,Grunkemeyer,QB,Penn State,Virginia Tech,0.93,4
2026,Jordan,Kelly,WR,Central Michigan,,,3
2026,Croix,Stewart,S,UCLA,Fresno State,0.85,3
2026,Devin,Ross,CB,Kennesaw State,,,3
2026,Brayden,Hall,CB,Central Connecticut,Marshall,0.85,3
2026,Dean,DeNobile,QB,Lafayette,Florida State,0.83,3
2026,Lawrence,Johnson,CB,Florida Atlantic,Florida International,0.83,3
2026,Junior,Diallo,OT,Kent State,Tennessee Tech,0.84,3
2026,Nikko,Klemm,S,Arizona State,Sacramento State,,3
2026,Brian,Green Jr.,WR,Georgia Southern,,,
2026,Ziggy,Loa,EDGE,UL Monroe,Northern Arizona,,
2026,Chris,Kalu,DL,Western New Mexico,Nevada,,
2026,Selman,Bridges,CB,Arkansas,Nevada,,4
2026,Ahmere,Foster,S,Southern Miss,Memphis,,3
2026,Kevin,Schaeffer,TE,Rhode Island,Florida International,,
2026,LaMarcus,Hicks II,CB,Iowa State,Arkansas,0.83,3
2026,Troy,Everett,IOL,Oklahoma,Ole Miss,0.85,3
2026,Miles,McVay,OT,North Carolina,Mississippi State,0.86,3
2026,Jack,Carson-Wentz,LS,Florida A&M,Houston,,
2026,Jose,Balver-Mendoza,OT,Montana,Nevada,,
2026,Makih,Johnson,WR,UConn,,,3
2026,Nick,Sawyer,CB,Charleston Southern,Bowling Green,,3
2026,Adam,Hawkes,OT,Oregon State,Arkansas,0.83,3
2026,LaTristan,Thompson,CB,Utah,UTEP,0.83,3
2026,Chinedu,Onyeagoro,LB,North Carolina,Long Beach City College,0.86,3
2026,Kelton,Smith Jr.,IOL,Georgia,Georgia State,0.86,3
2026,Preston,Howard,TE,Auburn,Maryland,0.86,3
2026,Chris,Payne,S,Lake Erie,UL Monroe,0.83,3
2026,Noah,McNeal-Franklin,LB,San José State,,,3
2026,Trey,Dubuc,LS,New Mexico,Texas,,2
2026,Kylish,Hicks,S,UConn,,,3
2026,Ty,Doughty,RB,Mercer,Cornell,,2
2026,Will,Karoll,P,UCLA,Texas Tech,0.83,3
2026,Jeremiah,Holmes,EDGE,The Citadel,Utah State,0.85,3
2026,Emory,Williams,QB,Miami,East Carolina,0.85,3
2026,Jerald,James,EDGE,James Madison,,,3
2026,Carter,Stoutmire,S,Colorado,Arkansas,0.86,3
2026,Samuel,Same,EDGE,Iowa State,South Dakota,0.85,3
2026,Dominic,Johnson,IOL,Georgia State,Toledo,0.82,3
2026,Arnold,Barnes III,RB,Tulane,Iowa State,0.85,3
2026,Randon,Fontenette,S,Vanderbilt,Colorado,0.86,3
2026,Noah,King,CB,Colorado,Sacramento State,0.86,3
2026,William,Boone,OT,North Carolina,Texas State,0.85,3
2026,Racin,Delgatty,IOL,Cal Poly,Alabama,0.87,3
2026,Stevie,Bracey,LB,Virginia,Buffalo,0.83,3
2026,Sterling,Sanders,DL,Boston College,UAB,0.85,3
2026,Jaden,Haly,QB,Sacred Heart,Arkansas State,0.8,3
2026,Joquez,Smith,RB,Temple,New Hampshire,,3
2026,Devin,Brown,QB,California,Weber State,,4
2026,Tyrese,Whitaker,DL,Temple,Tennessee Tech,,2
2026,Royce,Baucom,IOL,Arkansas State,Chattanooga,,3
2026,Cameron,Stancil,OT,Murray State,Jacksonville State,,
2026,Carson,Kolb,TE,Oregon State,,,
2026,Tucker,McDonald,QB,UConn,,,
2026,Keiyon,Turner,CB,Fort Hays,Jacksonville State,,3
2026,Jayven,Richardson,OT,Missouri,Colorado,0.87,3
2026,Jackson,Waller,P,SMU,NC State,,
2026,Keenan,Nelson Jr.,S,Ohio State,Georgia State,,4
2026,Jonavan,Carr,CB,Albany State,Jacksonville State,,
2026,Miguel,Mitchell,S,Arkansas,,0.86,3
2026,Sione,Hala,LB,Weber State,San Diego State,0.82,3
2026,Mylan,Graham,WR,Ohio State,Notre Dame,0.91,4
2026,Jimmyll,Williams,RB,Elon,,0.84,3
2026,Brennan,Smith,IOL,Mississippi State,Middle Tennessee,0.85,3
2026,Cooper,Barkate,WR,Duke,Miami,0.94,4
2026,Jaeden,Jones,S,Monmouth,,0.83,3
2026,Eli,Adams,WR,Louisville,Wisconsin,0.83,3
2026,Jayce,Mitchell,IOL,Tulane,Louisiana,0.84,3
2026,Darius,Johnson Jr.,CB,Gardner-Webb,Georgia State,0.85,3
2026,Dillan,Fontus,DL,Maryland,Syracuse,0.87,3
2026,Masey,Lewis,EDGE,McNeese,South Alabama,0.83,3
2026,Domonique,Thomas,RB,Ole Miss,,,
2026,Nathan,Tiyce,P,Mississippi State,Penn State,0.83,3
2026,Reice,Griffith,K,Mercer,Toledo,,
2026,Xavior,Tyus,RB,Wayne State,Eastern Michigan,,2
2026,Lance,Blakely,IOL,Wayne State,Ohio,,2
2026,Anthony,Hankerson,RB,Oregon State,,,3
2026,J'Marion,Burnette,RB,Houston,App State,0.86,3
2026,Victory,Johnson,EDGE,Cal Poly,Arizona,0.85,3
2026,Triston,Abram,EDGE,Indiana,,,
2026,Tyler,Brown,EDGE,Auburn,,,
2026,Jason,Oliver,CB,Sacramento State,San Diego State,0.84,3
2026,Dexter,Williams II,QB,Kennesaw State,Tulsa,0.83,3
2026,JeRico,Washington Jr.,CB,Kennesaw State,Boise State,0.83,3
2026,Jordon,Jones,OT,Ohio,Troy,0.83,3
2026,Carson,Loeb,LS,Texas-Permian Basin,UTEP,,
2026,Demario,Bookhart,CB,South Carolina State,Louisiana Tech,0.85,3
2026,Bobby,Golden,WR,Louisville,,,3
2026,Treyaun,Webb,RB,Florida,App State,,4
2026,Ky,Wilson,WR,Youngstown State,UConn,,
2026,Kai,Black,WR,Iowa State,Northern Iowa,,3
2026,Ti,Mims,WR,South Alabama,,,3
2026,John Henry,Daley,EDGE,Utah,Michigan,0.93,4
2026,Richard,Mosley III,CB,Stonehill,Colorado State,0.85,3
2026,Bryce,Steele,LB,Boston College,Troy,0.85,3
2026,Micah,Matthews,WR,Virginia Tech,James Madison,0.86,3
2026,Xadavien,Sims,DL,Oregon,Arkansas,0.86,3
2026,Dawayne,Galloway Jr.,CB,West Virginia,Akron,0.86,3
2026,Morgan,McPhaul,TE,VMI,Oklahoma State,0.85,3
2026,Brock,Coffman,WR,Louisville,Kentucky,0.85,3
2026,Asher,Cunningham,LB,Elon,Utah State,0.83,3
2026,Cam,Ball,TE,Mississippi State,West Virginia,0.85,3
2026,Reed,Swanson,WR,Colgate,Boston College,0.87,3
2026,Payton,Stewart,OT,Michigan State,Colorado State,0.85,3
2026,Deuce,Adams,QB,Louisville,Wisconsin,0.85,3
2026,Caden,VerMaas,S,Nebraska,Rice,0.85,3
2026,Kasen,Weisman,QB,Florida Atlantic,,,3
2026,TJ,Nelson,S,Bowling Green,,,2
2026,Kris,Wokomah,S,Baylor,UAB,,3
2026,Patrick,Broadway II,RB,Wyoming,,,3
2026,Braden,Laux,TE,Eastern Michigan,,,3
2026,Lonnie,Adkism,WR,Sam Houston,,,3
2026,Tyree,Kelly,WR,Massachusetts,,,
2026,Tyler,Gillison,EDGE,Michigan State,Ohio,0.84,3
2026,Devon,Martin,TE,SMU,,,3
2026,Jaylen,Henderson,QB,West Virginia,Liberty,0.83,3
2026,Preston,Kilgore,TE,East Texas A&M,Southern Miss,0.82,3
2026,Noble,Johnson,WR,Arizona State,Georgia Southern,0.84,3
2026,Goldie,Lawrence,WR,Florida A&M,Coastal Carolina,0.84,3
2026,Agenhart,Ellis IV,S,Cal Lutheran,San José State,0.83,3
2026,Hunter,Provience,TE,Montana State,NC State,0.89,3
2026,Armon,Parker,DL,Washington,Maryland,0.86,3
2026,Eli,Coenen,DL,Illinois,Michigan State,0.86,3
2026,Maurice,Gleaton Jr.,WR,Georgia,Arkansas,,3
2026,Benjamin,Bruce,CB,Texas A&M,Georgetown,,
2026,Nakian,Jackson,LB,Nevada,James Madison,0.84,3
2026,Damarjhe,Lewis,DL,SMU,Washington State,0.85,3
2026,D'Antre,Robinson,DL,North Carolina,Oregon,0.93,4
2026,Jeremiah,Coney,RB,Virginia Tech,Stony Brook,,3
2026,James,Monds III,CB,Eastern Michigan,,,3
2026,Lorcan,Quinn,K,Marshall,Alabama,0.84,3
2026,Daine,Hanson,OT,Texas-Permian Basin,Northern Illinois,,
2026,Jaden,Allen-Hendrix,RB,Oklahoma State,Coastal Carolina,0.83,3
2026,Jalen,Thompson,EDGE,Michigan State,Arizona State,0.89,3
2026,Grant,Jordan,QB,Massachusetts,Oklahoma State,0.85,3
2026,Grant,Houser,TE,Louisville,Colorado State,,3
2026,Joshua,Pierce,EDGE,North Texas,California,0.85,3
2026,Canaan,Williams,LB,Kent State,,,3
2026,Nate,Hampton,IOL,Saint Francis (PA),Akron,0.83,3
2026,Ellis,Ellis Jr.,CB,Austin Peay,Memphis,0.86,3
2026,Jake,Utley,OT,UTEP,,,2
2026,Nick,Sowell,WR,South Carolina State,Bowling Green,0.84,3
2026,Sebastian,Regis,DL,Stony Brook,,0.8,3
2026,Taj,Hughes,WR,Drake,Northern Iowa,,
2026,Clint,Stephens,S,New Mexico,,,3
2026,Allen,Middleton,WR,Bowling Green,,,3
2026,Brad,Menhorn,LB,Mount St. Joseph,Georgia State,0.82,3
2026,Cal,Grubbs,IOL,Liberty,,,3
2026,John,Ohnegian,IOL,Bucknell,Wake Forest,0.85,3
2026,Caleb,Goodloe,WR,Bowling Green,,,3
2026,Tristan,Ti'a,QB,Oregon State,Auburn,0.87,3
2026,Jekail,Middlebrook,RB,Middle Tennessee,Virginia,0.86,3
2026,Andrew,Marshall,LB,Eastern Michigan,Minnesota,0.85,3
2026,DeShaun,Lanier,WR,Bowling Green,Grand Valley State,0.85,3
2026,Jani,Norwood,OT,North Carolina,Boston College,0.85,3
2026,Amare,Snowden,CB,Toledo,Syracuse,0.85,3
2026,Charles,Perkins,DL,Wisconsin,,,
2026,Justin,Medlock,LB,SMU,Boston College,0.85,3
2026,Wallace,Unamba,OT,Virginia,,0.85,3
2026,Patrick,Campbell,CB,Dartmouth,Virginia,0.85,3
2026,Zedekiah,Anahu-Ambrosio,WR,Nevada,Idaho State,,3
2026,Jackson,Bradley,IOL,Cornell,UTEP,0.82,3
2026,Josiah,McLaurin,RB,Maryland,Marshall,0.84,3
2026,Terrence,Smith Jr.,WR,UConn,Colorado State,0.83,3
2026,Cyrus,Ellison,TE,South Carolina State,Coastal Carolina,0.83,3
2026,Cole,Rhett,OT,Toledo,Baylor,0.86,3
2026,Rodney,Gallagher III,WR,West Virginia,Arizona,0.85,3
2026,Will,Kemna,OT,Kansas State,Missouri,0.85,3
2026,Joey,Hunter,CB,Memphis,,,3
2026,Dylan,Drennan,P,Buffalo,Purdue,,
2026,Jaylen,Thompson,S,Memphis,UAB,0.84,3
2026,Malik,Ross,RB,Western Oregon,Portland State,,3
2026,Blake,Buntyn,WR,Texas A&M,,,
2026,EJ,Reid,WR,Wake Forest,UAB,0.83,3
2026,Jeremy,St-Hilaire,QB,Vanderbilt,Arkansas State,0.85,3
2026,Vander,Ploog,TE,Oregon,NC State,0.86,3
2026,Zack,Owens,IOL,Mississippi State,Missouri,0.86,3
2026,Evan,Chieca,TE,New Haven,Florida,0.85,3
2026,NaQuari,Rogers,RB,Utah,West Virginia,,
2026,Max,Whisner,TE,Akron,Sam Houston,0.83,3
2026,Tyler,Mizzell,QB,Concord,Ball State,0.85,3
2026,Javon,Brown,WR,Toledo,UConn,0.83,3
2026,Tony,Hart III,S,Elon,,0.85,3
2026,John,Neider,WR,UConn,West Virginia,0.86,3
2026,Kam,Shanks,WR,Arkansas,Wake Forest,0.85,3
2026,Jerry,McClure,WR,San Diego State,San José State,,3
2026,Keyshawn,Blackstock,IOL,Arkansas,,,4
2026,Anthony,Reagan Jr.,RB,Howard,Louisiana,0.82,3
2026,Xayvion,Noland,WR,Texas-Rio Grande Valley,,,
2026,Demarcus,Griffin-Taylor,CB,Louisiana Tech,,,3
2026,Ashton,Porter,DL,Oregon,Houston,0.88,3
2026,Markus,Boswell,LB,Akron,Texas,0.85,3
2026,Luke,Reynolds,TE,Penn State,Virginia Tech,0.94,4
2026,DeDe,Murray,RB,Arkansas State,Texas A&M,0.84,3
2026,Justin,Ross,CB,Navy,Virginia,0.86,3
2026,Jose,Leon,WR,App State,Bryant,,3
2026,Trudell,Berry,CB,Vanderbilt,Oklahoma State,0.86,3
2026,Rustin,Young,OT,Michigan State,,0.86,3
2026,Jack,Janikowski,EDGE,Washington State,Iowa State,0.86,3
2026,Jackson,Voth,WR,Drake,Louisville,0.84,3
2026,Cameron,Griffin,IOL,Jacksonville State,West Virginia,0.84,3
2026,Lucas,Conti,DL,UNLV,,,3
2026,Cooper,Ranvier,K,Louisville,Tennessee,,
2026,Enoka,Migao,EDGE,Utah State,,,3
2026,Jon,Hunt,QB,Coastal Carolina,,,
2026,Jalen,Thomeson,S,Ohio,San Diego State,,2
2026,Josh,Raymond,IOL,Florida State,Georgia Southern,0.84,3
2026,Alfred,Thomas,LB,Towson,Kennesaw State,0.84,3
2026,Devin,Dye,S,Kansas,,,
2026,Anas,Luqman,EDGE,Ohio,UConn,0.84,3
2026,Quan,Lee,WR,Arkansas State,,,4
2026,Barry,Jackson Jr.,WR,Cincinnati,Rice,0.83,3
2026,Jalen,Dye,S,Kansas,,,3
2026,Jaheim,Singletary,CB,Arkansas,Iowa State,0.86,3
2026,Enoch,Wangoy,OT,Florida,Ole Miss,0.85,3
2026,Geo,Jallah,S,Benedict College,Missouri State,0.83,3
2026,Jason,Hall,LB,Villanova,West Virginia,0.85,3
2026,Darian,Mensah,QB,Duke,Miami,0.94,4
2026,Dazmin,James,WR,California,App State,0.84,3
2026,DQ,Smith,S,South Carolina,Virginia Tech,,3
2026,Bryce,Anderson,TE,Memphis,UL Monroe,0.86,3
2026,Jackson,Hamilton,LB,Georgia Tech,,,3
2026,Cleto,Chol,DL,UConn,Colorado State,,
2026,Ja'Elyne,Matthews,OT,Florida State,Mississippi State,0.86,3
2026,BJ,Carter,DL,Iowa State,Marshall,,3
2026,Jaelen,Smith,WR,UTSA,,,3
2026,Keynan,Higgins,WR,Colorado State,,,3
2026,Sam,McCall,CB,Georgia State,Bethune-Cookman,,4
2026,Jaden,Kelly,LB,Kennesaw State,,,
2026,Marcus,Mascoll,IOL,Florida,Georgia State,0.85,3
2026,Vincent,Holmes,S,Washington,Oklahoma State,0.85,3
2026,DJ,Epps,WR,Troy,West Virginia,0.85,3
2026,Connor,Sullivan,DL,Washington State,Illinois,0.84,3
2026,Carter,Moses,TE,Albany,Kansas,0.84,3
2026,Israel,Polk,WR,Akron,Oklahoma State,0.86,3
2026,Niko,Boyce,QB,Anna Maria College,,0.8,3
2026,Balaam,Miller,DL,Saint Francis (PA),Washington State,0.83,3
2026,D'Cambren,Verrett,S,Texas A&M-Kingsville,Western Kentucky,0.84,3
2026,Khamani,Potts,EDGE,Grand Valley State,Colorado State,0.84,3
2026,Kamren,Flowers,WR,Toledo,UConn,,3
2026,Carson,Sloan,LB,Samford,App State,,
2026,Braedyn,Moore,S,Toledo,,,4
2026,Lamont,Shamburger,S,UC Davis,,0.84,3
2026,Trey,Butkowski,K,Pittsburgh,Michigan,,3
2026,AJ,Knox,EDGE,Siena Heights,,0.83,3
2026,Maasai,King,OT,Akron,Iowa State,0.86,3
2026,Kalil,Alexander,EDGE,Texas State,,,3
2026,Ayden,Jackson,S,Georgia Southern,South Florida,,
2026,Kevin,Holmes Jr.,WR,Texas A&M-Kingsville,,0.84,3
2026,Beckham,Sunderland,K,Michigan,Minnesota,,
2026,Samer,Layous,K,Marist,Georgia State,,
2026,Sesi,Vailahi,RB,Oklahoma State,Utah State,0.85,3
2026,Javious,Bond,RB,Austin Peay,Mercer,,3
2026,Stantavious,Smith,DL,Florida A&M,Buffalo,0.84,3
2026,James,London,K,Murray State,App State,,
2026,Garret,Rangel,QB,Virginia Tech,UTRGV,0.84,3
2026,Andre,Jocelyn,CB,Benedict,Georgia State,,
2026,Christian,Teeter,P,Wingate,Georgia State,,
2026,Sean,Allison,LB,Drake,Rutgers,0.84,3
2026,Tito,Chikere,EDGE,East Texas A&M,Louisiana,0.84,3
2026,Keith,Adams Jr.,RB,Clemson,Georgia State,0.84,3
2026,Bredell,Richardson,WR,UCF,Tulane,0.84,3
2026,Kamani,Jackson,S,Washington State,,,3
2026,Chris,Hudson,CB,UConn,New Haven,,
2026,Nathaniel,Staehling,LB,North Dakota State,Michigan,0.86,3
2026,Marquise,Henderson,RB,Clemson,Samford,,4
2026,Miles,Coleman,WR,North Texas,Oklahoma State,0.86,3
2026,Khalil,Witherspoon,TE,Akron,,,3
2026,Charles,Robertson,WR,Louisiana,,,3
2026,Solomon,Beebe,RB,UAB,Virginia,0.85,3
2026,Lane,Wadle,TE,Georgia State,Charlotte,0.84,3
2026,Dre,Walker,CB,Virginia,App State,0.83,3
2026,Anthony,Rogers,CB,Nicholls,,0.83,3
2026,Braylon,Vincent,S,LIU Post,,,3
2026,James,Finley IV,S,Northern Illinois,Illinois,0.9,4
2026,Eugene,Hilton Jr.,WR,Wisconsin,,,3
2026,Jamal,Anderson,LB,Clemson,SMU,0.85,3
2026,Shaun,Myers,LB,Colorado,UAB,0.86,3
2026,Gav,Holman,LB,Florida State,Mississippi State,0.86,3
2026,Kaian,Roberts-Day,DL,UTSA,New Mexico State,0.84,3
2026,Elizjah,Lewis,WR,Pace,Louisville,0.85,3
2026,Samuel,Riddy Jr.,OT,East Carolina,UAB,0.82,3
2026,Ernest,Willor Jr.,EDGE,Wisconsin,James Madison,0.86,3
2026,Ashlynd,Barker,S,Florida State,,0.93,4
2026,Manasse,Itete,IOL,Florida State,Arkansas State,0.86,3
2026,Zachary,Card,WR,Oregon State,,,3
2026,Jacob,Baker,P,Eastern Kentucky,Louisville,,
2026,Cameron,Brown,P,UNLV,Michigan,,
2026,Joshua,Miller,OT,Syracuse,Austin Peay,,3
2026,Brook,Honore Jr.,P,California,,,
2026,Jaeden,Gould,S,UCF,Temple,,4
2026,Keshaun,Hudson,DL,UCF,,,
2026,Josiah,Thomas,TE,Western Carolina,New Mexico State,,
2026,Alec,Clark,P,Tulane,Florida,,
2026,Tank,Hawkins,WR,Florida,Washington State,0.86,3
2026,Che,Ojarikre,S,Stanford,Duke,0.86,3
2026,Donovan,Faupel,WR,New Mexico State,Arkansas,0.85,3
2026,Noah,Carter,EDGE,Alabama,Georgia Tech,0.93,4
2026,Connor,Barry,QB,Christopher Newport,Penn State,0.84,3
2026,CJ,Hawkins,TE,Stanford,Rhode Island,,3
2026,Jahsear,Whittington,DL,Pittsburgh,Nebraska,0.86,3
2026,Brian,Allen,EDGE,Iowa,Vanderbilt,0.91,4
2026,Jordyn,Bailey,WR,TCU,Iowa State,0.85,3
2026,Greg,Knox,OT,McNeese,Massachusetts,0.85,3
2026,Jaheim,Merriweather,RB,Purdue,Troy,0.84,3
2026,Jeff,Burton,IOL,Georgia State,Austin Peay,,
2026,Griffin,Scroggs,IOL,App State,UNLV,0.85,3
2026,Tariq,May,EDGE,Eastern Washington,Rice,0.82,3
2026,Jordan,Shuler,LB,Air Force,,,2
2026,Cam,Cunningham,DL,Youngstown State,UAB,0.84,3
2026,Jayden,Bradford,QB,Liberty,South Florida,0.84,3
2026,Carson,Gresock,RB,Gardner-Webb,,0.84,3
2026,Anthony,Wolter,QB,Nevada,Mercyhurst,0.8,3
2026,Cade,Wolford,WR,Kent State,Cincinnati,0.9,4
2026,Carsten,Casady,OT,UConn,West Virginia,0.86,3
2026,Kodi,DeCambra,S,UNLV,Hawai'i,,4
2026,Marcelis,Tate,QB,South Florida,Tennessee State,,3
2026,Jonathan,Bax,EDGE,TCU,Florida Atlantic,,3
2026,Lachie,Pozzobon,P,Stephen F. Austin,Oklahoma State,,
2026,Nasir,Addison,CB,Kentucky,,,3
2026,Kodi,Cornelius,DL,San Diego State,,,3
2026,Krosse,Johnson,WR,Arkansas,Coastal Carolina,,3
2026,Rahmir,Stewart,S,Nebraska,,,3
2026,Jeremiah,McCrimmon,OT,Georgia State,,,3
2026,Walker,Davis,IOL,Arkansas State,,,3
2026,Blake,Burris,DL,SMU,,,
2026,Kyle,McKinney,S,UAB,,,
2026,Da'Shawn,Davis,DL,Georgia Southern,,,3
2026,Caesar,Magee III,CB,Northwestern State,Sam Houston,0.8,3
2026,Bryson,Kuzdzal,RB,Michigan,,,2
2026,Julian,Walker,RB,St. Vincent,UL Monroe,0.84,3
2026,Raphael,Greene-Nyarko,IOL,Toledo,UConn,0.85,3
2026,Brian,Grant,OT,Tennessee,Memphis,0.83,3
2026,Josh,Ford,TE,Oklahoma State,Alabama,0.86,3
2026,Cooper,Young,IOL,West Virginia,UAB,0.83,3
2026,AJ,Swann,QB,App State,Mississippi State,0.86,3
2026,Jayden,Fuller,LB,Miami (OH),South Carolina State,,3
2026,Will,Cornelson,LB,Idaho,Weber State,,3
2026,Royal,Capell,WR,Oklahoma State,UTEP,0.84,3
2026,Diego,Rodriguez,OT,UConn,Colorado State,0.82,3
2026,A'mon,Lane-Ganus,CB,Auburn,South Florida,0.86,3
2026,Jaxon,Potter,QB,Washington State,Old Dominion,0.85,3
2026,Evan,Dickens,RB,Liberty,Boston College,0.85,3
2026,Darius,Thomas,LB,Oklahoma State,,0.85,3
2026,Jason,Thompson,WR,Stanford,,,3
2026,Curlee,Thomas IV,EDGE,California,North Texas,,3
2026,Jamauri,Brice,WR,Georgia Tech,,,3
2026,Jayden,Bethea,LB,App State,Valdosta State,,3
2026,Grant,Mills,LS,Ohio State,Massachusetts,,
2026,Chad,Barham,TE,Troy,,,3
2026,Ty,Lockwood,TE,Boston College,Arkansas,0.85,3
2026,Dorian,Royal,DL,Georgia State,,0.85,3
2026,Zae,Jennings,CB,West Virginia,,0.85,3
2026,Caleb,Herring,EDGE,Tennessee,South Carolina,0.89,3
2026,Braden,Waterman,QB,Ole Miss,,,
2026,Khalifa,Keith,RB,App State,Alabama,0.85,3
2026,Ephraim,Dotson,CB,Rice,Lamar,,3
2026,Gavin,Nelson,WR,Monmouth,,0.86,3
2026,Kwan,Johnson,OT,Eastern Illinois,Oregon State,0.86,3
2026,Lawrence,Falatea,EDGE,Utah State,,,3
2026,Randy,Pittman Jr.,TE,Florida State,SMU,0.88,3
2026,Benjamin,Galloway,OT,Georgia Tech,Florida Atlantic,,3
2026,Landyn,Watson,LB,Kentucky,Kansas,0.86,3
2026,Braylen,Prude,S,Nebraska,,,3
2026,Aziah,Johnson,WR,North Carolina,,,3
2026,Kolby,Thomas,WR,Louisiana Tech,,,3
2026,Patrick,Valent,IOL,Rice,,,2
2026,J'Shawn,Anderson,RB,Georgia Southern,,,
2026,Troy,Ford,LB,UCF,,,3
2026,Zion,Taylor,WR,Georgia Tech,,,3
2026,Jaylen,Brown,EDGE,South Carolina,LSU,0.86,3
2026,Buom,Jock,LB,California,Wake Forest,0.85,3
2026,Cade,Uluave,LB,California,BYU,0.94,4
2026,Danny,Inglis,LB,Iowa State,Youngstown State,,3
2026,Jacques,Spradley-Demps,WR,Kansas State,Kilgore College,0.85,3
2026,Thomas,Castellanos,QB,Florida State,Texas Tech,,3
2026,Jarius,Williams,CB,UTRGV,,,
2026,Amariyun,Knighten,CB,Indiana,Miami (OH),,
2026,Sani,Tuala,DL,BYU,Idaho State,,3
2026,Armorion,Smith,S,Michigan State,Toledo,0.85,3
2026,Jerome,Simmons,DL,UL Monroe,Oregon,0.86,3
2026,Yakiri,Walker,IOL,Memphis,Baylor,0.86,3
2026,Haden,Tessier,P,Coastal Carolina,,,
2026,Denaris,DeRosa,IOL,San José State,,,3
2026,Ben,Kamara,CB,Akron,,,
2026,Camron,Heard,WR,Oklahoma State,,,3
2026,Charles,McCartherens,CB,Buffalo,Marshall,,2
2026,Dominic,De Freitas,K,App State,North Texas,,
2026,Harper,Holloman,EDGE,Western Kentucky,West Virginia,0.86,3
2026,Trae,Williams,CB,Air Force,Furman,,
2026,Kareem,Williams,S,Coastal Carolina,Campbell,,3
2026,Shalik,Hubbard,IOL,Monmouth,South Alabama,0.83,3
2026,Quan,Rhodes-McKee,LB,Duquesne,Kent State,0.81,3
2026,Antonio,Watts,LB,Louisville,,,3
2026,Uriah,Points,CB,Liberty,,,3
2026,Jackson,Thomas,WR,Troy,,,3
2026,CJ,Floyd,S,Old Dominion,,,3
2026,Drew,Rodriguez,ATH,Colorado State,,,3
2026,Rondell,Carter,S,Troy,,,3
2026,Amare,Garrett,CB,Troy,,,
2026,Tyron,Steed,CB,Bowling Green,,,3
2026,Junior,Poyser,DL,Buffalo,Wisconsin,0.86,3
2026,Jared,Douglas,S,Middle Tennessee,Cal Poly,,
2026,KJ,Cooper,QB,Texas Southern,South Florida,0.85,3
2026,Dayne,Arnett,IOL,Ferris State,South Carolina,0.86,3
2026,Christian,Kiptoo,EDGE,Eastern Michigan,,,
2026,Tim,Thomas,LB,Fresno State,Sacramento State,0.82,3
2026,Jayvon,Thomas,CB,Texas A&M,SMU,0.86,3
2026,Matthew,Coleman,WR,San José State,Sacramento State,0.85,3
2026,Amarion,Ware,DL,UL Monroe,,,
2026,Kendel,Dolby,S,Oklahoma,Mississippi State,0.86,3
2026,Tayvon,Nelson,CB,Marshall,,,3
2026,Paul,Tchio,IOL,Massachusetts,,,4
2026,Jayden,Limar,RB,Oregon,Washington,0.87,3
2026,Edward,Rhambo,CB,Nevada,,,
2026,Garrick,Ponder,EDGE,Southern Miss,Baylor,0.88,3
2026,Kennon,Loftin,LB,Western Kentucky,,,3
2026,Adlai,Lounsbury,K,Washington State,Iowa State,,2
2026,Titus,Miller,DL,Washington State,,,3
2026,Ben,Grice,WR,Wake Forest,Rice,0.84,3
2026,Destyn,Hill,WR,LSU,Tulane,,4
2026,Jordan,Saunders,CB,Old Dominion,,,
2026,Kam,Moore,LB,UCF,Arkansas State,0.82,3
2026,Weston,Simmons,LS,Cincinnati,Memphis,0.8,3
2026,Rashon,Myles Jr.,LB,Abilene Christian,Georgia Southern,0.86,3
2026,TJ,Finley,QB,Georgia State,Incarnate Word,0.85,3
2026,Jeremiah,Katt,IOL,Northern Arizona,Wyoming,0.84,3
2026,Malcolm,Simmons,WR,Auburn,Texas Tech,0.91,4
2026,Tae,Woody,DL,UL Monroe,Texas State,0.84,3
2026,Justin,Denson Jr.,S,Michigan State,Purdue,0.85,3
2026,Jacob,Bradford,S,LSU,West Virginia,0.87,3
2026,Jayden,Williams,DL,North Texas,California,0.84,3
2026,Jackson,Forrest,LB,Old Dominion,,0.85,3
2026,Rhett,Larson,IOL,Sam Houston,Western Kentucky,0.85,3
2026,Malachi,Nelson,QB,UTEP,Syracuse,0.85,3
2026,Jacarrius,Peak,OT,NC State,South Carolina,0.94,4
2026,Parker,Livingstone,WR,Texas,Oklahoma,0.92,4
2026,Jordan,Thomas,DL,Georgia,South Carolina,0.87,3
2026,Brian,Blades ll,CB,Florida International,Wake Forest,0.86,3
2026,Rod,Gainey Jr.,RB,Charlotte,LSU,0.85,3
2026,Josh,Derry,WR,Monmouth,UCF,0.85,3
2026,Braden,Smith,IOL,Tarleton State,Iowa State,0.85,3
2026,Davis,Warren,QB,Michigan,Stanford,0.85,3
2026,Xavier,Terrell,RB,Florida Atlantic,Northern Iowa,,3
2026,Jonathan,Allen,DL,UAB,Virginia,0.84,3
2026,Scooter,Jackson,S,UCLA,,0.86,3
2026,Aldrich,Doe,WR,Bryant,San Diego State,0.84,3
2026,Tray,Brown,LB,Coastal Carolina,,,3
2026,Ezra,Odinjor,EDGE,UAB,Toledo,0.84,3
2026,Bralen,Henderson,DL,Missouri,,,3
2026,Mark,Rayson III,LB,UTSA,Prairie View A&M,,3
2026,Henry,Hicks,DL,Elizabeth City State,Liberty,0.83,3
2026,Makhi,Frazier,RB,Michigan State,Ole Miss,0.88,3
2026,Sayre,Smothers,CB,The Citadel,Buffalo,0.86,3
2026,Rhys,Dakin,P,Iowa,Michigan State,,3
2026,Jeremy,Naborne-Owens,LB,Colorado State,Nevada,,
2026,Ka'Morreun,Pimpton,TE,TCU,,,4
2026,T.J.,West,WR,Texas Tech,UTSA,,3
2026,Zavien,Bryant,S,Temple,,,3
2026,DJ,McKinney,CB,Colorado,Notre Dame,0.91,4
2026,Cutter,Boley,QB,Kentucky,Arizona State,0.89,3
2026,Ethan,Day,DL,North Texas,Utah,0.87,3
2026,Will,Hawthorne,LB,Iowa State,Nebraska,0.86,3
2026,Jalil,Tucker,CB,Oregon State,Washington State,0.86,3
2026,Jaden,Allen,TE,Fordham,Central Michigan,,2
2026,Brock,Riker,IOL,Texas State,Penn State,0.86,3
2026,Isaiah,Dawson,WR,Richmond,Bowling Green,,
2026,Cheta,Ofili,EDGE,Texas Tech,TCU,0.86,3
2026,Jartavius,Flounoy,DL,Georgia State,Syracuse,0.86,3
2026,Dallan,Hayden,RB,Colorado,Memphis,0.86,3
2026,Arthur,Ban,TE,San Diego State,Arizona,0.85,3
2026,Sam,Robinson,LB,Rutgers,South Florida,0.85,3
2026,Kaden,Eggett,TE,Utah Tech,,,
2026,Mateen,Bhaghani,K,UCLA,,,
2026,Ajay,Allen,RB,Tulsa,,,4
2026,Armel,Mukam,DL,Notre Dame,,,4
2026,KJ,Makins,CB,Baylor,,,
2026,Davon,Mitchell,TE,Louisville,,,4
2026,Lajuan,Owens,IOL,California,Central Arkansas,,3
2026,J'Dan,Burnett,EDGE,Tulsa,Rutgers,0.85,3
2026,Davion,Dozier,WR,App State,NC State,0.85,3
2026,Lincoln,Kienholz,QB,Ohio State,Louisville,0.89,3
2026,Marquis,Singleton Jr.,WR,Louisiana Tech,,,
2026,Jayven,Williams,CB,Mississippi State,BYU,0.85,3
2026,Carson,Cruver,QB,Florida Atlantic,,,
2026,Refeno,Vangates,WR,North Carolina Central,Liberty,0.85,3
2026,Gabe,Stroud,CB,North Texas,Montana,,3
2026,Samuel,Okunlola,EDGE,Colorado,Virginia Tech,0.86,3
2026,Khamoni,Robinson,QB,Lenoir-Rhyne,Toledo,0.86,3
2026,Isaiah,Hardge,CB,Colorado,Tennessee,0.86,3
2026,Eli,Ennis,LB,UAB,Stephen F. Austin,,
2026,Pearce,Spurlin III,TE,Georgia,Colorado State,0.86,3
2026,TJ,Chukwurah,WR,Black Hills State,North Texas,0.84,3
2026,Spencer,Mermans,TE,Yale,Georgia Tech,0.85,3
2026,Trey,Lathan,LB,Kansas,,0.86,3
2026,Ashton,Lepo,OT,Michigan State,Oklahoma State,0.86,3
2026,J'ven,Williams,OT,Penn State,Charlotte,0.86,3
2026,Tayven,Jackson,QB,UCF,North Texas,0.86,3
2026,Willizhuan,Yates,CB,Ball State,,,2
2026,TreyShun,Hurry,WR,Louisville,,,
2026,Bryce,Rowe,CB,Central Michigan,,,3
2026,Colin,Brazzell,CB,Tennessee,Abilene Christian,,
2026,Mason,Maggs,QB,Ohio State,,,
2026,Kellen,Francis,OT,Illinois,,,
2026,Mitch,Viviano,DL,Buffalo,,,3
2026,Ja'Marley,Riddle,S,East Carolina,Georgia,0.87,3
2026,Preztynn,Harrison,WR,Texas Tech,Howard Payne,,3
2026,Drew,Pickett,RB,Wake Forest,Alabama A&M,,3
2026,Qualyn,McQueen,CB,Nebraska-Kearney,Sacramento State,0.85,3
2026,Tyler,Thomas,EDGE,South Alabama,Kentucky,0.83,3
2026,Shane,Toolan,OT,Temple,Bucknell,,
2026,Alex,Green,WR,Tulsa,UTRGV,,3
2026,Carter,Stallard,IOL,Virginia Tech,Murray State,,3
2026,Jason,Duclona,CB,East Tennessee State,Florida A&M,,3
2026,Ory,Williams,OT,LSU,Tennessee,0.86,3
2026,Ryan,Gadson,CB,Lafayette,,,
2026,Kyle,Crum,QB,San Diego State,,,3
2026,Jonathan,Landry,CB,Eastern Washington,,,3
2026,Mercer,Luniewski,OT,Michigan State,San Diego State,,3
2026,Chrisdasson,Saint-Jean,OT,Kennesaw State,,,3
2026,Grant,McAtee,TE,North Central College,Tulsa,0.85,3
2026,Christion,Stokes,S,Findlay,,0.84,3
2026,Jaylin,Acevedo,OT,Navy,South Florida,0.85,3
2026,Duke,Watson,RB,Louisville,UCF,0.87,3
2026,Greg,Ard,RB,Boise State,UT Martin,0.85,3
2026,Jonathan,Goins,LB,Alabama A&M,Bowling Green,0.8,3
2026,Jackson,Brousseau,QB,Colorado State,California,0.85,3
2026,John,Amone,LB,Portland State,,,
2026,Marcus,Stokes,QB,West Florida,Memphis,0.86,3
2026,Jacurri,Brown,QB,UCF,Rice,,4
2026,Carson,Kent,TE,Oklahoma,Pittsburgh,0.87,3
2026,Jahiem,White,RB,West Virginia,North Texas,0.86,3
2026,Tyler,Martinez,LB,New Mexico State,Colorado,0.85,3
2026,Marcus,Wimberly,S,Oklahoma,Utah,0.85,3
2026,TJ,Lester,RB,West Georgia,Marshall,0.83,3
2026,Rashad,Henry,LB,Massachusetts,UCF,0.83,3
2026,Kiawan,Murphy,DL,Akron,Western Kentucky,0.82,3
2026,Keilan,Smith,DL,Cincinnati,Ball State,0.84,3
2026,Jai,Eugene Jr.,S,Western Kentucky,Syracuse,0.86,3
2026,Jaylen,Johnson,RB,South Florida,Bethune-Cookman,,3
2026,William,Davis,S,West Virginia,Sam Houston,0.83,3
2026,Cam,Jamerson,CB,TCU,Boise State,0.86,3
2026,Frankie,Tinilau,OT,East Tennessee State,James Madison,0.84,3
2026,Jordan-Lebron,Downey,DL,Livingstone,New Mexico State,0.85,3
2026,Eduwa,Okundaye,EDGE,Arizona,Washington State,0.86,3
2026,Nick,Thomas,OT,Rhode Island,Toledo,0.84,3
2026,Jacob,Jeudy,IOL,Concord,Ball State,0.85,3
2026,Curtis,Jones Jr.,EDGE,West Virginia,Virginia Tech,0.86,3
2026,Ryan,Green,LB,Wingate,Georgia State,0.82,3
2026,Quentin,Redding,WR,Minnesota,,,
2026,Brandon,Smith,IOL,South Dakota,Akron,,
2026,Dejuan,Lane,S,Penn State,Tennessee,0.87,3
2026,Trey,Owens,QB,Texas,Arkansas State,0.86,3
2026,Amier,Washington,DL,Texas Tech,UCLA,0.86,3
2026,Nathan,Pahanich,OT,Wake Forest,UConn,0.85,3
2026,Sawyer,Seidl,RB,North Dakota,Wake Forest,0.85,3
2026,Everett,Roussaw Jr.,LB,Memphis,Arizona,0.85,3
2026,Dwight,Bootle II,CB,Charlotte,Arizona,0.85,3
2026,Daniel,Matagi,DL,Portland State,Oregon State,0.86,3
2026,Zander,Esty,IOL,Oregon State,Boise State,0.84,3
2026,Caleb,Presley,CB,San José State,Colorado State,0.86,3
2026,Joshua,Mickens,EDGE,Ohio State,UConn,0.86,3
2026,Sean,Dugery,IOL,Memphis,UL Monroe,0.84,3
2026,Ken,Moore Jr.,S,Western Carolina,,0.83,3
2026,Larell,Howling,CB,Coastal Carolina,UL Monroe,0.84,3
2026,Dallin,Havea,EDGE,Utah Tech,UCLA,0.85,3
2026,Javis,Mynatt,S,Texas State,James Madison,0.85,3
2026,Terry,Simmons,DL,Duke,South Florida,,3
2026,Ryland,Jessee,QB,Michigan State,,,3
2026,Ta'Avili,Tuitama,DL,New Mexico State,,,
2026,Jaylon,Nichols,RB,North Carolina,,,3
2026,Ethan,Head,K,West Virginia,Troy,,
2026,Josh,Phifer,TE,James Madison,UCLA,0.87,3
2026,Ian,Foster,S,Southern Miss,Memphis,0.87,3
2026,Tunmise,Adeleye,DL,UNLV,Syracuse,0.86,3
2026,Brayden,Loftin,TE,Kansas State,UCLA,0.86,3
2026,Evan,Noel,K,Florida,Houston,0.8,3
2026,Selah,Brown,DL,Louisville,Bowling Green,0.84,3
2026,Caleb,Holmes,IOL,Pittsburgh,Jacksonville State,0.86,3
2026,Princeton,Malbrue,LB,LSU,Louisiana,0.82,3
2026,Djibril,Rahman,EDGE,Rutgers,San Diego State,0.85,3
2026,Jaylin,Davies,CB,Oklahoma State,Vanderbilt,0.85,3
2026,Randall,King,WR,Campbell,Alabama State,0.85,3
2026,Joey,Cheshire,LB,Cornell,Buffalo,0.84,3
2026,Tyler,McKinstry,CB,Toledo,UConn,0.82,3
2026,Eli,Aragon,WR,Coastal Carolina,Idaho State,,
2026,Jesiah,Cornwell,TE,Washington State,,,
2026,Daniel,Cruz,IOL,Texas,NC State,0.86,3
2026,Antarron,Turner,LB,Wisconsin,Colorado State,,
2026,Keith,Moko,CB,Western Illinois,,,2
2026,Lonnie,Burt,LB,Portland State,Eastern Illinois,,
2026,Ben,Scolari,WR,San Diego State,,,3
2026,Max,Lantzsch,TE,New Mexico,,,
2026,Andrew,Rumph,DL,UCF,Jacksonville State,,3
2026,Davis,Oliver-Goodwin,S,Lafayette,,,
2026,Jeremiah,Tuiileila,EDGE,San Diego State,,,3
2026,Mikey,Welsh,WR,San Diego State,,,
2026,Rasheem,Biles,LB,Pittsburgh,Texas,0.93,4
2026,Paul,Oyewale,EDGE,TCU,,0.87,3
2026,Jaden,Craig,QB,Harvard,TCU,0.87,3
2026,William,Satterwhite,IOL,Tennessee,LSU,0.87,3
2026,Lucas,Samsula,DL,Wyoming,Utah,0.86,3
2026,Peter,Eyabi,EDGE,Wyoming,Indiana State,,
2026,Jordan,Seaton,OT,Colorado,LSU,0.98,5
2026,Daughtry,Richardson,OT,Florida Atlantic,Coastal Carolina,0.83,3
2026,Joey,Su'a,IOL,Arizona State,,,3
2026,Dalton,Anderson,QB,Washington State,College of the Sequoias,,
2026,Michael,Cogoni,IOL,Coastal Carolina,Austin Peay,,
2026,Tanner,Philpott,P,Simpson College,Iowa,,
2026,JR,Rosenberg,S,Texas A&M,South Florida,0.8,3
2026,Keegan,Patterson,QB,Indiana State,Northern Colorado,,
2026,Yasir,Smith,EDGE,North Carolina,East Tennessee State,,3
2026,Armahn,Hale,S,New Mexico State,Bowling Green,0.85,3
2026,Darius,Neals,IOL,Tennessee State,Kennesaw State,0.83,3
2026,Carson,Van Dinter,S,Iowa State,Wisconsin,0.85,3
2026,Umari,Hatcher,WR,Syracuse,,,3
2026,Andrew,Metzger,TE,Kansas State,,,3
2026,Will,Weber,DL,UTEP,Sacramento State,0.8,3
2026,Ashton,Whitner,S,Ball State,Liberty,0.84,3
2026,Caldra,Williford,CB,Baylor,Tulsa,0.85,3
2026,Dylan,Phelps,CB,Colorado State,,,
2026,Antonio,Bluiett,CB,North Dakota,Utah State,0.86,3
2026,Lawayne,McCoy,WR,Florida State,Louisville,0.92,4
2026,Bryce,Baker,QB,North Carolina,Virginia Tech,0.87,3
2026,Ray,Coney,LB,Tulsa,Texas A&M,0.86,3
2026,Aidan,Boehle,EDGE,Winona State,,,2
2026,Yassine,Falke,CB,Marian (IN),,0.85,3
2026,Brandon,Stuckey,IOL,Indianapolis,,0.84,3
2026,Ashton,Hollins,WR,Illinois,Georgia Southern,0.82,3
2026,Isiah,Chala Jr.,EDGE,Fresno State,Sacramento State,0.82,3
2026,Matthew,Cooks,LB,Texas Southern,Northern Arizona,0.84,3
2026,Seth,Davis,RB,Mississippi State,Tulsa,0.85,3
2026,Markus,Dixon,EDGE,Clemson,Oregon,0.85,3
2026,Parker,Fulghum,WR,Clemson,UL Monroe,0.82,3
2026,Jesse,Powell II,LB,Elon,Coastal Carolina,0.84,3
2026,Trey,Watkins,S,LIU Post,,0.8,3
2026,Andrew,Hamad,LB,Albany,Marshall,,
2026,Jeremiah,Laguerre,LB,St. Thomas,North Carolina Central,0.82,3
2026,Malachi,Breland,IOL,Memphis,Arkansas,0.86,3
2026,Sutton,Smith,RB,Memphis,Arkansas,0.86,3
2026,Nehemiah,Chandler,CB,South Alabama,Florida State,0.86,3
2026,Miles,O'Neill,QB,Texas A&M,North Carolina,0.86,3
2026,Sean,Na'a,IOL,Arizona State,UCLA,0.86,3
2026,Ty,Benefield,S,Boise State,LSU,0.94,4
2026,Matyus,McLain,EDGE,Idaho,Washington State,,2
2026,Brody,Miller,S,Washington State,Iowa State,0.83,3
2026,Drew,Dickey,QB,Vanderbilt,Arkansas State,0.82,3
2026,Delano,Brown,DL,UConn,,,
2026,Drew,VanVleet,QB,Dayton,,,
2026,Ryan,Walker,IOL,North Alabama,Jacksonville State,,
2026,Jaden,Bradley,WR,UNLV,,,3
2026,Cam,Stodghill,S,Albany,Michigan State,0.85,3
2026,Sentel,Simpson,S,Louisiana Tech,,,3
2026,Braden,Keith,CB,Colorado,Colorado School of Mines,,
2026,Gabe,White,CB,Bethune-Cookman,Coastal Carolina,0.84,3
2026,Devin,Ellison,WR,Washington State,New Mexico State,0.84,3
2026,Chaston,Ditta,QB,East Carolina,North Texas,0.83,3
2026,Tristan,Exline,LB,Texas-Permian Basin,Iowa State,0.84,3
2026,Jeremiah,Cooper,S,Iowa State,Penn State,0.87,3
2026,Petey,Tucker,WR,Colorado State,,,3
2026,Tim,Malo,S,Hawai'i,,,3
2026,Josh,Dorsainvil,EDGE,UCF,,,
2026,Ashton,Stamps,CB,LSU,Arizona State,0.86,3
2026,Jeremiah,Warren,DL,Illinois,Pittsburgh,0.86,3
2026,Messiah,Blair,EDGE,Eastern Michigan,Jackson State,0.85,3
2026,Micah,Banuelos,IOL,USC,Purdue,0.85,3
2026,Mason,McKenzie,QB,Saginaw Valley State,Boston College,0.85,3
2026,Mekhi,Norris,WR,Mississippi Valley State,,0.82,3
2026,Pierce,Walker,S,Portland State,,,2
2026,Elijah,Hunter Jr.,CB,Middle Tennessee,,,3
2026,Jaelen,Nichols,S,Campbell,,,
2026,Kian,Johnson,WR,Temple,,,
2026,Jude,Edwards,IOL,West Virginia,,,
2026,Davion,Grant,WR,Mount Union ,,0.84,3
2026,Stilton,McKelvey,CB,New Mexico State,Baylor,,
2026,Anthony,Beavers Jr.,S,USC,Wyoming,,4
2026,Gabriel,Funk,OT,App State,Bowling Green,,2
2026,Khmori,House,LB,North Carolina,Arkansas,0.9,4
2026,Corey,Platt Jr.,LB,Houston,Texas Tech,0.88,3
2026,Denell,Nix Jr.,OT,App State,Sam Houston,0.84,3
2026,Jake,Griffin,OT,BYU,Arizona,0.85,3
2026,Luke,Ferrelli,LB,California,Ole Miss,0.9,4
2026,Gentry,Williams,CB,Oklahoma,Georgia,0.87,3
2026,Chase,Allen-Jackman,WR,Washburn,Georgia State,0.85,3
2026,Jhamal,Shelby Jr.,CB,Louisiana Tech,Nicholls,0.83,3
2026,Kirk,Francis,QB,Tulsa,Texas Tech,0.83,3
2026,Travon,Sylvester,DL,UTSA,Stephen F. Austin,,
2026,GianCarlo,Rufo,LB,Georgetown,USC,0.8,3
2026,Trever,Jackson,QB,Arkansas,Coastal Carolina,0.86,3
2026,Collin,Hurst,QB,Presbyterian,West Georgia,0.8,3
2026,D'Angelo,Hutchinson,S,Louisville,Cincinnati,,3
2026,Brylan,Green,S,Liberty,,,3
2026,Ben,Mulholland,IOL,Houston Christian,UConn,0.85,3
2026,Jeremiah,Sandiford,DL,Tennessee Tech,New Mexico State,0.83,3
2026,Markus,Allen,WR,Mississippi State,Middle Tennessee,0.82,3
2026,Rodshaun,Dorsey,WR,Erskine,Georgia State,0.84,3
2026,Ty,Goodwill,S,South Alabama,Cincinnati,0.86,3
2026,Jason,Stokes Jr.,CB,Utah,Colorado,0.86,3
2026,Azarel,Juste,LB,Bryant,Coastal Carolina,0.85,3
2026,Karon,Brookins,WR,Iowa State,Penn State,0.85,3
2026,Kristian,Ingman,TE,Portland State,Arizona State,0.84,3
2026,Tyshawn,Dues,WR,West Virginia,,,3
2026,Brian,Dillard,CB,South Alabama,,,3
2026,Jordan,Mcallister,EDGE,New Hampshire,Tulane,,
2026,Shaun,Torgeson,OT,Portland State,Oklahoma State,0.85,3
2026,Kamron,Burris,OT,Anderson,App State,0.84,3
2026,Elijah,McKenzie,CB,Bowie State,Liberty,0.83,3
2026,Koen,Entringer,S,Iowa,Louisville,0.89,3
2026,Keaton,Thomas,LB,Baylor,Ole Miss,0.87,3
2026,Jalen,Lee,S,South Dakota State,Coastal Carolina,0.86,3
2026,D'Nas,White,DL,Catawba,Charlotte,0.84,3
2026,Landon,Walker,RB,Colorado School of Mines,TCU,0.85,3
2026,Zahmir,Dawud,CB,Villanova,Rutgers,0.85,3
2026,Ethan,Chill,IOL,West Virginia,,,
2026,Kaleb,Annett,QB,Boise State,UCF,0.83,3
2026,Luke,Sandy,IOL,Wyoming,Charlotte,0.85,3
2026,Bruno,Massel IV,WR,Indiana,,,
2026,Calib,Perez,IOL,UAB,,0.85,3
2026,Nate,Johnson,WR,Boston College,,,3
2026,Jackson,Courville,K,Ohio State,Tulane,,
2026,CC,Ezirim,TE,Toledo,Western Kentucky,0.85,3
2026,Jaydan,Hardy,S,Oklahoma,Colorado,0.86,3
2026,Jeremiah,Jordan,S,Memphis,UAB,0.85,3
2026,Tyler,Mercer,IOL,Kansas,Oklahoma State,0.85,3
2026,Corey,Scott,WR,West Florida,James Madison,0.86,3
2026,Zavion,Hardy,DL,South Carolina,Baylor,0.85,3
2026,Elijah,Harvey,OT,New Mexico State,,,
2026,Tayvion,Beasley,CB,BYU,South Florida,,3
2026,Chris,Lawson Jr.,WR,App State,,,3
2026,Adam,Mohammed,RB,Washington,California,0.92,4
2026,Kenny,Minchey,QB,Notre Dame,Kentucky,0.92,4
2026,Stephiylan,Green,DL,Clemson,LSU,0.91,4
2026,Raiden,Vines-Bright,WR,Washington,Arizona State,0.89,3
2026,Shamar,Rigby,WR,Oklahoma State,Wisconsin,0.88,3
2026,Sharif,Denson,CB,Florida,Ole Miss,0.87,3
2026,Danny,Scudero,WR,San José State,Colorado,0.87,3
2026,Sam,Siafa,DL,Penn State,Delaware,0.84,3
2026,Steve,Miller,S,USC,UConn,0.85,3
2026,Javante,Mackey,LB,Arkansas State,Texas State,0.85,3
2026,Justyn,Martin,QB,Maryland,Ohio State,0.86,3
2026,Jaavan,Mack,CB,Western Kentucky,,,
2026,James,Jennette,EDGE,Virginia Tech,Utah State,0.86,3
2026,Cam,Wallace,RB,Penn State,,,3
2026,Alex,Weeks,P,Northern Arizona,Michigan State,,
2026,Collins,Acheampong,EDGE,Bowling Green,UTSA,0.85,3
2026,Brandon,Sneh,OT,UAB,Mississippi State,0.85,3
2026,Antonio,Coleman,EDGE,Auburn,Alabama A&M,0.85,3
2026,Joey,Olsen,TE,USC,New Mexico,0.85,3
2026,Marques,White,EDGE,Massachusetts,SMU,0.86,3
2026,Ryan,Brubaker,IOL,South Carolina,Virginia,0.85,3
2026,Carlon,Jones,DL,USC,Arkansas,0.86,3
2026,Jaylen,Jones,S,Georgia State,Virginia,0.86,3
2026,Michael,Bennett III,OT,Yale,Oregon,0.86,3
2026,Emeka,Ugorji,OT,Stanford,Florida,0.86,3
2026,Jake,Johnson,TE,North Carolina,Auburn,0.86,3
2026,Winston,Berglund,LB,Purdue,,0.85,3
2026,Blake,Ford,K,Arkansas,Georgia Southern,,
2026,Gerald,Modest Jr.,RB,Wofford,,,
2026,Dawson,Johnson,TE,Old Dominion,Tulane,,
2026,Armani,Winfield,WR,Colorado State,South Florida,,4
2026,Austin,Myers,QB,Central Arkansas,,,3
2026,Adonis,Jackson,EDGE,Mississippi Valley State,Utah State,0.82,3
2026,Dylan,Aguilera,LS,Lafayette,San José State,,
2026,Tayden,Barnes,S,Cincinnati,New Mexico State,0.84,3
2026,Ja'Bril,Rawls,CB,Florida State,,0.94,4
2026,Nate,Henrich,DL,Gannon,San Diego State,0.82,3
2026,MJ,Flowers,RB,UConn,Tennessee Tech,0.84,3
2026,Noah,Nelson,DL,Georgia State,UAB,0.84,3
2026,Legend,Lyons,WR,Minnesota,Montana,,3
2026,Pokaiaua,Haunga,RB,BYU,,,3
2026,Ta'Ron,Haile,WR,Syracuse,Austin Peay,,3
2026,Jahmad,Harmon,S,Ball State,Massachusetts,0.83,3
2026,Trumain,Lawson,OT,LIU Post,Ohio,0.83,3
2026,Trey,Cooley,RB,Troy,Washington,0.85,3
2026,Jasper,Beeler,S,Northern Illinois,Cincinnati,0.86,3
2026,Kam,Perry,WR,Miami (OH),Colorado,0.86,3
2026,Byrum,Brown,QB,South Florida,Auburn,0.94,4
2026,Kobie,McKinzie,LB,Oklahoma,Northwestern,0.9,4
2026,Zach,Johnson,EDGE,UAB,Toledo,0.83,3
2026,Justin,Popovich,WR,Lock Haven,Wyoming,0.84,3
2026,Chandler,Donaway,IOL,East Texas A&M,Wyoming,0.84,3
2026,Brayon,Crawford,LB,Cornell,,0.8,3
2026,Kendrick,Raphael,RB,California,SMU,0.92,4
2026,Robert,Lee,LB,Florida Atlantic,Austin Peay,,3
2026,Husan,Longstreet,QB,USC,LSU,0.92,4
2026,Matthew,Wilson,QB,App State,Austin Peay,,3
2026,Derrick,McCormick Jr.,LB,South Florida,South Carolina State,,3
2026,Jaylan,Hornsby,WR,Syracuse,Purdue,0.85,3
2026,Harvey,Dyson,EDGE,Tulane,NC State,0.86,3
2026,Harry,Stewart III,RB,Kansas,Boise State,,3
2026,Jailen,Ruth,LB,Vanderbilt,,,3
2026,Melvin,Puckett,IOL,Bethune-Cookman,,,
2026,Jaden,Hamm,TE,Kansas,Arkansas State,,3
2026,Markell,Samuel,OT,Oklahoma State,Georgia Tech,0.86,3
2026,Jayland,McGlothen,DL,Sacramento State,San José State,0.83,3
2026,Toddrick,Brewton,EDGE,Florida International,Rhode Island,,3
2026,TJ,Smith,LB,Houston Christian,Texas A&M,0.85,3
2026,Hayden,John,ATH,Idaho,UC Davis,,3
2026,Daelen,Alexander,RB,Rice,Coastal Carolina,0.85,3
2026,Joshua,Brooks,IOL,Robert Morris,Tennessee Tech,,
2026,Dom,Collins,WR,Concord,,0.83,3
2026,DJ,Wesolak,EDGE,Missouri State,Coastal Carolina,0.84,3
2026,Stephon,Wright,DL,UConn,Colorado State,,4
2026,Deuce,Walker,S,Georgia State,,,3
2026,Jerrick,Gibson,RB,Texas,Purdue,0.88,3
2026,Sam,Pickett III,WR,Samford,App State,0.82,3
2026,Mason,Purham,EDGE,Emory & Henry,James Madison,0.85,3
2026,Jotavion,Pierce,S,Oklahoma State,UAB,0.85,3
2026,LaDavion,Osborn,CB,Northern Colorado,Toledo,0.85,3
2026,Ricky,Fletcher,CB,Ole Miss,California,0.88,3
2026,Quory,Ambrose,IOL,Presbyterian,Harding,0.82,3
2026,Kameron,Courtney,WR,Virginia,,,3
2026,Brady,Jones,QB,Western Michigan,Oregon State,0.84,3
2026,Chase,Duarte,IOL,San Diego State,Kansas State,0.84,3
2026,Kobe,Williams,IOL,Arkansas State,,,
2026,Brandon,Ervin,CB,Clark Atlanta,,,2
2026,Terrell,Jones,DL,Virginia,South Florida,,3
2026,Keenan,Landry,DL,McNeese,,,
2026,TJ,Thomas Jr.,RB,Elon,Minnesota,0.86,3
2026,Callen,Barta,WR,Kansas State,Emporia State,0.85,3
2026,Keydel,Painter,EDGE,Virginia Union,Marshall,0.85,3
2026,Bubba,Thompson,QB,South Alabama,West Florida,,3
2026,KJ,Thomas,CB,Mercer,Toledo,0.85,3
2026,Vincent,Chen,OT,Stetson,,,
2026,Dylan,Davidson,P,Emporia State,Kansas State,,
2026,Mark,Wiepert,QB,Oregon,UTSA,,3
2026,James,Williams,IOL,UTEP,New Mexico State,0.84,3
2026,Nazir,Ward,CB,Western Kentucky,Syracuse,0.86,3
2026,Corey,Clark,DL,Mississippi State,,,
2026,JaSire,Peterson,DL,UAB,,,4
2026,Kenzy,Paul,S,Duke,,,3
2026,Jordan,Mosley,WR,Mississippi State,Colorado State,,4
2026,Peyton,Lewis,RB,Tennessee,Virginia,0.86,3
2026,Amari,Wilson,EDGE,Georgia Southern,Southern Miss,0.85,3
2026,Amaree,Williams,EDGE,Florida State,Mississippi State,0.88,3
2026,Rob,Billings IV,S,Clemson,Jacksonville State,0.86,3
2026,Caden,Branston,DL,Colorado State,McNeese,,3
2026,Cayden,Lee,WR,Ole Miss,Missouri,0.9,4
2026,Wyatt,Hook,TE,Michigan State,Akron,0.84,3
2026,Donovan,Haslam,IOL,West Virginia,Tennessee,0.86,3
2026,Davion,Gause,RB,North Carolina,NC State,0.86,3
2026,Ronnie,Crosby III,RB,Texas A&M,,,
2026,DJ,Hill-Smith,S,New Mexico State,,,3
2026,JaCorey,Stewart,LB,Kansas,Florida International,,3
2026,Toby,Anene,EDGE,North Dakota State,Colorado,0.87,3
2026,Aaron,Sears,CB,Stephen F. Austin,Georgia Southern,0.85,3
2026,Kade,Kostus,DL,Central Michigan,Bowling Green,,3
2026,Mason,Rivera,S,Cal Poly,UCLA,,
2026,Da'Shawn,Womack,EDGE,Ole Miss,Auburn,0.92,4
2026,Jahmari,Powell-Wonson,WR,Maryland,Florida Atlantic,,3
2026,Na'eem Abdul-Rahim,Gladding,WR,Old Dominion,Maryland,0.87,3
2026,Aaron,Gates,S,Florida,Kentucky,0.86,3
2026,Peyton,Joseph,OT,Georgia Tech,Oklahoma,0.86,3
2026,Devan,Thompkins,DL,USC,Alabama,0.94,4
2026,Walker,Lyons,TE,USC,BYU,0.9,4
2026,Trevor,Buhr,IOL,Iowa State,Penn State,0.87,3
2026,Mason,Humphrey,WR,Lehigh,North Carolina,0.86,3
2026,Brendon,Haygood,RB,Missouri,North Texas,0.86,3
2026,Mabrey,Mettauer,QB,Sam Houston,SMU,,3
2026,James,Johnson,CB,USC,Middle Tennessee,0.85,3
2026,Garth,White,K,Rhode Island,Louisville,,
2026,Jayden,McGowan,WR,Charlotte,Baylor,0.85,3
2026,Preston,Hickey,DL,Northwestern State,UTEP,0.85,3
2026,Devarrick,Woods,DL,Texas State,Clemson,0.86,3
2026,Shaun,Boykins Jr.,RB,Louisville,Delaware State,0.85,3
2026,Tylan,McNichols,LB,UAB,Wake Forest,0.85,3
2026,John,Howse IV,S,Middle Tennessee,Arkansas,0.85,3
2026,Jaden,Rashada,QB,Sacramento State,Mississippi State,0.85,3
2026,Isaiah,Bogerty,LB,Texas Southern,UTEP,0.82,3
2026,Josh,Griffis,EDGE,Tarleton State,,0.82,3
2026,Gage,Roy,QB,USC,Illinois State,,
2026,Corey,Amos,EDGE,Ole Miss,Grambling,,3
2026,Christian,Moss,WR,Kennesaw State,Washington,0.87,3
2026,Scott,Becker,IOL,Princeton,Rice,0.83,3
2026,K'wan,Powell,RB,South Florida,,,3
2026,L.J.,Johnson Jr.,WR,Texas State,Utah State,0.84,3
2026,Boyce,Bankhead,LB,Presbyterian,,,
2026,Jamarion,Parker,RB,Nebraska,,,3
2026,Jeno,Junius Jr.,S,Western Carolina,,,
2026,Martin,Connington,K,Michigan State,Kansas,,3
2026,Tony,Freeman,WR,Washington State,,0.86,3
2026,Nick,Morrow,OT,California,Kansas,0.86,3
2026,Ray Ray,Joseph,WR,Miami,East Carolina,0.86,3
2026,Preston,Zachman,S,Wisconsin,Indiana,0.86,3
2026,Isaiah,Chisom,LB,UCLA,Oklahoma State,0.86,3
2026,Micah,Mays Jr.,WR,Wake Forest,Florida,0.88,3
2026,Max,Drag,TE,UCF,South Carolina,0.85,3
2026,JK,Johnson,CB,Oklahoma State,Florida Atlantic,0.86,3
2026,Dylan,Chiedo,EDGE,Furman,South Alabama,0.82,3
2026,Cade,Yacamelli,RB,Wisconsin,Miami (OH),0.85,3
2026,Joshua,Brantley,EDGE,Tulane,Louisiana Tech,0.86,3
2026,Dallas,Winner-Johnson,LB,Tulane,Oklahoma State,0.84,3
2026,Bryson,Rodgers,WR,Ohio State,South Florida,0.86,3
2026,Hiroshi,Carr,CB,Morgan State,Southern Miss,0.83,3
2026,Brody,Balliew,OT,West Georgia,Mercer,0.8,3
2026,JT,Kouame-Yao,LB,James Madison,,,
2026,Jack,Pedersen,TE,UCLA,Washington State,0.86,3
2026,Jaekwon,Bouldin,OT,Mississippi State,Jackson State,,3
2026,Emeka,Iloh,TE,Mississippi State,,,3
2026,Cam,Thompson,WR,Mississippi State,,,
2026,K.J.,Jones,WR,Marshall,,,
2026,Clay,Ash,RB,West Virginia,,,
2026,Deliyon,Freeman,CB,Hawai'i,,,2
2026,Matthew,Montgomery,OT,Western Illinois,San Diego State,,
2026,George,Mullins,S,Michigan State,Delaware,,3
2026,Phoenix,Moss,RB,Georgia State,Livingstone,,
2026,Brayden,Fowler-Nicolosi,QB,Colorado State,Michigan,0.85,3
2026,Ashton,Taylor,LB,Jackson State,Middle Tennessee,0.85,3
2026,Gus,Cordova,EDGE,USC,Mississippi State,0.85,3
2026,Luke,Evans,CB,Miami (OH),Kennesaw State,0.85,3
2026,Dominic,Wiseman,DL,South Alabama,Kentucky,0.85,3
2026,Tate,Romney,LB,Arizona State,Oklahoma State,0.85,3
2026,Ny,Carr,WR,Miami,Wake Forest,0.85,3
2026,Daniel,Michel,OT,Florida International,James Madison,,3
2026,Karson,Gordon,QB,UCLA,Austin Peay,,3
2026,Kanye,Udoh,RB,Arizona State,Liberty,0.85,3
2026,Christian,Zachary,WR,NC State,Sam Houston,,3
2026,Justice,Haynes,RB,Michigan,Georgia Tech,0.95,4
2026,Dee,Crayton,LB,Clemson,UNLV,0.83,3
2026,Mose,Phillips III,S,Missouri,Oklahoma State,0.85,3
2026,Shakai,Woods,DL,Middle Tennessee,Arkansas State,0.84,3
2026,Joseph,Bey,S,San José State,,,3
2026,Cyncir,Bowers,RB,West Virginia,UConn,,
2026,Donovan,Faria,CB,Gannon,Georgia State,0.85,3
2026,Marco,Patierno,LB,Eastern Michigan,,,
2026,Dyllan,Malone,WR,Iowa State,,,3
2026,D.J.,Crowther,RB,Dartmouth,South Florida,,3
2026,Hayes,Creel,OT,Southern Miss,East Carolina,,
2026,Ty,Howard,S,Ohio State,,,
2026,Eddie,Pleasant III,CB,Buffalo,Marshall,,3
2026,Guzzy,Kayed,OT,Saint Francis (PA),Eastern Michigan,0.83,3
2026,Brian,Rowe Jr.,WR,South Carolina,UCLA,0.87,3
2026,Peyton,Argent,K,South Carolina,South Alabama,,
2026,Landen,Clark,QB,Elon,LSU,0.86,3
2026,Rashod,Dubinion,RB,App State,,,3
2026,Jayden,Fielding,K,Ohio State,,,
2026,Ethan,Hubbard,OT,South Alabama,,0.86,3
2026,Malcolm,Hartzog,S,Nebraska,Arizona,0.86,3
2026,Chris,Tangelo,S,Vanderbilt,Virginia Tech,,4
2026,Dylan,Sikorski,IOL,Oregon State,Texas,0.86,3
2026,Dez,Thomas II,QB,Georgetown,Prairie View A&M,0.8,3
2026,Drew,Clemens,TE,Utah,North Texas,0.86,3
2026,Kurtis,Waye,EDGE,Clark Atlanta,Akron,,
2026,Devin,Vass,IOL,Kansas State,West Virginia,0.86,3
2026,Tawfiq,Thomas,DL,Colorado,Georgia Tech,0.86,3
2026,Jaden,Jones,EDGE,Florida State,Missouri,0.86,3
2026,Fred,Gaskin,S,South Florida,Auburn,0.85,3
2026,Rodney,Nelson,RB,Monmouth,Miami (OH),0.84,3
2026,Muaaz,Byard,LB,Middle Tennessee,UAB,0.84,3
2026,Justin,Content,CB,UTEP,,0.84,3
2026,Matt,Outten,WR,Penn State,Syracuse,0.87,3
2026,David,Kemp,K,Minnesota,Kennesaw State,,2
2026,Kevin,Wynn,DL,Florida State,,,4
2026,Jamir,Benjamin,CB,UCLA,Rice,0.85,3
2026,Tyrone,Cotton III,CB,Washington State,Iowa State,0.85,3
2026,Dante,Thomas,S,Coastal Carolina,,,3
2026,Omari,Abor,EDGE,SMU,,0.85,3
2026,Isaiah,Paul,CB,Western Michigan,,,2
2026,Ralph,Ortiz,LB,Kansas State,,,
2026,Seth,Johnson,CB,Montana State,Iowa State,0.86,3
2026,Jhase,McMillan,CB,Montana State,UCLA,0.86,3
2026,Talyn,Shettron,WR,Oklahoma State,Louisiana Tech,0.86,3
2026,Kamari,Todd,CB,Chattanooga,Auburn,0.85,3
2026,Drew,Wilson,LB,Minnesota,Lafayette,,
2026,Dillon,Williams,S,Central Arkansas,Abilene Christian,0.83,3
2026,Jayvin,James,OT,Mississippi State,Alabama,0.88,3
2026,Brandon,Rose,QB,Massachusetts,Utah,,3
2026,Hunter,Welcing,TE,Northwestern,Ohio State,0.91,4
2026,DeAngelo,Thompson,EDGE,Syracuse,Memphis,0.83,3
2026,Tony,Diaz,WR,Texas-Rio Grande Valley,Iowa,0.85,3
2026,Mustafa,Feika,IOL,Tiffin University,Delaware,0.84,3
2026,Carter,Sweazie,IOL,James Madison,UCLA,0.85,3
2026,Ethan,Wesloski,LB,North Texas,Oklahoma State,0.85,3
2026,Tyson,Miller,OT,Indiana State,,,2
2026,Gavin,Hall,RB,Furman,,,
2026,Hunter,Haines,S,San Diego State,Montana,,3
2026,Tyshawn,Sanders,CB,App State,Gardner-Webb,,3
2026,Felix,Doege,IOL,App State,Rhode Island,,3
2026,Kallen,Gutridge,QB,Oregon State,,,3
2026,Evan,Pryor,RB,Cincinnati,Florida,0.87,3
2026,Nate,Pabst,OT,Bowling Green,Florida State,0.86,3
2026,Shamar,McIntosh,S,Maryland,Charlotte,0.82,3
2026,Grant,Seagren,OT,Oklahoma State,Northwestern,0.86,3
2026,Duplicate,Duplicate,CB,Lindenwood,LeMoyne-Owen,,
2026,Christian,Young,IOL,Emory & Henry,Southern Miss,0.85,3
2026,Derek,Osman,OT,Harvard,UCLA,0.82,3
2026,DJ,Cerisier,CB,Duquesne,,0.84,3
2026,Philippe,LaForge,K,Coastal Carolina,Memphis,0.8,3
2026,Enow,Etta,DL,Michigan,,,4
2026,Parker,Navarro,QB,Ohio,Professional,0.87,3
2026,Mike,Wright III,S,Florida Atlantic,Bowling Green,0.84,3
2026,Josh,Lukusa,EDGE,Miami (OH),Missouri State,0.84,3
2026,Hayden,Dawahare,LB,Kentucky,Kent State,0.84,3
2026,Jared,Richardson,WR,Pennsylvania,Duke,0.86,3
2026,RJ,Vick,WR,Wake Forest,Colorado State,,
2026,Duncan,Brune,RB,Ohio,,,3
2026,Caleb,Brown,CB,Virginia Tech,Hawai'i,,3
2026,Spencer,Elliott,EDGE,Portland State,Hawai'i,,2
2026,Alex,Bacchetta,P,Rice,Georgia Tech,,3
2026,Keaton,Emmett,K,Nevada,Oregon,,
2026,Jaylen,Bowden,CB,Minnesota,East Carolina,,
2026,McCae,Hillstead,QB,BYU,Utah State,,3
2026,Jordan,Spasojevic-Moko,IOL,California,,,3
2026,Cavan,Craig,P,Wofford,Colorado State,,
2026,Jeremy,Scott,WR,South Alabama,TCU,0.85,3
2026,Riley,Rushing,IOL,Mars Hill,Tulane,,
2026,CJ,Mims,DL,North Carolina,Texas A&M,0.88,3
2026,Alex,Godavitarne,TE,Wheeling,UConn,0.85,3
2026,Nash,Burkart,ATH,Sacramento State,,,3
2026,Dylan,Senda,OT,Auburn,Toledo,,3
2026,Jaxon,Smolik,QB,Penn State,Temple,,3
2026,Zach,Sims,QB,Alabama State,,,3
2026,Derrick,Davis Jr.,RB,Pittsburgh,,,4
2026,Tyler,Cain,LB,Slippery Rock,,,
2026,Manny,Covey,RB,Cincinnati,Memphis,0.85,3
2026,Davion,Godley,RB,Weber State,Sacramento State,0.83,3
2026,Aden,Cannon,EDGE,Indiana,Illinois State,,
2026,Brandon,Martin,EDGE,Dayton,Robert Morris,0.8,3
2026,Tommy,Kinsler IV,OT,Miami,Ole Miss,0.86,3
2026,Randy,Adirika,DL,Penn State,Virginia Tech,0.86,3
2026,Jacob,Houseworth,TE,California,UC Davis,,3
2026,Kenric,Lanier II,WR,Minnesota,Missouri,0.85,3
2026,David,Bird,LS,Alabama,California,,
2026,Ethan,Moczulski,K,Washington,Illinois,0.83,3
2026,Josh,Anglin,LB,Tulsa,Kennesaw State,0.82,3
2026,Aidan,Wright,LB,Arkansas State,,,
2026,Justin,Schmidt,LS,Purdue,Pittsburgh,,2
2026,Tre,Richardson,WR,Vanderbilt,Louisville,0.93,4
2026,Ja'Kobi,Jackson,RB,Florida,Ohio State,0.88,3
2026,Tavorus,Jones,RB,Missouri,UTEP,0.86,3
2026,DJ,Chester,OT,LSU,Mississippi State,0.86,3
2026,Tucker,Ashcraft,TE,Wisconsin,USC,0.88,3
2026,Stacy,Bey,LB,Arizona,Sam Houston,0.85,3
2026,Jordan,Sanders,DL,Texas State,Florida State,0.86,3
2026,Liam,Danitz,EDGE,Hope ,Wisconsin,0.86,3
2026,Axel,Ramazani,EDGE,Wyoming,Northern Iowa,,3
2026,Brayshawn,Littlejohn,LB,App State,Florida International,0.85,3
2026,Isaiah,Villanueva,IOL,Jackson State,Missouri State,0.85,3
2026,Thaddeus,Gianaris,EDGE,Dartmouth,Wyoming,0.8,3
2026,Langston,Lewis,WR,Central Michigan,,0.85,3
2026,Lance,Heard,OT,Tennessee,Kentucky,0.94,4
2026,AJ,Thomas,EDGE,McNeese,Arkansas State,0.85,3
2026,Xavier,Allen,OT,Bucknell,Memphis,0.82,3
2026,Boogsie,Silvera,S,South Florida,Sacramento State,0.8,3
2026,Zuriah,Fisher,EDGE,Penn State,USC,0.92,4
2026,Raymond,Moore III,QB,Morgan State,UTEP,0.84,3
2026,David,Gardner,OT,Florida A&M,Austin Peay,,
2026,Ta'ir,Brooks,WR,Charlotte,,,3
2026,Ja'Quan,Redfern,DL,Murray State,Wyoming,0.84,3
2026,Colson,Brown,QB,Anderson,,,
2026,Apisa,Poumele,IOL,Central Michigan,Coastal Carolina,0.85,3
2026,Jordan,Walker,EDGE,Rutgers,Georgia Tech,0.87,3
2026,Noah,Lugo,QB,UTSA,Southern Utah,,3
2026,Elijah,Simmons,DL,West Virginia,Florida International,0.81,3
2026,Zyeir,Gamble,S,App State,East Carolina,,3
2026,Miguel,Cedeno,OT,Florida International,,,3
2026,Liam,Boyd,K,Charlotte,Michigan State,,
2026,Tristian,Gardner,WR,Missouri State,Coastal Carolina,0.86,3
2026,Jshawn,Frausto-Ramos,S,Arizona,Washington State,0.85,3
2026,Chris,Marshall,WR,Boise State,Arkansas,0.87,3
2026,Kyle,Koontz,TE,Houston Christian,Sacramento State,0.81,3
2026,Brandon,Jacob Jr.,S,UTSA,,,4
2026,Damarcco,Blanton,WR,Arkansas State,UL Monroe,0.84,3
2026,Artavius,Jones,DL,Miami,UCF,0.86,3
2026,Camdon,Frier,WR,Florida State,Tarleton State,0.84,3
2026,Tyler,Griffin,WR,UL Monroe,East Tennessee State,,3
2026,Cole,Marszalek,LS,Jacksonville State,Kentucky,,
2026,Kei'shaun,Mashburn,DL,Allen University,Southern Miss,,3
2026,Andrew,Nelms,K,Florida Atlantic,Old Dominion,,
2026,Sean,Thompkins Jr.,OT,Baylor,LSU,0.88,3
2026,Isiah,Switzer,IOL,Toledo,UConn,0.84,3
2026,Justius,Lowe,WR,Oregon,San Diego State,0.86,3
2026,Max,Dean,P,New Mexico State,Washington State,,
2026,Zion,Booker,WR,Tulsa,Kennesaw State,0.85,3
2026,CJ,Baxter,RB,Texas,Kentucky,0.89,3
2026,Shawn,Foster,WR,Michigan State,Central Michigan,0.79,2
2026,Kaedin,Massey,OT,Kansas State,James Madison,0.86,3
2026,Seidrion,Langston,LB,UL Monroe,South Alabama,0.85,3
2026,BJ,Diakite,EDGE,North Alabama,Utah State,0.83,3
2026,Zach,Taylor,WR,Arkansas,App State,0.82,3
2026,Cyrus,Durham,EDGE,Akron,,0.84,3
2026,Eli,Wood,WR,Virginia,Utah State,0.85,3
2026,Kai,Holec,OT,Indiana State,Oklahoma State,0.83,3
2026,Chedon,James,WR,Incarnate Word,Idaho State,0.83,3
2026,Ace,Ciongoli,WR,Indiana,Florida,0.8,3
2026,Tug,Sanford,LS,Stephen F. Austin,Oregon State,0.8,3
2026,Markus,Strong,DL,Oklahoma,Clemson,0.87,3
2026,Jordan,McCants,WR,West Virginia,,,3
2026,Julius,Tate,IOL,Coastal Carolina,South Florida,,3
2026,Zak,Yamauchi,IOL,Stanford,BYU,0.86,3
2026,AG,McGhee,S,Arkansas State,,,3
2026,Carson,Williams,CB,Montana State,Indiana,0.86,3
2026,Jaylin,Carter,WR,Southern Miss,Memphis,,3
2026,Darrell,Gipson,EDGE,Cincinnati,Idaho,,3
2026,Que'Sean,Brown,WR,Duke,Virginia Tech,0.93,4
2026,Michael,Riles,EDGE,Oklahoma State,Prairie View A&M,0.85,3
2026,Justin,Beadles,EDGE,Louisville,California,0.87,3
2026,Marquis,Hood,DL,North Carolina A&T,Jacksonville State,,
2026,Anthony,Palano,LB,Washington State,Boston College,,2
2026,Scott,Starzyk,K,Arkansas,LSU,,3
2026,Carter,Sheehan,IOL,Temple,,,
2026,Cardell,Williams,QB,Sacramento State,Maryland,0.85,3
2026,Jordan,Davis,OT,South Alabama,UCLA,0.86,3
2026,Austin,Novosad,QB,Oregon,Bowling Green,0.86,3
2026,Sione,Laulea,CB,Oregon,Missouri,0.88,3
2026,Malik,Leverett,WR,East Carolina,West Georgia,,3
2026,RJ,Johnson III,QB,Florida A&M,Massachusetts,0.8,3
2026,Scott,Isacks III,TE,Florida,UAB,0.82,3
2026,Mason,Clinton,DL,Southern Miss,Florida,0.86,3
2026,AJ,Brown,S,UAB,Rice,,3
2026,Amare,Campbell,LB,Penn State,Tennessee,0.87,3
2026,Jaylen,Early,IOL,Missouri,Texas State,0.85,3
2026,DeAndre,Boykins,S,Oklahoma State,Florida International,0.84,3
2026,Asher,Tomaszewski,DL,Kansas State,Adams,,3
2026,Enai,White,DL,Penn State,Oklahoma State,0.86,3
2026,Keyshawn,Burgos,EDGE,Virginia Tech,Purdue,0.85,3
2026,Hunter,Herring,TE,UL Monroe,Auburn,0.85,3
2026,Liam,Padron,K,Texas A&M,Florida,,
2026,Kanye,Clark,CB,UCLA,Florida,0.85,3
2026,Jalen,Bell,S,LIU Post,Delaware,,
2026,Taye,Seymore,S,Auburn,North Texas,,3
2026,Jacob,Harris,TE,Bowling Green,Wisconsin,0.87,3
2026,Hollywood,Smothers,RB,NC State,Texas,0.94,4
2026,Joshua,Burnham,EDGE,Notre Dame,Indiana,0.89,3
2026,TJ,Bush Jr.,EDGE,California,Minnesota,0.87,3
2026,Zion,Williams,DL,LSU,Texas,0.86,3
2026,Gio,Lopez,QB,North Carolina,Wake Forest,0.86,3
2026,Tarvorise,Brown,DL,Florida,North Carolina,0.86,3
2026,Cortez,Harris,EDGE,Penn State,Virginia Tech,0.86,3
2026,Kai,McClendon,DL,Mississippi State,Washington,0.86,3
2026,Aidan,Kilstrom,IOL,Harvard,Stanford,0.85,3
2026,David,Avit,RB,Villanova,Arizona State,0.85,3
2026,Fatim,Diggs,LB,Syracuse,,,3
2026,Chase,Simmons,DL,Syracuse,,,3
2026,Alfred,Jordan Jr.,WR,Ohio,,,
2026,Micah,Mosley,EDGE,Sacramento State,Fresno State,,3
2026,Dre'lon,Miller,WR,Colorado,Baylor,0.88,3
2026,Michael,Troutman III,IOL,Penn State,Virginia Tech,0.86,3
2026,Kaylib,Singleton,CB,Syracuse,Mississippi State,0.85,3
2026,Will,Johnson,LB,Virginia Tech,,,3
2026,Aitor,Urionabarrenechea,IOL,Colorado State,Massachusetts,0.85,3
2026,Skyler,Grant,IOL,Old Dominion,Memphis,0.85,3
2026,Collin,Remenowsky,TE,Ashland University,Utah State,0.82,3
2026,Devin,Matthews,WR,East Texas A&M,Massachusetts,0.83,3
2026,Francis,Brewu,DL,Pittsburgh,Notre Dame,0.94,4
2026,Jyaire,Brown,CB,UCF,Southern Miss,0.85,3
2026,Conrad,Hussey,S,Miami,Shorter,,4
2026,Davit,Boyajyan,IOL,Washington,Cal Poly,0.84,3
2026,Zach,Johnson,CB,Southeastern Louisiana,North Texas,0.86,3
2026,Amaurey,Brooks,CB,Fordham,New Mexico State,0.84,3
2026,Cavan,Tuley,EDGE,Houston,Missouri,0.83,3
2026,Darius,Snow,LB,Michigan State,Texas,0.85,3
2026,Raiden,Brown,WR,Idaho State,Sacramento State,,3
2026,Mychal,Yharbrough,CB,Miami (OH),,0.86,3
2026,Ezekiel,Durham-Campbell,EDGE,Coastal Carolina,West Virginia,0.86,3
2026,Joel,Rogers,S,LSU,UTSA,0.86,3
2026,Owen,Dupree,WR,West Georgia,Georgia State,0.83,3
2026,Jai'Lun,Hampton,OT,UT Martin,NC State,0.85,3
2026,Paul,Hutson III,EDGE,Marshall,Washington State,0.85,3
2026,Jeremiah,Beck,TE,Arkansas,Southern Miss,0.83,3
2026,Jaxson,Lavender,WR,SMU,Tarleton State,,3
2026,Jamarice,Wilder,RB,Louisville,Southern Miss,0.85,3
2026,TJ,Washington Jr.,RB,Iowa,New Mexico State,0.85,3
2026,Christian,Hamilton,WR,West Virginia,Marshall,0.86,3
2026,Jordan,Mack,DL,Coastal Carolina,Baylor,0.86,3
2026,Jeremiah,Hughes,CB,Michigan State,Hawai'i,0.84,3
2026,Eric,McClain,CB,Ball State,New Mexico,,3
2026,Colton,Thomasson,OT,Baylor,UNLV,,4
2026,Kanen,Hamlett,TE,App State,East Carolina,,3
2026,Sterling,Smith,S,Purdue,,,2
2026,Jaxson,Dunn,P,Arkansas State,App State,,
2026,Teddy,Booras,QB,Louisiana Tech,,,
2026,Landen,Marshall,DL,Georgia Tech,,,3
2026,Chukwunedu,Okeke,DL,Western Kentucky,James Madison,,3
2026,Blake,Howard,LS,Eastern Kentucky,Tennessee,,
2026,Trey,Patrick,CB,Central Missouri,,0.83,3
2026,Preston,Bowman,WR,Kentucky,Ohio,0.85,3
2026,Deuce,Zimmerman,WR,Western New Mexico,,,3
2026,Amare,Ary,WR,West Virginia State,,0.83,3
2026,Josh,Lorick,WR,Incarnate Word,,,
2026,Treylan,James,S,Southern,LSU,0.84,3
2026,Mandjou,Berte,DL,Wingate,Georgia State,0.83,3
2026,Caleb,Ricks,CB,Idaho,San Diego State,0.84,3
2026,Stephen,Dean III,LB,VMI,Maryland,0.8,3
2026,Mason,Barton,OT,Jackson State,Coastal Carolina,0.85,3
2026,Christian,Richter,OT,Marshall,UConn,0.85,3
2026,Ja'Darious,Morris,DL,Middle Tennessee,West Georgia,,
2026,Fredd,Adams,CB,Coastal Carolina,Tarleton State,,2
2026,Parker,Awad,QB,New Mexico State,Chattanooga,,
2026,Desmond,Umeozulu,EDGE,South Carolina,Alabama,0.89,3
2026,Ivan,Carreon,WR,Oklahoma,,0.86,3
2026,Austin,Carlisle,QB,Houston,UL Monroe,0.86,3
2026,Tony,Livingston,TE,Florida,Baylor,0.86,3
2026,Lendric,Barber,DL,Cincinnati,Eastern Kentucky,,3
2026,Ayo,Shotomide-King,WR,Oklahoma State,San Diego State,0.85,3
2026,Lamont,Payne Jr.,S,Penn State,Delaware State,,3
2026,Brody,Richter,P,Minnesota,New Mexico State,0.83,3
2026,Evan,Smith,CB,Northwestern,Duke,0.86,3
2026,DJ,Burks,S,App State,Tennessee,0.85,3
2026,Jaiven,Plummer,WR,California,Georgia Tech,0.86,3
2026,Jack,Cassidy,K,Western Kentucky,West Virginia,0.84,3
2026,Xavier,Esquillen,EDGE,Savannah State,Georgia State,0.83,3
2026,Matthias,Squire,CB,West Virginia,,,
2026,James,Djonkam,EDGE,Virginia Tech,,,2
2026,Alec,Wills,CB,Pennsylvania,,,2
2026,Jameil,Hamm,EDGE,Miami (OH),,,3
2026,Carter,Guillaume,IOL,Louisville,Oregon State,0.85,3
2026,Hardley,Gilmore IV,WR,Kentucky,Baylor,0.86,3
2026,Tucker,Holloway,WR,Virginia Tech,,0.86,3
2026,Trey,Jackson,TE,Texas Tech,SMU,0.86,3
2026,Norey,Johnson,S,Houston Christian,Kent State,0.82,3
2026,Davian,Jackson,WR,Mississippi State,Texas State,0.86,3
2026,De'Marcus,Peters,CB,Texas A&M-Kingsville,New Mexico State,0.82,3
2026,Travis,Davis,S,Central State,,0.8,3
2026,Thomas,Chandler,WR,McMurry University,,,
2026,Ormanie,Arnold,CB,Cincinnati,New Mexico,0.85,3
2026,Andrew,Zock,EDGE,Mercer,Toledo,0.85,3
2026,Jayvon,McFadden,IOL,Ohio State,Colorado,0.86,3
2026,Jabari,Ishmael,EDGE,Southern Miss,Memphis,0.86,3
2026,Paki,Finau,IOL,Washington,BYU,0.87,3
2026,Thatcher,Miller,TE,West Chester,James Madison,0.84,3
2026,Jalen,Ballard,K,Ole Miss,Troy,,
2026,Damill,Bostic Jr.,CB,Villanova,Coastal Carolina,0.85,3
2026,Jordan,Church,IOL,Louisville,Texas Tech,0.91,4
2026,Bobby,Washington Jr.,LB,Miami,Missouri,0.86,3
2026,Tariq,Thomas,RB,Bucknell,Fresno State,0.85,3
2026,Dyson,McCutcheon,S,Washington,Middle Tennessee,0.85,3
2026,Mason,Shipp,WR,Yale,Austin Peay,,
2026,Chevy,Trask Jr.,OT,South Carolina State,Northern Illinois,0.83,3
2026,Nick,Brooks,IOL,Texas,Alabama,0.92,4
2026,Noah,Mangham,CB,Abilene Christian,Georgia Southern,0.85,3
2026,Elo,Modozie,EDGE,Georgia,Purdue,0.9,4
2026,Wendell,Gregory,EDGE,Oklahoma State,Kansas State,0.93,4
2026,Legend,Doggett,CB,LaGrange,West Alabama,0.82,3
2026,Jack,Small,OT,Duke,Delaware,0.85,3
2026,Brandon,Young Jr.,TE,North Texas,UTSA,0.83,3
2026,Juelz,Goff,RB,Pittsburgh,Boise State,0.86,3
2026,Tylin,Jackson,EDGE,Eastern Washington,UAB,0.85,3
2026,Andrew,DePaepe,EDGE,Indiana,Massachusetts,,4
2026,Chance,Tucker,CB,Notre Dame,,,3
2026,Kory,Hall,WR,Colorado State,,,3
2026,Ethan,Malafa,TE,Butler,Toledo,,
2026,Jacoby,Mathews,S,Auburn,,,4
2026,Troy,Stevenson IV,CB,Georgia Tech,,,4
2026,London,Hall,LB,Temple,Bethune-Cookman,,3
2026,CJ,Bell Jr.,CB,Iowa,UConn,0.85,3
2026,Cam,Santee,LB,Holy Cross,UNLV,0.85,3
2026,Edwin,Kolenge,EDGE,Boston College,Vanderbilt,0.85,3
2026,Montavin,Quisenberry,WR,Kentucky,Louisville,0.85,3
2026,RJ,Garcia II,WR,Bowling Green,Florida Atlantic,0.85,3
2026,Lyndon,Ravare,WR,Kennesaw State,New Mexico State,0.85,3
2026,Robert,Wright Jr.,OT,Georgia Southern,Michigan State,0.85,3
2026,Jamond,Mathis,EDGE,Kent State,Texas Tech,0.84,3
2026,Nick,Herman,RB,Drake,James Madison,0.84,3
2026,Dominic,Toy,TE,UConn,Colorado State,0.83,3
2026,Mar'Kel,Porter,RB,Bowling Green,Northwestern,0.85,3
2026,Jamai,East,WR,Oregon State,Eastern Washington,,3
2026,Kyren,Condoll,CB,Duke,Rice,0.84,3
2026,Henry,Searcy,LS,Pittsburgh,Charlotte,0.8,3
2026,Phillip,Bradford,DL,McNeese,Texas State,0.85,3
2026,Marcellius,Pulliam,LB,Michigan State,Coastal Carolina,0.85,3
2026,Broderick,Shull,OT,Auburn,Oregon State,0.86,3
2026,Ikinasio,Tupou,OT,BYU,San José State,0.85,3
2026,Shoes,Brinkley,S,McNeese,Northern Arizona,0.8,3
2026,D.J.,Moore,S,Georgia Tech,South Alabama,0.82,3
2026,Cam,Williams,DL,Clark Atlanta,Coastal Carolina,0.82,3
2026,Dylan,Gary,WR,Georgia Southern,Kennesaw State,0.84,3
2026,Kian,Afrookhteh,K,Coastal Carolina,Utah State,,
2026,Khayree,Lee Jr.,IOL,LSU,South Alabama,,3
2026,Kaven,Call,EDGE,East Tennessee State,Middle Tennessee,,3
2026,Brock,Kuhl,TE,Florida Atlantic,Sam Houston,,3
2026,Mac,Walters,OT,South Carolina,App State,,
2026,Brock,Stukes,IOL,NC State,Sam Houston,,
2026,Logan,Inagawa,QB,Drake,Massachusetts,0.84,3
2026,Adrian,Crespin,IOL,Virginia Union,Middle Tennessee,,
2026,Riley,Palmeter,TE,Marian,Ohio,0.84,3
2026,Jamarie,Hostzclaw,RB,Alabama State,,0.83,3
2026,Tyler,Miller,OT,LSU,Mississippi State,0.87,3
2026,Dominic,Bourgeois,K,Susquehanna,Middle Tennessee,,
2026,Stacy,Gage,RB,UCF,LSU,0.85,3
2026,Nick,Norris,EDGE,Oregon State,,,
2026,Zeke,Berry,CB,Michigan,,0.87,3
2026,Jaylen,Himes,WR,Wingate,Southern Miss,0.85,3
2026,Demarcus,Baker,S,Arkansas State,,,3
2026,Don,Saunders,CB,Utah,Purdue,0.86,3
2026,Koron,Hayward,EDGE,Western Kentucky,TCU,0.85,3
2026,Gavriel,Lightfoot,DL,Colorado,San Diego State,0.85,3
2026,Jack,Wills,LS,Michigan State,Nebraska,0.83,3
2026,Marvin,Stringfellow,DL,"Concordia University, St. Paul",Jacksonville State,0.84,3
2026,Cole,Gonzales,QB,Pittsburgh,Charlotte,,
2026,Will,Hicks,S,Hampton,New Mexico,,
2026,Collin,Rogers,K,SMU,Florida Atlantic,,2
2026,Cam,Sidney,S,California,,0.87,3
2026,Jackson,Arnold,QB,Auburn,UNLV,0.86,3
2026,Jacob,Hand,K,Texas Tech,Texas Tech,,
2026,Jacquese,Abner,CB,Maryville College,,0.8,3
2026,Leonard,Sherrod III,S,Wheeling,,0.84,3
2026,Ajani,Sheppard,QB,Washington State,Temple,0.84,3
2026,Hezekiah,Kinard,DL,Anderson,,0.83,3
2026,Javier,Waldron,CB,Roanoke,,0.83,3
2026,Savion,Hart,RB,Georgetown,Georgia State,0.82,3
2026,Jaire,Rawlinson,CB,Kent State,West Virginia,0.85,3
2026,Diante,Griffin,CB,Ohio State,Ball State,0.8,3
2026,Zach,Bergmann,LB,Missouri Southern State,Buffalo,0.83,3
2026,Hadine,Diaby,IOL,Nevada,Jacksonville State,0.85,3
2026,Melvin,Siani,OT,Wake Forest,Texas,0.93,4
2026,Sammy,Omosigho,LB,Oklahoma,UCLA,0.91,4
2026,James,Chenault Jr.,CB,South Florida,Utah,0.86,3
2026,Ja'Vin,Simpkins,RB,Coastal Carolina,UAB,0.84,3
2026,Raykwon,Goldthwaite,OT,North Alabama,Old Dominion,0.85,3
2026,Ronnie,Mageo,DL,Baylor,Utah State,0.83,3
2026,Jake,Garcia,QB,Michigan,,,4
2026,Eric,Singleton Jr.,WR,Auburn,Florida,0.94,4
2026,Winston,Watkins,WR,Ole Miss,LSU,0.91,4
2026,Justice,Williams,DL,West Florida,Louisiana Tech,,
2026,Mouhamed,Diawara,EDGE,Sioux Falls,North Texas,,
2026,Rohon,Kazadi,S,TCU,,,
2026,Mason,Nickel,DL,Saginaw Valley State,Buffalo,0.82,3
2026,Michael,Jimmar,OT,Northern Illinois,,,3
2026,Peyton,Christian,DL,Lamar,Eastern Michigan,,
2026,Carson,Smith,K,Austin Peay,Arizona State,,
2026,Dakarai,Anderson,WR,Cincinnati,Central Arkansas,,3
2026,Jacob,Emmers,WR,Tulsa,,,3
2026,Luke,Carney,QB,Syracuse,Houston,0.84,3
2026,Mandrell,Desir,EDGE,Florida State,,0.96,4
2026,William,Dixon III,OT,VMI,Missouri State,0.85,3
2026,Ricky,Lee III,CB,Sacramento State,Middle Tennessee,0.85,3
2026,Lipe,Moala,IOL,Oregon,Hawai'i,0.84,3
2026,Zion,Wilson,DL,East Carolina,Virginia,0.88,3
2026,Alex,Payne,OT,USC,Virginia,0.87,3
2026,Isaiah,Fuhrmann,WR,Elon,Georgia Tech,0.84,3
2026,Walter,Taylor,TE,Ball State,Vanderbilt,0.85,3
2026,Jordan,Vyborny,TE,Oklahoma State,Iowa State,0.85,3
2026,Corey,Thompson Jr.,WR,Utah State,Ball State,0.84,3
2026,Aidan,Mizell,WR,Florida,UCLA,0.9,4
2026,Mekhi,Mason,LB,Louisiana Tech,Kansas State,0.86,3
2026,Jaylen,Webb,S,Boise State,Nevada,0.86,3
2026,Dylan,Flowers,CB,Western Kentucky,Duke,0.87,3
2026,Deterrius,Clayton,EDGE,Eastern Michigan,,,2
2026,Ernest,Campbell,WR,Sacramento State,Colorado,0.87,3
2026,Matt,Herron,DL,Weber State,Wake Forest,0.84,3
2026,Brodrick,Stewart,DL,Tarleton State,Louisiana,0.84,3
2026,Mantrez,Walker,LB,Colorado,UAB,0.84,3
2026,Josiah,Graham,EDGE,Monmouth,Texas State,,
2026,Miles,Campbell,TE,Florida A&M,UTSA,,4
2026,Justin,Bodford,DL,Missouri,Middle Tennessee,0.82,3
2026,Ashton,Coker,DL,UTEP,,,3
2026,Daejawn,Smith,WR,Louisiana Tech,Southern,,3
2026,Eddie,Kelly Jr.,DL,West Virginia,Mississippi State,,3
2026,Nick,Dimitris,DL,Florida A&M,Sacramento State,0.84,3
2026,Kamari,Burns,DL,Cincinnati,Kansas State,0.86,3
2026,Noah,Ehrlich,QB,Miami (OH),,,3
2026,Jireh,Moe,DL,San José State,Utah,0.86,3
2026,Christian,Thatcher,LB,Utah,Memphis,0.85,3
2026,Aiden,Martinez,IOL,Charlotte,,,
2026,Siale,Uluave,IOL,Arizona,,,3
2026,Bryson,Lamb,DL,Washington State,Iowa State,0.85,3
2026,Cristian,Driver,WR,Minnesota,,,4
2026,Mark,Robinson,OT,UTEP,Kentucky,0.85,3
2026,Drayden,Dickmann,WR,Rice,Wake Forest,0.85,3
2026,CJ,Montes,QB,Kent State,,0.84,3
2026,Garrison,Madden,LB,USC,Western Kentucky,0.84,3
2026,Khalil,Yarborough,WR,Averett University,,,
2026,Bodie,Boydstun,TE,Southwestern Oklahoma State,Oklahoma State,0.85,3
2026,Jordan,Washington,TE,Texas,North Carolina,0.88,3
2026,Noah,Toster,WR,South Alabama,,,
2026,Eli,Sisson,TE,Liberty,,,3
2026,DJ,Barber,LB,Auburn,Alabama A&M,,3
2026,Devonte,Golden-Nelson,CB,West Virginia,,,3
2026,Oran,Singleton Jr.,WR,West Virginia,Tulsa,,3
2026,Jadyn,Davis,QB,Michigan,East Tennessee State,0.86,3
2026,Lavon,Williams,S,East Texas A&M,Illinois,0.86,3
2026,Ibrahim,Sanogo,EDGE,Albany,,0.82,3
2026,Landry,Cannon,IOL,Tulane,Arkansas State,0.83,3
2026,Dominick,Kelly,CB,Georgia,Ohio State,0.9,4
2026,Paris,Patterson,IOL,SMU,Texas,0.86,3
2026,Luke,Duska,IOL,Elon,Kennesaw State,0.85,3
2026,Kyron,Chambers,CB,SMU,UNLV,0.86,3
2026,Jayvon,Parker,DL,Washington,Maryland,0.84,3
2026,Kendall,Bournes,S,Massachusetts,,0.82,3
2026,Antwan,Roberts,RB,Marshall,Arizona,0.87,3
2026,Oscar,Weigel,OT,San Diego,Fresno State,0.85,3
2026,Damian,Henderson II,RB,Sacramento State,Colorado,0.86,3
2026,Weston,Davis,OT,LSU,,,4
2026,Nathan,Totten,P,Marshall,Virginia Tech,,
2026,Drew,Clausen,LS,Iowa State,Indiana,,
2026,Malcolm,Reed,S,North Carolina Central,,,
2026,Nolan,Akins,LS,SMU,Oklahoma State,,
2026,Trent,Henry,CB,Troy,,,3
2026,Ramere,Davis,LB,Northern Arizona,Arizona State,0.85,3
2026,Ryan,Schwendeman,TE,Southern Illinois,Wisconsin,0.85,3
2026,Yamil,Talib,EDGE,Charlotte,Colorado,0.85,3
2026,Ari,Patu,QB,North Alabama,Duke,0.85,3
2026,Dalton,Riggs,LS,UCF,Ohio State,,
2026,AJ,Roberts,LB,Stony Brook,,,3
2026,Devin,Henderson,S,Liberty,App State,0.85,3
2026,Peyton,Jones,RB,Duke,Liberty,,3
2026,Alexander,McPherson,EDGE,Colorado,Penn State,0.86,3
2026,Jamonta,Waller,EDGE,Auburn,Arkansas,0.86,3
2026,Josiah,Jeffery,LB,Anderson,,,3
2026,Cam,Smith,S,Iowa State,Youngstown State,0.85,3
2026,Nigel,Pringle,CB,Arkansas,Arizona State,0.85,3
2026,DJ,Young,WR,Siena Heights,Ball State,0.84,3
2026,Dusty,Zimmer,P,Washington,Southern Miss,,
2026,Elijah,Pratt,S,SMU,UAB,0.86,3
2026,Makenzie,McGill II,RB,North Texas,Abilene Christian,0.85,3
2026,Mark,Iheanachor,LB,SMU,UNLV,0.85,3
2026,Mason,Moore,S,Lehigh,Coastal Carolina,0.85,3
2026,Brenton,Williams,EDGE,Liberty,,,3
2026,Sean,Ward,TE,Dartmouth,Ball State,0.83,3
2026,Matt,Ivaldi,QB,Fordham,Florida International,,
2026,Andrew,Steger,OT,Eastern Michigan,,,3
2026,Davon,Banks,CB,Boise State,,,3
2026,Hunter,Watson,QB,Sam Houston,,,2
2026,Johnny,Williams IV,OT,Missouri,North Texas,,3
2026,Jermane,Hayes,WR,Southern Miss,Memphis,,3
2026,Chris,Stokes,DL,Southern Miss,Memphis,,3
2026,Elijah,Kinsler,DL,Southern Miss,Memphis,,3
2026,Amir,Leonard-Jean Charles,DL,Southern Miss,Memphis,,3
2026,Riley,McGehee,OT,Arkansas State,Memphis,,3
2026,Thai,Chiaokhiao-Bowman,WR,UConn,,,3
2026,Jabrae,Shaw,S,Arkansas,,,
2026,Nijrell,Eason II,CB,UNLV,,,3
2026,Michael,Phoenix II,WR,Sam Houston,,,3
2026,Finn,Walters,EDGE,Indiana,,,
2026,Fred,Robertson,RB,Louisiana Tech,,,3
2026,Keyan,Burnett,TE,Arizona,UNLV,0.86,3
2026,J'mari,Monette,DL,Indiana,Memphis,0.83,3
2026,Tychaun,Chapman,WR,Southern Miss,Memphis,0.86,3
2026,Mel,Brown,RB,UConn,Colorado State,0.85,3
2026,Roman,Pearson,CB,Ball State,Kansas,0.85,3
2026,Shaker,Reisig,QB,Boston College,Texas State,0.85,3
2026,Brett,Eskildsen,WR,Iowa State,Penn State,0.89,3
2026,E.J.,Harris,IOL,Middle Tennessee,,,3
2026,Devin,Green,RB,Utah,,,3
2026,Isaiah,Perry,WR,Johnson C. Smith,,,
2026,Kaleb,Neal,S,App State,Eastern Kentucky,,3
2026,Geajorm,Akpaloo,LB,Coastal Carolina,Western Kentucky,,
2026,Que,McBroom,IOL,UL Monroe,,,3
2026,Elias,Sherman,DL,Maine,Arkansas State,,
2026,Wyatt,Rubinoff,LS,New Hampshire,Virginia,,
2026,Ja'Kobe,Clinton,LB,West Florida,,0.85,3
2026,Nate,Burleson II,WR,Nevada,New Haven,,
2026,Da'Marcus,Crosby,S,Virginia,,,
2026,Elijah,Hill,EDGE,Kennesaw State,Kansas State,0.86,3
2026,Xavier,Porter,DL,Louisville,East Tennessee State,0.84,3
2026,Jaylen,Lloyd,WR,Oklahoma State,Florida,0.85,3
2026,Alessandro,Perez,DL,Texas A&M,,,
2026,Bo,Gaines,P,Georgia State,,,
2026,Tre,People,QB,LSU,,,3
2026,BJ,Mayes,LB,Purdue,,,
2026,Jaden,Hamlin,DL,UL Monroe,,,3
2026,Amari,Jefferson,WR,Tennessee,,,4
2026,Noah,Grevious,WR,VMI,James Madison,0.86,3
2026,Kenyon,Massey,WR,Massachusetts,,,3
2026,Emazon,Littlejohn,WR,South Carolina,Western Michigan,,
2026,Tre,Mittman,S,North Carolina A&T,Georgia State,,
2026,Deshon,Dodson,DL,Albany,Temple,0.82,3
2026,Taijh,Overton,S,Arkansas,UL Monroe,0.86,3
2026,Caden,Yates,LS,North Texas,Oklahoma State,,
2026,Brayden,Munroe,WR,Northern Colorado,Kennesaw State,0.86,3
2026,Isaiah,Street,EDGE,Western Michigan,Ohio,0.82,3
2026,Ozarrio,Smith,RB,UL Monroe,,,2
2026,Roq,Montgomery,IOL,Alabama,Western Kentucky,0.86,3
2026,Hannes,Hammer,OT,Virginia Tech,UConn,0.84,3
2026,Xavier,Daisy,WR,UAB,Kentucky,0.85,3
2026,Cash,Hudson,IOL,Missouri State,South Florida,0.85,3
2026,Jaylyn,Ferguson,WR,UAB,,,
2026,Alex,Broome,RB,Boston College,,,3
2026,Trequan,Jones,RB,Old Dominion,Tulsa,0.86,3
2026,Jamari,Freeman,IOL,Mercer,Mississippi State,0.85,3
2026,Jordan,Brown,WR,Nevada,,,
2026,Paul,Omodia,CB,Lamar,Colorado,0.85,3
2026,Taron,Dickens,QB,Western Carolina,Northern Illinois,0.85,3
2026,Kyndall,McKenzie,IOL,Memphis,,,3
2026,Blake,Shirley,LS,Wofford,East Carolina,,
2026,Shane,Carr,WR,Southern Utah,Kentucky,0.86,3
2026,Tyrone,McDuffie,IOL,UTEP,Northwestern State,,3
2026,Obadiah,Obasuyi,OT,Georgia State,Austin Peay,,3
2026,Jonathan,Epperson Jr.,LB,Washington,Portland State,,3
2026,Deylin,Hasert,IOL,Iowa State,Georgia State,,3
2026,Dinellson,Exume,DL,South Florida,,,3
2026,Brent,Washington,LB,Georgia State,,,3
2026,Ismael,Zamor,WR,Boston College,,,3
2026,Dakerric,Hobbs,CB,New Mexico State,,,3
2026,Theo,Bachelder,OT,Old Dominion,,,
2026,Cooper,Terpstra,IOL,Michigan State,UCF,,2
2026,Troy,Petz,P,Washington State,,,
2026,Teko,Shoats,OT,Bethune-Cookman,Oregon State,0.85,3
2026,Stevie,Amar Jr.,TE,Boston College,UCLA,0.84,3
2026,Adam,Zouagui,K,South Florida,Kentucky,0.83,3
2026,Caden,Maas,IOL,Sioux Falls,Iowa State,0.86,3
2026,Jayden,Parrish,LB,Florida State,Memphis,0.84,3
2026,Ty,Jones,S,Norfolk State,Louisiana Tech,0.85,3
2026,Lanar,Kelley Jr.,S,New Mexico State,,,
2026,JT,Hooten,LB,West Alabama,James Madison,0.84,3
2026,Jakhari,Williams,QB,Syracuse,Southwest Mississippi C.C.,0.85,3
2026,Rodney,Bullard Jr.,WR,Michigan State,,,
2026,Jeremiah,Piper,CB,Youngstown State,Oklahoma State,0.84,3
2026,Mike,Hastie,LB,West Virginia,Morgan State,0.84,3
2026,Eric,Brantley Jr.,EDGE,Florida Atlantic,,,3
2026,Landen,Chambers,RB,Central Arkansas,UCF,,3
2026,Kahmel,Johnson,S,Wayne State College,UCF,0.85,3
2026,Marquis,Gillis,RB,Delaware State,Arizona State,0.85,3
2026,Deante,Lindsay,CB,Texas Tech,Abilene Christian,,3
2026,Bo,Mascoe,CB,Rutgers,Texas,0.91,4
2026,Josiah,Chenault,IOL,Kennesaw State,Sam Houston,0.84,3
2026,Alex,Nash-Lally,S,Delaware,Maine,,3
2026,Rodney,Hill,RB,Arkansas,Savannah State,0.84,3
2026,Donovan,Dyson,EDGE,Massachusetts,,,3
2026,Jibriel,Conde,DL,Grand Valley State,Kansas,0.86,3
2026,Jaylen,King,QB,Florida State,Mercer,0.83,3
2026,Ismael,Smith Flores,TE,Texas-Rio Grande Valley,East Carolina,,3
2026,Jonathan,Zarut,LS,Memphis,Oregon State,0.8,3
2026,Mikah,Coleman,EDGE,Cincinnati,Miami (OH),0.86,3
2026,DJ,Lagway,QB,Florida,Baylor,0.93,4
2026,Donovan,McIntosh,CB,Kansas State,,0.86,3
2026,Henry,Tabansi,OT,Buffalo,UCF,0.86,3
2026,Jamal,Wallace,DL,Tennessee,Utah,0.86,3
2026,Ibn,McDaniels,CB,Syracuse,Penn State,0.86,3
2026,Samu,Taumanupepe,DL,Baylor,Colorado,0.86,3
2026,Drew,Doyle,LS,Virginia Tech,Western Michigan,,
2026,Tyeland,Coleman,DL,Florida State,Arkansas State,0.85,3
2026,Malik,Bryant,EDGE,Miami,Missouri,0.85,3
2026,Jason,Hardy,CB,Grand Valley State,Middle Tennessee,,2
2026,Jayden,Lewis,CB,Tulane,Alabama A&M,0.85,3
2026,Omar,Thornton,S,Boston College,Miami,0.92,4
2026,Da'Shawn,Martin,WR,Kent State,Virginia,0.87,3
2026,Darren,James-Hamilton,S,Elon,Ohio,0.83,3
2026,Joseph,Simmons,OT,James Madison,Auburn,0.88,3
2026,Joseph,Dodds,RB,Baylor,Stephen F. Austin,0.85,3
2026,Jaydon,Hood,LB,Michigan,Georgia State,0.84,3
2026,Nate,Gregory,LB,Coastal Carolina,Kent State,0.84,3
2026,Da'Kaari,Nelson,LB,Penn State,NC State,0.86,3
2026,Blanche,Gold,EDGE,Morgan State,UAB,0.84,3
2026,Tanner,Beaman,TE,Portland State,,0.85,3
2026,Chris,Graves Jr.,CB,Ole Miss,Missouri,0.88,3
2026,Jared,Badie,EDGE,San Diego State,Ball State,0.85,3
2026,Raheim,Jeter,QB,East Carolina,Alcorn State,,3
2026,Tucker,Smack,K,Salisbury University,Delaware,0.8,3
2026,Jason,Mitchell,S,Western Michigan,,,3
2026,Jalen,Rambert,LB,Wofford,Holy Cross,0.8,3
2026,Jake,Weinberg,K,Florida State,Miami,0.83,3
2026,Darrell,Prater,DL,Jacksonville State,Illinois,0.86,3
2026,CJ,Hester,RB,Michigan,Stony Brook,,3
2026,Alex,Scherle,TE,Rice,Ball State,0.83,3
2026,Simeon,John,DL,UVA Wise,Marshall,0.83,3
2026,Jasin,Shiggs,S,Towson,Nebraska,0.86,3
2026,Xavier,Walton,S,Angelo State,UTSA,0.83,3
2026,Caden,Vanderbush,TE,Eastern Michigan,,,2
2026,Amarion,York,S,Oregon State,,,3
2026,Nehemiah,Dukes,DL,Ohio,,0.85,3
2026,Ashten,Emory,RB,UTEP,California,0.85,3
2026,Patrick,Barnett,IOL,UCF,Fresno State,0.82,3
2026,Ian,VerSteeg,WR,Wake Forest,Ohio,0.8,3
2026,Ronnel,Johnson,WR,Missouri State,Jacksonville State,0.85,3
2026,Jordan,Dees,WR,West Georgia,Washington State,0.84,3
2026,Leonard,Farrow,RB,Fairmont State,Florida Atlantic,0.83,3
2026,Jeremiah,Carroll,WR,Carson Newman,Western Kentucky,0.83,3
2026,Jibreel,Al-Amin,LB,Marshall,Kansas,0.86,3
2026,Izzy,Clark-White,CB,Monmouth,New Mexico State,,
2026,Jalile,Elliott,EDGE,Barton,Missouri State,0.84,3
2026,Fatu,Mukuba,WR,Sam Houston,,,3
2026,Owen,Gibbs,LB,Toledo,,,
2026,Raleek,Brown,RB,Arizona State,Texas,0.92,4
2026,Jabari,Smith Jr.,WR,Florida Atlantic,Ball State,0.85,3
2026,Dominic,Macon,DL,Washington,Oklahoma State,0.85,3
2026,Will,Hryszko,K,Kent State,Ohio,,
2026,Zion,Agnew,WR,Lenoir Rhyne,Old Dominion,0.84,3
2026,Kajuan,Banks,CB,South Florida,Tulane,0.85,3
2026,Stone,Combs,LB,Nevada,,,2
2026,Oluwafunto,Akinshilo,IOL,UCLA,Syracuse,0.87,3
2026,Ty,White,CB,North Carolina,NC State,0.85,3
2026,Hunter,Patterson,RB,West Liberty,Old Dominion,0.86,3
2026,TJ,Bullard,LB,UCF,Florida,0.84,3
2026,Joshisa,Trader,WR,Miami,NC State,0.88,3
2026,Michael,Van Buren Jr.,QB,LSU,South Florida,0.86,3
2026,Marcus,Williams,S,Rice,Mississippi State,0.85,3
2026,Ashton,McShane,CB,Boston College,Liberty,0.85,3
2026,Maddox,Marcellus,LB,Virginia,,,
2026,Sidney,Dupuy,DL,San Diego State,,,3
2026,Brice,Turner,WR,Nebraska,,,3
2026,Maxwell,Van Fleet,DL,Cornell,,,
2026,Ashton,Ngo,LS,Arkansas,,,
2026,Ja'Keith,Hamilton,WR,Furman,East Carolina,,
2026,Jason,Collins Jr.,RB,Morgan State,South Florida,0.84,3
2026,J.C.,Sivley,TE,UAB,,,3
2026,Maxwell,Freeman,IOL,Pennsylvania,,0.8,3
2026,Joe,Mason,EDGE,Nicholls,,0.83,3
2026,Clifton,Thompson,DL,Central Connecticut,Kansas,,
2026,Tracy,Revels,S,Michigan State,UConn,0.83,3
2026,Mikaio,Edward,DL,Central Washington,Boise State,0.85,3
2026,Eli,Ozick,K,North Dakota State,Iowa,,
2026,Stephen,Saywahn,S,UL Monroe,,,2
2026,Barry,Dillon,CB,Incarnate Word,Ohio,,
2026,Gabriel,Ikechukwu,DL,Wyoming,,,3
2026,Tae'Shaun,Johnson,WR,Hampton,,,3
2026,Dashawn,Fillmore,WR,Texas A&M,,,
2026,Tiumalu,Afalava,DL,San Diego State,,,3
2026,Izziek,Chandler,CB,Central Missouri,East Tennessee State,,
2026,Xakery,Wiedner,WR,Coastal Carolina,West Florida,,3
2026,Da'Marion,Brownlee,S,Missouri Southern State,Wyoming,0.84,3
2026,Tyrese,Stanley,S,Morehouse,Northern Illinois,0.85,3
2026,Dominic,Kirks,EDGE,Ohio State,Northwestern,0.86,3
2026,Houston,Ka'aha'aina-Torres,IOL,Nebraska,Michigan,0.86,3
2026,Amarie,Fleming,EDGE,Allen University,Texas Tech,0.86,3
2026,Braylen,Walker,WR,Rice,,,2
2026,Cannon,Mackey,IOL,Grand Valley State,,,
2026,Keyon,Concepcion,WR,Concord,,0.85,3
2026,Braeden,Flowers,EDGE,SMU,,,3
2026,Nahji,Logan,LB,Nevada,,,2
2026,Macho,Stevenson,CB,Texas Tech,Tulane,,3
2026,Trey,Lisle,EDGE,Southeast Missouri State,Michigan State,0.87,3
2026,Braden,Atkinson,QB,Mercer,Oregon State,0.86,3
2026,Kenyatta,Hardge,DL,Kentucky,Marshall,,
2026,Ibrahim,Barry,WR,Bowie State,,,
2026,Dallas,Johnson,CB,Livingstone,,0.84,3
2026,Corey,Sandolph,WR,Angelo State,,0.8,3
2026,Xavier,Irvin,WR,Temple,,0.8,3
2026,Noah,McKinney,IOL,Oklahoma State,TCU,0.89,3
2026,Gianni,Edwards,CB,Arizona,Montana State,,3
2026,Mack,Indestad,OT,Eastern Michigan,UCLA,0.85,3
2026,Jackson,Banks,DL,Western Carolina,Southern Miss,0.82,3
2026,Andy,Jean,WR,Arkansas,,,3
2026,Dylan,Mann,DL,Troy,Delaware,0.8,3
2026,John,Baker IV,EDGE,Toledo,Bowling Green,0.85,3
2026,Nnanna,Anyanwu,EDGE,UTSA,Virginia,0.87,3
2026,Breckan,Kirby,TE,North Greenville,Liberty,0.83,3
2026,Kyler,Kasper,WR,Oregon,BYU,0.86,3
2026,Owen,Wafle,DL,Penn State,Duke,0.85,3
2026,Jason,Patterson,EDGE,Texas Southern,Texas State,0.85,3
2026,Titan,Saxton,S,Utah State,Idaho State,,
2026,Witt,Edwards,TE,Vanderbilt,Missouri State,0.85,3
2026,Payne,Miller,DL,Western Illinois,Eastern Kentucky,0.83,3
2026,Krystian,Williams,CB,Virginia Tech,Richmond,,3
2026,Braden,Sullivan,LB,Eastern Kentucky,UAB,0.83,3
2026,Autavius,Ison,RB,Mercer,Toledo,0.84,3
2026,Umar,Rockhead,OT,Charlotte,,,3
2026,Alex,VanSumeren,DL,Michigan State,USC,0.89,3
2026,Chad,Gasper Jr.,RB,Florida,Blinn College,0.85,3
2026,Nate,Kibble,IOL,Texas,Baylor,0.87,3
2026,Ricky,Johnson,WR,Mississippi State,Utah,0.85,3
2026,CJ,Nelson,WR,Eastern Illinois,Ball State,,3
2026,Matt,Ragan,TE,Boston College,UConn,0.85,3
2026,Isaiah,Blair,WR,New Mexico,,,
2026,Kone,Aumua-Uiagalelei,DL,Utah State,,,2
2026,James,Jointer Jr.,RB,Eastern Michigan,Central Arkansas,,3
2026,Zavian,Dilworth,CB,Eastern Michigan,,,2
2026,Jacob,Hohenshelt,IOL,James Madison,,,
2026,Miles,Thompson,CB,Northern Illinois,,,3
2026,Wondame,Davis Jr.,WR,UTEP,Wake Forest,0.87,3
2026,Aeron,Burrell,K,LSU,North Carolina,,3
2026,Adrian,Griffin,DL,South Alabama,,,3
2026,Nikhil,Webb Walker,EDGE,Colorado,,,
2026,Meikhi,Cuttino,LB,Delaware,,,3
2026,Quincy,Wright,DL,Arkansas State,Utah State,0.82,3
2026,Dilan,Williamson,CB,Concordia St. Paul,Memphis,0.85,3
2026,L'Cier,Luter,DL,Florida International,,,3
2026,Jake,Newell,TE,Akron,Toledo,0.85,3
2026,Dylan,Cunanan,K,Toledo,Texas State,,
2026,Jordan,Rogers,S,Pittsburg State,Texas Tech,,
2026,Nehemiah,Burleson,EDGE,Nevada,,,
2026,Jeremiah,Dillon,WR,Vanderbilt,,,4
2026,Ira,Singleton,EDGE,South Florida,SMU,0.86,3
2026,Cam,Fancher,QB,UCF,Michigan State,0.85,3
2026,Zyion,Freer-Brown,LB,Dartmouth,,,
2026,Larry,Benton III,TE,Vanderbilt,,,
2026,Jakorion,Caffey,RB,Cincinnati,Kent State,0.83,3
2026,Jalen,McNair,S,Buffalo,Virginia,0.85,3
2026,Marcus,Goree Jr.,CB,Tennessee,Troy,0.85,3
2026,Garrison,Blank,OT,UCLA,Sacramento State,0.86,3
2026,Charlie,Collins,EDGE,Arkansas,,0.88,3
2026,Jackson,Owens,WR,New Mexico State,,,2
2026,Mack,Mulhern,LS,Florida,LSU,,
2026,Jayden,Loftin,EDGE,Tennessee,Wisconsin,0.86,3
2026,Jamal,Meriweather,OT,Georgia,Miami,0.86,3
2026,Jeffery,Rush,EDGE,Ole Miss,Southern Miss,0.84,3
2026,Kaidon,Whidby,LB,Liberty,,,3
2026,Sean,Webb,CB,New Hampshire,,,
2026,Ben,Osueke,CB,Temple,Kansas State,,3
2026,Ethan,Fields,IOL,Ole Miss,Alabama,0.87,3
2026,Sandro,Malicevic,OT,Eastern Illinois,Ohio,0.84,3
2026,Tyshawn,Wyatt,OT,Virginia,,,3
2026,Jason,Robinson Jr.,WR,North Carolina,Portland State,0.83,3
2026,Sahir,West,EDGE,James Madison,UCLA,0.88,3
2026,IIiyas,Fuavai,EDGE,Southern Miss,,,3
2026,Buddha,Garrett,S,Tulsa,,,3
2026,Devin,Miles,RB,Western Michigan,,,
2026,Logan,George,EDGE,Ohio State,Washington,0.86,3
2026,Ty,Morris,LB,Rice,Rutgers,0.85,3
2026,Ryan,Russo,LB,Monmouth,,,
2026,Shaborne,Demps,WR,Florida International,,,3
2026,Josh,Williams,CB,Dayton,App State,0.8,3
2026,Tywon,Wray Jr.,S,South Alabama,Northwestern State,,3
2026,Antonio,Martin Jr.,RB,Kansas State,Middle Tennessee,0.85,3
2026,Marcus,Calwise Jr.,WR,Eastern Kentucky,Louisiana Tech,0.85,3
2026,Carlos,Orr-Gillespie,WR,Utah State,Tennessee State,0.84,3
2026,Gavin,Forsha,LB,Tennessee State,Ball State,0.82,3
2026,Chase,Ortiz,LS,Stetson,Marshall,0.83,3
2026,Emmanuel,Karnley,CB,Virginia,Washington,0.88,3
2026,Cam,Chapa,S,Northern Colorado,Arizona,0.87,3
2026,Allan,McCarter,DL,UTEP,,,3
2026,Tuaoa,Tauili'ili,DL,Portland State,San Diego State,,3
2026,Tyrell,Green,IOL,Purdue,,0.86,3
2026,Olaus,Alinen,OT,Alabama,Kentucky,0.86,3
2026,Dorian,Mallary Jr.,CB,South Florida,,,3
2026,Myles,Kitt-Denton,WR,San Diego State,,,
2026,BJ,Tolo,IOL,New Mexico State,,,3
2026,Josh,Stone,CB,Arkansas State,,,3
2026,Demetrius,Hunter,IOL,Houston,Colorado,0.86,3
2026,Chris,Jones,LB,Southern Miss,Florida State,0.86,3
2026,Walter,Mathis Jr.,DL,LSU,Auburn,0.91,4
2026,Kamar,Mothudi,LB,Oregon,California,0.86,3
2026,Harrysson,Ngassa,EDGE,Illinois,South Florida,,2
2026,Kendric,Council,LB,Saint Francis (PA),Massachusetts,0.85,3
2026,Brandon,White,WR,Hawai'i,Kansas State,0.86,3
2026,Victory,Vaka,DL,Western Kentucky,Middle Tennessee,,
2026,Ethan,Sanchez,K,Houston,South Carolina,,
2026,BJ,Hendrickson III,CB,West Virginia,,,
2026,Dylan,Parrott,DL,Nebraska,,,
2026,Richard,Toney Jr.,S,Purdue,,,2
2026,Tyrane,Stewart,CB,North Texas,,,3
2026,Matai,Tagoa'i,LB,USC,Arizona,0.86,3
2026,Kaden,Anderson,QB,Wyoming,Tarleton State,0.85,3
2026,Koa,Akui,S,Sacramento State,Rice,0.85,3
2026,Zach,Hernandez,RB,SMU,,,
2026,Dylan,Black,LS,Oregon State,,,
2026,Carson,Camp,QB,Southeastern Louisiana,Duquesne,,2
2026,Bekkem,Kritza,QB,Penn State,Alabama A&M,0.85,3
2026,Jackson,Kollock,QB,Minnesota,UC Davis,0.85,3
2026,Dylan,Brooks,EDGE,Kansas,Missouri State,0.86,3
2026,John,Adams,WR,Temple,,,
2026,Chapman,Lewis,S,Texas Tech,Utah State,0.83,3
2026,Brandon,Solis,OT,Missouri,Kansas,0.85,3
2026,Lamar,Sperling,RB,Buffalo,UTEP,0.83,3
2026,Cedric,Hawkins,RB,Arkansas State,,,2
2026,Truette,Tumey,P,Texas A&M,,,
2026,Tyler,Jacklich,RB,West Virginia,San José State,0.82,3
2026,Jake,Clifton,LB,Kansas State,BYU,0.85,3
2026,Max,Allen,LS,Mercer,Toledo,,
2026,Shawn,Lee Jr.,CB,Pittsburgh,,0.9,4
2026,Stanton,Ramil,OT,Michigan State,Auburn,0.88,3
2026,Alijah,Carnell,DL,Iowa State,Penn State,0.86,3
2026,Matt,Henderson,TE,Penn State,Virginia Tech,0.86,3
2026,Jayon,Harvey,CB,Findlay,James Madison,0.86,3
2026,Rickey,Hunt Jr.,RB,Middle Tennessee,,,3
2026,JP,Mialovski,QB,San Diego State,,,3
2026,Kai,Russell,EDGE,Wingate,Kennesaw State,0.84,3
2026,Darrell,Sweeting,CB,Marshall,UAB,,3
2026,DeVon,Rice,RB,Kansas State,Hawai'i,0.83,3
2026,Luke,Petit,IOL,Furman,Troy,0.83,3
2026,Evan,Bullock,QB,Louisiana Tech,Lamar,,3
2026,Kingston,Lopa,S,Oregon,California,0.9,4
2026,Donavan,Howard,S,Virginia State,UTEP,0.85,3
2026,Samari,Collier,QB,Coastal Carolina,Delaware State,,3
2026,Dylan,Rowsey,S,Murray State,,0.86,3
2026,Daemon,Fagan,S,NC State,,,4
2026,Manasseh,Ripert,OT,Western Carolina,Florida International,,
2026,Sam,Jackson V,WR,Oklahoma State,,,3
2026,Carmelo,Mays,WR,Georgia Southern,,,3
2026,Mekhai,Smith,S,Lehigh,Minnesota,0.86,3
2026,Izaiah,Williams,WR,Texas A&M,Kansas State,0.86,3
2026,Marquez,Taylor,RB,UTEP,,,3
2026,Zaiden,Wallace,DL,Nevada,,,3
2026,Mason,Chorak,IOL,UAB,,,
2026,Jeremiah,Patterson,WR,Arizona,,,2
2026,Jordan,Thomas,DL,Temple,,,
2026,Major,Dillard,DL,Norfolk State,South Florida,,
2026,Colin,Douglas,S,Saint Francis (PA),,0.8,3
2026,Rickey,Gibson III,CB,Tennessee,Texas A&M,0.93,4
2026,Abu,Sama III,RB,Iowa State,Wisconsin,0.88,3
2026,Josh,Johnson,DL,Nicholls,Southern Miss,0.8,3
2026,Zion,Frink,CB,Old Dominion,,0.86,3
2026,Rickey,Stewart Jr.,RB,Texas,Stephen F. Austin,0.85,3
2026,Ken,Meir,IOL,Temple,New Mexico,0.8,3
2026,Chase,Jenkins,QB,Rice,Kansas,0.85,3
2026,Xavier,McIver,DL,East Carolina,Southern Miss,0.85,3
2026,Devin,Alves,WR,Virginia Tech,Hawai'i,0.83,3
2026,Warren,Roberson,S,Texas,,,4
2026,Malakhi,Boone,LB,UCF,Bethune-Cookman,0.84,3
2026,Daniel,Jennings,EDGE,Penn State,Virginia Tech,0.87,3
2026,TJ,Banks,S,Ole Miss,Louisville,0.86,3
2026,Devin,Morgan,DL,Buffalo,Kennesaw State,0.83,3
2026,Syris,Corley,OT,California,,,3
2026,Luke,Dehnicke,TE,Minnesota Duluth,Northwestern,0.88,3
2026,Connor,Cox,TE,North Carolina,Virginia,0.87,3
2026,Kevin,Kalonji,OT,Sam Houston,,,3
2026,Mitch,Lake,P,App State,,,2
2026,Mike,Jones,DL,Kennesaw State,,,
2026,Kiefer,Sibley,RB,North Texas,,,3
2026,Kuron,Parchmon,WR,Pittsburg State,,,2
2026,Ashton,Levells,CB,Florida International,East Carolina,,2
2026,JJ,Jean-Louis,LB,North Texas,,,3
2026,Jeff,Exinor Jr.,WR,Penn State,Virginia Tech,0.87,3
2026,Cade,Myer,IOL,Colorado School of Mines,Iowa State,0.84,3
2026,Trell,Harris,WR,Virginia,Oklahoma,0.93,4
2026,Tyler,Prasuhn,K,Arizona,San Diego State,,2
2026,Tikey,Hayes,RB,Penn State,Nebraska,,3
2026,Gavin,Freeman,WR,Oklahoma State,Baylor,0.86,3
2026,TyQuez,Richardson,OT,Alabama A&M,Georgia,0.87,3
2026,Scrap,Richardson,WR,Notre Dame,Auburn,0.87,3
2026,Kei'Trone,Simpson,EDGE,Lamar,James Madison,0.83,3
2026,Zeiqui,Lawton,DL,Sam Houston,,,3
2026,Dorian,Thomas,TE,New Mexico,California,0.9,4
2026,Ryder,Treadway,WR,Toledo,UConn,0.85,3
2026,Keion,Dunlap,S,Troy,,,3
2026,Jayden,Price,S,Toledo,UConn,0.85,3
2026,Jeremiah,Bailey,EDGE,Eastern Kentucky,UTSA,0.84,3
2026,Jenoa,Alford,WR,Massachusetts,,,
2026,Chase,Bogle,LB,Arkansas State,,,3
2026,Anthony,Jones,EDGE,UCLA,Nebraska,0.88,3
2026,Anthony,Boswell,IOL,Toledo,Houston,0.88,3
2026,Phoenix,Jackson,LB,Baylor,Arkansas,0.87,3
2026,Jaceon,Doss,WR,Towson,Nevada,,3
2026,KD,Dorsey,ATH,Georgia Southern,,,2
2026,Michael,Smith,TE,South Carolina,Syracuse,0.87,3
2026,London,Merritt,EDGE,Colorado,Clemson,0.87,3
2026,Jabree,Coleman,RB,Penn State,South Carolina,0.86,3
2026,Richie,Anderson,TE,Fresno State,Texas A&M,0.86,3
2026,Lorenzo,Payne IV,EDGE,West Florida,Liberty,0.82,3
2026,Henry,Harden,IOL,Marshall,,,
2026,Cayden,Bowie,IOL,Houston,,,3
2026,Wesley,Miller,S,South Alabama,Florida International,0.84,3
2026,Zuri,Madison,IOL,Arkansas State,,,3
2026,Leon,Haughton Jr.,TE,Maryland,Old Dominion,0.83,3
2026,Dorian,Williams,WR,Ohio State,Youngstown State,,3
2026,Davion,Pritchard,CB,Pittsburgh,Kent State,0.84,3
2026,Owen,Long,LB,Colorado State,Arizona State,0.91,4
2026,Jaylen,Mbakwe,WR,Alabama,Georgia Tech,0.9,4
2026,Weylin,Lapuaho,IOL,BYU,,,3
2026,Trent,Hendrick,LB,James Madison,UCLA,,
2026,Zxavian,Harris,DL,Ole Miss,LSU,,4
2026,Corri,Milliner,WR,UAB,North Texas,0.83,3
2026,Terell,Thomas,EDGE,Washburn,James Madison,0.85,3
2026,Geoffrey,McKelton,S,Alcorn State,,,
2026,Brandon,Johnson,RB,Northern Colorado,,,3
2026,Jett,Vincent,ATH,Colorado State,Wyoming,,3
2026,Travis,Ambrose,TE,Central Michigan,,,3
2026,Drenon,Fite III,EDGE,Louisiana,UTSA,,3
2026,Anthony,Colandrea,QB,UNLV,Nebraska,0.87,3
2026,Kensley,Louidor-Faustin,S,Auburn,Missouri,0.87,3
2026,Kaleb,Mitchell,WR,Utah State,,,3
2026,Cam,King,WR,Auburn,Georgia Southern,0.83,3
2026,Ozzy,Pollard,DL,Marian,Hawai'i,0.85,3
2026,Ethan,Thanthanavong,QB,Defiance College,Kent State,0.83,3
2026,Darrell,Gill Jr.,WR,Syracuse,Ole Miss,0.94,4
2026,Vae,Soifua,IOL,Weber State,Sacramento State,0.82,3
2026,TJ,Harden,RB,SMU,,,3
2026,Zion,Fonua,LB,Abilene Christian,,,2
2026,Mathias,Nielsen,OT,Virginia Union,Charlotte,0.85,3
2026,JaDon,Blair,S,Notre Dame,Missouri,0.87,3
2026,Gerard,Culotta,LB,Henderson State,,0.83,3
2026,MJ,Hinson Jr.,CB,Florida Atlantic,,,
2026,Rae'mon,Mosby,CB,Louisville,East Carolina,,3
2026,Mason,Miller,LB,Iowa State,,,3
2026,Tre,Bell,CB,Iowa State,Michigan State,0.87,3
2026,Drew,Mestemaker,QB,North Texas,Oklahoma State,0.98,5
2026,Nathan,Jennings,DL,South Alabama,Florida International,0.82,3
2026,Nehemiah,Scott,S,Concord,,0.83,3
2026,Jaiden,Crawford,DL,Arkansas-Pine Bluff,Kennesaw State,0.82,3
2026,Jonah,Martinez,CB,TCU,Southern Miss,0.86,3
2026,Preston,Zinter,EDGE,Notre Dame,Rice,0.85,3
2026,Britin,Witt,IOL,VMI,Jacksonville State,,
2026,Malik,Baker,S,Tiffin University,,,
2026,Jamari,Buddin,EDGE,Grand Valley State,,0.83,3
2026,Damashja,Harris,RB,Wyoming,Incarnate Word,,
2026,Jon,Gullette,RB,Mars Hill,,0.83,3
2026,Quinn,Wills,S,Grand Valley State,,0.83,3
2026,Josh,Grant,S,Washburn,,,
2026,Ronald,Jackson,DL,Grand Valley State,Austin Peay,0.83,3
2026,Ian,Stewart,WR,Temple,,,3
2026,Rico,Flores Jr.,WR,UCLA,Virginia,0.86,3
2026,Owen,Snively,IOL,Eastern Michigan,Boston College,0.85,3
2026,Gabarri,Johnson,QB,Oregon State,,,4
2026,Mateo,Guevara,IOL,Middle Tennessee,Kennesaw State,0.85,3
2026,Jeremiah,Vessel,S,UAB,,,3
2026,Braylon,Harmon,WR,Tennessee,,,
2026,Anthony,Richard Jr.,CB,Southern Miss,Memphis,,
2026,Jadyn,Marshall,WR,UCLA,,,4
2026,Jayce,Brown,WR,Kansas State,LSU,0.92,4
2026,Joenel,Aguero,S,Georgia,Ole Miss,0.88,3
2026,Kayin,Lee,CB,Auburn,Tennessee,0.88,3
2026,Jake,Young,TE,Charlotte,Western Carolina,,
2026,Zachary,Betts,EDGE,Saint Francis (PA),Massachusetts,0.85,3
2026,Logan,Goodwin,EDGE,IU Pennsylvania,Buffalo,0.84,3
2026,Jackson,Gilkey,QB,Weber State,Tarleton State,,3
2026,Cole,Rusk,TE,Illinois,Arizona,0.91,4
2026,Zack,Myers,S,NC State,,,4
2026,Kyle,Vaka,WR,Eastern Kentucky,,,
2026,Stone,Earle,QB,Abilene Christian,,,
2026,James,Peoples,RB,Ohio State,Penn State,0.88,3
2026,Peter,Costelli,QB,Northern Colorado,,,3
2026,TJ,Shanahan Jr.,IOL,Penn State,Florida,0.87,3
2026,Bryce,West,CB,Ohio State,Wisconsin,0.86,3
2026,Hauss,Hejny,QB,Oklahoma State,Colorado State,0.86,3
2026,Kalib,Hicks,RB,Oklahoma State,Western Kentucky,0.84,3
2026,Ja'briel,Mace,RB,Villanova,,0.85,3
2026,A'mari,Wilson,EDGE,Campbell,Southern Miss,0.85,3
2026,Jackson,Proctor,QB,Northern Illinois,,,3
2026,Dealyn,Evans,DL,Texas A&M,Mississippi State,0.9,4
2026,Myles,Pollard,S,Memphis,East Carolina,0.84,3
2026,Tyson,Rooks,S,Illinois,,,3
2026,Da'Wain,Lofton,WR,Oklahoma State,,,3
2026,Keno,Jones,LB,Barton,,0.83,3
2026,Daniel,Harris,CB,Georgia,California,0.88,3
2026,Tyress,McKey,RB,Reinhardt,,,
2026,Jaymon,Lamb,OT,North Texas,UTEP,0.84,3
2026,Dara,Adeyemi,OT,Bucknell,Stanford,0.85,3
2026,Jayden,Becks,RB,North Texas,,,
2026,Grayson,O'Bara,WR,Dartmouth,North Texas,0.8,3
2026,Courage,Ugochukwu,CB,Utah State,UAB,0.82,3
2026,Corey,Smith,RB,Penn State,Toledo,0.85,3
2026,Aidan,Stire,P,West Virginia,Akron,0.8,3
2026,Dermaricus,Davis,QB,Hawai'i,Cal Poly,,4
2026,Kaden,Saunders,WR,Penn State,Southern Miss,,4
2026,Landon,Bell,WR,Colorado State,City College of San Francisco,0.85,3
2026,Kolubah,Pewee Jr.,CB,UConn,,,
2026,Antonio,Tripp Jr.,IOL,Florida International,,,4
2026,Thomas,Amankwaa,WR,Delaware,,,4
2026,Kalolo,Ta'aga,OT,Utah,Washington State,0.85,3
2026,Taccofah,Lewis,IOL,Memphis,,,3
2026,Nate,Johnson,EDGE,Missouri,Auburn,0.88,3
2026,Jerod,Smith II,DL,Kentucky,Louisville,0.86,3
2026,Bailey,Stockton,WR,Georgia Tech,Florida,0.86,3
2026,KJ,Sampson,DL,Florida State,Boston College,0.86,3
2026,Arkel,Anugwom,OT,Alabama,Northwestern,0.86,3
2026,Omari,Hayes,WR,Tulane,Iowa State,0.85,3
2026,Houston,Thomas,TE,UTSA,Texas A&M,0.85,3
2026,O'marion,Brown,DL,Wofford,,0.85,3
2026,Kory,Pettigrew,WR,South Florida,Auburn,0.85,3
2026,Ayo,Adeyi,RB,James Madison,Oklahoma State,0.85,3
2026,Eli,Brasher,OT,Furman,,0.8,3
2026,Emmet,Rhoades,LS,Western Carolina,South Carolina,0.8,3
2026,Rocco,Becht,QB,Iowa State,Penn State,0.94,4
2026,Chauncey,Sylvester,RB,Weber State,UC Davis,,3
2026,Joseph,Stoever,LS,Georgia Tech,Buffalo,,
2026,Terrance,Saunders,IOL,Eastern Michigan,Tarleton State,0.85,3
2026,Shambre,Jackson,EDGE,Massachusetts,,,3
2026,Shamar,Porter,WR,UConn,,,4
2026,Amari,Niblack,TE,Texas A&M,,,4
2026,Zerian,Hudson,IOL,Troy,,,2
2026,Kai,Wallin,EDGE,Oregon State,San Diego State,,3
2026,Zy'marion,Lang,WR,Toledo,UConn,,3
2026,Arhmad,Branch,WR,Purdue,South Florida,0.88,3
2026,Mac,Chiumento,P,Florida State,Texas,,
2026,Cael,Brezina,LB,Iowa State,Penn State,0.87,3
2026,Kavion,Benton,EDGE,Memphis,,,3
2026,Shaq,McRoy,OT,Arkansas,North Carolina,0.86,3
2026,Lamont,Lester Jr.,EDGE,Monmouth,Colorado,0.86,3
2026,Javon,Wesley,S,Barton,,0.8,3
2026,Ife,Current,CB,Nebraska Kearney,,0.83,3
2026,Justin,Williams-Thomas,RB,Marshall,Massachusetts,0.84,3
2026,Cooper,Lovelace,IOL,Colorado,Baylor,0.86,3
2026,A.J.,Little,WR,Chattanooga,Southern Miss,0.84,3
2026,DeeJay,Holmes Jr.,EDGE,Ole Miss,,,3
2026,Ja'Lyen,Judson,CB,UAB,Kennesaw State,0.82,3
2026,Terrance,Hibbler Jr.,DL,Mississippi State,Jackson State,0.85,3
2026,David,Ojiegbe,EDGE,Norfolk State,,,4
2026,Alex,DeGrieck,EDGE,Harvard,Boston College,0.83,3
2026,Eddy,Toussom,EDGE,UAB,,,3
2026,Parker,Peterson,OT,Memphis,Furman,,3
2026,D'Mon,Marable,S,Purdue,,,3
2026,Shazz,Preston,WR,Tulane,Indiana,0.89,3
2026,Jordan,Ross,EDGE,Tennessee,LSU,0.93,4
2026,Boaz,Stanley,IOL,South Carolina,Purdue,0.88,3
2026,Rickie,Collins,QB,Syracuse,Kennesaw State,,4
2026,Joshua,White,DL,Memphis,,,3
2026,TaRon,Francis,WR,LSU,West Virginia,0.87,3
2026,Aydan,West,CB,Michigan State,Minnesota,0.87,3
2026,CJ,Richard Jr.,S,Illinois State,Florida State,0.87,3
2026,Isaiah,Green,S,Portland State,San Diego State,0.82,3
2026,Juice,Vereen,TE,UConn,Colorado State,0.87,3
2026,Zach,Courtney,TE,Coastal Carolina,,,3
2026,Jusiah,Sampleton,DL,CSU-Pueblo,UTSA,0.84,3
2026,Jivan,Baly,CB,NC State,Old Dominion,0.85,3
2026,Artis,Cole,WR,Rice,,,2
2026,Trent,Thomas,TE,South Alabama,Tennessee,0.85,3
2026,Javion,White,S,Tulane,Houston,0.87,3
2026,Keon,Wylie,LB,Penn State,Virginia Tech,0.87,3
2026,Marcus,Vinson,TE,New Mexico,Florida Atlantic,0.83,3
2026,Sam,Dixon,RB,Ohio State,South Carolina,0.86,3
2026,Gavin,Taylor,EDGE,Central Connecticut,Arkansas State,0.8,3
2026,Nick,Peltekian,S,Lehigh,,0.86,3
2026,Ja'Quez,Cross,RB,Arkansas State,App State,,3
2026,Qua,Russaw,EDGE,Alabama,Ohio State,0.93,4
2026,Talibi,Kaba,LB,Rutgers,,,4
2026,Kirby,Vorhees,RB,Washington State,,,
2026,Mason,Bowers,OT,Charlotte,,,3
2026,Nico,Brown,WR,Yale,Stanford,0.86,3
2026,Ed'Mari,Binion,EDGE,Colorado State,,,3
2026,Jake,Riggs,IOL,UTEP,,,3
2026,Parker,Stone,LS,Tulsa,App State,,2
2026,Hayden,Craig,P,Florida,LSU,,3
2026,Jacobie,Henderson,CB,Rutgers,Virginia,0.86,3
2026,Michael,Hawkins Jr.,QB,Oklahoma,West Virginia,0.86,3
2026,Montae,Pate,CB,Weber State,Northwestern,0.85,3
2026,Tevis,Metcalf,CB,Michigan,Tennessee,0.85,3
2026,Joe,Metzger,IOL,Holy Cross,UNLV,0.82,3
2026,Brady,Tillman III,RB,Edward Waters,Florida Atlantic,0.84,3
2026,Jayven,Anderson,S,Houston Christian,,,3
2026,Tyler,Brown,WR,North Texas,Midwestern State,,3
2026,Aidan,Keanaaina,DL,California,,,3
2026,Micah,Gay,LB,Tennessee State,,,
2026,Ahmad,Carwise,IOL,Gardner-Webb,Toledo,0.85,3
2026,Taylor,Tatum,RB,Oklahoma,Michigan,0.88,3
2026,Kuol,Kuol II,OT,Iowa State,Penn State,0.86,3
2026,Malachi,Thomas,TE,Pittsburgh,LSU,0.86,3
2026,Drew,Spinogatti,LB,James Madison,UCLA,0.85,3
2026,Enock,Sibomana,LB,Wyoming,,0.85,3
2026,RL,Miller,S,Fresno State,Cal Poly,0.84,3
2026,Bijay,Boldin,S,Georgetown,,0.84,3
2026,Demonte,Greene,WR,Midwestern State,Temple,0.83,3
2026,Andrew,Hines,DL,Eastern Kentucky,South Alabama,0.82,3
2026,Marcos,Davila,QB,Nebraska,Abilene Christian,0.86,3
2026,Keshawn,Hayden,EDGE,Central Michigan,Eastern Kentucky,,2
2026,Ean,Rhea,EDGE,Emory & Henry,Illinois,0.84,3
2026,Walker,Andersen,OT,Colorado,,,
2026,Jahide,Lesaine Jr.,EDGE,Syracuse,Monmouth,,3
2026,Tory,Gethers,LB,New Mexico State,,0.84,3
2026,Michael,Parkes,WR,Iowa State,,,3
2026,Zuberi,Mobley,RB,Tulane,,,3
2026,Andrew,Martin,LB,Stetson,Southern Miss,0.84,3
2026,Caden,Durham,RB,LSU,,0.91,4
2026,King,Phillips,WR,Texas A&M-Kingsville,Georgia Southern,0.84,3
2026,DK,McGruder,CB,Mississippi State,The Citadel,,3
2026,Max,McCormick,TE,Georgetown,,,
2026,Devan,Lowe,DL,Georgia Southern,Memphis,,3
2026,Max,Gilbert,K,Tennessee,Arkansas,,
2026,Ken,Talley,EDGE,Arkansas,UCF,0.85,3
2026,Caleb,Hawkins,RB,North Texas,Oklahoma State,0.94,4
2026,Geoffrey,Speight Jr.,DL,West Georgia,Hawai'i,0.82,3
2026,Ashton,Schumann,WR,Central Oklahoma,Chattanooga,0.84,3
2026,Brec,Long,TE,South Alabama,North Texas,0.81,3
2026,Marcus,Neal Jr.,S,Iowa State,Penn State,0.9,4
2026,Turbo,Richard,RB,Boston College,Indiana,0.88,3
2026,Jamison,Patton,S,Iowa State,Penn State,0.87,3
2026,MJ,Cannon,CB,Bowling Green,Cincinnati,0.87,3
2026,Ashton,Gray,RB,North Texas,East Carolina,0.87,3
2026,Tyree,Adams,OT,LSU,Texas A&M,0.87,3
2026,Eagan,Boyer,OT,Penn State,Florida,0.86,3
2026,Jaylon,Joseph,EDGE,Lafayette,Temple,,
2026,Caleb,Redd,EDGE,Kansas,Eastern Kentucky,0.85,3
2026,Justin,Horne,LB,Texas Tech,,,3
2026,Jayden,Sanders,CB,Michigan,Notre Dame,0.92,4
2026,Michael,Lynch,IOL,Central Missouri,Coffeyville C.C.,,
2026,Ahmed,Tounkara,DL,Ohio State,Western Michigan,0.8,3
2026,Jayden,Dixon-Veal,WR,California,,,3
2026,Aumad,Edwards,CB,Kentucky,Marshall,0.8,3
2026,Adam,Samaha,K,Akron,Eastern Michigan,,2
2026,Kamore,Harris,EDGE,Memphis,,,3
2026,Jalen,Stewart,LB,Temple,,,3
2026,Nick,Marsh,WR,Michigan State,Indiana,0.94,4
2026,Brendan,Black,IOL,Iowa State,Nebraska,0.92,4
2026,Eric,Fletcher,CB,Oklahoma State,Wisconsin,0.86,3
2026,Aaron,Butler,WR,Texas,,0.86,3
2026,Brady,Wayburn,OT,UConn,UCF,0.86,3
2026,Jamari,Hawkins,WR,Memphis,Arkansas,0.86,3
2026,Capri,Martin,DL,Villanova,,,
2026,Glory,Stephen-Wangboje,DL,Sacred Heart,Northwestern,0.85,3
2026,Dwight,Nunoo,LB,Florida International,Akron,0.82,3
2026,Ty,Mims,WR,Texas State,UAB,0.84,3
2026,Laurence,Seymore III,IOL,Western Kentucky,Texas,0.87,3
2026,CJ,Dawson,IOL,Gardner-Webb,Ohio,0.85,3
2026,James,Gillespie,DL,Sacramento State,Nevada,,
2026,Daveion,Harley,IOL,California,Florida International,,
2026,Anwar,O'neal,OT,Delaware,Louisville,0.85,3
2026,Chiddi,Obiazor,EDGE,Kansas State,Indiana,0.87,3
2026,Cam,Cook,RB,Jacksonville State,West Virginia,0.87,3
2026,Luke,Kromenhoek,QB,Mississippi State,South Florida,0.87,3
2026,Javien,Toviano,S,LSU,,0.86,3
2026,Qua,Moss,S,Kansas State,Tennessee,0.86,3
2026,Emar'rion,Winston,EDGE,Baylor,Arizona State,0.86,3
2026,Triston,Morgan,RB,Benedict,Kennesaw State,0.8,3
2026,Gabe,Burkle,TE,Iowa State,Penn State,0.88,3
2026,John,Lista,LB,Pennsylvania,UConn,0.8,3
2026,Wendell,Smith,CB,Wayne State,UT Martin,0.85,3
2026,Larenzo,Fenner,WR,South Dakota,Cincinnati,0.87,3
2026,Dae'Quan,Wright,TE,Ole Miss,LSU,,4
2026,Toluwanimi,Tunde,OT,UConn,,,
2026,Maximus,McCree,OT,Washington,Washington State,0.85,3
2026,TJ,Dottery,LB,Ole Miss,LSU,0.91,4
2026,Carsen,Burckhardt,LB,Valparaiso,Ball State,0.8,3
2026,Trenton,Cloud,WR,East Carolina,,,3
2026,Sione,Hingano,OT,BYU,Stephen F. Austin,,3
2026,Grady,Sherrill,WR,South Dakota,,,
2026,King,Mack,S,Penn State,NC State,0.87,3
2026,Sedrick,Smith,DL,Maryland,Colorado,0.87,3
2026,John,Klosterman,LB,Iowa State,,,
2026,Ananias,Harris,OT,Tulane,,,
2026,Khalil,Conley,CB,North Carolina,App State,,3
2026,Carson,Dean,LB,Purdue,,,3
2026,Eric,Mensah,DL,Ohio State,Virginia Tech,0.86,3
2026,Liam,Lindo,CB,Bryant,,0.85,3
2026,Jake,Merklinger,QB,Tennessee,UConn,0.86,3
2026,Reid,Mikeska,TE,Florida Atlantic,UTRGV,,3
2026,Josh,Manecke,OT,Army,James Madison,0.79,2
2026,Jareb,Ramos,DL,Montana,Iowa State,0.85,3
2026,Jamier,Johnson,CB,UCLA,,,4
2026,Hunter,McKee,K,Eastern Washington,Washington,0.83,3
2026,Trae,Tomlinson,CB,Louisiana,,,3
2026,Ian,Geffrard,DL,Arkansas,Texas,0.92,4
2026,Caden,Pinnick,QB,UC Davis,Washington State,0.85,3
2026,Bill,Davis,RB,Louisiana,Virginia Tech,0.85,3
2026,Micah,Carter,EDGE,Louisville,,0.86,3
2026,Anthony,Hawkins,S,Villanova,Iowa,0.86,3
2026,Dylan,Manuel,DL,App State,Colorado,0.86,3
2026,Price,Morgan,WR,Texas Tech,Incarnate Word,,
2026,Jontez,Williams,CB,Iowa State,USC,0.93,4
2026,Tawfiq,Byard,S,Colorado,Texas A&M,0.88,3
2026,Brendan,Sorsby,QB,Cincinnati,Texas Tech,0.98,5
2026,Jayvontay,Conner,TE,East Carolina,Vanderbilt,0.89,3
2026,Katin,Houser,QB,East Carolina,Illinois,0.88,3
2026,Jiquan,Sanks,S,Cincinnati,Indiana,0.86,3
2026,Jon Jon,Kamara,LB,Kansas,Wisconsin,0.86,3
2026,Jack,Bal,S,Arizona State,Washington State,0.85,3
2026,Derek,McDonald,LB,Syracuse,North Carolina,0.84,3
2026,Julien,Laventure,DL,Akron,Texas Tech,0.83,3
2026,Callum,Wither,QB,Laurier,Kentucky,0.86,3
2026,Reymello,Murphy,WR,UConn,,,
2026,Jackson,Harris,WR,Hawai'i,LSU,0.89,3
2026,Anton,Pierce,S,Arkansas,,,
2026,Tristan,Alvano,K,Nebraska,South Dakota State,,3
2026,Zach,Hobson,CB,Old Dominion,Akron,0.82,3
2026,Billy,Gowers,P,Hawai'i,Indiana,,
2026,Marquis,Johnson,WR,Missouri,Mississippi State,0.92,4
2026,Hayden,Hansen,TE,Florida,Oklahoma,0.88,3
2026,Omarion,Miller,WR,Colorado,Arizona State,0.95,4
2026,Justyn,Reid,TE,Tulane,Louisville,0.85,3
2026,Hunter,Tipton,TE,Middle Tennessee,Memphis,0.82,3
2026,Herb,Gray,DL,Tennessee,UNLV,0.86,3
2026,Coleton,Price,IOL,Baylor,Kentucky,0.94,4
2026,Ethan,Calloway,OT,LSU,Wake Forest,0.85,3
2026,Robert,Meyer,K,Missouri,UC Davis,,
2026,Jordan,Norman,EDGE,Tulane,Tennessee,0.85,3
2026,Wes,King,IOL,Wyoming,West Virginia,0.86,3
2026,Jaylon,Domingeaux,WR,Southeastern Louisiana,Wisconsin,0.86,3
2026,Davion,Weatherspoon,IOL,Ohio,Arkansas,0.86,3
2026,Avery,Dunn,EDGE,Toledo,UConn,0.85,3
2026,Christian,Lorenzo,DL,Illinois State,North Texas,0.85,3
2026,Tobi,Osunsanmi,EDGE,Kansas State,Indiana,0.94,4
2026,Trevor,Wilson,TE,Campbell,Buffalo,0.82,3
2026,Jonathan,Echols,TE,South Florida,Auburn,0.87,3
2026,Will,LeBlanc,DL,Texas-Permian Basin,West Virginia,0.83,3
2026,William,Mason,RB,Central Oklahoma,Oklahoma State,0.85,3
2026,Khyair,Spain,RB,Memphis,,,
2026,Jelani,Watkins,WR,LSU,Arkansas,0.86,3
2026,Guylijah,Theodule,CB,Southern Miss,UAB,0.86,3
2026,Darius,Morant,RB,Temple,,,
2026,Salesi,Moa,CB,Utah,Michigan,0.9,4
2026,Ka'Shawn,Thomas,DL,Wake Forest,,0.82,3
2026,Da'Jy'Quwan,Jackson-Payne,OT,Liberty,Southern Miss,0.82,3
2026,CJ,May,EDGE,Louisville,Missouri,0.86,3
2026,ShuMond,Johnson,EDGE,Troy,,,3
2026,Mark,Shenouda,P,Tennessee State,Missouri,0.83,3
2026,Mo,Clipper Jr.,IOL,Charlotte,Georgia Southern,0.85,3
2026,Andrew,Laurich,DL,Colorado State,UConn,0.83,3
2026,Thomas,Davis,EDGE,App State,Tulsa,0.86,3
2026,Chrishon,McCray,WR,Michigan State,,,2
2026,Ben,Minich,S,Notre Dame,Miami (OH),,4
2026,Semaj,Fleming,WR,Boston College,App State,,3
2026,Jojo,Hayden,LB,Illinois,Purdue,0.87,3
2026,Dylan,King,S,Southern Miss,Memphis,,3
2026,Zach,Haber,LS,Arkansas,Illinois,,
2026,Smiley,Bradford,CB,Purdue,,,3
2026,Cam,Hill,S,Louisiana Tech,,,3
2026,Christian,Ross,TE,Memphis,,,3
2026,Mark,Konecny,QB,Western Michigan,,,2
2026,Tavion,Wallace,LB,Arkansas,Kentucky,0.87,3
2026,Ethan,Hampton,QB,Illinois,Southern Miss,,3
2026,Jo,Cryer,IOL,McNeese,Northwestern State,,3
2026,Tim,Brantley Jr.,DL,Missouri State,,,
2026,Evan,Wibberley,IOL,Kentucky,Louisville,0.86,3
2026,Parker,Jenkins,RB,East Carolina,Lamar,0.85,3
2026,Logan,Greer,IOL,California (PA),Marshall,0.83,3
2026,Simeon,Price,RB,Colorado,Oregon,0.88,3
2026,AJ,Tuitele,LB,USC,California,0.86,3
2026,Toriyan,Johnson,OT,UConn,Colorado State,,
2026,Carter,Shaw,WR,UCLA,Stanford,0.84,3
2026,Mike,Williams Jr.,DL,UTSA,Marshall,,3
2026,Branden,Palmer,EDGE,Georgia Southern,,,
2026,Chris,Jones Jr.,DL,Louisville,,,
2026,Gavin,Sukup,QB,Indianapolis,,0.84,3
2026,Jacquon,Gibson,WR,Massachusetts,Virginia,0.86,3
2026,Jonas,Duclona,CB,South Florida,Georgia Tech,0.86,3
2026,Klayton,Sattler,TE,Augustana,,0.85,3
2026,Shamar,Riser-Pressley,EDGE,Buffalo,UConn,0.85,3
2026,Anthony,Okes,EDGE,Montana Tech,,,
2026,Danny,Royster,EDGE,Indianapolis,James Madison,0.83,3
2026,Beau,Johnson,OT,North Dakota State,Vanderbilt,0.87,3
2026,Kevin,Roberts,DL,West Florida,James Madison,0.84,3
2026,Ben,Murawski,OT,UConn,Michigan State,0.87,3
2026,Kameron,Anthony,TE,Ball State,Rutgers,0.86,3
2026,Travis,Terrell Jr.,RB,Jackson State,Purdue,0.86,3
2026,Andrew,Threatt,IOL,Charleston Southern,North Carolina,0.86,3
2026,Naeshaun,Montgomery,WR,Florida,Missouri,0.86,3
2026,Wyatt,Minor,IOL,West Virginia,,,
2026,Dillon,Tatum,S,Northwestern,Miami (OH),,4
2026,Jake,Furtney,TE,Illinois,Ohio,,3
2026,Tyler,Douglas,QB,Temple,,,3
2026,Jack,Metzler,EDGE,Fresno State,,,2
2026,Samson,Israel,CB,Memphis,,,2
2026,Joel,Boamah,CB,Kent State,,,3
2026,Drew,Devillier,QB,Rice,Florida Atlantic,,3
2026,Daniel,Jackson,WR,Iowa State,,,3
2026,Javion,Kinnard,RB,Colorado State,San Diego State,,3
2026,Kannon,Katzer,RB,West Virginia,,,
2026,Mason,Schubert,QB,Oklahoma State,,,
2026,Anthony,Busa,S,Stonehill,,,
2026,Dallen,Ponder,WR,Tulsa,,,3
2026,Austin,Kawecki,IOL,Oklahoma State,Wisconsin,0.87,3
2026,Bryce,LaFollette,P,Towson,Boston College,0.84,3
2026,Donta,Simpson Jr.,DL,Miami,Missouri,0.87,3
2026,Anthony,Simpson,WR,Michigan,Toledo,0.83,3
2026,Christian,Hunt,QB,Arizona State,,,3
2026,Josiah,Harris,S,Gardner-Webb,,0.82,3
2026,Markell,Holman,RB,Western Illinois,Wyoming,0.85,3
2026,Udoka,Ezeani,EDGE,UTEP,North Texas,0.84,3
2026,Jecari,Bryson,LB,Gardner-Webb,Kennesaw State,0.84,3
2026,Maverick,Noonan,EDGE,Nebraska,Fresno State,0.84,3
2026,Perry,Fisher,CB,UAB,Kennesaw State,0.85,3
2026,Sam,Wolfenden,LS,UNLV,Temple,0.8,3
2026,Cole,Weaver,WR,Miami (OH),Syracuse,0.86,3
2026,Kenny,Johnson,WR,Pittsburgh,Texas Tech,0.86,3
2026,Ian,Williams,S,Memphis,Arkansas,0.86,3
2026,Lanear,McCrary Jr.,RB,Shorter,Georgia State,0.84,3
2026,Demeco,Kennedy,DL,Purdue,Louisville,0.86,3
2026,Kenny,Ozowalu,EDGE,UTSA,Oklahoma,0.86,3
2026,Tre'Von,McAlpine,DL,Tulane,Kansas,0.86,3
2026,Oumar,Conde,EDGE,Central Michigan,,,3
2026,Nate,Burrell,DL,California,,,3
2026,Demond,Williams Jr.,QB,Washington,,0.96,4
2026,Jayshawn,Ross,EDGE,Kansas State,,,4
2026,Cedric,Lott Jr.,WR,Boston College,Incarnate Word,,3
2026,Amaris,Williams,EDGE,Auburn,Georgia,0.94,4
2026,Gianni,Spetic,K,Memphis,Texas,,2
2026,Tyreek'e,Robinson,DL,UCF,East Tennessee State,,3
2026,Braeden,Wisloski,WR,James Madison,,,3
2026,Zachary,Robbins,P,Utah State,Minnesota,,
2026,Luke,Harpring,TE,Georgia Tech,Florida,0.88,3
2026,Boski,Barrett,WR,Vanderbilt,Arkansas State,0.85,3
2026,Donovan,Watkins,CB,Mercer,Toledo,0.85,3
2026,Jordan,Washington,RB,Murray State,Massachusetts,0.84,3
2026,KaTron,Evans,DL,Marshall,NC State,0.86,3
2026,Tye,Hylton,OT,Florida State,Louisiana Tech,0.85,3
2026,Jaylen,Brown-Wallace,WR,Wingate,Clemson,0.85,3
2026,Don,Volante III,LS,West Florida,South Florida,0.8,3
2026,Adama,Fall,S,Arizona State,Montana,,
2026,Zeke,Wimbush,TE,Virginia Tech,,,3
2026,Quaveon,Davis,OT,Jackson State,,,
2026,Jacob,Poff,LS,App State,North Texas,,
2026,Noah,Gibson,CB,Coastal Carolina,,,
2026,Connor,Stroh,IOL,Texas,Kansas,0.87,3
2026,Christian,Ellis,S,Virginia Tech,Virginia,0.86,3
2026,Donte,Lee Jr.,WR,Liberty,Texas Tech,0.86,3
2026,Antonio,O'Berry,EDGE,Gardner-Webb,Kentucky,0.86,3
2026,Caleb,Nitta,IOL,Western Kentucky,Oklahoma,0.86,3
2026,Chris,Lofton,WR,Gardner-Webb,App State,,
2026,Devon,Jordan,CB,Oklahoma,Baylor,0.86,3
2026,DeCorion,Temple,TE,Central Michigan,Oregon State,,3
2026,Demetrius,Ballard,EDGE,Buffalo,Boston College,0.85,3
2026,Jyzaiah,Rockwell,WR,Prairie View A&M,Western Kentucky,0.85,3
2026,Tackett,Curtis,LB,Wisconsin,UCF,0.85,3
2026,DJ,McKinney,RB,New Mexico,Tulsa,,
2026,John Hoyet,Chance,P,Louisiana Tech,TCU,,
2026,Blake,Ruffin,S,Louisville,,,3
2026,Sanders,Ellis,LB,Purdue,Bowling Green,,
2026,Solomon,Davis,S,Oregon,San Diego State,,3
2026,Jaden,McKinney,DL,Southern Miss,Memphis,,3
2026,Kolt,Dieterich,OT,Sam Houston,Washington,0.92,4
2026,Maurice,Smith,ATH,Chowan,Illinois,,
2026,Kris,Jones,LB,Georgia,Boston College,0.87,3
2026,Cooper,Perry,WR,Oregon,California,0.87,3
2026,Kyler,Gibson,OT,Troy,Austin Peay,,3
2026,Junior,Tuihalamaka,EDGE,Notre Dame,LSU,,4
2026,Brevin,Caldwell,WR,Johnson C. Smith,Norfolk State,,
2026,Elijah,Mc-Cantos,S,App State,Colorado State,0.85,3
2026,DeJuan,Echoles Jr.,LB,Ball State,Western Michigan,0.82,3
2026,Ivan,Moore Jr.,EDGE,Northern Illinois,Sacramento State,0.82,3
2026,Reese,Tripp,IOL,Minnesota,Middle Tennessee,0.85,3
2026,Tre,Moore,EDGE,San Diego,Purdue,0.85,3
2026,Jaxxon,Warren,TE,Colorado State,North Carolina,0.86,3
2026,Dante,Lovett,CB,Virginia Tech,UCLA,0.86,3
2026,Deven,Dyer,DL,Western New Mexico,New Mexico,,
2026,Makai,Jackson,WR,Indiana,Liberty,0.86,3
2026,Chase,Tyler,WR,Duke,Wake Forest,0.86,3
2026,Kyon,Loud,CB,Montana,Duke,0.86,3
2026,Chandler,Jordan,S,Georgia State,Boston College,0.86,3
2026,Keyon,Cox,OT,Oregon State,UAB,0.85,3
2026,Mikey,Keene,QB,Michigan,Arizona State,0.85,3
2026,Chris,Pearson,LB,Arkansas State,,,3
2026,Dane,Pardridge,WR,Rutgers,Indiana State,,2
2026,Tavian,Coleman,DL,Colorado,,,
2026,Kelvon,McBride,LB,NC State,Marshall,,3
2026,Tank,Boston,WR,NC State,Charlotte,0.85,3
2026,Johnny,Dickson III,IOL,North Texas,Oklahoma State,0.85,3
2026,Eamon,Smalls,DL,UAB,Kansas,0.85,3
2026,Raymond,Macias,DL,Campbell,UAB,0.82,3
2026,Ali,Abbasi,DL,Marshall,,,
2026,Joshua,Burrell,WR,Furman,Arkansas State,,3
2026,Dashawn,Spears,S,LSU,,,4
2026,Kelby,Valsin,WR,Texas Tech,,,3
2026,Brooks,Johnson,TE,Coastal Carolina,Florida Atlantic,,3
2026,Jaiden,Braker,LB,LSU,,,4
2026,Max,Alford,LB,BYU,Michigan,0.86,3
2026,Micah,Wing,LB,Ball State,,,
2026,Leo,Bluhm,IOL,Yale,Rice,0.83,3
2026,Khristian,Tyson,S,North Carolina A&T,LIU Post,,
2026,Cole,Welliver,QB,New Mexico,Southeastern Louisiana,0.84,3
2026,JJ,Okate,LB,Charlotte,,,3
2026,Evan,Odom,OT,Tulsa,Stephen F. Austin,,3
2026,Noah,Lospinoso,TE,Warner University,Western Carolina,,
2026,Javon,Gillespie,CB,East Texas A&M,New Mexico State,0.85,3
2026,Luke,Murphy,LB,Coastal Carolina,UConn,0.84,3
2026,Boo,Carter,S,Tennessee,Colorado,0.93,4
2026,Caleb,Bacon,LB,Iowa State,Penn State,0.91,4
2026,Jay,Simon,WR,Louisiana Tech,,,3
2026,Darren,Morris,WR,Southern,Boise State,,
2026,Tre',Brown III,WR,Old Dominion,LSU,0.9,4
2026,Liona,Lefau,LB,Texas,Colorado,0.9,4
2026,Emmanuel,Oyebadejo,DL,Jacksonville State,Florida,0.88,3
2026,Tyree,Holloway,WR,West Florida,LSU,0.85,3
2026,Carmelo,O'Neal,S,Mercer,Alabama,0.86,3
2026,Zeon,Chriss-Gremillion,QB,Houston,Tulane,,3
2026,Fred,Johnson,IOL,Louisville,,,3
2026,Kaden,Schickel,LS,Michigan State,Vanderbilt,,
2026,Davis,Dotson,OT,Oklahoma State,,,3
2026,Aaron,Mattingly,TE,UAB,,,3
2026,Champ,Lewis,CB,Tulsa,Southern Miss,,3
2026,Taylor,Powell,S,Northern Illinois,Fresno State,,3
2026,TreShawn,Moore,S,West Georgia,Colorado State,,
2026,Gael,Ochoa,QB,UNLV,Rice,,3
2026,Cam,Calhoun,CB,Alabama,Ohio State,0.88,3
2026,Kenneth,McManus IV,IOL,Akron,Auburn,0.86,3
2026,Tucker,Kelleher,TE,BYU,Toledo,0.85,3
2026,Dalton,Hughes,LB,South Alabama,Tulane,0.82,3
2026,Davion,Rhodes,EDGE,Georgia Southern,North Texas,0.84,3
2026,Jackson,Wasserstrom,WR,Indiana,,,
2026,Cade,Trotter,QB,Clemson,,,
2026,Carter,Brown,K,Utah State,Tennessee Tech,,2
2026,Avyonne,Jones,S,Coastal Carolina,Stephen F. Austin,,3
2026,Aden,Willis,CB,Marshall,,,
2026,Konner,Olson,K,Western Kentucky,New Mexico,0.8,3
2026,Kenny,Soares Jr.,LB,NC State,Michigan State,0.86,3
2026,Jadais,Richard,CB,Miami,Tennessee,0.86,3
2026,Zahmari,Palode-Gary,RB,Pittsburg State,,0.82,3
2026,Steven,Lizama,IOL,Merrimack,East Tennessee State,,
2026,Malik,Moses,DL,Bowling Green,,0.82,3
2026,Ma'Khi,Jones,S,Duke,Florida State,0.87,3
2026,Robby,Harrison,DL,Western Kentucky,Colorado State,0.84,3
2026,Landon,Morris,TE,California,Wake Forest,0.87,3
2026,Harrison,Moore,IOL,Georgia Tech,Florida,0.87,3
2026,Andrew,Olesh,TE,Penn State,Oregon,0.87,3
2026,Ryan,Mickow,OT,Boston College,Tulane,,3
2026,Kobe,Black,CB,Texas,,,4
2026,Adam,Tomczyk,EDGE,West Virginia,Hawai'i,0.84,3
2026,Raion,Strader,CB,Auburn,Pittsburgh,0.87,3
2026,Brunno,Reus,K,Florida State,Missouri,0.8,3
2026,Joseph,Sipp Jr.,LB,Kansas,Florida Atlantic,,3
2026,Malaki,Te'o,LB,Coastal Carolina,,,
2026,Caden,Marshall,LB,Bowling Green,SMU,0.86,3
2026,Rowan,Byrne,IOL,Clemson,North Carolina,0.86,3
2026,Nate,Robinson Jr.,S,Marist,UTSA,,
2026,Dante,Dowdell,RB,Kentucky,Georgia,0.9,4
2026,Jay,Harris,RB,Oregon,Kansas State,0.88,3
2026,Darrell,Bryant Jr.,S,Northern Colorado,Central Michigan,0.82,3
2026,Hayden,Wright,OT,Northwestern,Houston,,3
2026,Matt,Lawson,RB,Illinois State,,,
2026,Dwight,Lewis III,CB,Mississippi State,,,
2026,Caden,Jenkins,CB,Baylor,North Texas,,3
2026,Caleb,Merritt,S,Wyoming,Austin Peay,,3
2026,Daniel,Hughes,P,New Mexico,Florida State,,
2026,LaVonte,Johnson,S,Rice,,,3
2026,Aiden,Valdez,TE,New Mexico,,,3
2026,JayT,Jackson,CB,Louisiana Tech,Bowling Green,,
2026,Noel,Portnjagin,IOL,Florida,James Madison,0.85,3
2026,Cayden,Adkins,LB,Georgia State,North Alabama,,3
2026,Bam,McReynolds,RB,UL Monroe,UAB,0.84,3
2026,Sam,Carpenter,K,Pittsburgh,Sam Houston,,
2026,CJ,Bass III,S,Missouri,,,3
2026,Atticus,Bertrams,P,Wisconsin,UCF,,2
2026,Kyeaure,Magloire,CB,West Georgia,Arkansas,0.84,3
2026,Zion,Grant,WR,University of Calgary,,,
2026,Gregory,Delaine Jr.,CB,Syracuse,Georgia Southern,0.83,3
2026,Darryll,Desir,EDGE,Florida State,,0.94,4
2026,Everett,Hunter,TE,Nicholls,South Alabama,0.82,3
2026,Terrance,Green,DL,Oregon,Alabama,0.93,4
2026,Leo,Pulalasi,RB,Washington State,,,3
2026,KJ,Liles,DL,App State,North Carolina Central,,
2026,Ashton,Hayes,RB,Nevada,,,3
2026,Isiah,Canion,WR,Georgia Tech,Georgia,0.94,4
2026,Xavier,Chaplin,OT,Auburn,Florida State,0.92,4
2026,Moh,Bility,CB,Rice,,,3
2026,Tyler,Moore,DL,Coastal Carolina,Colorado,,3
2026,Amos,Talalele,IOL,Kansas State,,,3
2026,Terrelle,Elmore,LB,Eastern Michigan,,,2
2026,Trevor,Newkirk,OT,Cal Poly,,,3
2026,Adam,Moore,TE,SMU,,,3
2026,Blake,Fann,LB,North Texas,,,
2026,Ben,Sahakian,EDGE,Cornell,Toledo,0.83,3
2026,Ashton,Paine,S,South Dakota,Montana,,2
2026,Justin,Wallace,EDGE,Western Carolina,Memphis,0.83,3
2026,Mikai,Gbayor,LB,North Carolina,Florida State,0.91,4
2026,Drey,Braxton,CB,North Carolina Central,Bowling Green,0.82,3
2026,Jalen,Emery,CB,Western Kentucky,,,3
2026,Luke,Leighton,TE,Washington State,Cal Poly,,3
2026,Kenton,Simmons,EDGE,Florida International,,,
2026,Jordy,Lowery,CB,East Carolina,Florida,0.86,3
2026,Ni,Mansell,IOL,South Alabama,,,
2026,Keldric,Luster,QB,Texas State,Ball State,,3
2026,Kenari,Wilcher,WR,Florida A&M,,,3
2026,Jayvin,Norman,RB,Eastern Michigan,,,
2026,Braeden,McAlister,K,Georgia State,Arkansas,,2
2026,Darrin,Fugitt,TE,Lindenwood,App State,,
2026,Koby,Keenum,IOL,Mississippi State,Memphis,,3
2026,Joey,Farthing,WR,Hawai'i,,,2
2026,Brian,Alston,DL,East Tennessee State,,,3
2026,Caden,Story,DL,Clemson,,,4
2026,Justin,Bowick,WR,Illinois,Oklahoma State,0.9,4
2026,Payton,Kirkland,IOL,UAB,,,4
2026,Justin,Benton,DL,East Carolina,North Texas,,3
2026,Kortez,Winslow,OT,Lamar,Florida Atlantic,,
2026,Aiden,Jones,OT,VMI,Florida Atlantic,,
2026,Amar,Reynolds,CB,Illinois,Florida Atlantic,,3
2026,Tyrece,Mills,S,UConn,,,3
2026,Aqil,Meredith-Smith,IOL,LIU Post,Florida Atlantic,,
2026,Carson,Hansen,RB,Iowa State,Penn State,0.88,3
2026,Keith,Williams Jr.,LB,Cornell,North Dakota State,,
2026,Carde,Smith,OT,Colorado,Memphis,0.86,3
2026,Brady,O'Hara,IOL,Penn State,Monmouth,,3
2026,Josiah,Thompson,OT,South Carolina,,0.91,4
2026,Tyler,Williams,WR,South Florida,,,4
2026,Myles,Jackson,QB,Stanford,,,3
2026,Sean,Persson,TE,Toledo,UAB,0.82,3
2026,Mylachi,Williams,EDGE,Penn State,Virginia Tech,0.87,3
2026,Grady,Brosterhous,QB,Virginia,Utah State,0.82,3
2026,Za'Quan,Bryan,CB,Minnesota,South Florida,0.87,3
2026,Don,Chaney Jr.,RB,Charlotte,UL Monroe,0.86,3
2026,Kaden,Martin,QB,Middle Tennessee,LSU,,
2026,Kingston,Jones,WR,UTSA,Grambling,,3
2026,Jayson,Jenkins,EDGE,Florida State,Mississippi State,0.87,3
2026,C.J.,Hicks,EDGE,Ohio State,South Florida,0.87,3
2026,Amari,Jackson,CB,Boston College,Maryland,0.86,3
2026,Trezelle,Jenkins Jr.,IOL,Wayne State,Kansas,0.85,3
2026,Wyatt,Young,WR,North Texas,Oklahoma State,0.93,4
2026,Edwin,Joseph,S,Florida State,Ole Miss,0.92,4
2026,Jordan,Sample,LB,Arkansas State,Texas State,0.83,3
2026,Ezekiel,Larry,EDGE,Yale,Virginia,0.83,3
2026,Jarrett,Henry,IOL,Oklahoma State,UTSA,0.83,3
2026,Amir,Jackson,TE,Florida,,0.88,3
2026,Keona,Davis,DL,Nebraska,Miami,0.93,4
2026,Paddy,McAteer,K,Troy,Indiana,0.83,3
2026,Beau,Pribula,QB,Missouri,Virginia,0.9,4
2026,Kobi,Albert,S,UConn,Southern Miss,0.83,3
2026,Jaylen,Patterson,QB,New Mexico State,Sacramento State,0.83,3
2026,Khalil,Wilkins,QB,West Virginia,Marshall,0.83,3
2026,Breezy,Dubar,RB,Boise State,Missouri State,0.84,3
2026,Brandyn,Hillman,S,Michigan,Virginia,0.88,3
2026,Kevin,Henderson,LB,Findlay,App State,0.84,3
2026,Mike,Peterson Jr.,WR,Florida,Florida A&M,,3
2026,Nykahi,Davenport,RB,South Florida,Auburn,0.87,3
2026,Rocco,Koch,ATH,Idaho,Ottawa,,3
2026,Joshua,Scott,CB,Eastern Michigan,Nevada,,3
2026,Dominic,Grand,CB,Truman State,,0.84,3
2026,Carter,Herriman,LB,Eastern Michigan,,,3
2026,Tamez,Young,TE,Florida Atlantic,,,3
2026,Max,Johnson,QB,North Carolina,Georgia Southern,,3
2026,Joseph,Hagman,RB,Baylor,,,
2026,John,Long,IOL,Rice,,,3
2026,Justus,Boone,EDGE,Arkansas,Wisconsin,0.87,3
2026,Colby,McCalister,S,Kansas State,Baylor,0.86,3
2026,JJ,Kohl,QB,App State,Florida International,0.86,3
2026,KK,Smith,WR,Notre Dame,Michigan State,0.86,3
2026,Brandon,High Jr.,RB,California,UTSA,0.86,3
2026,Malachi,James,RB,Syracuse,Eastern Michigan,0.83,3
2026,Isaac,Brown,RB,Louisville,,0.94,4
2026,Josh,Atkins,OT,Arizona State,Missouri,0.87,3
2026,Nii,Addy,DL,Harding,Jacksonville State,,
2026,JaQuail,Smith,RB,Sacramento State,Colorado,0.85,3
2026,Nitro,Tuggle,WR,Purdue,South Carolina,0.87,3
2026,Maurice,Savage,WR,Weber State,,,
2026,Preston,Okafor,S,Nebraska,Fresno State,,
2026,Zach,Ruffin,S,Southern Miss,Memphis,,4
2026,Kamarion,Thomas,DL,North Carolina,,,3
2026,David,Olano,K,Illinois,Texas A&M,,3
2026,Lacota,Dippre,TE,James Madison,Florida,0.87,3
2026,Shadre,Hurst,IOL,Tulane,Houston,0.87,3
2026,Jaden,Mosley,LB,Samford,,,
2026,Miguel,Arenas,K,North Texas,,,
2026,MJ,Morris,QB,Coastal Carolina,Texas,0.85,3
2026,Aliou,Bah,IOL,Maryland,LSU,0.92,4
2026,Jack,Puckett,LB,Central Oklahoma,Oklahoma State,0.85,3
2026,Chase,Gillespie,RB,Vanderbilt,Florida A&M,,3
2026,Jamorie,Flagg,DL,Florida State,Florida International,0.85,3
2026,Tre',Griffiths,WR,Oklahoma State,Hawai'i,0.85,3
2026,Grayson,Brousseau,TE,Oklahoma State,UCF,0.84,3
2026,Kaleb,Gray,S,West Virginia,Kennesaw State,0.84,3
2026,Skyler,Locklear,QB,UTEP,Missouri State,0.84,3
2026,Peyton,Taylor,CB,Emporia State,North Texas,0.86,3
2026,Tristan,Jernigan,LB,Texas A&M,California,0.86,3
2026,Bodpegn,Miller,WR,Ohio State,Washington,0.86,3
2026,Diezel,Wilkinson,S,Montana,UAB,0.86,3
2026,Diore,Hubbard,RB,West Virginia,Wyoming,0.85,3
2026,Joe,Swen,CB,Sam Houston,,,3
2026,Jace,Petty,WR,Arkansas,,,
2026,Brayden,Turner,QB,Fresno State,College of San Mateo,,3
2026,Mickel,Clay,OT,West Virginia,,,
2026,James,Larson,TE,SMU,,,
2026,Jakob,Dixon,WR,Eastern Kentucky,Louisville,0.83,3
2026,Bo,Burkes,IOL,North Carolina,Jacksonville State,,3
2026,Cam,Pedro,WR,Southeast Missouri State,Charlotte,,3
2026,Rylan,Leathers,S,Idaho State,Tulsa,,
2026,Tyreek,Major,IOL,South Florida,Western Kentucky,0.84,3
2026,Andrew,Hand,S,East Tennessee State,Tulsa,,
2026,Brady,Braun,P,Gardner-Webb,UTEP,,
2026,Nijay,Gay,S,Hampton,,,
2026,Isiah,Revis,S,San José State,,,3
2026,Jayden,Fry,EDGE,Boston College,Sam Houston,0.86,3
2026,Dylan,Lonergan,QB,Boston College,Rutgers,0.86,3
2026,Daniel,Kaelin,QB,Virginia,Nebraska,0.85,3
2026,Bruno,Dall,EDGE,Akron,UCF,0.85,3
2026,Iverson,Hooks,WR,UAB,Oregon,0.88,3
2026,Benjamin,Brahmer,TE,Iowa State,Penn State,0.94,4
2026,Terrell,Anderson,WR,NC State,USC,0.94,4
2026,Jay,Crawford,CB,Auburn,Ole Miss,0.93,4
2026,Andre,Jackson Jr.,CB,Hampton,Western Carolina,0.8,3
2026,Omar,Graham Jr.,LB,Florida State,,0.91,4
2026,Jediyah,Willoughby,WR,Toledo,UConn,0.82,3
2026,Ian,Shewell,DL,Arizona State,San José State,0.82,3
2026,Deed,Capper,LS,Wisconsin,Virginia Tech,0.8,3
2026,Luke,Shields,WR,Tennessee Tech,Furman,,
2026,Nico,Cavanillas Alti,K,South Carolina State,Coastal Carolina,,
2026,Bryon,Threats,S,UCLA,,,3
2026,Kevin,Green Jr.,WR,Washington,,,4
2026,Harrison,Taggart,LB,California,Utah State,0.86,3
2026,Omillio,Agard,CB,Wisconsin,Virginia,0.86,3
2026,Malik,Hartford,S,Ohio State,UCLA,0.86,3
2026,Cameron,Seldon,WR,Virginia Tech,South Florida,0.86,3
2026,Austin,Bolt,WR,Boise State,,,3
2026,Anthony,Mebane,EDGE,App State,Gardner-Webb,,3
2026,Austin,Stief,EDGE,Davenport,Ball State,0.83,3
2026,Malachi,Coleman,WR,Minnesota,Wisconsin,0.86,3
2026,Alex,Lopez,IOL,Mississippi State,Western Kentucky,,3
2026,Chase,Carter,DL,Memphis,,,3
2026,Billy,Gilmore,IOL,Troy,,,
2026,Nikola,Milovac,OT,Kennesaw State,,,3
2026,Brenden,Anes,LB,Tennessee,Western Michigan,,3
2026,Cooper,Alexander,TE,Iowa State,Penn State,0.88,3
2026,Solomon,Williams,EDGE,Texas A&M,California,0.87,3
2026,Sione,Pasi,DL,Montana Western,Washington State,,
2026,Carl,Nesmith,EDGE,Utah State,,,3
2026,Rylan,Kennedy,EDGE,Texas A&M,Florida State,0.87,3
2026,Malachi,Davis,EDGE,Toledo,Rutgers,0.86,3
2026,Amorie,Morrison,EDGE,UAB,,,
2026,Kolin,Dinkins,S,Penn State,Temple,,
2026,Chase,Kibble,DL,South Carolina,,,
2026,Tyrell,Gainey,CB,Albany State,Liberty,,
2026,Matt,Irwin,S,Idaho,UCF,0.86,3
2026,Jacobe,Robinson,QB,Southern Miss,,,3
2026,Graham,Gillespie,S,Texas,North Texas,,
2026,Charlie,Durkin,P,Kent State,Rice,,
2026,Adepoju,Adebawore,EDGE,Oklahoma,,,5
2026,Antonio,Robinson,CB,Florida Atlantic,,,3
2026,Cassius,Hulbert,DL,Tiffin University,Ohio,0.8,3
2026,Drake,Knobloch,LS,Baylor,Northwest Missouri State,,
2026,Darren,Burton II,CB,New Hampshire,,,
2026,Charlie,Leota,DL,Texas State,,,2
2026,Kalieb,Osborne,QB,Toledo,UConn,,3
2026,Jarvis,Johnson,LB,Florida Atlantic,East Tennessee State,,3
2026,Jyron,Waiters,WR,East Carolina,Campbell,,3
2026,Justin,Smith-Brown,WR,West Virginia,,,
2026,Joseph,McGinnis II,S,Arizona State,,,
2026,Jacob,Booth,OT,Central Michigan,,,3
2026,Ethan,Kramer,IOL,Northern Arizona,East Carolina,,
2026,Bryson,Ross,CB,Portland State,Arkansas State,0.83,3
2026,Matt,Henry,IOL,Troy,,,
2026,Mo,Conteh,CB,Ohio Dominican,Toledo,0.83,3
2026,Theo,Melin Ohrstrom,TE,Texas A&M,SMU,0.9,4
2026,Emmanuel,Poku,IOL,East Carolina,South Carolina,0.88,3
2026,Chris,Johnson Jr.,RB,SMU,Clemson,0.87,3
2026,Braylon,Rigsby,DL,Texas Tech,Oklahoma State,0.87,3
2026,Jalen,Jones,WR,Alabama State,Texas Tech,0.86,3
2026,Quinton,Hammonds,S,North Texas,Oklahoma State,0.86,3
2026,Cade,Law,LB,Memphis,East Carolina,0.81,3
2026,Jaquez,White,CB,Troy,Virginia Tech,0.86,3
2026,Kylyn,Macklin,EDGE,Albany,North Dakota,0.82,3
2026,Sam,Turner,WR,Auburn,,0.86,3
2026,Brady,Prieskorn,TE,Michigan,Ole Miss,0.86,3
2026,Teddy,Foster,CB,Florida,South Florida,0.86,3
2026,DJ,Jordan,WR,USC,Arizona,0.86,3
2026,Bryan,Jackson,RB,USC,Wisconsin,0.86,3
2026,Daveon,Crouch,LB,Boston College,Kansas,0.86,3
2026,Keiton,Jones,IOL,Missouri,Kansas State,0.86,3
2026,Geimere,Latimer Jr.,CB,Wisconsin,West Virginia,0.86,3
2026,Alex,Manske,QB,Iowa State,Penn State,0.86,3
2026,Billy,Edwards Jr.,QB,Wisconsin,North Carolina,0.86,3
2026,DJ,Waller Jr.,CB,Kentucky,Louisville,0.86,3
2026,Moritz,Schmoranzer,IOL,App State,Wofford,0.83,3
2026,Rich,Benenge,LB,Akron,,,3
2026,Elijah,Dotson,CB,Michigan,Missouri,0.9,4
2026,Devaughn,Slaughter,WR,Tennessee State,Kennesaw State,0.82,3
2026,Armando,Nieves,OT,New Mexico State,South Carolina,0.86,3
2026,Devontae,Armstrong,IOL,Ohio State,Miami (OH),0.86,3
2026,Tyseer,Denmark,WR,Penn State,Virginia Tech,0.86,3
2026,Rasheed,Jackson,OT,TCU,Texas State,0.86,3
2026,Kendal,Howard,EDGE,Wake Forest,Austin Peay,,3
2026,Devin,Kargman,QB,Kent State,Maryland,0.83,3
2026,Mason,Fleming,DL,Tulsa,Austin Peay,,3
2026,Devin,Davis,IOL,Charlotte,South Florida,0.81,3
2026,Troy,Omeire,WR,UNLV,New Mexico,0.87,3
2026,Angus,Davies,P,Tulsa,California,,
2026,Jaden,Barnes,WR,App State,Charlotte,0.86,3
2026,Jordan,Ross,WR,Colorado State,Arizona,0.85,3
2026,Jack,Olsen,K,Northwestern,Miami,0.85,3
2026,Bryson,Washington,RB,Baylor,Auburn,0.92,4
2026,Tamarion,LaFortune,WR,Western Connecticut State,Coastal Carolina,0.85,3
2026,Lukas,Ungar,TE,New Mexico State,Virginia,0.85,3
2026,Myles,Bradley,EDGE,Bowling Green,,,
2026,Crews,Law,LB,Memphis,East Carolina,0.86,3
2026,Mathias,Davis,EDGE,Central State,Northern Illinois,0.8,3
2026,Michael,Hurst,S,Northern Arizona,California,0.88,3
2026,Joseph,Reddish,CB,Virginia Tech,App State,,
2026,Leroy,Bryant,CB,Washington,Stanford,0.86,3
2026,Jessie,Campbell,WR,McNeese,,,
2026,Tyrek,Brown,S,Campbell,,,
2026,JT,Lindsey,RB,LSU,Ole Miss,0.86,3
2026,Josiah,Ayon,WR,Fresno State,,,
2026,Kai,Wheeler,IOL,New Mexico State,,,
2026,Dominique,McKenzie,WR,BYU,San José State,,3
2026,Jaylen,Blackwell,LB,Boston College,,,2
2026,Donquarius,Parker,DL,North Carolina Central,,,
2026,Fatt,Forrest,LB,Mississippi State,,,3
2026,Ahmarion,McLeod,IOL,Elon,,,
2026,Terrell,Timmons Jr.,WR,Colorado,Memphis,,3
2026,CJ,Miller,RB,Mercer,Toledo,0.85,3
2026,Bo,Hughley,OT,Georgia,Colorado,0.88,3
2026,Draden,Fullbright,CB,Oklahoma State,UAB,0.86,3
2026,Max,Reese,TE,Mississippi State,North Texas,,3
2026,Noah,Jenkins,LB,Virginia Tech,,,3
2026,Ben,Chandler,S,Howard,,0.85,3
2026,Jaden,Miller,RB,Keiser (Fl),Louisiana Tech,0.85,3
2026,Braedyn,Locke,QB,Arizona,Tarleton State,0.85,3
2026,Jeremiah,Shelby,EDGE,Air Force,,,
2026,Keon,Keeley,DL,Alabama,Notre Dame,0.93,4
2026,Joe,Rounds,IOL,Virginia Union,Southern Miss,0.8,3
2026,Makhi,Hughes,RB,Oregon,Houston,0.88,3
2026,Carson,Haggard,QB,Abilene Christian,Robert Morris,,3
2026,Damier,Minkah,CB,Shepherd,James Madison,0.86,3
2026,Brian,Dukes Jr.,S,Cal Poly,San José State,0.84,3
2026,August,Salvati,EDGE,San Diego State,Troy,0.84,3
2026,Christian,Ross,EDGE,Holy Cross,South Alabama,,
2026,Terrance,Love,S,Colorado,Mississippi State,0.84,3
2026,Charles,Brantley,CB,Miami,Michigan State,0.87,3
2026,Prince,Ijioma,CB,Mississippi Valley State,Oklahoma,0.83,3
2026,Justin,Krueger,EDGE,William & Mary,Massachusetts,0.82,3
2026,Alante,Brown,WR,Michigan State,Memphis,,4
2026,Aaron,Armitage,DL,Florida International,,,3
2026,Branden,Hollis,OT,Western Kentucky,,,
2026,Walker,White,QB,Baylor,Central Arkansas,0.86,3
2026,Jake,Renfro,IOL,Wisconsin,Illinois,0.86,3
2026,Brandon,Jones,S,McNeese,North Texas,,3
2026,Antonio,Johnson,TE,Villanova,Florida Atlantic,,3
2026,Dennious,Jackson,DL,Colorado State,,,
2026,Preston,Thompson,S,Florida International,,,3
2026,Johnnie,Daniels,RB,Mississippi State,Tulane,,3
2026,Tahjae,Mullix,DL,Oregon State,UConn,,
2026,Malik,Ellis,IOL,Troy,Nicholls,,3
2026,Jacob,Norcross,IOL,Memphis,Nevada,,2
2026,Khari,Bendolph,LB,Jacksonville State,Massachusetts,0.83,3
2026,Dominic,Rivera,OT,Toledo,UConn,,3
2026,Maxwell,Roy,DL,Ohio State,UCLA,0.86,3
2026,Josiah,Dye,S,Southern Utah,,,3
2026,Dennis,Lafferty,OT,UTEP,,,
2026,Keenan,Eck,EDGE,West Virginia,,,3
2026,Carl,Jenkins Jr.,WR,UCF,,,3
2026,Ezavier,Staples,WR,UCLA,,,3
2026,Ryker,Haff,OT,Oklahoma State,,,3
2026,Malik,Elzy,WR,Illinois,LSU,0.86,3
2026,Jamarion,Clark,CB,Rice,,,3
2026,Dennis,Jones,OT,Texas Southern,San Diego State,,
2026,Gavin,Spillers,TE,Mars Hill,Central Michigan,,
2026,Joseph,Oluwayemi,DL,Harding,Eastern Michigan,,
2026,Shea,Freibaum,LS,Oklahoma State,Texas A&M,,
2026,Danny,Novickas,EDGE,Ohio,,,3
2026,Delano,Townsend,IOL,Ole Miss,,,3
2026,Kaleb,James,DL,Arkansas,Texas State,,3
2026,Donnie,Wingate,EDGE,Southern Illinois,Wyoming,,
2026,Tony-Louis,Nkuba,S,Arizona State,,,3
2026,Nyier,Daniels,OT,Georgia,,,4
2026,James,Glover-Tyson,OT,Louisville,,,
2026,Lavon,Johnson,DL,Texas,Maryland,0.88,3
2026,Justin,Terry,OT,Ohio State,Virginia Tech,0.86,3
2026,Eric,Thomas,DL,Syracuse,Memphis,0.86,3
2026,Sultan,Badmus,EDGE,Temple,Arkansas State,0.85,3
2026,Tye,Edwards,RB,West Virginia,,,3
2026,Ja'Bree,Bickham,S,Boise State,North Texas,0.86,3
2026,Markus,Meincke,P,Mercer,Toledo,,
2026,Maguire,Richman,LB,Kansas State,Northwest Missouri State,,3
2026,Darrin,Strey,OT,Kentucky,LSU,0.87,3
2026,Derek,Joiner,IOL,Houston,Tarleton State,,3
2026,Carter,Schwartz,P,Louisville,Arizona,,
2026,Matthew,Choules,P,Kennesaw State,UNLV,,
2026,Jayke,Jones,CB,Jacksonville State,Austin Peay,,
2026,Tai,Ray,OT,Pittsburgh,Western Kentucky,0.83,3
2026,Siale,Taupaki,DL,UCLA,Penn State,0.87,3
2026,Tito,Glass Jr.,RB,Miami (OH),,,3
2026,Dominique,Dixon,S,Tennessee State,North Alabama,,
2026,Aaron,Scott Jr.,CB,Ohio State,Oregon,0.88,3
2026,DeBraun,Hampton,WR,Florida,Baylor,0.83,3
2026,Luke,Moise,IOL,Wofford,New Mexico State,0.82,3
2026,Dontae,Robinson,TE,Sacramento State,Central Michigan,0.8,3
2026,Christian,Clark,RB,Texas,South Carolina,0.88,3
2026,Ethan,Crite,WR,Middle Tennessee,Merrimack,,3
2026,Adam,Parks,TE,New Mexico State,Western Michigan,0.79,2
2026,Greg,Rivera,LS,Grambling,Liberty,,
2026,Jarquez,Carter,DL,Ohio State,Miami,0.87,3
2026,Kyle,Parker,WR,LSU,Ohio State,0.87,3
2026,Linus,Zunk,EDGE,Vanderbilt,Washington State,0.87,3
2026,Teon,Parks,CB,Colorado,TCU,0.87,3
2026,Parker,Cushing,K,Peru State,UTEP,,
2026,Elijah,Culp,CB,James Madison,,,
2026,Marcus,Moore Jr.,DL,Purdue,Miami (OH),,3
2026,DJ,Fox,OT,Wisconsin-River Falls,James Madison,0.86,3
2026,Carl,Williams IV,S,Baylor,Oregon,0.87,3
2026,Charlie,Mirer,QB,Stanford,,,3
2026,Breck,Chambers,P,UTSA,Stephen F. Austin,,3
2026,Moussa,Barry,WR,Western Kentucky,,,
2026,Bukari,Miles Jr.,CB,Ohio State,Incarnate Word,,3
2026,Brady,Kopetz,TE,Colorado,,,3
2026,Justin,Flowe,LB,UNLV,,,5
2026,Michael,Kern,P,California,New Mexico,,3
2026,Junus,McGraw,CB,West Liberty,Wyoming,,
2026,Paul,Billups II,WR,North Carolina,,,3
2026,Mitch,Verstegen,IOL,Indiana,,,3
2026,Eyitayo,Omotinugbon,IOL,Boise State,,,3
2026,Jarel,Williams,WR,West Virginia,,,3
2026,Cristiano,Rosa,K,James Madison,Penn State,,
2026,Jahvion,Jarmon,CB,Bowling Green,Austin Peay,,3
2026,Tyler,Siddons,TE,Central Arkansas,Wyoming,,3
2026,Horatio,Fields,WR,Auburn,Ole Miss,0.9,4
2026,Cedric,Roberts,LB,Alcorn State,North Texas,0.82,3
2026,Malachi,Madison,DL,Massachusetts,Missouri State,0.82,3
2026,Dru,McClough,IOL,East Carolina,Presbyterian,,
2026,Jerry,Lawson,DL,Louisville,Oklahoma State,0.88,3
2026,Jamarrion,Harkless,DL,Purdue,Kentucky,0.87,3
2026,Tommy,Ziesmer,DL,Eastern Kentucky,Louisville,0.86,3
2026,Kam,Davis,RB,Florida State,Liberty,0.86,3
2026,Jamie,Felix,RB,Georgia Tech,,,3
2026,Ryan,Henderson,EDGE,San Diego State,Texas A&M,0.86,3
2026,Matt,Adcock,TE,Memphis,Arkansas,0.86,3
2026,Austin,Ramsey,DL,Kentucky,Kansas State,0.86,3
2026,Daniel,Blood,WR,Missouri,Washington State,0.86,3
2026,DJ,Coleman,S,Baylor,Florida,0.86,3
2026,Braydon,Nelson,OT,North Texas,Oklahoma State,0.86,3
2026,Jayshon,Platt,WR,Florida Atlantic,Illinois,0.86,3
2026,Clarence,Taylor,WR,Colorado State,,,3
2026,Esteban,Guillory,S,Western Illinois,UTEP,,2
2026,Andrew,Cunningham,IOL,Charlotte,North Texas,,3
2026,Kevin,Evehe,OT,Saint Francis (PA),Liberty,,
2026,Jayveon,Johnson,LB,Sam Houston,,,3
2026,Qae'Shon,Sapp,IOL,Florida Atlantic,North Carolina A&T,,3
2026,KJ,McCou,IOL,Tennessee State,,,3
2026,Greg,Gaines III,WR,Rhode Island,Florida International,0.83,3
2026,Elijah,Jackson,CB,TCU,,,3
2026,Trey,Firestone,WR,Ball State,,,
2026,Trenton Alan,Yowe,CB,Arkansas State,,,3
2026,Hunter,Green,P,San Diego State,Washington,,2
2026,Dylan,Raiola,QB,Nebraska,Oregon,0.94,4
2026,Sid,Kaba,DL,Marshall,Minnesota,0.89,3
2026,Jailen,Butler,TE,Old Dominion,Kansas,0.87,3
2026,Braden,Cain,OT,Texas Southern,Southern Miss,0.85,3
2026,Cookie,Desiderio,LB,Massachusetts,Temple,0.82,3
2026,Devan,Williams,WR,Houston,Lamar Christian School,,3
2026,Jorge,Diaz Nicolas,K,Virginia,Marshall,,
2026,Alexander,Capka-Jones,WR,Illinois,,,3
2026,Ben,Marshall,TE,California,Austin Peay,,3
2026,Khamauri,Rogers,CB,Jackson State,,,4
2026,JT,Taylor,CB,San José State,Eastern Washington,,3
2026,Mason,Howard,OT,Wofford,,,3
2026,Chris,Moreno,IOL,Monmouth,Middle Tennessee,0.83,3
2026,Tana,Alo-Tupuola,IOL,Georgia Tech,Arizona State,0.87,3
2026,Blake,Belin,DL,Georgia Tech,,,3
2026,Jovantae,Barnes,RB,Oklahoma,Kentucky,0.86,3
2026,Mykeal,Rabess,OT,Florida International,California,0.86,3
2026,Tyler,Fortenberry,TE,Arkansas State,Iowa State,0.86,3
2026,Tre,Page III,RB,Tarleton State,Oklahoma State,0.86,3
2026,Zoom,Esplin,OT,Weber State,Idaho State,,3
2026,Isaiah,Cook,IOL,Delaware State,Rutgers,,
2026,Desmond,Aladuge,DL,Duke,UConn,,3
2026,Dylan,Paine,RB,Washington State,Montana,,2
2026,Cooper,Ackerman,DL,UConn,,,3
2026,Phillip,Harris,S,James Madison,,,2
2026,Donovan,Dozier,EDGE,Liberty,Northwestern State,,
2026,Josiah,Robinson,LB,Georgia State,,,3
2026,Wilfredo,Aybar,EDGE,Stanford,,,4
2026,Loren,Hall,S,Florida Atlantic,LIU Post,,
2026,Dakotah,Terrell,TE,Missouri,,,3
2026,Matt,Buron,TE,Fordham,Georgia State,,
2026,Skyler,Cassel,QB,Utah Tech,Central Washington,,2
2026,Ui,Ale,QB,Troy,,,
2026,Danny,Saili,DL,Arkansas,,,3
2026,Abiathar,Curry,OT,Northern Illinois,,,3
2026,Jehchys,Brown,DL,Southeast Missouri State,App State,,
2026,Cameron,Goggins,CB,Florida Atlantic,Mercer,,3
2026,Kris,Hughes,WR,Louisville,,,
2026,Rodney,Newsom Jr.,IOL,South Carolina,,,2
2026,Quincy,Porter,WR,Ohio State,Notre Dame,0.94,4
2026,Coen,Echols,IOL,LSU,Texas A&M,0.87,3
2026,Justin,Cryer,LB,Florida State,Texas,0.87,3
2026,Braydon,Lee,CB,Maryland,Arkansas,0.87,3
2026,Jaziun,Patterson,RB,Iowa,Michigan State,0.87,3
2026,Taje,McCoy,EDGE,Oklahoma State,Georgia Tech,0.87,3
2026,Dylan,Edwards,RB,Kansas State,Kansas,0.88,3
2026,Johnathan,Cline,IOL,East Tennessee State,Miami,0.83,3
2026,Melvin,Spriggs,LB,Akron,Southern Miss,0.83,3
2026,Joshua,Tarver,S,Yale,Furman,0.83,3
2026,William,DePaepe,EDGE,Indiana,Massachusetts,0.84,3
2026,Kiwaun,Davis,CB,Eastern Illinois,Southern,,3
2026,Ja’Quan,Sprinkle,IOL,North Carolina Central,LSU,0.86,3
2026,Tommy,Ulatowski,QB,Kennesaw State,App State,0.83,3
2026,Lucas,Possenti,IOL,Temple,Arkansas,0.8,3
2026,Michael,Robinson III,CB,UConn,Southern Miss,0.8,3
2026,Bryson,Roland,RB,Arkansas Tech,UL Monroe,0.85,3
2026,Lawson,Petty,IOL,Incarnate Word,Baylor,0.84,3
2026,Cedric,Anton,TE,Tiffin University,Sacramento State,0.82,3
2026,Keon,Davis,WR,Virginia Union,Kennesaw State,0.82,3
2026,Andrew,Bennett,P,Charlotte,James Madison,,
2026,Bennett,Warren,OT,Tennessee,Minnesota,0.87,3
2026,Phoenix,Derichsweiler,LS,Tulane,Rice,,
2026,Wallace,Foster IV,CB,LSU,Florida Atlantic,,3
2026,Reshad,Sterling,EDGE,Houston,Tulane,,3
2026,Mitch,Griffis,QB,Texas Tech,East Carolina,,3
2026,Hayden,Hanks,EDGE,Boise State,,,3
2026,Marshon,Oxley,EDGE,West Virginia,South Florida,,
2026,Brennen,Bailey,CB,Massachusetts,Lamar,,
2026,Hunter,Solwold,LS,Washington,Florida,0.8,3
2026,Chance,Fitzgerald,WR,Vanderbilt,Austin Peay,,4
2026,Noah,Braham,TE,West Virginia,Bryant,,3
2026,Javen,Augustus,EDGE,Coastal Carolina,Idaho,,3
2026,Kael,Kolarik,S,Iowa,South Dakota,,
2026,Trevon,Humphrey,OT,North Carolina Central,Boston College,0.86,3
2026,Leivi,Semaia,IOL,East Carolina,Midwestern State,,2
2026,Amani,Givens,RB,Louisiana Tech,,,
2026,Josiah,Brown,WR,Penn State,LIU Post,,3
2026,Jaidyn,Doss,WR,Kansas,Northwest Missouri State,,3
2026,Eric,Rasheed,WR,North Greenville,Mercer,0.83,3
2026,Dyson,Sims,ATH,Michigan State,,,2
2026,Anta'Veon,McKenzie,S,Sacramento State,UAB,0.83,3
2026,Tymere,Jackson,EDGE,Texas State,,,
2026,Bobby,Crosby,S,Texas State,,,3
2026,Darrion,Dalton,DL,Washington State,,,3
2026,AJ,Davis,CB,Washington State,,,3
2026,Wilky,Denaud,DL,Florida Atlantic,,,3
2026,Mason,Baker,OT,San Diego State,,,
2026,Tyrell,Reed Jr.,RB,UL Monroe,,,3
2026,Desmond,Brown,EDGE,Findlay,,,
2026,TJ,Peyton,RB,Georgia State,East Tennessee State,,3
2026,Terry,Lockett,WR,Eastern Michigan,,,3
2026,Patrick,Durkin,K,Tulane,Florida,,
2026,Maurice,Davis,EDGE,Louisville,,,3
2026,Nick,McLarty,P,Ohio State,Arizona State,,
2026,Jonah,Leaea,DL,Utah,Michigan,0.87,3
2026,Reis,Stocksdale,WR,Bowling Green,Temple,,
2026,Sam,Keltner,K,SMU,Oklahoma State,,
2026,Trey,McDonald,LB,Virginia,,,3
2026,Jaedon,Matthews,RB,Cal Poly,,,3
2026,Carius,Curne,OT,LSU,Ole Miss,0.94,4
2026,Bryant,Williams,OT,Louisiana,Arkansas,0.93,4
2026,Ty,Haywood,OT,Michigan,Alabama,0.9,4
2026,Eli,Thompson,CB,Holy Cross,Ohio,0.83,3
2026,Carlos,Slayden,IOL,Southern Miss,Akron,0.83,3
2026,Nick,Hudson,CB,Brown,Texas,0.83,3
2026,Ryan,Kingston,P,Southeast Missouri State,Bowling Green,0.83,3
2026,Aidan,McCowan,CB,Nicholls,Georgia Southern,0.82,3
2026,Derek,Jensen,OT,Iowa State,,,3
2026,Joshua,Schuetzmann,OT,Old Dominion,Rhode Island,,3
2026,Koi,Perich,S,Minnesota,Oregon,0.95,4
2026,Ethan,Tranel,P,Wisconsin La Crosse,Wisconsin,0.83,3
2026,Parker,Knutson,CB,Southwest Minnesota State,Minnesota,0.86,3
2026,JaVonnie,Gibson,WR,Oklahoma,Cincinnati,0.89,3
2026,London,Montgomery,RB,East Carolina,Florida,0.89,3
2026,Alijah,Alexander,DL,Eastern Michigan,,,
2026,Terris,Dudley,LB,NC State,UConn,,3
2026,Travon,Pankey,RB,Washington State,,,3
2026,CJ,Wilson Jr.,EDGE,Butler,UL Monroe,0.83,3
2026,Christian,Aiken,LB,Virginia Union,,,
2026,Reggie,Jean,DL,Northern Illinois,Coastal Carolina,0.82,3
2026,Freddie,Pelling,OT,Campbell,West Georgia,,3
2026,Jackson,Harper,WR,UConn,,,
2026,Zavian,Tibbs,EDGE,Houston,,,
2026,Anthony,Robinson III,S,Ole Miss,,,3
2026,Jermy,Jackson Jr.,EDGE,Texas State,,,3
2026,Kevin,Longstreet,CB,USC,,,
2026,Lamont,Johnson-Burrell,CB,Sacramento State,,,3
2026,Jimmy,Valsin III,WR,Oregon State,,,3
2026,Thomas,McCoy,WR,Northern Illinois,,,
2026,Ed,Smith IV,DL,South Alabama,Tulane,0.83,3
2026,Shannon,Blair,CB,Memphis,,,3
2026,Curtis,Gerrand,P,Sam Houston,UCLA,,
2026,Trey,Tremba,RB,Army,,,
2026,Derek,Houston,LB,Sacramento State,,,3
2026,CJ,Tiller,QB,Utah State,,,3
2026,Kendell,Anderson,S,Morgan State,Marshall,,
2026,Kevin,Hornbeak,DL,Tiffin University,Temple,0.84,3
2026,Denzel,Gardner,QB,Southern Miss,Memphis,,3
2026,Tanner,Rinderknecht,IOL,Northern Illinois,,,2
2026,Roy,Alexander,WR,Texas Tech,,,
2026,Tre',Hartwell,RB,Western Michigan,,,3
2026,Dylan,Hampsten,EDGE,Sacramento State,Fresno State,0.83,3
2026,Charlton,Luniewski,IOL,Michigan State,San Diego State,,3
2026,Terry,Kirksey Jr.,LB,Arkansas State,,,3
2026,Michael,Gravely Jr.,S,Ball State,,,3
2026,Bryce,Cohoon,WR,Kansas,South Dakota,,3
2026,Akim,Lanieux,WR,Arizona State,,,
2026,Donovan,Turner,CB,Illinois,Sacramento State,0.83,3
2026,Fitzroy,Ledgister,CB,Western Michigan,,,3
2026,Odera,Orizu,EDGE,NC State,UConn,0.8,3
2026,Jamill,Williams,WR,Albany State,Jacksonville State,0.84,3
2026,AJ,Johnson,WR,UAB,,,3
2026,Cheick,Kaba,DL,Charlotte,,,
2026,James,Ash,DL,Auburn,,,3
2026,Kenji,Christian,RB,Toledo,,,3
2026,Ailama,Morton,IOL,Nevada,,,3
2026,Carter,Jula,P,UNLV,Florida State,,
2026,Xayvion,Noland,WR,Texas-Rio Grande Valley,Oregon State,,
2026,Kyle,Carpenter,CB,Colorado,,,
2026,Omar,Ibrahim,CB,Temple,Monmouth,,
2026,Devin,Hunter,S,Tennessee Tech,East Tennessee State,,
2026,Krypto,Norwood,CB,Southeastern Louisiana,,,
2026,Gavin,Garcia,RB,Kent State,,,3
2026,Jeron,Askren,TE,Missouri State,,,2
2026,Fabian,Duncan,RB,Allen University,,0.82,3
2026,Caleb,Schmidt,LS,Minot State,Iowa State,,
2026,Jaydyn,Johnson,LB,Marshall,,,
2026,Jamarcus,Smith,LB,Illinois State,,,
2026,Jacob,Saurbeck,OT,Central Michigan,,,3
2026,Travis,Gray,OT,New Mexico,,,3
2026,Lex,Thomas,QB,NC State,,,3
2026,Jacoby,Davis,CB,Kansas,,,3
2026,Bryan,Whitehead,EDGE,Arkansas State,,,2
2026,Melvin,Jordan IV,LB,Georgia Tech,,,3
2026,Popeye,Williams,EDGE,Western Michigan,,,4
2026,Jaedon,Wilson,WR,UCLA,,,3
2026,Trevor,Bindel,IOL,Washington State,Iowa State,,3
2026,Matt,Vezza,QB,New Hampshire,Ohio,,
2026,Cody,Raymond,EDGE,Wisconsin,Ohio,,3
2026,Isaiah,Hackett,CB,Youngstown State,,,3
2026,Eric,Weatherly,WR,Ball State,,,3
2026,Que,Billingsley,CB,Gardner-Webb,UAB,,
2026,Val,Erickson,OT,NC State,Liberty,,3
2026,Truman,Griffith,EDGE,Kansas State,,,2
2026,Marquis,Cooper,CB,Buffalo,,,
2026,JD,Rayner,OT,James Madison,UCLA,,3
2026,Jason,Maciejczak,IOL,Nebraska,Wyoming,,3
2026,Brad,Baur,OT,Rice,,,3
2026,Kam,Weaver,LB,Troy,,,3
2026,Bo,Simpson-Nealy,S,Western Carolina,Florida Atlantic,0.83,3
2026,Jayvan,Boggs,WR,Florida State,,0.89,3
2026,Beau,Phillips,RB,Central Washington,Washington State,,3
2026,Bryan,Hansen,P,Colorado State,West Virginia,,
2026,Myles,Norwood,CB,South Carolina,,,
2026,Jericho,Johnson,DL,Oregon,California,0.9,4
2026,Jahzari,Priester,DL,Virginia Tech,North Texas,,
2026,Joshua,Lloyd,EDGE,Western Michigan,Austin Peay,,3
2026,Kyle,Hicks,LS,Tennessee State,UCF,,
2026,Jakob,Gude,S,UCF,App State,,3
2026,Willie,Wilson,S,American International,UL Monroe,0.83,3
2026,Jase,Hoath,TE,Tennessee State,UL Monroe,0.83,3
2026,Martez,Curry,OT,Lincoln (MO),Old Dominion,0.83,3
2026,Cade,Callahan,TE,Merrimack,UL Monroe,0.82,3
2026,Devon,Manuel,OT,Florida,App State,0.86,3
2026,Cody,Haddad,S,Ohio State,Iowa,0.86,3
2026,Easton,Baker,LB,Illinois,,0.83,3
2026,Joshua,Donald,DL,Houston,Louisville,0.84,3
2026,Arlis,Boardingham,TE,Bowling Green,Auburn,0.86,3
2026,Damari,Alston,RB,Auburn,Tulsa,0.86,3
2026,Javeon,Campbell,EDGE,Kentucky,Alabama A&M,0.86,3
2026,Seth,Smith,OT,Northern Arizona,South Carolina,0.87,3
2026,Tabias,Hinton,EDGE,Alcorn State,,0.83,3
2026,Davin,Martin,CB,UTSA,Texas Tech,0.87,3
2026,Ty,Bartrum,S,Harvard,UCF,0.83,3
2026,Kade,Caton,TE,Oregon,South Florida,0.86,3
2026,Jayden,Marable,DL,Memphis,Eastern Kentucky,0.83,3
2026,Kenyon,Garner,EDGE,Livingstone,Florida Atlantic,0.84,3
2026,Peter,Diaz,IOL,Shippensburg,Georgia State,0.83,3
2026,Jordan,Pigram,DL,Northwest Missouri State,,0.83,3
2026,Andre,Jordan Jr.,CB,UCLA,Auburn,0.87,3
2026,Toric,Goins Jr.,WR,UTEP,,,2
2026,Tanner,Williams,LB,San Diego State,Montana,,3
2026,David,Dellenbach,K,Ohio,,,
2026,Emory,Floyd,CB,App State,Colorado,0.86,3
2026,Will,Smith,EDGE,North Texas,Southern Miss,0.86,3
2026,Amar,Thomas,EDGE,James Madison,,0.86,3
2026,Corey,Gordon Jr.,S,Louisville,Kansas,0.86,3
2026,Esean,Carter,DL,Toledo,,0.86,3
2026,Derrick,Carroll,RB,TCU,,,
2026,Justin,Marshall,RB,Colorado State,Liberty,0.83,3
2026,Samuel,Dankah,LB,East Carolina,,,3
2026,Cameron,Wright,WR,Coastal Carolina,,,3
2026,Blake,Purchase,EDGE,Oregon,Ole Miss,0.93,4
2026,Gemari,Sands,RB,Florida Atlantic,Florida State,0.86,3
2026,Marquis,Groves-Killebrew,CB,Arizona,California,0.86,3
2026,Trey,Petty,QB,Illinois,Western Michigan,0.83,3
2026,Amari,Wallace,CB,Miami,Sacramento State,0.86,3
2026,Omiri,Wiggins,RB,Louisiana Tech,McNeese,0.83,3
2026,Montrell,Chapman,LB,Mississippi State,Old Dominion,0.83,3
2026,Corey,Reddick Jr.,RB,Valdosta State,,0.83,3
2026,Quincy,Smith,DL,Lenoir-Rhyne,Delaware,0.84,3
2026,Jacob,Cosby-Mosley,S,Wake Forest,Western Kentucky,0.83,3
2026,Stone,Chaney,EDGE,Michigan State,Memphis,0.8,3
2026,Jonathan,Watts,S,Idaho State,San José State,0.8,3
2026,Jaidan,Scott,S,Sam Houston,,,3
2026,John,Custis,DL,Emory & Henry,Liberty,0.84,3
2026,JJ,Buchanan,WR,Utah,Michigan,0.94,4
2026,Austin,Simmons,QB,Ole Miss,Missouri,0.93,4
2026,Jeremiah,Koger,WR,South Florida,Auburn,0.89,3
2026,Cason,Henry,OT,South Carolina,Louisville,0.87,3
2026,Zach,Cochnauer,OT,Nevada,,0.87,3
2026,Jaden,Mangham,S,Michigan,Purdue,0.87,3
2026,Jaylin,Lucas,RB,Florida State,Tulane,0.87,3
2026,Kadin,Lynch,IOL,William & Mary,Utah State,0.83,3
2026,Ondre,Evans,CB,Georgia,NC State,0.87,3
2026,Jamroc,Grimsley,CB,Florida,Mississippi State,0.86,3
2026,Hammond,Russell IV,DL,West Virginia,Wisconsin,0.86,3
2026,Isaac,Wilson,QB,Utah,Colorado,0.86,3
2026,Cole,Adams,WR,Alabama,Vanderbilt,0.86,3
2026,Quinton,Harris,OT,TCU,Colorado State,0.86,3
2026,Qua,Ashley,RB,Ball State,,0.82,3
2026,DJay,Braswell,RB,Georgia State,,,4
2026,Ja'Mareion,Gipson,CB,Nebraska Kearney,Tarleton State,0.84,3
2026,Cobey,Sellers,CB,Texas A&M,Vanderbilt,0.86,3
2026,Jake,Taylor,OT,Oklahoma,Iowa State,0.86,3
2026,Jaylen,Harvey,EDGE,Penn State,North Carolina,0.86,3
2026,Nahzae,Cox,WR,Middle Tennessee,Kansas,0.86,3
2026,DeAree,Rogers,WR,Northern Illinois,,0.86,3
2026,Terence,Roberson Jr.,OT,Ouachita Baptist,Arkansas,0.87,3
2026,Carson,Gulker,TE,Ferris State,Michigan State,0.86,3
2026,Monjaro,Senegal,OT,Colorado State,UTSA,,
2026,Ja'Marion,Wayne,CB,Coastal Carolina,,,4
2026,Eze,Osondu,LB,California,UTSA,,3
2026,Josh,Hoover,QB,TCU,Indiana,0.93,4
2026,Jalen,Wright,LB,Alabama A&M,,0.83,3
2026,Elisha,West,CB,Michigan State,Minnesota,0.83,3
2026,Cameron,Cooper,LB,Western Colorado,San Diego State,0.85,3
2026,Tyler,Hughes,QB,William & Mary,Wyoming,0.83,3
2026,Tomiwa,Durojaiye,DL,Illinois,South Carolina,0.93,4
2026,Tyler,Stewart,WR,Temple,Indiana State,,3
2026,Khamani,Alexander,RB,App State,Charlotte,,3
2026,Jake,Davis,EDGE,Pennsylvania,,,
2026,Jackson,Stratton,QB,Iowa,,0.83,3
2026,Ben,Roebuck,IOL,Michigan,Western Michigan,,3
2026,Xavier,Bausley,OT,West Virginia,Marshall,,
2026,Marcus,McKenzie,CB,BYU,Utah State,,3
2026,Andre,Thomas,LB,Central Michigan,,,3
2026,RJ,Chapman,S,Merrimack,New Mexico State,,
2026,Ryan,Blum,IOL,Central Michigan,,,3
2026,Luke,Womack,ATH,South Dakota State,Northern Colorado,,3
2026,Devin,Scura,TE,UTSA,Nicholls,,2
2026,William,Fowles,WR,App State,Austin Peay,,3
2026,Davin,Wydner,QB,West Georgia,Louisville,0.82,3
2026,Elijah,Holmes,QB,Wingate,Buffalo,0.83,3
2026,Devyn,Curtis,LB,Arkansas State,,,3
2026,Harrison,Brun,S,Minnesota,South Dakota,,2
2026,Ian,Strong,WR,Rutgers,California,0.92,4
2026,Morrow,Evans,LS,UCLA,,,2
2026,Sam,Hunsaker,K,Northern Arizona,Pittsburgh,0.83,3
2026,Josh,Humes,TE,Coastal Carolina,Delaware,0.79,2
2026,Jack,Van Dorselaer,TE,Tennessee,Oklahoma,0.9,4
2026,Daylen,Austin,S,Oregon,Arizona,0.89,3
2026,Jake,Guarnera,IOL,Michigan,,0.92,4
2026,Vandrevius,Jacobs,WR,South Carolina,Miami,0.92,4
2026,Kyran,Duhon,EDGE,Oklahoma State,Tulsa,0.88,3
2026,Kaleb,Patterson,CB,Illinois,Kansas State,0.87,3
2026,Cree,Thomas,CB,Notre Dame,Colorado,0.87,3
2026,Brenden,Deasfernandes,CB,Central Michigan,Northwestern,0.87,3
2026,Xavier,Miles,DL,Charlotte,Memphis,,3
2026,Cole,Sullivan,LB,Michigan,Oklahoma,0.87,3
2026,Brock,Schott,TE,Miami,Indiana,0.87,3
2026,Kwazi,Gilmer,WR,UCLA,Nebraska,0.87,3
2026,Isaac,Terrell,EDGE,Washington State,Iowa State,0.87,3
2026,Aiden,Gobaira,EDGE,James Madison,UCLA,0.88,3
2026,Cardrece,Mobley,WR,Shorter,,0.8,3
2026,Ransom,McDermott,OT,Louisville,Temple,,3
2026,Marshall,Washington Jr.,CB,LIU Post,,0.83,3
2026,Shaun,Shahu,OT,Saginaw Valley State,Miami (OH),0.83,3
2026,Andrew,Sprague,OT,Michigan,,,4
2026,Eryx,Daugherty,IOL,Boston College,Louisville,0.88,3
2026,Ja’Bari,Odoemenem,LB,Duquesne,Oregon State,0.85,3
2026,Jaylyn,Monds,CB,Eastern Michigan,,,2
2026,Ian,Ratliff,P,App State,North Texas,,
2026,Kenyan,Kelly,S,UTSA,Tarleton State,,3
2026,Tamarley,Smith,IOL,Eastern Michigan,,,3
2026,Landon,Ransom-Goelz,WR,Rice,Montana,,3
2026,Steven,Shannon,DL,Florida International,,,3
2026,Asani,Redwood,DL,West Virginia,South Florida,,3
2026,Leavy,Johnson,IOL,South Alabama,North Alabama,,
2026,AJ,Hairston,QB,Massachusetts,Merrimack,,3
2026,Lawrence,Hattar,IOL,Michigan,,,
2026,Josh,Baka,S,UAB,,,2
2026,Elliot,Huether,P,St. Thomas,East Carolina,0.84,3
2026,Sterling,Berkhalter,WR,Wake Forest,Texas,0.91,4
2026,Lee,Molette III,S,UConn,Arizona,0.86,3
2026,Nicco,Marchiol,QB,West Virginia,Northwestern,0.86,3
2026,Martavious,Collins,TE,Florida Atlantic,,,3
2026,Alex,Taylor,WR,North Carolina,Georgia Southern,0.86,3
2026,Sekou,Kromah,DL,Temple,Rutgers,0.86,3
2026,Jakolbi,Wilson,DL,Fort Hays,James Madison,,
2026,Micah,DeBose,IOL,Alabama,Vanderbilt,0.87,3
2026,Braylon,Alexander,CB,Washburn,Georgia State,0.82,3
2026,Hunter,Osborne,DL,Virginia,Arkansas,0.87,3
2026,Ricardo,Jones,S,Clemson,Vanderbilt,0.87,3
2026,Colton,Joseph,QB,Old Dominion,Wisconsin,0.87,3
2026,Saint,Farrior,DL,App State,Auburn,0.87,3
2026,Justin,Eklund,LB,Bowling Green,Montana,,3
2026,Ghee,Evans,LB,Arkansas Monticello,,0.85,3
2026,Jayden,Bass,OT,UConn,,,3
2026,Reed,Chandley,P,Georgia State,Florida Atlantic,,
2026,Xion,Chapman,DL,Florida International,Minnesota,0.92,4
2026,Khi'len,Gates,IOL,Lincoln (MO),Old Dominion,0.83,3
2026,Landon,Ellis,WR,James Madison,UCLA,0.86,3
2026,Leland,Smith,WR,San José State,UCLA,0.86,3
2026,Jamaal,Whyce Jr.,DL,Marshall,Baylor,0.86,3
2026,Caden,Crawford,EDGE,South Dakota,Iowa State,0.86,3
2026,Jacob,Smith,EDGE,Kentucky,Louisville,0.86,3
2026,De'Marion,Thomas,DL,Oklahoma State,Houston,0.86,3
2026,Kasen,Carpenter,IOL,Oklahoma State,Kansas,0.86,3
2026,Donovan,Hoilette,EDGE,Richmond,North Carolina,0.86,3
2026,Terrence,Lewis,WR,North Texas,Oklahoma State,0.86,3
2026,Chase,Sowell,WR,Iowa State,Penn State,0.93,4
2026,Landon,Hammond,CB,Tulane,,,3
2026,Jackson,Murray,DL,Colorado State,,,3
2026,Micah,Pryor,DL,Delaware,,,
2026,Ashton,Wolff,K,Colorado State,,,2
2026,Connie,Hewitt II,TE,Liberty,,,3
2026,Quintrevion,Wisner,RB,Texas,Florida State,0.93,4
2026,Eugene,Wilson III,WR,Florida,LSU,0.93,4
2026,Key,Crowell,CB,East Carolina,Illinois State,,
2026,Joe,Brunner,IOL,Wisconsin,Indiana,0.93,4
2026,Nick,Duzansky,LS,Oregon,Michigan State,,
2026,Zach,Wilcke,QB,Charlotte,Northwestern State,,
2026,Nick,Hawthorne,EDGE,Massachusetts,,,3
2026,Steve,Chavez-Soto,RB,San José State,Utah,0.88,3
2026,Kemari,Nix,S,Arkansas State,,,3
2026,Roman,Tillmon,S,South Dakota,Boise State,0.86,3
2026,Upton,Bellenfant,K,Texas Tech,South Carolina,,
2026,Brycen,Scott,CB,Elon,Louisville,0.86,3
2026,Jatavius,Shivers,OT,South Carolina,Purdue,0.86,3
2026,Ta'kai,Chisolm,EDGE,Maine,,,
2026,Bruno,Zandamela,OT,Jackson State,,,3
2026,Raleigh,Collins III,S,New Hampshire,,,3
2026,AJ,Green,RB,Arkansas,Western Michigan,,4
2026,AJ,Green,EDGE,Louisville,,0.91,4
2026,Perry,Thompson,WR,Auburn,Minnesota,0.9,4
2026,Jahiem,Johnson,CB,Tulane,Arkansas,0.9,4
2026,Cam,Vaughn,WR,West Virginia,Miami,0.9,4
2026,Matthew,Fobbs-White,EDGE,Baylor,Virginia,0.89,3
2026,Christian,Alliegro,LB,Wisconsin,Ohio State,0.88,3
2026,Jonathan,Maldonado,EDGE,Nevada,Ole Miss,0.87,3
2026,Dominic,Diaz,LS,Air Force,,,
2026,Semaj,James,S,Hawai'i,,,
2026,Cameren,Jenkins,S,Baylor,North Texas,,
2026,Michael,Masunas,TE,Michigan State,Texas,0.86,3
2026,K'Von,Sherman,LB,Toledo,UConn,0.86,3
2026,Daniel,Cobbs,S,Kansas State,Baylor,0.86,3
2026,Vincent,Carroll-Jackson,DL,UConn,Georgia Tech,0.86,3
2026,Shelton,Lewis,CB,Clemson,Arkansas,0.86,3
2026,Kaden,Helms,TE,Oklahoma,Minnesota,0.86,3
2026,La'Vell,Wright,RB,Western Kentucky,Pittsburgh,0.85,3
2026,Cooper,Blomstrom,EDGE,Georgetown,Arizona,0.85,3
2026,DeMarco,Ward,LB,Memphis,Pittsburgh,0.85,3
2026,Jaquez,Joiner,IOL,UCF,Marshall,0.85,3
2026,Achilles,Woods,DL,South Alabama,LSU,0.85,3
2026,Vernon,Woodward III,CB,Illinois,Jacksonville State,0.85,3
2026,Drew,Terrill,OT,Miami (OH),Houston,0.85,3
2026,Christian,Pritchett,S,Georgia Tech,Kansas,0.85,3
2026,O'Shawn,Ross Jr.,RB,LIU Post,Bryant,0.82,3
2026,Caleb,Williams,S,Faulkner University,Southern Miss,0.83,3
2026,Landon,Sides,WR,North Texas,East Carolina,,3
2026,Jack,Goheen,LB,Bucknell,,,
2026,Lance,Byndon,EDGE,Morgan State,Stony Brook,0.82,3
2026,L A Jessie,Harrold,EDGE,Florida State,UCF,0.87,3
2026,Jelani,Thurman,TE,Ohio State,North Carolina,0.89,3
2026,Wayne,Knight,RB,James Madison,UCLA,0.87,3
2026,Malikai,Nichols,CB,Saint Francis (PA),Sacramento State,0.85,3
2026,Dallas,Vakalahi,DL,Utah,Penn State,0.87,3
2026,Nick,Reinicke,LB,Iowa State,Western Illinois,,
2026,Keyshawn,Johnson,EDGE,UT Martin,Syracuse,0.86,3
2026,Tyrese,Boss,CB,Wyoming,Arizona,0.86,3
2026,Landon,Williams,EDGE,New Mexico,Stephen F. Austin,,3
2026,Salahadin,Allah,RB,Oregon State,Iowa State,0.86,3
2026,Ja'Son,Prevard,CB,Virginia,Kansas State,0.86,3
2026,Chris,D'Appolonia,LB,Toledo,Syracuse,0.86,3
2026,Jasper,Parker,RB,Michigan,Arkansas,0.86,3
2026,Richard,Young,RB,Alabama,Colorado,0.86,3
2026,Asaad,Waseem,WR,Florida Atlantic,Purdue,0.86,3
2026,Ryan,McCulloch,EDGE,California,UCLA,0.86,3
2026,Bryce,Butler,DL,Washington,Texas Tech,0.86,3
2026,Justin,Eaglin,CB,James Madison,Colorado,0.86,3
2026,Brandon,Davis-Swain,DL,Colorado,Texas A&M,0.86,3
2026,Will,Way,IOL,Weber State,Wake Forest,0.85,3
2026,Justin,Terrell,DL,NC State,Sam Houston,0.85,3
2026,Jacob,Sexton,OT,Oklahoma,Oklahoma State,0.86,3
2026,Ta'Shawn,James,S,Iowa State,UCLA,0.86,3
2026,DJ,Barksdale,CB,James Madison,UCLA,0.86,3
2026,Caleb,Flagg,S,Missouri,UCF,0.85,3
2026,Jaron,Thomas,RB,Purdue,Minnesota,0.85,3
2026,Air,Noland,QB,South Carolina,Memphis,0.86,3
2026,Chance,Harrison,CB,Colorado State,Western Illinois,,3
2026,Kenyon,Partridge,DL,Western Carolina,Tarleton State,,
2026,Tymere,Burton,LB,Utah State,Southeast Missouri State,,3
2026,Devin,Harper,IOL,Ole Miss,LSU,0.92,4
2026,Landyn,Cleveland,S,Oklahoma State,UNLV,0.86,3
2026,Antonio,Meeks,WR,Louisville,Wake Forest,0.86,3
2026,Mark,Hensley,DL,Northern Illinois,Missouri,0.86,3
2026,Donnie,Cheers,WR,Southeast Missouri State,Nevada,0.86,3
2026,Mason,King,RB,Illinois State,Kent State,,
2026,Liam,O'Brien,QB,Pennsylvania,Cincinnati,,
2026,Terron,Kellman,RB,Wyoming,Liberty,,3
2026,Joseph,Head Jr.,EDGE,Mississippi State,Memphis,,3
2026,Rino,Monteforte,LS,California,Kansas,,2
2026,Ryan,Nolan,S,Texas State,,,2
2026,Anto,Saka,EDGE,Northwestern,Texas A&M,0.92,4
2026,Ejiroghene,Egodogbare,DL,Yale,Houston,0.87,3
2026,Deven,Bryant,LB,Washington,USC,0.87,3
2026,John,Walker,DL,UCF,Ohio State,0.87,3
2026,Hollis,Davidson III,TE,Auburn,Alabama A&M,0.86,3
2026,Ade,Willie,CB,Michigan State,North Carolina,0.86,3
2026,Tyran,Warren,WR,Alcorn State,NC State,0.86,3
2026,Kollin,Lewis,CB,North Texas,Oklahoma State,0.86,3
2026,Terrence,Moore,IOL,Toledo,UConn,0.86,3
2026,Marcus,Harris,WR,Washington,UCLA,0.86,3
2026,Owen,Stoudmire,DL,Boston College,Nebraska,0.86,3
2026,Tyson,Ford,DL,California,UCLA,0.86,3
2026,Tre,Stevens,LB,Lafayette,Arkansas State,0.85,3
2026,Prince,Strachan,WR,USC,West Virginia,0.86,3
2026,Tyler,Ethridge,OT,CSU-Pueblo,Boise State,0.83,3
2026,Lyndon,Cooper,IOL,Pittsburgh,Vanderbilt,0.86,3
2026,Desirrio,Riles,TE,East Carolina,Florida State,0.86,3
2026,Vili,Taufatofua,EDGE,San José State,Colorado,0.86,3
2026,Grayson,Wilson,QB,Arkansas,Boston College,0.86,3
2026,Trey,White,EDGE,San Diego State,Texas Tech,0.86,3
2026,Jayden,Gibson,WR,Oklahoma,South Carolina,0.86,3
2026,Mark,Manfred III,CB,Missouri,Kentucky,0.86,3
2026,Nick,Brown,CB,Lamar,Utah,0.84,3
2026,Bryson,Beaver,QB,Oregon,Georgia,0.91,4
2026,Keanu,Williams,DL,UCLA,Penn State,0.86,3
2026,Chidera,Otutu,DL,UTSA,Cincinnati,0.86,3
2026,Logan,Howland,OT,Oklahoma,Virginia Tech,0.86,3
2026,Paul,Bowling,IOL,Troy,Florida State,0.86,3
2026,Dylan,Armentrout,RB,Defiance College,Kent State,,2
2026,Ahmad,Breaux,DL,LSU,Kentucky,0.85,3
2026,Flynn,Schiele,WR,Colorado School of Mines,Cincinnati,,2
2026,D'Mariun,Perteet,RB,Coastal Carolina,Charlotte,0.8,3
2026,Baron,Taylor,S,Southern Utah,Southern Miss,0.82,3
2026,Smith,Snowden,CB,Utah,Michigan,0.92,4
2026,Roland,Podesta,P,Boise State,Coastal Carolina,,3
2026,Chris,Johnson II,CB,Arizona State,Montana,,3
2026,Bryce,Anderson,S,Texas A&M,,,4
2026,Jordan,Renaud,EDGE,Alabama,Ole Miss,0.92,4
2026,Harrison,Williams,RB,Harding,Louisiana Tech,0.82,3
2026,Deryc,Plazz,OT,Miami,Auburn,0.86,3
2026,TJ,Hedrick,OT,Ole Miss,Auburn,0.86,3
2026,Michai,Boireau,DL,Florida,Ole Miss,0.92,4
2026,Justin,Stevenson,WR,Utah,North Texas,,3
2026,Semaj,Bridgeman,LB,Michigan State,,,4
2026,Willis,McGahee IV,EDGE,Nebraska,,,3
2026,D'Shaun,Ford,RB,UL Monroe,,,3
2026,Michael,Allen,RB,Marshall,East Carolina,,4
2026,Jason,Cross Jr.,S,West Virginia,North Texas,,3
2026,Aaron,Philo,QB,Georgia Tech,Florida,0.89,3
2026,AJ,Hill,QB,Memphis,Arkansas,0.87,3
2026,Tree,Babalade,OT,South Carolina,Nebraska,0.87,3
2026,Khalil,Barnes,S,Clemson,Georgia,0.87,3
2026,Donovan,Grayson,EDGE,Samford,Coastal Carolina,0.86,3
2026,La'khi,Roland,CB,Maryland,Arkansas,0.86,3
2026,Balansama,Kamara,EDGE,Albany,Colorado,0.85,3
2026,Shepherd,Bowling,LB,Rice,,,3
2026,Angel,Toombs,EDGE,Wisconsin,Jacksonville State,,
2026,A.J.,Fuimaono,DL,UCLA,,,3
2026,Pierre,Royster,S,UAB,,,
2026,Jaden,Roper,DL,Georgia State,Bryant,,3
2026,Gary,Turner Jr.,S,Georgia State,,,
2026,Tyler,Robles,K,Texas State,Washington,,
2026,Jordan,Buckley,DL,Western Michigan,,,3
2026,Maddox,Marcotte,IOL,Toledo,,,3
2026,Donovan,Nevils,DL,Memphis,,,3
2026,Plae,Wyatt,S,Rice,Abilene Christian,,3
2026,Jackson,Bunn,IOL,Kentucky,Jacksonville State,0.81,3
2026,Sam,Leavitt,QB,Arizona State,LSU,0.98,5
2026,Malcolm,Alcorn-Crowder,DL,Kansas State,SMU,0.86,3
2026,Dilin,Jones,RB,Wisconsin,LSU,0.86,3
2026,Wilkin,Formby,OT,Alabama,Texas A&M,0.93,4
2026,Jayden,Rowe,CB,Kansas State,Baylor,0.85,3
2026,Trent,Fraley,IOL,North Dakota State,Michigan State,0.86,3
2026,Rodney,Fields Jr.,RB,Oklahoma State,Kansas State,0.86,3
2026,Kristian,Phillips,IOL,Michigan State,Boston College,0.86,3
2026,Moussa,Kane,CB,Duke,UConn,0.86,3
2026,James,Jones,RB,Delaware State,New Mexico State,0.86,3
2026,Carter,Vargas,RB,UC Davis,California,0.86,3
2026,Makai,Shahid,S,Youngstown State,Arkansas State,0.86,3
2026,Jardin,Gilbert,S,LSU,Mississippi State,0.86,3
2026,Cam,Dooley,S,Kentucky,Florida,0.86,3
2026,Curt,Neal,DL,Illinois,Purdue,0.86,3
2026,Muizz,Tounkara,WR,Florida,Houston,0.86,3
2026,Vincent,Firenze,S,Dayton,Wake Forest,0.86,3
2026,Colin,Hurley,QB,LSU,Michigan,0.85,3
2026,JJ,Hawkins,EDGE,Southern Miss,,0.86,3
2026,Joseph,Ionata,IOL,Alabama,Georgia Tech,0.86,3
2026,Jahlil,Florence,CB,Oregon,Missouri,0.86,3
2026,Cary,Grant,S,Charlotte,App State,0.85,3
2026,Jeremiah,Melvin,WR,Wake Forest,East Carolina,0.86,3
2026,Jacob,Finley,CB,Northern Illinois,Cincinnati,0.86,3
2026,Hasaan,Sykes,CB,Western Carolina,Kentucky,0.86,3
2026,Ryan,Berger,OT,Oregon State,Wake Forest,0.86,3
2026,Kavion,Henderson,EDGE,Arkansas,Troy,0.85,3
2026,Makari,Bodiford,RB,Memphis,Kansas State,0.85,3
2026,Clay,Martineau,LB,Boise State,New Mexico,0.85,3
2026,Kaleb,Miles,CB,East Texas A&M,UTEP,0.85,3
2026,Shamar,Arnoux,CB,Florida State,Auburn,0.86,3
2026,Xavier,Styles,S,Robert Morris,Iowa,0.85,3
2026,Dylan,Vickerson,WR,Western Kentucky,Alabama State,,3
2026,Joey,Schlaffer,TE,Penn State,Temple,0.85,3
2026,KJ,Daniels,WR,Oklahoma,UAB,0.84,3
2026,Kanye,Thompson,CB,Slippery Rock,Pittsburgh,0.85,3
2026,Ryan,Ricketti,WR,Valparaiso,New Hampshire,0.8,3
2026,TJ,Metcalf,S,Michigan,Tennessee,0.87,3
2026,Armoni,Rue,CB,Michigan State,UL Monroe,0.79,2
2026,Semaj,Pierre,WR,Rice,Howard,,3
2026,Myles,Abernathy,WR,Georgia State,Holy Cross,,
2026,Damarion,Witten,WR,Ohio State,Miami (OH),0.86,3
2026,Josh,Hough,DL,California (PA),Cincinnati,0.85,3
2026,Earl,Little Jr.,S,Florida State,Ohio State,0.93,4
2026,Robert,Woodyard Jr.,LB,Auburn,Missouri,0.89,3
2026,Malik,Blocton,DL,Auburn,LSU,0.89,3
2026,Donovan,Starr,CB,Auburn,Clemson,0.87,3
2026,Taz,Reddicks,WR,Oregon State,UNLV,0.87,3
2026,Dakoda,Fields,CB,Oregon,Oklahoma,0.87,3
2026,Caleb,Goodie,WR,Cincinnati,Missouri,0.87,3
2026,Javion,Hilson,EDGE,Missouri,Virginia Tech,0.87,3
2026,Braeden,Orlandi,S,Carroll College,Montana,0.86,3
2026,Santana,Hopper,DL,Tulane,Colorado,0.87,3
2026,Austin,Romaine,LB,Kansas State,Texas Tech,0.87,3
2026,Nick,Herzog,OT,Northwestern,,,3
2026,Kyran,Bourda,DL,Texas State,,,3
2026,Jay,Crable,EDGE,Ohio,Florida Atlantic,,3
2026,Saboor,Karriem,S,Illinois,Temple,,3
2026,Max,Tulen,P,Bethune-Cookman,Tulsa,,
2026,Zyheem,Collick,WR,Bryant,Charlotte,,
2026,James,Steel,DL,UAB,Delaware,,3
2026,Arrington,Maiden,QB,Memphis,James Madison,,3
2026,Colin,Page,RB,Texas,North Texas,,
2026,Mihalis,Santorineos,LB,New Mexico,,,2
2026,Banks,Bowen,QB,Oklahoma State,North Alabama,,3
2026,Jovan,Clark,LB,Washington State,Ball State,,3
2026,Henry,Hasselbeck,QB,UCLA,App State,,3
2026,Nic,Reeves,IOL,Temple,,,
2026,Tyrell,Lewis,QB,Arkansas State,,,3
2026,Trent,Walker,WR,Oregon State,Houston,0.87,3
2026,Dwayne,McDougle,S,San Diego State,Nebraska,0.87,3
2026,Lance,Ingold,EDGE,Northern Illinois,Iowa,0.87,3
2026,Marquez,Spells,RB,Newberry,,,
2026,Terrence,Enos Jr.,OT,Kansas State,,,3
2026,Gavin,Magorien,LS,Marshall,,,
2026,Devin,Dunn,S,Arizona,Montana,,
2026,Jadyn,Oh,K,Syracuse,Oregon State,0.8,3
2026,Christian,Pierce,LB,Michigan,Michigan,,3
2026,Mike,Diatta,DL,Oklahoma State,Vanderbilt,0.86,3
2026,David,Ndukwe,OT,Houston,,,3
2026,Chase,Meyer,K,California,,,
2026,Campbell,Vandiver,OT,South Carolina,Montana,,
2026,Ja'Kayden,Ferguson,WR,Arkansas,Kentucky,0.86,3
2026,Eddy,Smith,DL,Texas Tech,UTSA,,3
2026,Alec,Johnson,IOL,Georgia State,Western Kentucky,,2
2026,Chance,Williams,RB,Cincinnati,Charlotte,,3
2026,Immanuel,Ezeogu,EDGE,James Madison,Colorado,0.86,3
2026,Daniel,Mincey,IOL,UAB,,,3
2026,Donovan,Fitzmaurice,DL,Washington State,Iowa State,,3
2026,Cristian,Conyer,CB,App State,Eastern Kentucky,,3
2026,Eric,Adams,S,North Carolina Central,App State,,
2026,Koy,Beasley,S,Miami (OH),Kansas State,0.86,3
2026,Grayson,Howard,LB,Florida,South Florida,0.86,3
2026,Bradyn,Joiner,IOL,Purdue,Florida State,0.86,3
2026,Michael,Wooten,IOL,Arizona,South Florida,0.85,3
2026,Jeremiah,Bernard,S,Cal Poly,Washington State,0.85,3
2026,Connor,Jones,OT,Michigan,Georgia State,0.85,3
2026,Michael,Richard,S,Louisiana Tech,Michigan State,0.85,3
2026,Jaron,Glover,WR,Mississippi State,South Florida,,3
2026,Chase,Hendricks,WR,Ohio,California,0.93,4
2026,Kelby,Collins,DL,Alabama,South Carolina,0.88,3
2026,David,Santiago,EDGE,Michigan State,Kansas,0.86,3
2026,JC,French IV,QB,Georgia Southern,Cincinnati,0.86,3
2026,Victor,Snow,WR,Buffalo,NC State,0.86,3
2026,Isaiah,Kema,IOL,Ohio State,Utah,0.86,3
2026,Javan,Robinson,CB,Arizona State,Wisconsin,0.86,3
2026,Gideon,Lampron,LB,Bowling Green,Colorado,0.85,3
2026,Donovan,Green,TE,LSU,Oklahoma State,0.86,3
2026,Daylen,Russell,DL,Miami,Louisville,0.85,3
2026,Damarius,Russell,S,Washington State,Iowa State,0.85,3
2026,Keylen,Davis,IOL,Akron,Pittsburgh,0.85,3
2026,Gavin,Willis,LB,Charlotte,,,
2026,Rico,Walker,TE,Purdue,California,0.86,3
2026,Isaiah,Buxton,CB,San Diego State,San José State,0.86,3
2026,Landon,Wright,WR,Washington State,Boston College,0.86,3
2026,Malcolm,Jones,S,Jacksonville State,Iowa State,0.86,3
2026,Isaiah,Stone,WR,LSU,Georgia State,0.82,3
2026,Tyler,Ebel,P,South Dakota,Vanderbilt,,
2026,Daniel,Taumoepeau,LB,Eastern Washington,,,3
2026,Billy,Walton III,EDGE,SMU,Oklahoma State,0.86,3
2026,Tyler,Masdea,DL,Shippensburg,Utah State,0.84,3
2026,Trevor,Duncan,OT,Tennessee,The Citadel,0.85,3
2026,Marko,Luera,IOL,New Mexico,,,3
2026,Jaylen,Jenkins,RB,Texas State,,,3
2026,Gekyle,Baker,WR,TCU,,0.86,3
2026,Caleb,Smith,DL,Washington,Alabama,0.86,3
2026,Javen,Johnson,DL,Coastal Carolina,,,
2026,Ja'Meer,Thomas,WR,Syracuse,,,3
2026,Kam,Mikell,WR,Colorado,Georgia Southern,0.86,3
2026,Yasir,Muhammad,CB,UNLV,,,3
2026,Emmett,Brown,QB,Coastal Carolina,,,3
2026,Jonah,Burton,WR,Idaho State,Duke,0.86,3
2026,Floyd,Williams,CB,Missouri State,,,
2026,DJ,Black,WR,UCF,South Carolina,0.86,3
2026,Trashun,Griffin,EDGE,Troy,Middle Tennessee,,3
2026,Alex,Sanford Jr.,LB,Purdue,Pittsburgh,0.86,3
2026,Wilhelm,Daal II,RB,Yale,Duke,0.86,3
2026,Carrington,Pierce,CB,Oklahoma State,USC,0.8,3
2026,Jamarion,Wilcox,RB,Kentucky,Marshall,0.85,3
2026,Mason,Ellens,CB,Iowa State,Miami (OH),0.85,3
2026,Izaiah,Guy,CB,South Florida,Liberty,,3
2026,Chizara,Alegbe,IOL,Wofford,,,
2026,Derek,Pennington,LB,Western Michigan,,,3
2026,Chaz,Coleman,EDGE,Penn State,Tennessee,0.98,5
2026,Ben,Bogle,LB,West Virginia,Arkansas,0.87,3
2026,Taj,White,OT,Rutgers,Colorado,0.87,3
2026,Ashton,Daniels,QB,Auburn,Florida State,0.86,3
2026,Cai,Bates,CB,Florida State,Wisconsin,0.86,3
2026,Owen,Sweeney,WR,VMI,Marshall,,
2026,Codie,Hornsby,IOL,Tulsa,,,
2026,Luke,Weaver,QB,Hawai'i,San José State,,3
2026,Jaylon,Calhoun,RB,App State,North Alabama,,3
2026,Daniel,Porto,K,Florida A&M,Coastal Carolina,,
2026,K.J.,Miles,DL,Temple,Memphis,,3
2026,Janier,Armstead,DL,South Alabama,,,
2026,Jackson,Biser,EDGE,West Virginia,,,
2026,Mathias,Smith-Davis,EDGE,Central State,Northern Illinois,,
2026,Lachlan,Carrigan,P,Memphis,USC,,
2026,Adom,LeDuc,EDGE,Saginaw Valley State,,,
2026,Reginald,Hughes,LB,Colorado,,0.86,3
2026,PJ,Wilkins,IOL,Ole Miss,Wisconsin,0.86,3
2026,Shamar,Meikle,EDGE,Oregon State,South Florida,0.85,3
2026,JJ,O'Neal,S,Missouri State,,,
2026,Julian,Allen,WR,Toledo,UConn,0.82,3
2026,Larry,Jones III,EDGE,New Mexico State,Stephen F. Austin,,3
2026,Zy'Terrio,Lee,OT,Campbell,,,
2026,Jaydon,Smith,S,North Texas,UTRGV,,3
2026,Jordan,Pierro,CB,Louisiana Tech,Eastern Washington,,3
2026,Hamilton,DiBoyan,K,South Alabama,Austin Peay,,
2026,Jacob,Strand,OT,Oregon State,Auburn,0.88,3
2026,Tah'j,Butler,LB,Georgia Tech,Ole Miss,0.87,3
2026,Billy,Lyons,TE,Florida Atlantic,East Tennessee State,,
2026,Gavin,Harris,TE,New Mexico State,Georgia Tech,0.86,3
2026,Braden,Miller,OT,California,Duke,0.88,3
2026,Kelze,Howard,DL,Oregon State,Georgia State,,4
2026,Josh,Alexander-Felton,DL,NC State,,,3
2026,Marcus,Mozer,WR,San Diego State,Northern Colorado,,3
2026,Tyrecus,Davis,CB,Colorado,,,3
2026,Trech,Kekahuna,WR,Wisconsin,North Carolina,0.88,3
2026,Jalil,Martin,S,Syracuse,,,3
2026,Damari,Jefferson,WR,Western Kentucky,,,
2026,Robert,Hammond III,K,Toledo,Kansas State,,
2026,Lo'Kavion,Jackson,S,Mississippi State,,,3
2026,Ferzell,Shepard,WR,Mississippi State,,,4
2026,Darius,Jones,LB,Wake Forest,,,3
2026,James,Williams,EDGE,Florida State,Oklahoma State,0.87,3
2026,Robert,Edmonson,LB,Colorado State,Illinois,0.87,3
2026,Marvin,Burks Jr.,S,Missouri,Wisconsin,0.87,3
2026,Tyler,Thompson,EDGE,North Carolina,Louisville,0.87,3
2026,Xavier,Gilliam,DL,Penn State,Tennessee,0.94,4
2026,Jehiem,Oatis,DL,Colorado,Ole Miss,0.87,3
2026,E'Marion,Harris,OT,Arkansas,Oklahoma,0.93,4
2026,Marquise,Davis,RB,Missouri,Louisville,0.87,3
2026,Ju'Juan,Johnson,RB,LSU,Syracuse,0.87,3
2026,Caleb,Woodson,LB,Virginia Tech,Alabama,0.86,3
2026,Naquan,Crowder,DL,Marshall,Minnesota,0.86,3
2026,Derrick,LeBlanc,DL,UCF,Maryland,0.86,3
2026,Omarion,Davis,S,Boston College,Penn State,0.86,3
2026,Devon,Baxter,EDGE,Michigan,Virginia,0.86,3
2026,Cody,Jackson,WR,Tarleton State,Iowa State,0.86,3
2026,Isaiah,Reed,CB,UCF,Massachusetts,0.8,3
2026,Zah'eed,Pierre,CB,Eastern Michigan,,,3
2026,Leyton,Nelson,OT,Wisconsin,,,3
2026,Nic,Anderson,WR,LSU,Kentucky,0.88,3
2026,David,Wells Jr.,WR,Oregon State,Tulsa,0.87,3
2026,Darius,Bailey,WR,Puget Sound,Portland State,0.82,3
2026,Rico,Bond,WR,Lindenwood,Toledo,0.86,3
2026,Walker,Eget,QB,San José State,Duke,0.86,3
2026,Gavin,Sawchuk,RB,Florida State,Northwestern,0.86,3
2026,Bernard,Lackey Jr.,S,East Carolina,Southwest Mississippi C.C.,,
2026,Luke,Duncan,QB,UCLA,Nevada,,3
2026,Ethan,Carrier,S,Minnesota,South Dakota,,
2026,Elijah,Fields,DL,Stephen F. Austin,UTEP,,
2026,Cameron,Weir,WR,Washington State,North Dakota,,
2026,Josiah,Davis,S,Florida,,,3
2026,Luke,Work,OT,Mississippi State,Missouri,0.89,3
2026,Angelo,McCullom,DL,Illinois,Texas A&M,0.88,3
2026,Ja'Cory,Thomas,WR,Old Dominion,Vanderbilt,0.9,4
2026,Joshua,Manning,WR,Missouri,Kansas State,0.87,3
2026,Carter,Pabst,WR,Washington State,Iowa State,0.85,3
2026,Josiah,Clemons,IOL,Memphis,Arkansas,0.85,3
2026,Horace,Lockett,DL,UCF,,0.87,3
2026,Owen,Chambliss,LB,San Diego State,Nebraska,0.87,3
2026,David,Anchondo,OT,Saginaw Valley State,Northwestern,0.84,3
2026,Cole,Tabb,RB,Stanford,Cincinnati,0.85,3
2026,Talan,Carter,DL,Jacksonville State,Vanderbilt,0.85,3
2026,Vince,Fiacable,IOL,Florida Atlantic,,0.86,3
2026,Evan,Jackson,S,North Texas,Oklahoma State,0.86,3
2026,Ezra,Christensen,DL,New Mexico State,Colorado,0.86,3
2026,Lyrik,Rawls,S,Kansas,Arizona State,0.86,3
2026,Cam,Edwards,RB,UConn,Michigan State,0.86,3
2026,Jimarion,McCrimon,OT,East Carolina,NC State,0.86,3
2026,Blake,Cherry,OT,Arkansas,Wisconsin,0.86,3
2026,Quay'sheed,Scott,CB,Kentucky,South Carolina,0.86,3
2026,Anthony,Sacca,LB,Notre Dame,UCLA,0.86,3
2026,Alonza,Barnett III,QB,James Madison,UCF,0.86,3
2026,Fatafehi,Vailea II,DL,North Texas,Oklahoma State,0.85,3
2026,Alex,Perry,WR,Florida International,Illinois,0.86,3
2026,Max,Anderson,IOL,Tennessee,Kentucky,0.86,3
2026,Damaine,Wilson,LB,Georgia State,Cincinnati,0.85,3
2026,Ish,Findlayter,DL,Duquesne,Oregon State,0.85,3
2026,Connor,Ackerley,QB,Western New Mexico,Furman,0.82,3
2026,DeMone,Green,DL,Rice,Lamar,,3
2026,Juwon,Gaston,S,Middle Tennessee,,,3
2026,Ian,Duarte,WR,Idaho State,Tennessee,0.85,3
2026,Emmanuel,Okoye,EDGE,Tennessee,California,0.86,3
2026,Chancellor,Owens,DL,Arizona,Texas State,0.85,3
2026,Clayton,Coppock,WR,Kennesaw State,Coastal Carolina,0.85,3
2026,Toby,Mealer,IOL,Louisiana Tech,Southern Miss,,3
2026,Nicholas,Fernandez,DL,UTRGV,Cal Poly,,3
2026,Kaleb,Beasley,S,Tennessee,Louisville,0.86,3
2026,Brandon,Hood,RB,Massachusetts,Southern Miss,0.84,3
2026,Gary,Givens III,WR,Northern Illinois,,,
2026,Jarrett,Reeser,P,Boise State,,,
2026,Skyler,Sholder,K,Delaware,,,
2026,Josh,Flowers,QB,Arkansas State,,,3
2026,Steven,Curtis,DL,Minnesota,North Texas,,3
2026,Giovanni,Adopte,WR,Gardner-Webb,,,3
2026,Jalen,Charles,EDGE,Memphis,New Mexico,,3
2026,Wes,Tucker,IOL,Baylor,Abilene Christian,,3
2026,Tonga,Lolohea,DL,Baylor,,,3
2026,Trent,Wilson,IOL,James Madison,Iowa,0.85,3
2026,Devin,Ancrum,DL,North Carolina,Charlotte,0.85,3
2026,Brody,Foley,TE,Tulsa,Louisville,0.92,4
2026,Damarrion,White,EDGE,Fresno State,,,3
2026,Alvon,Isaac,RB,South Florida,,0.85,3
2026,Raycine,Guillory,RB,Utah,LSU,0.85,3
2026,Riley,Robell,IOL,James Madison,UCLA,0.88,3
2026,Keshaun,Singleton,WR,South Florida,Auburn,0.87,3
2026,Elliot,Washington II,CB,Penn State,Clemson,0.87,3
2026,Cameron,Miller,WR,Kentucky,Ole Miss,0.87,3
2026,Maurion,Horn,CB,Texas Tech,Oklahoma State,0.86,3
2026,Dean,Miller,EDGE,Kansas,UCF,0.86,3
2026,Derek,Williams Jr.,S,Texas,,0.86,3
2026,Chas,Nimrod,WR,South Florida,Auburn,0.86,3
2026,Kene,Anene,IOL,Kansas,North Dakota State,0.85,3
2026,Michael,Short,LB,Virginia Tech,TCU,0.86,3
2026,La'Garrius,Sims,EDGE,East Central,Middle Tennessee,,
2026,Braden,Awls,S,Toledo,Iowa State,0.86,3
2026,Christian,Harrison,S,Cincinnati,Arkansas,0.86,3
2026,Henry,Fenuku,IOL,Missouri,North Texas,0.86,3
2026,Gavin,Jenkins,CB,South Florida,Auburn,0.86,3
2026,Thomas,Collins,DL,Oregon State,UCF,0.86,3
2026,Hogan,Wasson,WR,Central Missouri,Middle Tennessee,0.82,3
2026,Eliyt,Nairne,DL,Tulane,Pittsburgh,0.85,3
2026,William,Holmes,EDGE,Utah State,Illinois,0.86,3
2026,Rodney,Lora,DL,UCF,Purdue,0.86,3
2026,Keviyan,Huddleston,EDGE,North Texas,Oklahoma State,0.86,3
2026,Kaden,Strayhorn,IOL,Michigan,Alabama,0.86,3
2026,Kahmari,Brown,EDGE,Elon,Iowa,0.86,3
2026,Justin,Agu,CB,Louisville,Tulane,0.86,3
2026,Mark,Chapman,IOL,Columbia,New Mexico State,0.82,3
2026,Rex,Haynes,WR,Arizona,Utah State,0.82,3
2026,Darrian,Anderson,WR,Oregon,Fresno State,0.82,3
2026,Timothy,Taylor Jr.,DL,Jacksonville State,Bowling Green,0.8,3
2026,Reed,Blake-Thomas,LB,Eastern Illinois,East Tennessee State,,2
2026,Caden,Brown,EDGE,Syracuse,Florida A&M,,3
2026,Fitzgerald,West Jr.,DL,Louisiana,,,3
2026,Choe,Bryant-Strother,EDGE,BYU,,,3
2026,Chauncey,Davis,CB,Colorado State,Stephen F. Austin,,3
2026,Gavin,Nelson,TE,Sacramento State,Cal Poly,,
2026,Payton,Hoff,LS,Grambling,Cal Poly,,
2026,Daniel,Vuckovic,P,Northern Illinois,Arkansas State,,
2026,Chenellson,Exume,DL,Florida Atlantic,Eastern Kentucky,,3
2026,Princewill,Umanmielen,EDGE,Ole Miss,LSU,0.98,5
2026,Arion,Carter,LB,Tennessee,,0.93,4
2026,Popo,Aguirre,LB,Miami,NC State,0.89,3
2026,Tobi,Haastrup,EDGE,Oregon,West Virginia,0.87,3
2026,Tae,Meadows,RB,Troy,Auburn,0.86,3
2026,Kaderris,Roberts,RB,Bowling Green,Delaware,0.86,3
2026,Jamal,Cooney,WR,Dartmouth,Northwestern State,,3
2026,Ayden,Guess,EDGE,Northeastern State,East Tennessee State,,
2026,Lynn,Wyche-El,WR,Grand Valley State,Youngstown State,0.82,3
2026,Conor,McAneney,K,Quincy,Florida State,0.8,3
2026,Kari,Jackson,LB,Penn State,Toledo,0.85,3
2026,Lawson,Thorn,K,Wingate,South Florida,,
2026,Myles,Libman,WR,Stanford,New Mexico State,,3
2026,Eli,Samples,OT,Charlotte,,,
2026,JaMair,Diaz,LB,Sam Houston,Temple,,
2026,Willy,Suarez,WR,Florida State,Indiana State,,
2026,Isaiah,Horton,WR,Alabama,Texas A&M,0.96,4
2026,Yannick,Smith,WR,East Carolina,SMU,0.92,4
2026,Aidan,Chiles,QB,Michigan State,Northwestern,0.9,4
2026,Jaime,Ffrench Jr.,WR,Texas,Michigan,0.87,3
2026,Elijah,Moore,WR,Florida State,Syracuse,0.86,3
2026,Kamren,Washington,DL,Texas State,Baylor,0.86,3
2026,KD,Daniels,RB,Florida,Wake Forest,0.86,3
2026,LJ,Prudhomme,IOL,Arkansas,Mississippi State,0.86,3
2026,Braylon,Conley,CB,USC,Georgia,0.86,3
2026,Christian,Neptune,WR,South Florida,Auburn,0.86,3
2026,Kooper,Ebel,LB,Iowa State,Penn State,0.86,3
2026,Luke,Baklenko,OT,Oklahoma,Arizona State,0.86,3
2026,C.J.,Coombes,S,Wofford,North Texas,0.85,3
2026,Chance,Robinson,WR,Miami,NC State,0.86,3
2026,Devin,McCuin,WR,UTSA,Ohio State,0.86,3
2026,Dylan,Lee,RB,Iowa State,UCLA,0.86,3
2026,Sullivan,Schlimgen,LB,Washington State,Iowa State,0.86,3
2026,Locklan,Hewlett,QB,South Florida,Auburn,0.85,3
2026,Alex,Birchmeier,IOL,Penn State,Liberty,0.85,3
2026,Tolu,Olajide,OT,New Hampshire,Wake Forest,0.85,3
2026,Chris,Spencer,DL,Old Dominion,UAB,0.82,3
2026,Abram,Murray,K,California,UL Monroe,0.8,3
2026,Brian,Tapu,OT,Nebraska,San José State,0.86,3
2026,Ray,Hall,WR,Western Michigan,Cal Poly,,
2026,Mason,Mims,QB,Louisville,East Tennessee State,,3
2026,MJ,Stroud,EDGE,Georgia Southern,,,3
2026,Brayden,Ramey,OT,South Alabama,,,3
2026,Aisea,Moa,LB,Michigan State,Michigan,0.86,3
2026,Austin,Alexander,EDGE,North Carolina,Western Michigan,0.86,3
2026,Terry,Moore,S,Duke,Ohio State,0.94,4
2026,Ilya,Uvaydov,K,Utah Tech,New Mexico State,,
2026,Mario,Nash Jr.,OT,Florida State,Mississippi State,0.86,3
2026,Gage,Stanaland,IOL,Oklahoma State,Georgia State,,3
2026,Brandon,Winton,WR,South Florida,East Tennessee State,,3
2026,Gio,Kafentzis,S,Utah State,Portland State,,3
2026,Jayden,Woods,EDGE,Florida,,0.96,4
2026,Mateen,Ibirogba,DL,Wake Forest,Texas Tech,0.96,4
2026,Reed,Harris,WR,Boston College,Arizona State,0.94,4
2026,Braden,Pegan,WR,Utah State,Utah,0.92,4
2026,Adam,Trick,EDGE,Miami (OH),Texas Tech,0.9,4
2026,Jordan,Castell,S,Florida,Kentucky,0.87,3
2026,Yasin,Willis,RB,Syracuse,Kansas,0.86,3
2026,Tony,Williams,S,UCF,Kennesaw State,0.86,3
2026,Jayce,Freeman,WR,Stony Brook,Temple,0.86,3
2026,Thomas,Johnson,EDGE,North Carolina Central,Cincinnati,0.86,3
2026,Harry,Dalton III,RB,USC,Maryland,0.86,3
2026,Carter,Miller,IOL,UCF,South Carolina,0.86,3
2026,Kyri,Shoels,WR,San José State,Utah,0.86,3
2026,Steven,Soles Jr.,LB,Kentucky,Arkansas,0.86,3
2026,Jojo,Johnson,DL,Oregon State,Texas Tech,0.86,3
2026,Kedrick,Bingley-Jones,DL,Mississippi State,Alabama,0.86,3
2026,Cyrus,Reyes,S,Mississippi State,Kentucky,0.85,3
2026,Zayveon,Wells,S,Western Carolina,South Carolina State,0.8,3
2026,Damon,Wilson II,EDGE,Missouri,Miami,0.97,4
2026,TJ,Branch,S,Colorado,UCF,0.85,3
2026,Jackson,Brown,IOL,Pittsburgh,UNLV,0.85,3
2026,Daveon,Walker,WR,Alabama A&M,Texas Southern,0.85,3
2026,Jayden,Fortier,TE,Arizona State,Stephen F. Austin,0.85,3
2026,Tim,Griffin,DL,Cincinnati,Georgia Tech,0.85,3
2026,Cincere,Rhaney,RB,San Diego State,Sacramento State,0.85,3
2026,Rickey,Williams,LB,Toledo,UConn,0.85,3
2026,Austin,Ausberry,S,LSU,Baylor,0.85,3
2026,Conlan,Greene,DL,Temple,Youngstown State,,2
2026,Elijah,Barnes,LB,Texas,Kentucky,0.9,4
2026,Evan,Boyd,WR,Michigan State,Iowa State,0.85,3
2026,Jailen,Duffie,CB,North Dakota State,UCF,0.85,3
2026,Corey,Myrick,S,Southern Miss,Clemson,0.85,3
2026,Deuce,Lee,S,Monmouth,Georgia State,0.85,3
2026,Kanijal,Thomas,CB,Kansas State,Oklahoma State,0.85,3
2026,Brandon,Best,IOL,Kennesaw State,East Carolina,0.85,3
2026,Naeten,Mitchell,S,New Mexico State,Colorado,0.85,3
2026,Isaiah,Patterson,LB,UNLV,West Virginia,0.85,3
2026,Lucas,Simmons,OT,Florida State,Wisconsin,0.85,3
2026,DeSean,Watts,DL,Sacramento State,Washington,0.85,3
2026,Amarion,Fortenberry,CB,Kansas State,South Florida,0.85,3
2026,Tegra,Tshabola,IOL,Ohio State,Kentucky,0.93,4
2026,Isaiah,Dent,OT,Oklahoma,Mississippi State,0.86,3
2026,Kenneth,Williams,RB,Nebraska,Michigan State,0.85,3
2026,Danny,Lauter,QB,Georgetown,Syracuse,0.84,3
2026,Harrison,Tuck,P,Alabama State,Memphis,0.83,3
2026,James,Roe,LS,Toledo,Wisconsin,0.8,3
2026,Jeremy,Richardson,S,Shorter,Mercer,0.83,3
2026,Tommy,Winton III,WR,Tennessee,East Tennessee State,,3
2026,Carter,Lavrusky,OT,Kansas,Northern Arizona,,3
2026,Josiah,Martin,WR,Oklahoma,North Texas,,3
2026,Donavan,Philord,CB,Campbell,Central Michigan,,3
2026,Trevor,Swan,OT,Georgetown,Central Michigan,,
2026,Losini,Maka,IOL,Georgetown,Central Michigan,,
2026,Jayden,Clerveaux,RB,Holy Cross,Central Michigan,,
2026,Nathan,Curry,LS,North Alabama,Wyoming,,
2026,Dee,Newsome,CB,Samford,Purdue,0.85,3
2026,Jack,Foster,OT,Nevada,,0.85,3
2026,Nick,Del Grande,OT,Coastal Carolina,Duke,0.85,3
2026,Tyson,Turner,WR,Texas Tech,Houston,0.85,3
2026,Wisdom,Simms,DL,North Carolina Central,Purdue,0.85,3
2026,Everett,Small,OT,Eastern Michigan,Rutgers,0.85,3
2026,Fame,Ijeboi,RB,Minnesota,Purdue,0.85,3
2026,David,Kabongo,S,Oklahoma State,Utah State,0.85,3
2026,Keshawn,Davila,CB,Arkansas,North Texas,0.85,3
2026,Johnnie,Brown III,IOL,Georgia Southern,Louisville,0.85,3
2026,Ethan,Newman,IOL,Memphis,Nevada,0.85,3
2026,Michael,Montgomery,LB,Southern Miss,Memphis,0.85,3
2026,Veguer,Jean-Jumeau,OT,Tennessee State,Boston College,0.85,3
2026,Tyler,Budge,QB,Georgia Southern,Rhode Island,,2
2026,Jackson,Kleather,K,Bowling Green,Northwestern,,2
2026,Aizik,Mahuka,LB,Weber State,San José State,,3
2026,Kylan,Fox,TE,UCF,Purdue,0.86,3
2026,Jake,Anderson,DL,Illinois State,Wisconsin,0.86,3
2026,Brendan,Zurbrugg,QB,Utah,Walsh,,3
2026,Sam,Browder,OT,Memphis,East Tennessee State,,3
2026,Trey,Weary,WR,Tennessee,East Tennessee State,,
2026,Lamason,Waller III,WR,BYU,Southern Utah,,3
2026,Jaxon,Lee,EDGE,Tulsa,,,3
2026,Marquis,Lane-Owens,LB,App State,South Carolina State,,
2026,James,Smith,DL,Alabama,Ohio State,0.94,4
2026,Tellek,Lockette,IOL,Texas State,Maryland,0.86,3
2026,Marlin,Dean,EDGE,Georgia State,UAB,0.86,3
2026,Tyler,Johnson,OT,Auburn,Kansas State,0.86,3
2026,Kevin,Oatis,DL,Arkansas,Kansas,0.86,3
2026,Sean,Kinney,IOL,Lafayette,Colorado,0.86,3
2026,Tyshon,Huff,IOL,Tiffin University,Penn State,0.83,3
2026,Davi,Belfort,QB,UCF,James Madison,0.83,3
2026,Jayden,Davis,S,Fresno State,UConn,0.83,3
2026,Fred,Hinton,OT,Eastern Kentucky,Oklahoma,0.83,3
2026,Jayden,Madkins,DL,Louisiana Tech,Tulsa,0.83,3
2026,Ryan,Harris,K,Washington State,,0.83,3
2026,William,Wiebush,S,Wake Forest,Austin Peay,0.83,3
2026,Ja'Quavion,Smith,LB,Howard,Arkansas,0.85,3
2026,Caleb,Chester,CB,Texas,Arizona State,0.85,3
2026,James,Madison II,WR,Missouri,UTSA,0.85,3
2026,Ahmad,Miller,RB,Jackson State,Syracuse,0.85,3
2026,Hank,Purvis,IOL,Purdue,South Carolina,0.85,3
2026,Josh,Jackson,WR,McNeese,LSU,0.85,3
2026,Will,Tompkins,OT,Iowa State,Penn State,0.85,3
2026,Israel,Boyce,S,West Virginia,South Florida,0.85,3
2026,JacQai,Long,QB,Marshall,Kentucky,0.84,3
2026,Joshua,Iseah,LB,North Carolina A&T,Massachusetts,0.83,3
2026,Malachi,Henry,WR,Central Arkansas,Cincinnati,0.83,3
2026,Bear,Tenney,TE,Sacramento State,New Mexico,0.85,3
2026,Precious,Ekeh,IOL,Central Connecticut,Kennesaw State,0.85,3
2026,Trevaris,Edwards,IOL,West Florida,Middle Tennessee,0.83,3
2026,Ke'Marion,Baldwin,RB,Charleston Southern,Bowling Green,0.85,3
2026,Jordan,Brown,OT,Arizona,Georgia State,0.85,3
2026,Joshua,Dye,RB,Southern Utah,Ole Miss,0.82,3
2026,Malaki,Pegues,DL,Troy,Tennessee Tech,,3
2026,Dennis,Moody,RB,North Texas,,,
2026,DeNigel,Cooper,DL,App State,Wisconsin,0.86,3
2026,Chase,Hatton,S,Marist,,0.85,3
2026,Zion,Paret,CB,Florida Atlantic,UConn,0.85,3
2026,Rashawn,Rogers,OT,Michigan State,Ferris State,,
2026,Audric,Harris,WR,Washington,Hawai'i,,3
2026,Luke,Marble,QB,South Dakota State,West Georgia,,2
2026,Keith,Jones Jr.,WR,Grambling,Penn State,0.86,3
2026,Bradlee,Jones,CB,The Citadel,Rutgers,0.86,3
2026,Sione,Perkins,OT,Iowa State,,0.85,3
2026,Christian,Hudson,DL,Colorado,Boston College,0.85,3
2026,Jesse,Anderson,S,Pittsburgh,Kentucky,0.85,3
2026,Amare,Grayson,IOL,Jacksonville State,West Virginia,0.85,3
2026,Armstrong,Nnodim,DL,Oklahoma State,Penn State,0.85,3
2026,Marlion,Jackson,WR,Louisiana Tech,Virginia Tech,0.85,3
2026,Jonathan,Bibbs,WR,UL Monroe,UCF,0.85,3
2026,Caleb,Wheatland,LB,Auburn,Michigan State,0.85,3
2026,Kameron,Howard,S,Alabama,Boston College,0.85,3
2026,Jaheim,Buchanon,IOL,Florida International,TCU,0.85,3
2026,Mychal,McMullin,DL,James Madison,,0.85,3
2026,Filip,Maciorowski,LB,Northern Illinois,Cincinnati,0.85,3
2026,Gabe,Russo,P,Idaho State,Pittsburgh,,2
2026,Will,Stone,K,Texas,UCF,,2
2026,Trey,Cornist,RB,Central Michigan,UConn,,3
2026,CJ,Jackson,EDGE,LSU,Vanderbilt,0.86,3
2026,Nuku,Mafi,OT,Oklahoma State,Purdue,0.85,3
2026,Kamryn,Jones,WR,Boise State,,0.85,3
2026,Khristian,Martin,QB,Maryland,Fresno State,0.85,3
2026,Renick,Dorilas,CB,Rutgers,UConn,0.85,3
2026,Zane,Flores,QB,Oklahoma State,Iowa State,0.85,3
2026,Maliek,Hawkins,CB,Oklahoma,West Virginia,0.85,3
2026,Nylan,Brown,LB,Kent State,Washington State,0.85,3
2026,Darold,DeNgohe,DL,Rutgers,UCLA,0.85,3
2026,DJ,Warner,EDGE,SMU,Washington State,0.85,3
2026,David,McComb,QB,Kansas,Miami (OH),0.85,3
2026,Tyson,Davis,WR,Central Michigan,Virginia,0.85,3
2026,Jr,Sia,OT,Utah State,BYU,0.85,3
2026,Kasen,Long,DL,Texas Tech,Utah State,0.85,3
2026,Zuri,Watson,CB,Howard,Arizona,0.85,3
2026,Zakye,Barker,LB,SMU,North Texas,0.85,3
2026,Keith,Brown,LB,Washington State,,0.85,3
2026,Ahkhari,Johnson,CB,Arkansas,Louisiana Tech,0.85,3
2026,Nolan,Ray,RB,Maryland,Boston College,0.85,3
2026,Ethan,Green,OT,Cincinnati,South Florida,0.85,3
2026,Carlos,Hazelwood,DL,Toledo,Michigan State,0.85,3
2026,Elijah,Lagg,TE,UAB,Pittsburgh,0.84,3
2026,Neto,Umeozulu,IOL,Texas,North Texas,0.84,3
2026,Malcolm,Ziglar,S,North Carolina,South Florida,0.84,3
2026,Terrence,Jones II,CB,Fordham,James Madison,0.84,3
2026,Samuel,Brown V,RB,Rutgers,Temple,0.84,3
2026,Peyton,Seelmann,LB,Richmond,North Carolina,0.84,3
2026,Jamar,Curtis,RB,Sacramento State,,0.8,3
2026,Ishaan,Daniels,CB,Weber State,Idaho,0.8,3
2026,Kalen,Carroll,CB,Central Michigan,TCU,0.85,3
2026,Sedrick,Vessah,EDGE,California (PA),Buffalo,,
2026,Dakota,Quinonez,DL,Dartmouth,Duke,0.85,3
2026,Deuce,Fillmore,CB,Georgia State,Illinois,0.84,3
2026,Zach,Aamland,OT,Rutgers,Temple,0.83,3
2026,Terrance,Brown Jr.,RB,Saginaw Valley State,Middle Tennessee,,2
2026,Anthony,Crenshaw Jr.,S,Delaware,Baylor,0.85,3
2026,Andrew,VanSlyke,P,James Madison,Buffalo,0.8,3
2026,Emmanual,Stevenson,TE,Arkansas State,,,2
2026,David,LaGanga,LS,Kentucky,UConn,,
2026,Mike,Baker,K,Ole Miss,UConn,,
2026,Walt,Gray,EDGE,Coastal Carolina,Incarnate Word,,2
2026,Tionne,Gray,DL,Oregon,Notre Dame,0.94,4
2026,Kahlee,Tafai,OT,Minnesota,California,0.87,3
2026,Eli,Holstein,QB,Pittsburgh,Virginia,0.86,3
2026,Troy,Stellato,WR,Kentucky,UNLV,0.85,3
2026,Carson,Su'esu'e,TE,Oklahoma State,New Mexico State,0.85,3
2026,Ki'Shawn,Harvey,DL,East Tennessee State,App State,0.85,3
2026,James,Heard Jr.,LB,Syracuse,Mississippi State,0.85,3
2026,Harry,Lodge,TE,Wake Forest,UCLA,0.85,3
2026,Armond,Owens,IOL,Grambling,New Mexico State,0.85,3
2026,Evan,Boutorwick,LS,Michigan,Northwestern,,
2026,Vaughn,Blue,RB,Liberty,Central Michigan,,
2026,Luke,Douglas,TE,Florida State,App State,,
2026,Brandon,Amaniampong,EDGE,Indiana State,Nevada,,
2026,Chris,Barnes,WR,Wake Forest,Oklahoma State,0.9,4
2026,Javen,Nicholas,WR,Charlotte,Duke,0.87,3
2026,Tao,Johnson,S,Utah,UCLA,0.87,3
2026,Noah,Jennings,WR,Cincinnati,Minnesota,0.87,3
2026,Delvin,Morris,IOL,Akron,Kansas State,0.86,3
2026,Alex,Honig,TE,UConn,Northwestern,0.86,3
2026,Kylan,Billiot,WR,LSU,James Madison,0.86,3
2026,Jaylen,Raynor,QB,Arkansas State,Iowa State,0.85,3
2026,Cameron,Epps,S,Oklahoma State,,0.85,3
2026,Jimmy,Wyrick,S,UTSA,,0.85,3
2026,Zachary,Henning,IOL,Washington,Arizona,0.85,3
2026,Elijah,Cannon,CB,Mississippi State,Kansas,0.85,3
2026,Christian,Davis,DL,Louisiana Tech,SMU,0.85,3
2026,Taebron,Bennie-Powell,S,Notre Dame,Boise State,0.85,3
2026,Malachi,Singleton,QB,Purdue,App State,0.85,3
2026,David,Afogho,EDGE,Bowling Green,West Virginia,0.85,3
2026,Jude,Foster,IOL,Ole Miss,Liberty,0.85,3
2026,Logan,Moore,OT,UAB,Baylor,0.85,3
2026,Gavin,Marks,IOL,Mercer,Tulane,0.85,3
2026,Kamari,Wilson,S,Memphis,West Virginia,0.85,3
2026,Mike,Sandjo,DL,Washington State,,0.85,3
2026,Nick,Sharpe,IOL,South Carolina,Michigan State,0.85,3
2026,Jaylen,Thomas,CB,San José State,Washington State,0.85,3
2026,Asher,Hale,IOL,South Alabama,Baylor,0.85,3
2026,Kevontay,Wells,EDGE,UL Monroe,,0.85,3
2026,D-Icey,Hopkins,S,Georgia State,Liberty,0.85,3
2026,Malachi,Preciado,IOL,South Alabama,Tulsa,0.85,3
2026,Charlie,Woleben,EDGE,Iowa State,Missouri S&T,0.85,3
2026,KK,Meier,CB,UTSA,Cincinnati,0.85,3
2026,Reggie,Jackson,OT,Jacksonville State,Boston College,0.85,3
2026,Khijohnn,Cummings-Coleman,S,Iowa State,Kansas,0.85,3
2026,Kamauryn,Morgan,EDGE,Baylor,Missouri,0.91,4
2026,Emmanuel,Olagbaju,DL,North Dakota,Iowa,0.87,3
2026,Paul,Mubenga,IOL,LSU,Nebraska,0.87,3
2026,Kevyn,Humes,CB,Maryland,Rutgers,0.86,3
2026,Brad,Gurley Jr.,DL,Eastern Kentucky,UCF,0.85,3
2026,Zechariah,Sample,WR,Arizona State,Texas State,0.85,3
2026,Curtis,Simpson,EDGE,Charlotte,,0.85,3
2026,Lucian,Anderson III,QB,Bowling Green,South Carolina,0.85,3
2026,Darius,Cannon,WR,Murray State,Jacksonville State,0.85,3
2026,EJ,Caminong,QB,California,,0.85,3
2026,Jayden,Bryant,EDGE,Coastal Carolina,Kansas State,0.85,3
2026,Jaron,Willis,LB,South Carolina,Kansas,0.85,3
2026,Trovon,Baugh,IOL,South Carolina,Texas A&M,0.85,3
2026,Nate,Palmer,RB,TCU,Wisconsin,0.85,3
2026,Jadon,Lafontant,IOL,Boston College,Rhode Island,,3
2026,Chris,Fileppo,S,West Virginia,Penn State,0.85,3
2026,L.J.,Phillips Jr.,RB,South Dakota,Iowa,0.85,3
2026,Robby,Martin,IOL,West Virginia,Marshall,0.85,3
2026,Kenedy,Uzoma,WR,North Carolina,Temple,0.85,3
2026,Brayden,Walker,IOL,Elon,Old Dominion,0.8,3
2026,Cordale,Russell,WR,Miami (OH),Stephen F. Austin,,4
2026,Phillip,Gray,IOL,Richmond,Memphis,,2
2026,Christian,Pettway,OT,North Texas,Stephen F. Austin,,3
2026,Dylan,Freebury,K,Colorado State,South Alabama,,3
2026,Victor,Rosa,RB,UConn,Ohio,,3
2026,Kameron,Reddic,S,Stephen F. Austin,West Virginia,0.86,3
2026,Caleb,McGrath,P,Minnesota,North Dakota State,,2
2026,Tyler,Brown,S,James Madison,Iowa,0.86,3
2026,Xavier,Townsend,WR,Iowa State,Purdue,0.86,3
2026,Tyler,Brown,IOL,Colorado,James Madison,0.85,3
2026,Ke'Breion,Winston,LB,Baylor,,0.85,3
2026,Tristian,Smith,IOL,Arkansas State,,0.85,3
2026,Anthony,Speca,LB,Penn State,Purdue,0.85,3
2026,Quentin,Taylor Jr.,CB,Iowa State,Mississippi State,0.85,3
2026,Patrick,Overmyer,TE,UTSA,Houston,0.85,3
2026,Kaleb,Purdy,S,Tennessee Tech,App State,0.85,3
2026,Chris,Bracy,S,Memphis,Michigan,0.85,3
2026,Ja'Cari,Henderson,CB,UCF,App State,0.85,3
2026,Desmond,Magiya,OT,North Texas,Oklahoma State,0.85,3
2026,Jah Jah,Boyd,S,Indiana,Colorado,0.85,3
2026,Melvin,Hills III,DL,Texas,UConn,0.85,3
2026,Drake,Martinez,TE,UT Martin,Tennessee,0.85,3
2026,Jarvis,Lee,CB,South Florida,SMU,0.85,3
2026,Fredrick,Moore,WR,Michigan,Michigan State,0.85,3
2026,Gi'Bran,Payne,RB,Notre Dame,Cincinnati,0.85,3
2026,Vaea,Ikakoula,IOL,Iowa State,Penn State,0.85,3
2026,Jackson,Wade,WR,Florida,Boston College,0.85,3
2026,Jaden,Perez,WR,Oklahoma State,,0.85,3
2026,Hudson,Miller,LB,Toledo,Purdue,0.84,3
2026,Quincy,Davis,LB,New Mexico State,Kansas,0.85,3
2026,Lloyd,Avant,RB,Colorado State,Oklahoma,0.85,3
2026,Santana,Wilson,CB,Texas,Louisville,0.85,3
2026,Christian,Peterson,S,UCF,East Carolina,0.85,3
2026,Ty,Williams,OT,Austin Peay,East Tennessee State,,
2026,Caiden,Newsome,CB,Holy Cross,Akron,,
2026,Stone,Saunders,QB,Kentucky,San Diego State,0.85,3
2026,Leon,Bell,OT,California,Colorado,0.89,3
2026,Nick,Evers,QB,UConn,Missouri,0.85,3
2026,Adrian,Maddox,S,Georgia,Kansas State,0.86,3
2026,Jalen,Hale,WR,Alabama,SMU,0.86,3
2026,Elijah,Brown,QB,Stanford,Washington,0.85,3
2026,Justin,Logan,LB,Arkansas,Tennessee State,0.85,3
2026,Quante,Gillians,DL,Syracuse,Temple,0.85,3
2026,Noah,Meyers,TE,Western Kentucky,Syracuse,0.85,3
2026,Noah,Bennee,TE,Weber State,Utah,0.85,3
2026,Luke,Moga,QB,Oregon,New Mexico,0.85,3
2026,Carson,Conklin,QB,Fresno State,Sacramento State,0.85,3
2026,Le'Kell,McGowan,EDGE,Memphis,UL Monroe,0.85,3
2026,Karson,Hobbs,CB,Notre Dame,Florida State,0.87,3
2026,Neeo,Avery,EDGE,Maryland,South Dakota,0.85,3
2026,Elijiah,Oehlke,QB,Wake Forest,Bryant,0.85,3
2026,Josh,Sapp,TE,Clemson,West Virginia,0.85,3
2026,Kendrick,Gilbert,DL,Louisville,Ball State,0.85,3
2026,CJ,Solis-Lumar,CB,Cal Poly,Washington State,0.85,3
2026,Jordan,Pride,S,Texas A&M,Southern Miss,0.85,3
2026,Jabriel,Rhodes-Nelson,EDGE,Georgia State,,0.85,3
2026,Dion,Crawford,LB,Buffalo,Michigan State,0.85,3
2026,Stephen,Gales,OT,Toledo,,0.85,3
2026,Tyler,Stolsky,LB,Florida Atlantic,West Virginia,0.85,3
2026,Jalen,Dupree,RB,Colorado State,Kansas,0.85,3
2026,Clay,Thevenin,RB,Louisiana Tech,Rutgers,0.85,3
2026,Tanner,Morley,IOL,Colorado State,Kansas State,0.85,3
2026,DeAndre,Carter,IOL,Auburn,Iowa State,0.85,3
2026,Ryan,Davis,EDGE,Kansas State,Baylor,0.85,3
2026,Aeryn,Hampton,WR,Alabama,Oregon State,0.85,3
2026,Ben,Perry,LB,UCLA,Louisville,0.85,3
2026,Malachi,Hood,LB,Illinois,West Virginia,0.85,3
2026,Rocky,Beers,TE,Colorado State,Oklahoma,0.85,3
2026,Joe,Hjelle,DL,Tulsa,Indiana,0.85,3
2026,Dimitry,Nicolas,DL,Maryland,Sam Houston,0.85,3
2026,Toby,Bolton,CB,Tennessee Tech,Georgia State,0.85,3
2026,Dylan,Spencer,EDGE,Texas Tech,UTSA,0.85,3
2026,Maarten,Woudsma,IOL,Old Dominion,Old Dominion,0.85,3
2026,Oumar,Diomande,LB,UConn,Colorado State,0.85,3
2026,Bisi,Owens,WR,Pennsylvania,Purdue,0.86,3
2026,Briley,Brown,IOL,UTSA,Houston Christian,0.85,3
2026,Darin,Conley,DL,Ball State,Washington,0.85,3
2026,Adjatay,Dabbs,WR,Mercer,Toledo,0.85,3
2026,Brady,Allen,QB,Louisville,Indiana State,0.85,3
2026,Cameron,Pettaway,RB,Bowling Green,Iowa State,0.85,3
2026,Dalesean,Staley,S,San Diego State,,0.85,3
2026,Anthony,Miller,TE,Tulane,Arizona State,0.85,3
2026,Cam,Coleman,WR,Auburn,Texas,0.98,5
2026,Jett,Carpenter,TE,Nevada,Texas Tech,0.85,3
2026,Elijah,Reed,CB,Akron,Utah,0.85,3
2026,Saadiq,Clements,DL,North Texas,Oklahoma State,0.85,3
2026,Cedric,Jefferson,OT,Montana State,Utah,0.85,3
2026,Israel,Petite,CB,Robert Morris,Toledo,,2
2026,Jackson,Veasy,DL,Jacksonville State,,,
2026,Jeremiah,Harrison,WR,East Tennessee State,James Madison,0.87,3
2026,Darrius,Clemons,WR,Oregon State,Washington State,0.86,3
2026,Shane,King,TE,Southern Miss,Arizona,0.85,3
2026,Sydir,Mitchell,DL,LSU,Wake Forest,0.85,3
2026,Kenny,Odom,WR,UTEP,South Florida,0.85,3
2026,Greydon,Grimes,OT,Kansas,App State,0.85,3
2026,RJ,Moss Jr.,DL,South Alabama,Florida International,0.85,3
2026,Cole,Martin,S,UCLA,,0.85,3
2026,Jaden,Harris,S,Georgia,Kansas,0.85,3
2026,Ty,Dieffenbach,QB,Cal Poly,UCLA,0.85,3
2026,D.J.,Johnson,EDGE,New Hampshire,Wake Forest,0.85,3
2026,JJ,Shelton,LB,Arkansas,Baylor,0.85,3
2026,Keshawn,Thomas,LB,Old Dominion,App State,0.85,3
2026,Mason,Williams,TE,Ohio,Ohio State,0.85,3
2026,Roger,Saleapaga II,TE,Oregon,BYU,0.91,4
2026,Antoine,Belgrave-Shorter,S,Penn State,Arizona State,0.86,3
2026,Travis,Franklin Jr.,S,Jacksonville State,Wyoming,0.85,3
2026,Nicolas,Kalume,EDGE,Maine,Arkansas State,0.85,3
2026,Roger,Gradney,LB,Nebraska,Southern,0.85,3
2026,Gabe,Daniels,WR,Syracuse,Tulane,0.85,3
2026,Anthony,Ivey,WR,Penn State,San José State,0.85,3
2026,Tyler,Woodard,S,Mississippi State,Coastal Carolina,0.85,3
2026,Darrion,Henry-Young,DL,Coastal Carolina,Virginia,0.85,3
2026,Dorian,Hoze,RB,Nevada,,,3
2026,Jayden,York,TE,Houston,,,
2026,Jaxson,Jones,EDGE,Utah,Utah Tech,0.85,3
2026,Christian,Martin,OT,Colorado State,Illinois,0.85,3
2026,Kenny,Worthy III,CB,Washington State,Cincinnati,0.85,3
2026,DJ,Jackson Jr.,EDGE,Troy,Oklahoma State,0.85,3
2026,Jahleel,Culbreath,LB,Old Dominion,UCF,0.85,3
2026,Logan,Brantley,LB,Kansas,Boise State,0.84,3
2026,Spencer,Webb,IOL,Eastern Michigan,Florida International,,
2026,SaVeon,Brown,S,Buffalo,,,3
2026,Isaac,Lucas,IOL,Ball State,San Diego State,,2
2026,Bam,Booker,EDGE,Bowling Green,,,3
2026,Jaden,Green,RB,Lehigh,Cal Poly,0.85,3
2026,Kenton,Jerido,IOL,South Alabama,,0.85,3
2026,Josh,Patterson,S,Iowa State,Wake Forest,0.85,3
2026,Victor,Evans III,CB,Florida International,Nebraska,0.85,3
2026,Chandler,Strong,IOL,Georgia Southern,North Texas,0.85,3
2026,Gavin,Broscious,IOL,Michigan State,Iowa State,0.85,3
2026,Carver,Cheeks,WR,Northern Colorado,,0.85,3
2026,Keyon,Washington,CB,Bowling Green,Iowa State,0.85,3
2026,Miller,Malone,LB,Western Kentucky,Houston,0.85,3
2026,DK,Kalu,DL,Baylor,Florida,0.85,3
2026,Adonis,McDaniel,WR,Mercer,Oregon State,0.85,3
2026,Ty,Robinson,WR,Ball State,Illinois,0.85,3
2026,Brock,Glenn,QB,Florida State,Western Kentucky,0.85,3
2026,Remington,Moss,S,Wisconsin,Elon,0.85,3
2026,Andrew,Powdrell,CB,UNLV,West Virginia,0.85,3
2026,Mackenzie,Alleyne,WR,Washington State,Oklahoma,0.85,3
2026,Michael,Merdinger,QB,Liberty,Minnesota,0.85,3
2026,De'Arieun,Hicks,DL,Gardner-Webb,Kansas State,0.85,3
2026,Keahnist,Thompson,EDGE,Weber State,Michigan State,0.85,3
2026,Zion,Steptoe,WR,Tulsa,Minnesota,0.85,3
2026,Caleb,Cook,IOL,Georgia Southern,South Florida,0.85,3
2026,Khamari,Terrell,CB,Texas State,Washington State,0.85,3
2026,Abe,Jager,CB,Utah State,Utah Tech,0.84,3
2026,Kaden,Cook,CB,California,Jacksonville State,0.85,3
2026,Eddie,Kasper,WR,Illinois State,Illinois,0.85,3
2026,Chance,Rucker,CB,Michigan State,Arizona State,0.85,3
2026,Sincere,Baines,RB,Maine,Western Kentucky,0.84,3
2026,Jacob,Arop,OT,South Dakota,California,0.84,3
2026,Hunter,Sowell,S,Iowa State,Penn State,0.84,3
2026,Xai'Shaun,Edwards,RB,Houston Christian,Missouri,0.84,3
2026,Mister,Clark,S,Florida International,Purdue,0.84,3
2026,Decari,Prater,S,Tulsa,,0.84,3
2026,Gavin,Proudfoot,OT,Northern Iowa,Iowa State,0.84,3
2026,Maverick,Gracio,EDGE,Pittsburgh,Ball State,0.84,3
2026,Brice,Stevenson,DL,Holy Cross,Iowa,0.83,3
2026,Kyle,Ferm,LB,SMU,Liberty,0.83,3
2026,Zahn,Coakley,WR,App State,UTSA,0.8,3
2026,Javon,Ross,WR,Bethune-Cookman,Tulsa,0.85,3
2026,Aaron,Karas,OT,Colorado State,Memphis,0.85,3
2026,Zach,Grace,TE,Oregon,LSU,0.85,3
2026,Lavaka,Taukeiaho,IOL,Oklahoma State,San José State,0.85,3
2026,Jordan,Thompson,LB,Western Carolina,Coastal Carolina,0.85,3
2026,Xzavier,Booker,DL,Alabama A&M,Coastal Carolina,0.85,3
2026,Dionte,Thornton,S,Portland State,Sacramento State,0.85,3
2026,Drew,Collins,EDGE,Arkansas State,South Carolina,0.86,3
2026,Nik,McMillan,WR,Buffalo,Kansas,0.85,3
2026,Jessiah,McGrew,S,Florida International,Arizona State,0.85,3
2026,Tyler,Scott,CB,Georgia State,Arkansas,0.85,3
2026,John,Stone,IOL,Rutgers,Temple,0.85,3
2026,King,Large,OT,SMU,Missouri State,0.85,3
2026,Jason,Hewlett Jr.,LB,Boston College,,0.85,3
2026,Trillion,Sorrell,CB,Washington State,Iowa State,0.85,3
2026,Patrick,Bauer,LB,Illinois State,Cincinnati,0.85,3
2026,Javarius,Green,WR,North Carolina,Boston College,0.85,3
2026,Chris,Durr Jr.,WR,Wyoming,Maryland,0.85,3
2026,Semaj,Morgan,WR,Michigan,UCLA,0.85,3
2026,Mekhi,Buchanan,EDGE,Virginia,,0.84,3
2026,Cole,Dellinger,IOL,Michigan State,Eastern Michigan,0.84,3
2026,Avery,Jones,S,Lafayette,Northern Illinois,0.84,3
2026,Braeden,Fuller,QB,Angelo State,Arkansas,0.83,3
2026,Five,Hamilton,CB,Kennesaw State,Arkansas State,0.84,3
2026,Jose,Soto,IOL,Sacramento State,Colorado,0.84,3
2026,JB,Price,RB,Kansas State,,0.84,3
2026,Maurice,Veney,TE,Morehouse,Vanderbilt,0.84,3
2026,Ayden,Pereira,QB,Merrimack,Georgia State,0.84,3
2026,Bernard,Causey III,CB,Georgia State,Wake Forest,0.84,3
2026,Lamar,Fairfax Jr.,DL,Memphis,Temple,0.84,3
2026,Brady,McDonough,QB,Navy,Georgetown,,2
2026,Tre,Berry,RB,Minnesota,Tennessee State,,3
2026,Chris,Jackson,CB,Colorado State,Ball State,,
2026,Chimdia,Nwaiwu,OT,Stephen F. Austin,Florida State,0.87,3
2026,Jaden,Yates,LB,Ole Miss,Houston,0.86,3
2026,Elijah,Groves,LB,NC State,Sam Houston,0.86,3
2026,Nate,Kurisky,TE,Louisville,Duke,0.85,3
2026,Roman,Mothershed,WR,Troy,LSU,0.85,3
2026,Cameron,Kossmann,TE,Florida,Boston College,0.85,3
2026,Duhron,Goodman,S,Washington State,Iowa State,0.85,3
2026,Riley,Williams,TE,Oregon State,Mississippi State,0.85,3
2026,Aundre,Gibson,CB,Kansas,Northern Arizona,0.85,3
2026,Isaac,Paul,S,Kennesaw State,,0.85,3
2026,Dylan,Layne,LB,Idaho,Oregon State,0.85,3
2026,Zylan,Perry,RB,Louisiana,Cincinnati,0.85,3
2026,Evan,James,WR,Furman,Iowa,0.85,3
2026,Zay,Robinson,WR,Iowa State,Penn State,0.85,3
2026,Dexter,Foster,LB,Oregon State,Nebraska,0.85,3
2026,Zion,Ragins,WR,Oklahoma,Mississippi State,0.85,3
2026,Bodie,Kahoun,LB,Notre Dame,Boston College,0.85,3
2026,Fisher,Clements,TE,Northern Colorado,Colorado,0.85,3
2026,Vontae,Floyd,CB,Duke,Florida International,0.84,3
2026,Chams,Diagne,CB,Georgia State,West Virginia,0.84,3
2026,Chandavian,Bradley,EDGE,Oklahoma State,Coastal Carolina,0.85,3
2026,Carsten,Mamaril,CB,Portland State,San Diego State,0.85,3
2026,Miequle,Brock Jr.,RB,Nicholls,Tarleton State,0.84,3
2026,Tyran,Chappell,CB,Houston Christian,Michigan State,0.84,3
2026,Aubrey,Melvin,DL,UConn,Massachusetts,0.85,3
2026,Aaron,Alexander,LB,Arkansas State,North Texas,0.84,3
2026,Jemyri,Davis,WR,Kansas State,Memphis,0.85,3
2026,Donelius,Johnson,LB,Kennesaw State,,0.84,3
2026,Khalil,Walker,IOL,South Florida,Hawai'i,0.85,3
2026,Dylan,Smith,S,Oklahoma State,Memphis,0.84,3
2026,Javon,Robinson,WR,Georgia State,Utah State,0.85,3
2026,Cam,Chadwick,CB,UConn,Virginia Tech,0.84,3
2026,Michael,Harris,LB,Maryland,South Florida,0.85,3
2026,Donovan,Leary,QB,Tulane,West Florida,0.85,3
2026,Jeremy,Evans,LB,Baylor,Arkansas,0.84,3
2026,Joe,Crocker,IOL,Baylor,Buffalo,0.84,3
2026,Ryan,Manis,LS,Liberty,Louisville,0.83,3
2026,Brian,Beidatsch Jr.,OT,Duquesne,Miami (OH),0.83,3
2026,Ike,Okafor,DL,California,Washington State,0.85,3
2026,Montreze,Smith Jr.,LB,Austin Peay,Iowa State,0.85,3
2026,Suderian,Harrison,WR,Virginia,East Tennessee State,0.85,3
2026,Landen,Thomas,TE,Florida State,,0.85,3
2026,Alex,Mitchell,LB,Middle Tennessee,App State,0.85,3
2026,Patrick,Smith-Young,S,North Texas,Duke,0.85,3
2026,Jerome,Carter III,S,Old Dominion,Clemson,0.85,3
2026,CJ,Wesley,EDGE,Howard,Clemson,0.85,3
2026,Ty,Cortes,S,Pennsylvania,,0.85,3
2026,Max,Mosey,WR,Holy Cross,Rice,0.85,3
2026,Will,Monney,TE,Oklahoma State,Utah,0.85,3
2026,Cole,Funderburk,EDGE,Wake Forest,Marshall,0.84,3
2026,Bleu,Dantzler,EDGE,Oregon State,Oregon,0.85,3
2026,Latrelle,Murrell,RB,West Georgia,Kennesaw State,0.84,3
2026,Jamaal,Johnson,EDGE,UCF,Northwestern,0.84,3
2026,David,Portu,EDGE,Charleston Southern,Austin Peay,0.85,3
2026,Christian,Greenlaw,TE,Hampton,Iowa State,0.84,3
2026,Taeshawn,Alston,EDGE,South Carolina,North Carolina Central,0.85,3
2026,Kenny,Woseley Jr.,CB,Penn State,Virginia Tech,0.85,3
2026,Cody,Sigler,DL,Arkansas State,Auburn,0.84,3
2026,Zakaih,Saez,EDGE,Oregon State,UConn,0.84,3
2026,Malaki,Ta'ase,EDGE,Washington State,Iowa State,0.84,3
2026,KJ,Sejour,CB,Chattanooga,Ohio,0.84,3
2026,Chris,Corbo,TE,Dartmouth,Georgia Tech,0.84,3
2026,Kourtney,Kelly,DL,West Georgia,Clemson,0.83,3
2026,Oliver,Lundberg Coleman,RB,UConn,Colorado State,0.83,3
2026,Quincy,Briggs,CB,Georgetown,,0.83,3
2026,Jaylen,Heyward,S,UCF,Arkansas State,0.83,3
2026,Marlon,Hauck,K,Mississippi State,Tulsa,0.83,3
2026,Zolten,Osborne,QB,Charleston Southern,Tennessee Tech,0.82,3
2026,Damani,Maxson,S,Kansas,Prairie View A&M,0.85,3
2026,Reese,Poffenbarger,QB,North Texas,Akron,0.85,3
2026,Peter,Notaro,K,Alabama,West Virginia,0.8,3
2026,Rodney,Harris II,WR,Ohio,Oklahoma State,0.85,3
2026,Kervins,Choute,DL,UConn,Virginia,0.85,3
2026,Ellijah,Washington,WR,Oregon State,Sacramento State,0.85,3
2026,Charly,Mullaly,WR,Holy Cross,South Carolina,0.85,3
2026,Ishmel,Atkins,CB,Elon,Sam Houston,0.85,3
2026,Shamar,McNeil,CB,Missouri,Akron,0.85,3
2026,Mason,Dossett,S,Baylor,LSU,0.85,3
2026,Tyler,Keinath,IOL,Boise State,New Mexico State,0.85,3
2026,Ty,Clemons,DL,Boston College,Troy,0.84,3
2026,Joenel,Figueroa,S,West Georgia,Hawai'i,0.84,3
2026,Cam,Miller,S,Memphis,Kennesaw State,0.84,3
2026,CJ,Smith,WR,Memphis,UAB,0.84,3
2026,Brian,Bates,LB,Delaware State,Sam Houston,0.84,3
2026,Tahj,Owens,S,Princeton,Western Michigan,0.84,3
2026,Bryson,Graves,WR,Coastal Carolina,Delaware,0.84,3
2026,Sterling,Miles,EDGE,Eastern Michigan,UTEP,0.84,3
2026,Dexter,Ricks Jr.,CB,Liberty,Texas State,0.84,3
2026,Ike,Esonwune,LB,Oklahoma State,UAB,0.84,3
2026,Luke,Clyburn,TE,Furman,South Florida,,
2026,Colin,Amick,OT,Montana,Iowa State,0.85,3
2026,Jacobi,Oliphant Jr.,LB,Oklahoma State,Kansas State,0.85,3
2026,Ashun,Shepphard,DL,Mississippi State,California,0.85,3
2026,Justin,Bell,OT,Michigan State,Virginia Tech,0.85,3
2026,Makai,Saina,IOL,USC,Purdue,0.85,3
2026,Osiris,Gilbert,CB,UConn,UCLA,0.85,3
2026,Stonka,Burnside,S,Mississippi State,Memphis,0.84,3
2026,Christian,Bodnar,CB,Liberty,Oklahoma State,0.84,3
2026,Jon,Morris,LB,UConn,Duke,0.84,3
2026,Markie,Grant,CB,Wyoming,Utah State,0.84,3
2026,Justin,Taylor,S,Wyoming,Central Michigan,0.84,3
2026,Nicolas,Cruji,IOL,Maine,Charlotte,0.84,3
2026,Xavier,Newsom,TE,Howard,Auburn,0.84,3
2026,Darius,Malcolm Jr.,CB,Wofford,Memphis,0.84,3
2026,Deshawn,Purdie,QB,Wake Forest,Liberty,0.84,3
2026,Laquan,Robinson,S,Kansas,Southern Miss,0.84,3
2026,Charlie,Adams,OT,Cal Poly,Kansas State,0.83,3
2026,Kamrin,Canterbury,S,UL Monroe,,0.83,3
2026,James,Tyre,WR,Western Carolina,North Texas,0.84,3
2026,Arias,Nash,DL,Virginia Tech,Tulsa,,
2026,Amari,Odom,QB,Kennesaw State,Syracuse,0.86,3
2026,David,Washington Jr.,WR,Kentucky,,0.84,3
2026,Manaki,Watanabe,K,Ashland University,Fresno State,0.8,3
2026,Miles,Burris,WR,Charlotte,Akron,0.84,3
2026,Jameel,Croft Jr.,CB,Kansas,Charlotte,0.84,3
2026,Cam,Abshire,WR,Oklahoma State,UConn,0.84,3
2026,Nate,Hale,OT,San José State,Arizona,0.84,3
2026,Jaquise,Alexander,CB,North Dakota State,Delaware,0.84,3
2026,Luke,Rector,IOL,Gardner-Webb,Toledo,0.84,3
2026,Khalil,Poteat,DL,Temple,,0.84,3
2026,Rondo,Porter,DL,App State,Rutgers,0.84,3
2026,Jax,Leatherwood,QB,Southeast Missouri State,Tennessee Tech,0.84,3
2026,Daemian,Wimberly,DL,UTSA,Baylor,0.84,3
2026,Dallas,Payne,TE,Florida International,,0.84,3
2026,Datrell,Jones,RB,Boston College,Holy Cross,0.84,3
2026,Jaedin,Lee,DL,Maine,Rutgers,0.84,3
2026,Elijah,Baldwin,EDGE,UTEP,UTSA,0.84,3
2026,Derrell,Johnson II,IOL,Wake Forest,,0.83,3
2026,Ja'Torian,Mack,S,App State,Western Carolina,0.83,3
2026,Logan,Mauldin,TE,McNeese,Charlotte,0.83,3
2026,Cejai,Parson,S,Southern Illinois,,0.83,3
2026,Jaden,Hart,RB,Syracuse,UConn,0.84,3
2026,Willard,Ferrell,CB,Presbyterian,Western Michigan,0.84,3
2026,Kaleb,Bilal-Jones,DL,Arizona,Iowa State,0.84,3
2026,Aaron,McIver,IOL,Gardner-Webb,Western Carolina,0.84,3
2026,Nathan,Natoli,OT,Bucknell,Buffalo,0.84,3
2026,Nykobi,Brown,EDGE,UConn,Colorado State,0.84,3
2026,Jonathan,Pennix,CB,Southern Miss,Troy,0.84,3
2026,Amorion,Walker,WR,Middle Tennessee,UNLV,0.84,3
2026,Connor,Hawkins,K,Baylor,Ohio State,0.84,3
2026,Malae,Fonoti,RB,Montana,Missouri,0.84,3
2026,Nino,Francavilla,IOL,Miami,Buffalo,0.84,3
2026,EJ,Colson,QB,Incarnate Word,UTEP,0.86,3
2026,Cole,Skinner,IOL,South Florida,Auburn,0.88,3
2026,Tyler,Brumfield,OT,Oklahoma State,Eastern Michigan,0.86,3
2026,Anthony,Bynum,EDGE,Middle Tennessee,Georgia Southern,0.83,3
2026,Evan,Malcore,OT,Northern Illinois,Miami (OH),0.85,3
2026,Carson,Brown,WR,Iowa State,Hawai'i,0.85,3
2026,DJ,Kelly,CB,Toledo,James Madison,,3
2026,Mekhi,Miller,WR,Tulsa,Missouri State,,3
2026,Vic,Shaw,EDGE,UTSA,New Mexico State,0.85,3
2026,Kam,Sallis,S,Jackson State,,0.85,3
2026,Landon,Sylvie,S,Southeast Missouri State,Southern Miss,0.84,3
2026,Ahmad,Poole,DL,Missouri State,Coastal Carolina,,
2026,Mojo,Dortch,WR,Troy,,,4
2026,Kyan,Berry-Johnson,WR,Wisconsin,Sam Houston,0.84,3
2026,Jack,Funke,IOL,Boston College,Bryant,,3
2026,Deuce,Knight,QB,Auburn,Ole Miss,0.94,4
2026,Cahari,Haynes,LB,Gardner-Webb,,0.84,3
2026,Jimothy,Lewis Jr.,OT,Mississippi State,California,0.86,3
2026,J'Mond,Tapp,EDGE,Southern Miss,Memphis,0.85,3
2026,Favour Ebuka,Edwin,OT,Auburn,Georgia Tech,0.85,3
2026,Kelby,Hampton,CB,New Hampshire,Southern Miss,0.85,3
2026,Kalvin,Gilbert Jr.,WR,Southeast Missouri State,Toledo,0.82,3
2026,Joseph,Hanson,OT,Coastal Carolina,Oklahoma State,0.84,3
2026,Bucci,Farmer,DL,App State,Old Dominion,0.84,3
2026,Nathan,Gonzales,EDGE,Indiana State,Western Kentucky,0.84,3
2026,Quincy,Brown,WR,Florida Atlantic,,0.84,3
2026,Vaughn,Highland,DL,Arkansas-Pine Bluff,Akron,0.84,3
2026,Caden,Johnson,LB,Ball State,,0.84,3
2026,Jacob,Fields,S,Louisiana Tech,TCU,0.84,3
2026,Tyler,Gibson,OT,Charlotte,UCF,0.84,3
2026,Wesley,Hudson,DL,Central Oklahoma,North Texas,0.85,3
2026,Cooper,Starks,IOL,Vanderbilt,South Dakota State,0.84,3
2026,Tate,Carney,RB,Wake Forest,,0.83,3
2026,Markell,Chapman,DL,Iowa State,Missouri State,0.83,3
2026,Khari,Gee,S,Chattanooga,,0.83,3
2026,Traevon,Mitchell,DL,South Florida,,0.84,3
2026,Joel,Kpassou,CB,Duquesne,Missouri State,0.84,3
2026,Kahari,Finley,OT,Morgan State,South Florida,0.84,3
2026,Chris,Culliver,WR,North Carolina,Marshall,0.84,3
2026,Eric,Olsen,TE,Utah Tech,Oregon State,0.84,3
2026,Kedrick,Walker,LB,Georgia State,Baylor,0.84,3
2026,Malik,Knight,WR,Western Carolina,Pittsburgh,0.83,3
2026,Zach,Cody,CB,Coastal Carolina,Rice,0.83,3
2026,Derek,Fields,S,Ball State,,0.83,3
2026,Poasa,Utu,LB,Oklahoma State,Nevada,0.84,3
2026,Seth,Wilfred,IOL,Auburn,Utah State,0.84,3
2026,Isaiah,Scott,WR,Wofford,,0.84,3
2026,Jamel,Howard Jr.,DL,Wisconsin,Sacramento State,0.84,3
2026,Zion,Fowler-El,WR,Pittsburgh,Wagner,0.84,3
2026,Eli,Hall,EDGE,Liberty,UAB,0.84,3
2026,Dashun,Reeder,RB,Northwestern,UConn,0.84,3
2026,Ibrahim,Kebe,OT,Ohio,UTSA,0.84,3
2026,Tyler,McMillan,OT,Illinois,Eastern Michigan,0.84,3
2026,Stratton,Shufelt,LB,UTEP,Missouri State,0.84,3
2026,Mikey,Munn,CB,South Dakota,Rutgers,0.84,3
2026,Mario,Sanders II,WR,Illinois,Southern Miss,0.84,3
2026,Jirah,Leaupepetele,DL,Eastern Washington,Washington State,0.84,3
2026,Brogan,McCaughey,QB,Yale,Eastern Michigan,0.83,3
2026,Elijah,Collins,IOL,Western Carolina,Sam Houston,0.83,3
2026,Greg,Klingensmith,OT,William & Mary,Massachusetts,0.83,3
2026,Javon,Davis,CB,McNeese,,0.83,3
2026,Ricky,Lolohea,DL,Oklahoma,App State,0.83,3
2026,Amanuel,Dickson,LB,Chattanooga,Robert Morris,0.83,3
2026,Henry,Belin IV,QB,Duke,Missouri State,0.83,3
2026,Gabe,Nunez,WR,Southern Utah,Tennessee Tech,0.83,3
2026,Devin,Vaught,S,Maine,Michigan State,0.84,3
2026,John,Randle Jr.,OT,Purdue,Utah State,0.84,3
2026,Kouri,Crump,S,VMI,Western Michigan,0.84,3
2026,Nic,DiSanto,OT,Eastern Illinois,Central Michigan,0.83,3
2026,Max,Baloun,DL,Washington State,Iowa State,0.83,3
2026,Zion,Taylor,EDGE,Houston,Sam Houston,0.83,3
2026,Carter,Janki,DL,Pennsylvania,Illinois,0.83,3
2026,Hall,Schmidt,OT,Boise State,UCLA,0.83,3
2026,Garrett,Masterson,OT,Kent State,Tennessee Tech,0.83,3
2026,Derrick,Jameson,RB,Utah State,UL Monroe,0.84,3
2026,Daeh,McCullough,S,Louisville,Western Michigan,0.84,3
2026,Misael,Sandoval,OT,Vanderbilt,Ball State,0.84,3
2026,Joseph,Griffin Jr.,WR,Wisconsin,Massachusetts,0.84,3
2026,Rocco,Nicholl,LB,South Florida,Kent State,0.84,3
2026,Braydon,Bennett,RB,Virginia Tech,Eastern Michigan,0.84,3
2026,Johnny,Thompson Jr.,RB,Kansas,Ball State,0.84,3
2026,LaKelsey,Johnson Jr.,TE,Baylor,Liberty,0.84,3
2026,Tony,Mitchell,S,Mississippi State,Ole Miss,0.84,3
2026,Kellen,Lindstrom,EDGE,Tennessee,Missouri State,0.84,3
2026,Temerrick,Johnson,EDGE,Oklahoma State,Hutchinson C.C.,0.84,3
2026,Caleb,Otlewski,EDGE,Montana,Colorado State,0.84,3
2026,Jesus,Machado,LB,Houston,Rice,0.84,3
2026,Chamberlain,Campbell,EDGE,Toledo,UConn,0.84,3
2026,Kye,Stokes,S,Cincinnati,Utah State,0.83,3
2026,David,Onuoha,EDGE,Massachusetts,North Texas,0.83,3
2026,Darion,Rivers,OT,NC State,Troy,0.83,3
2026,Lance,Beeghley,WR,SMU,Iowa,0.83,3
2026,CJ,Campbell Jr.,RB,Rutgers,Duke,0.84,3
2026,Netinho,Olivieri,OT,Pennsylvania,Pittsburgh,0.83,3
2026,Aaron,Clark,DL,Towson,App State,0.83,3
2026,Vance,Bolyard,TE,Duke,Tulane,0.83,3
2026,Caleb,Oliver,EDGE,Wofford,Buffalo,0.83,3
2026,Devin,Hightower,LB,UAB,Tulsa,0.84,3
2026,Brandon,Kelley,EDGE,UConn,Colorado State,0.84,3
2026,Mikey,D'Amato,LB,Cal Poly,,0.84,3
2026,Blayne,Myrick,LB,South Alabama,Miami (OH),0.84,3
2026,John,Smith,S,Colorado State,Texas State,0.84,3
2026,Elijha,Payne,OT,Delaware State,Eastern Michigan,0.84,3
2026,Jaden,Allen,CB,Arkansas,North Texas,0.84,3
2026,Gabe,Panikowski,K,Oklahoma State,Florida State,0.84,3
2026,Amarii,Atchison,OT,Mercer,Jacksonville State,0.84,3
2026,Chase,Martin,LB,Boise State,Cal Poly,0.84,3
2026,Rasheed,Lovelace,DL,Nicholls,James Madison,0.83,3
2026,JJ,Talo,IOL,Boise State,,0.83,3
2026,Jay,Carter,LB,West Georgia,,0.83,3
2026,Seth,Cromwell,RB,Northern Arizona,James Madison,0.83,3
2026,Logan,Mackey,CB,Weber State,Wyoming,0.83,3
2026,Khory,Moss,CB,Miami (OH),Akron,0.83,3
2026,Towns,McGough,K,Auburn,California,0.83,3
2026,Darson,Jeanty,S,Lafayette,Sacramento State,0.83,3
2026,Davis,Lane Jr.,WR,Virginia,Rice,0.83,3
2026,TJ,Lott,WR,Old Dominion,Troy,0.83,3
2026,Kolby,Peavy,S,Alabama,Southern Miss,0.83,3
2026,Caden,Camese,DL,Mercer,Toledo,0.83,3
2026,Jax,Brown,QB,Arkansas State,Kilgore College,0.83,3
2026,Jack,Dunkley,EDGE,Duquesne,Wyoming,0.83,3
2026,Nonso,Omezi,IOL,Houston Christian,Western Kentucky,0.83,3
2026,Jake,Appleget,TE,Northern Illinois,Fresno State,0.83,3
2026,Ebubedike,Nnabugwu,IOL,Missouri State,South Carolina,0.83,3
2026,Brock,Walters,LS,Marshall,Kennesaw State,0.83,3
2026,Chase,Barry,P,Oklahoma State,UCLA,0.83,3
2026,MJ,Moultrie II,S,Hampton,Louisiana Tech,0.83,3
2026,Kaleb,Artis,DL,Penn State,Temple,0.83,3
2026,Josh,Schell,DL,Tennessee,UCF,0.83,3
2026,Yusef,Sanogo-Kendrick,IOL,Southeast Missouri State,Eastern Kentucky,0.83,3
2026,Kaleb,Hutchinson,S,Mercer,Toledo,0.83,3
2026,Justin,Wimpye,CB,Youngstown State,Austin Peay,0.83,3
2026,Camden,Byrd,EDGE,Richmond,,0.83,3
2026,Holden,Geriner,QB,Texas State,Pittsburgh,0.83,3
