athleteId,id,name,committedTo,position,stars,rating,ranking,year,recruitType
5141741,106192,Bryce Underwood,Michigan,QB,5,0.9998,1,2025,HighSchool
5141629,106193,Keelon Russell,Alabama,QB,5,0.9997,2,2025,HighSchool
5141464,106194,Elijah Griffin,Georgia,DL,5,0.9992,3,2025,HighSchool
5141586,106195,Dakorien Moore,Oregon,WR,5,0.9981,4,2025,HighSchool
5141430,106196,Michael Fasusi,Oklahoma,OT,5,0.9977,5,2025,HighSchool
5141662,106197,David Sanders Jr.,Tennessee,OT,5,0.9973,6,2025,HighSchool
5146824,106198,Tavien St. Clair,Ohio State,QB,5,0.9968,7,2025,HighSchool
5141635,106199,Devin Sanchez,Ohio State,CB,5,0.9965,8,2025,HighSchool
5142611,106200,Isaiah Gibson,Georgia,EDGE,5,0.9962,9,2025,HighSchool
5141717,106201,Jonah Williams,Texas,S,5,0.9962,10,2025,HighSchool
5141632,106202,DJ Pickett,LSU,CB,5,0.9943,11,2025,HighSchool
5141732,106203,Justus Terry,Texas,DL,5,0.9939,12,2025,HighSchool
5141617,106204,Na'eem Offord,Oregon,CB,5,0.9936,13,2025,HighSchool
5141562,106205,Dijon Lee Jr.,Alabama,CB,5,0.9926,14,2025,HighSchool
5122231,106206,Harlem Berry,LSU,RB,5,0.9919,15,2025,HighSchool
5142589,106207,Andrew Babalola,Michigan,OT,5,0.9914,16,2025,HighSchool
5164635,106208,Michael Carroll,Alabama,IOL,5,0.9909,17,2025,HighSchool
5141524,106209,Kaliq Lockett,Texas,WR,5,0.9908,18,2025,HighSchool
5148650,106210,Jerome Myles,Texas A&M,WR,5,0.9884,19,2025,HighSchool
5141671,106211,Talyn Taylor,Georgia,WR,5,0.9877,20,2025,HighSchool
5293823,106212,Lance Jackson,Texas,EDGE,5,0.9875,21,2025,HighSchool
5141349,106213,Amare Adams,Clemson,DL,5,0.9874,22,2025,HighSchool
5141613,106214,Quincy Porter,Ohio State,WR,5,0.9873,23,2025,HighSchool
5141739,106215,Zayden Walker,Georgia,LB,5,0.9871,24,2025,HighSchool
5141563,106216,Husan Longstreet,USC,QB,5,0.9868,25,2025,HighSchool
5164640,106217,Will Black,Notre Dame,OT,5,0.9867,26,2025,HighSchool
5166881,106218,Kade Phillips,Texas,CB,5,0.9864,27,2025,HighSchool
5141506,106219,Deuce Knight,Auburn,QB,5,0.9862,28,2025,HighSchool
5141756,106220,Elyiss Williams,Georgia,TE,5,0.9854,29,2025,HighSchool
5295811,106221,Vernell Brown III,Florida,WR,5,0.9852,30,2025,HighSchool
5141578,106222,Trey McNutt,Oregon,S,5,0.9843,31,2025,HighSchool
5224178,106223,Caleb Cunningham,Ole Miss,WR,5,0.984,32,2025,HighSchool
5141399,106224,Isaiah Campbell,Tennessee,DL,4,0.9832,33,2025,HighSchool
5159077,106225,Jahkeem Stewart,USC,DL,4,0.9829,34,2025,HighSchool
5141723,106226,Dallas Wilson,Florida,WR,4,0.9827,35,2025,HighSchool
5141425,106227,Iose Epenesa,Iowa,DL,4,0.9822,36,2025,HighSchool
5164346,106228,Linkon Cure,Kansas State,TE,4,0.9816,37,2025,HighSchool
5141622,106229,Lamont Rogers,Texas A&M,OT,4,0.9815,38,2025,HighSchool
5141493,106230,Ty Haywood,Michigan,OT,4,0.9807,39,2025,HighSchool
5179153,106231,Brandon Finney Jr.,Oregon,CB,4,0.9799,40,2025,HighSchool
5141738,106232,Solomon Thomas,LSU,IOL,4,0.9798,41,2025,HighSchool
5141630,106233,Riley Pettijohn,Ohio State,LB,4,0.9793,42,2025,HighSchool
5141534,106234,Nate Marshall,Michigan,EDGE,4,0.9791,43,2025,HighSchool
5141435,106235,Jaime Ffrench Jr.,Texas,WR,4,0.979,44,2025,HighSchool
5164652,106236,Jackson Lloyd,Alabama,OT,4,0.9784,45,2025,HighSchool
5141502,106237,Javion Hilson,Missouri,EDGE,4,0.9784,46,2025,HighSchool
5141696,106238,Jared Smith,Auburn,EDGE,4,0.9779,47,2025,HighSchool
5141363,106239,Malik Autry,Auburn,DL,4,0.9775,48,2025,HighSchool
5147934,106240,Tae Harris,Georgia Tech,S,4,0.977,49,2025,HighSchool
5159016,106241,Julian Lewis,Colorado,QB,4,0.9762,50,2025,HighSchool
5141587,106242,Chuck McDonald III,Alabama,CB,4,0.9745,51,2025,HighSchool
5141457,106243,Juan Gaston,Georgia,OT,4,0.974,52,2025,HighSchool
5141426,106244,AK Dear,Alabama,RB,4,0.9729,53,2025,HighSchool
5295812,106245,Drake Stubbs,Florida,S,4,0.9723,54,2025,HighSchool
5141428,106246,Faheem Delane,Ohio State,S,4,0.9716,55,2025,HighSchool
5208134,106247,Malachi Goodman,Penn State,OT,4,0.9702,56,2025,HighSchool
5201878,106248,Andrew Olesh,Penn State,TE,4,0.9702,57,2025,HighSchool
5141729,106249,Michael Terry III,Texas,ATH,4,0.9697,58,2025,HighSchool
5295813,106250,Ben Hanks III,Florida,CB,4,0.9695,59,2025,HighSchool
5141519,106251,Justin Hill,Alabama,EDGE,4,0.9691,60,2025,HighSchool
5141391,106252,DaSaahn Brame,Tennessee,TE,4,0.9682,61,2025,HighSchool
5141728,106253,Ivan Taylor,Alabama,S,4,0.9681,62,2025,HighSchool
5141433,106254,AnQuon Fegans,Auburn,S,4,0.9674,63,2025,HighSchool
5141376,106255,Dorian Brew,Oregon,CB,4,0.9674,64,2025,HighSchool
5198245,106256,Graceson Littleton,Texas,CB,4,0.9672,65,2025,HighSchool
5141441,106257,Madden Faraimo,Notre Dame,LB,4,0.9663,66,2025,HighSchool
,106258,Jaron-Keawe Sagapolutele,Oregon,QB,4,0.9662,67,2025,HighSchool
5142590,106259,Elijah Barnes,Texas,LB,4,0.9661,68,2025,HighSchool
5141422,106260,Gideon Davidson,Clemson,RB,4,0.9657,69,2025,HighSchool
5141398,106261,Christopher Burgess Jr.,Notre Dame,DL,4,0.9654,70,2025,HighSchool
5148599,106262,Carius Curne,LSU,IOL,4,0.9649,71,2025,HighSchool
5141633,106263,Josh Petty,Georgia Tech,OT,4,0.9638,72,2025,HighSchool
5141404,106264,Bryce Davis,Duke,EDGE,4,0.9636,73,2025,HighSchool
5141568,106265,Carter Lowe,Ohio State,OT,4,0.9633,74,2025,HighSchool
5149474,106266,Hayden Lowe,Miami,EDGE,4,0.9633,75,2025,HighSchool
5141560,106267,Ousmane Kromah,Florida State,RB,4,0.9622,76,2025,HighSchool
5167702,106268,Mariyon Dye,Tennessee,DL,4,0.9605,77,2025,HighSchool
5141400,106269,Adonyss Currie,Texas A&M,CB,4,0.9601,78,2025,HighSchool
5195292,106270,Lagonza Hayward,Florida,S,4,0.9599,79,2025,HighSchool
5141614,106271,Dramodd Odoms,SMU,OT,4,0.9591,80,2025,HighSchool
5141481,106272,Zion Grady,Ohio State,EDGE,4,0.958,81,2025,HighSchool
5161809,106273,J'Vari Flowers,Florida,CB,4,0.9568,82,2025,HighSchool
5141769,106274,Eric Winters,Auburn,S,4,0.9566,83,2025,HighSchool
5155173,106275,Kevin Wynn,Florida State,DL,4,0.9566,84,2025,HighSchool
5179135,106276,Travis Smith Jr.,Tennessee,WR,4,0.9551,85,2025,HighSchool
5141366,106277,Bryce Baker,North Carolina,QB,4,0.9549,86,2025,HighSchool
5141733,106278,Douglas Utu,Oregon,IOL,4,0.9548,87,2025,HighSchool
5141437,106279,Shamari Earls,Michigan,CB,4,0.9544,88,2025,HighSchool
5142606,106280,Devin Harper,Ole Miss,IOL,4,0.9541,89,2025,HighSchool
5195299,106281,Nick Townsend,Texas,TE,4,0.9539,90,2025,HighSchool
5141749,106282,CJ Wiley,Georgia,WR,4,0.953,91,2025,HighSchool
5141465,106283,Dallas Golden,Notre Dame,ATH,4,0.953,92,2025,HighSchool
5195300,106284,Matt Zollers,Missouri,QB,4,0.9527,93,2025,HighSchool
5195293,106285,Darren Ikinnagbon,Georgia,DL,4,0.9521,94,2025,HighSchool
5141582,106286,Donovan Olugbode,Missouri,WR,4,0.9517,95,2025,HighSchool
5141759,106287,Kainoa Winston,Michigan,S,4,0.9508,96,2025,HighSchool
5141663,106288,Anthony Rogers,Ohio State,RB,4,0.9505,97,2025,HighSchool
5141638,106289,DJ Sanders,Texas A&M,DL,4,0.9504,98,2025,HighSchool
5141695,106290,Malik Washington,Maryland,QB,4,0.9503,99,2025,HighSchool
5142595,106291,Zaydrius Rainey-Sale,Washington,LB,4,0.95,100,2025,HighSchool
5296124,106292,Chad Woodfork,TCU,EDGE,4,0.9499,101,2025,HighSchool
5141718,106293,Matai Tagoa'i,USC,LB,4,0.9495,102,2025,HighSchool
5141575,106294,Daylan McCutcheon,Texas,WR,4,0.9488,103,2025,HighSchool
5201880,106295,Smith Orogbo,Texas,EDGE,4,0.9485,104,2025,HighSchool
5160501,106296,RJ Sermons,USC,CB,4,0.9483,105,2025,HighSchool
5202117,106297,Malik Clark,South Carolina,WR,4,0.948,106,2025,HighSchool
5149472,106298,Jamar Beal-Goines,Texas A&M,CB,4,0.9475,107,2025,HighSchool
5294028,106299,Duke Smith,Auburn,ATH,4,0.9472,108,2025,HighSchool
,106300,Alai Kalaniuvalu,BYU,IOL,4,0.9471,109,2025,HighSchool
5141350,106301,Ziyare Addison,Oregon,OT,4,0.947,110,2025,HighSchool
5141469,106302,Jaylen Gilchrist,Maryland,IOL,4,0.9466,111,2025,HighSchool
5141411,106303,Daryus Dixson,Penn State,CB,4,0.9466,112,2025,HighSchool
5141599,106304,Cortez Mills Jr.,Nebraska,WR,4,0.9463,113,2025,HighSchool
5195701,106305,Ryan Fodje,Oklahoma,OT,4,0.9458,114,2025,HighSchool
5141407,106306,Myron Charles,Texas,DL,4,0.9453,115,2025,HighSchool
5141764,106307,Blake Woodby,Auburn,CB,4,0.9452,116,2025,HighSchool
5141572,106308,Andrew Marsh,Michigan,WR,4,0.9448,117,2025,HighSchool
5212631,106309,Chase Linton,Georgia,EDGE,4,0.9445,118,2025,HighSchool
5177084,106310,Kamario Taylor,Mississippi State,QB,4,0.9444,119,2025,HighSchool
5141734,106311,Jordan Young,Michigan,ATH,4,0.9442,120,2025,HighSchool
5195297,106312,Dawson Merritt,Nebraska,LB,4,0.9442,121,2025,HighSchool
5141719,106313,Elijah Thomas,Oklahoma,ATH,4,0.9441,122,2025,HighSchool
5141583,106314,Zahir Mathis,Maryland,EDGE,4,0.9441,123,2025,HighSchool
5141356,106315,Seuseu Alofaituli,Miami,IOL,4,0.9437,124,2025,HighSchool
5141593,106316,Joshua Moore,Miami,WR,4,0.9435,125,2025,HighSchool
5143923,106317,Derek Meadows,Alabama,WR,4,0.9434,126,2025,HighSchool
5142596,106318,James Flanigan,Notre Dame,TE,4,0.9434,127,2025,HighSchool
5141596,106319,Noah Mikhail,Texas A&M,LB,4,0.9433,128,2025,HighSchool
5141358,106320,Kiotti Armstrong,Texas A&M,TE,4,0.9425,129,2025,HighSchool
5293576,106321,Duke Johnson II,Alabama,LB,4,0.9418,130,2025,HighSchool
5164690,106322,Elijah Dotson,Michigan,S,4,0.9417,131,2025,HighSchool
5141602,106323,Ryan Montgomery,Georgia,QB,4,0.9408,132,2025,HighSchool
5201881,106324,Charles Ross II,LSU,LB,4,0.9405,133,2025,HighSchool
5179199,106325,Carde Smith,Colorado,OT,4,0.9402,134,2025,HighSchool
5195295,106326,Jack Lange,Missouri,OT,4,0.94,135,2025,HighSchool
5214492,106327,Jaiden Braker,LSU,LB,4,0.9398,136,2025,HighSchool
5167180,106328,Ty Jackson,Florida,LB,4,0.9393,137,2025,HighSchool
5298737,106329,Bryce Fitzgerald,Miami,S,4,0.9391,138,2025,HighSchool
5141747,106330,Jalen Wiggins,Florida,DL,4,0.9389,139,2025,HighSchool
5201879,106331,Dylan Robinson,Washington,ATH,4,0.938,140,2025,HighSchool
5293826,106332,Trystan Haynes,Oklahoma,CB,4,0.938,141,2025,HighSchool
5141766,106333,Jayden Woods,Florida,EDGE,4,0.9379,142,2025,HighSchool
5141540,106334,Marco Jones,Texas A&M,EDGE,4,0.9379,143,2025,HighSchool
5141355,106335,TJ Alford,Ohio State,LB,4,0.9377,144,2025,HighSchool
5141620,106336,Nathaniel Owusu-Boateng,Michigan,LB,4,0.9371,145,2025,HighSchool
5199859,106337,Dalen Penson,Georgia Tech,ATH,4,0.9368,146,2025,HighSchool
5214395,106338,Shekai Mills-Knight,Ole Miss,RB,4,0.9366,147,2025,HighSchool
5179640,106339,Tyler Lockhart,Mississippi State,LB,4,0.9364,148,2025,HighSchool
5164331,106340,Girard Pringle Jr.,Miami,RB,4,0.9359,149,2025,HighSchool
5141499,106341,Dierre Hill Jr.,Oregon,RB,4,0.9356,150,2025,HighSchool
5141571,106342,George MacIntyre,Tennessee,QB,4,0.9355,151,2025,HighSchool
5209688,106343,JT Lindsey,LSU,RB,4,0.9353,152,2025,HighSchool
5141444,106344,J.J. Faulk,Auburn,LB,4,0.935,153,2025,HighSchool
5207842,106345,Jalen Cooper,SMU,WR,4,0.935,154,2025,HighSchool
5148620,106346,JaDon Blair,Notre Dame,S,4,0.9349,155,2025,HighSchool
5141509,106347,Karle Lacey Jr.,Texas,QB,4,0.9336,156,2025,HighSchool
5141536,106348,Christian Jones,Nebraska,LB,4,0.9332,157,2025,HighSchool
5141699,106349,Cortez Smith,Georgia,IOL,4,0.9331,158,2025,HighSchool
5141597,106350,Cooper Perry,Oregon,WR,4,0.9329,159,2025,HighSchool
5141456,106351,TaRon Francis,LSU,WR,4,0.9329,160,2025,HighSchool
5141517,106352,Bo Jackson,Ohio State,RB,4,0.932,161,2025,HighSchool
5141420,106353,Marquise Davis,Missouri,RB,4,0.9319,162,2025,HighSchool
5142591,106354,Kaleb Edwards,Alabama,TE,4,0.9318,163,2025,HighSchool
5141397,106355,Jourdin Crawford,Auburn,DL,4,0.9317,164,2025,HighSchool
5200374,106356,Donovan Murph,South Carolina,WR,4,0.9316,165,2025,HighSchool
5295321,106357,Aaron Dunn,USC,OT,4,0.9315,166,2025,HighSchool
5214475,106358,Zac Stascausky,Oregon,OT,4,0.931,167,2025,HighSchool
5141496,106359,Jaedon Harmon,Tennessee,LB,4,0.931,168,2025,HighSchool
5141371,106360,Ethan Barbour,Georgia,TE,4,0.9306,169,2025,HighSchool
5141584,106361,Naeshaun Montgomery,Florida,WR,4,0.9304,170,2025,HighSchool
5211410,106362,Maison Dunn,Ole Miss,CB,4,0.9303,171,2025,HighSchool
5141423,106363,Jordon Davison,Oregon,RB,4,0.9299,172,2025,HighSchool
5147846,106364,Christian Garrett,Georgia Tech,DL,4,0.9299,173,2025,HighSchool
5141686,106365,James Simon,Texas,RB,4,0.9298,174,2025,HighSchool
5141720,106366,Trent Wilson,Oklahoma,DL,4,0.9297,175,2025,HighSchool
5143922,106367,Elijah Melendez,Auburn,LB,4,0.9296,176,2025,HighSchool
5167175,106368,Rylon Dillard-Allen,Washington,S,4,0.9296,177,2025,HighSchool
5141526,106369,Brayden Jacobs,Clemson,OT,4,0.9293,178,2025,HighSchool
5164350,106370,Jayvan Boggs,Florida State,WR,4,0.9288,179,2025,HighSchool
5141745,106371,Tavion Wallace,Arkansas,LB,4,0.9285,180,2025,HighSchool
5141770,106372,Mark Zackery IV,Notre Dame,CB,4,0.9285,181,2025,HighSchool
5164658,106373,Alex Payne,USC,OT,4,0.9284,182,2025,HighSchool
,106374,Marquise Henderson,Clemson,RB,4,0.9283,183,2025,HighSchool
5141368,106375,Ja'Boree Antoine,Miami,CB,4,0.9277,184,2025,HighSchool
5141394,106376,Lotzeir Brooks,Alabama,WR,4,0.9276,185,2025,HighSchool
5141612,106377,CJ Nickson,Oklahoma,EDGE,4,0.9276,186,2025,HighSchool
5141473,106378,AJ Hill,Memphis,QB,4,0.9272,187,2025,HighSchool
5141608,106379,Gavin Nix,Oregon,LB,4,0.9268,188,2025,HighSchool
5215542,106380,Bradley Gompers,Duke,ATH,4,0.9265,189,2025,HighSchool
5141659,106381,Akili Smith Jr.,Oregon,QB,4,0.9264,190,2025,HighSchool
5164655,106382,Tyler Miller,LSU,OT,4,0.9262,191,2025,HighSchool
5141730,106383,Nasir Wyatt,Oregon,LB,4,0.9261,192,2025,HighSchool
5296075,106384,Spike Sowells Jr.,NC State,IOL,4,0.9257,193,2025,HighSchool
5164648,106385,Kelshaun Johnson,Texas A&M,WR,4,0.9257,194,2025,HighSchool
5295969,106386,Brady Hart,Texas A&M,QB,4,0.9254,195,2025,HighSchool
5208218,106387,JonAnthony Hall,Stanford,WR,4,0.9254,196,2025,HighSchool
5141565,106388,Byron Louis,Florida,RB,4,0.9253,197,2025,HighSchool
5167747,106389,Jarquez Carter,Ohio State,DL,4,0.9253,198,2025,HighSchool
5214386,106390,Donovan Starr,Auburn,CB,4,0.9252,199,2025,HighSchool
5207806,106391,Jacob Washington,Michigan,WR,4,0.9251,200,2025,HighSchool
5141592,106392,London Merritt,Colorado,EDGE,4,0.9246,201,2025,HighSchool
5195199,106393,Christian Gass,Tennessee,LB,4,0.9242,202,2025,HighSchool
5141656,106394,Nate Roberts,Ohio State,TE,4,0.9233,203,2025,HighSchool
5141673,106395,Damien Shanklin,LSU,EDGE,4,0.9233,204,2025,HighSchool
5141424,106396,Micah DeBose,Alabama,IOL,4,0.9231,205,2025,HighSchool
5143924,106397,Broderick Shull,Auburn,OT,4,0.9227,206,2025,HighSchool
5209177,106398,Todd Robinson,Georgia,ATH,4,0.9225,207,2025,HighSchool
5201877,106399,Vander Ploog,Oregon,TE,4,0.9218,208,2025,HighSchool
5141750,106400,Ari Watford,Clemson,EDGE,4,0.9218,209,2025,HighSchool
5207618,106401,Aidan Anding,LSU,CB,4,0.9216,210,2025,HighSchool
5141516,106402,Alvin Henderson,Auburn,RB,4,0.9214,211,2025,HighSchool
5141643,106403,Adam Schobel,TCU,QB,4,0.921,212,2025,HighSchool
5208372,106404,Jaquavious Dodd,South Carolina,EDGE,4,0.9209,213,2025,HighSchool
5218646,106405,Donovan Darden,South Carolina,EDGE,4,0.9207,214,2025,HighSchool
5212635,106406,Mikkel Skinner,Kentucky,TE,4,0.9207,215,2025,HighSchool
5141707,106407,Owen Strebig,Notre Dame,OT,4,0.9207,216,2025,HighSchool
5195291,106408,L A Jessie Harrold,Florida State,EDGE,4,0.9202,217,2025,HighSchool
5194304,106409,Josiah Sharma,Texas,DL,4,0.9202,218,2025,HighSchool
5141731,106410,Ethan Utley,Tennessee,DL,4,0.9199,219,2025,HighSchool
5141651,106411,Landon Rink,Texas A&M,DL,4,0.9195,220,2025,HighSchool
5195298,106412,Mason Posa,Wisconsin,LB,4,0.9194,221,2025,HighSchool
5149470,106413,Tom Tom Johnson Jr.,Texas A&M,S,4,0.9191,222,2025,HighSchool
5167708,106414,Tylon Lee,Florida State,DL,4,0.9189,223,2025,HighSchool
5216050,106415,Terry Shelton,TCU,WR,4,0.9187,224,2025,HighSchool
5209350,106416,Jordon Gidron,South Carolina,WR,4,0.9184,225,2025,HighSchool
5198303,106417,Nicolas Clayton,Wisconsin,EDGE,4,0.9182,226,2025,HighSchool
5214514,106418,Chace Sims,Texas A&M,DL,4,0.9181,227,2025,HighSchool
5141528,106419,Andrew Maddox,Ole Miss,DL,4,0.9177,228,2025,HighSchool
5214512,106420,Jayden Sanders,Michigan,CB,4,0.9176,229,2025,HighSchool
5141463,106421,Jontae Gilbert,Georgia,S,4,0.9175,230,2025,HighSchool
5142593,106422,Antonio Coleman,Auburn,DL,4,0.9174,231,2025,HighSchool
5141605,106423,Luke Nickel,Miami,QB,4,0.9171,232,2025,HighSchool
5201870,106424,Daeden Hopkins,Missouri,EDGE,4,0.917,233,2025,HighSchool
5205100,106425,Tyshun Willis,Mississippi State,EDGE,4,0.917,234,2025,HighSchool
5295821,106426,TJ Dice Jr.,Florida,OT,4,0.9169,235,2025,HighSchool
5141658,106427,Anthony Sacca,Notre Dame,LB,4,0.9168,236,2025,HighSchool
5166804,106428,Trestin Castro,USC,CB,4,0.9166,237,2025,HighSchool
5214513,106429,Herbert Scroggins III,Miami,EDGE,4,0.9166,238,2025,HighSchool
5141380,106430,Nick Brooks,Texas,OT,4,0.9161,239,2025,HighSchool
5141556,106431,TJ Lateef,Nebraska,QB,4,0.9158,240,2025,HighSchool
5159041,106432,Zelus Hicks,Texas,S,4,0.9156,241,2025,HighSchool
5295127,106433,Chris Ewald Jr.,Miami,CB,4,0.9153,242,2025,HighSchool
5207942,106434,Kaleb Burns,Baylor,LB,4,0.9149,243,2025,HighSchool
5200435,106435,Demetres Samuel Jr.,Syracuse,S,4,0.9149,244,2025,HighSchool
5295814,106436,Tramell Jones Jr.,Florida,QB,4,0.9146,245,2025,HighSchool
5141545,106437,Peyton Joseph,Georgia Tech,IOL,4,0.9142,246,2025,HighSchool
5236220,106438,Kellen Wiley Jr.,Miami,LB,4,0.9142,247,2025,HighSchool
5141548,106439,Jahmir Joseph,Penn State,CB,4,0.914,248,2025,HighSchool
5149473,106440,Thomas Blackshear,Georgia,WR,4,0.9137,249,2025,HighSchool
5141681,106441,Mason Short,Georgia,IOL,4,0.9137,250,2025,HighSchool
5215045,106442,Cameron Dyer,Arizona State,ATH,4,0.9135,251,2025,HighSchool
5177825,106443,Burke Gautcher,Iowa,LB,4,0.9134,252,2025,HighSchool
5156154,106444,Epi Sitanilei,Ohio State,EDGE,4,0.9131,253,2025,HighSchool
5221980,106445,Joseph Mbatchou,Florida,DL,4,0.9129,254,2025,HighSchool
5141667,106446,Cobey Sellers,Texas A&M,CB,4,0.9127,255,2025,HighSchool
5208978,106447,Adedamola Ajidahun,South Carolina,OT,4,0.9125,256,2025,HighSchool
5141654,106448,Omarion Robinson,Oklahoma,S,4,0.9125,257,2025,HighSchool
5210001,106449,Byron Baldwin Jr.,Indiana,S,4,0.9124,258,2025,HighSchool
5211739,220888,Wydeek Collier,Rutgers,EDGE,4,0.9123,259,2025,HighSchool
5141388,106450,Martels Carter Jr.,Kentucky,S,4,0.9123,260,2025,HighSchool
5199950,106451,Nic Moore,Tennessee,IOL,4,0.9118,261,2025,HighSchool
5141674,106452,Cortez Thomas,Ole Miss,S,4,0.9115,262,2025,HighSchool
5214985,106453,Logan Anderson,Clemson,LB,4,0.9115,263,2025,HighSchool
5141760,106454,Jaylen Williams,Wisconsin,DL,4,0.9115,264,2025,HighSchool
5234984,106455,Tobi Haastrup,Oregon,EDGE,4,0.9114,265,2025,HighSchool
5142604,106456,Brock Schott,Miami,TE,4,0.9113,266,2025,HighSchool
5141697,106457,Winston Watkins Jr.,Ole Miss,WR,4,0.9113,267,2025,HighSchool
5141386,106458,Tory Blaylock,Oklahoma,RB,4,0.9112,268,2025,HighSchool
5195481,106459,Radarious Jackson,Tennessee,WR,4,0.9111,269,2025,HighSchool
5142597,106460,Thomas Meyer,Iowa,TE,4,0.9109,270,2025,HighSchool
5198318,106461,Isaiah Mizell,Arizona,WR,4,0.9106,271,2025,HighSchool
5141649,106462,Malcolm Simpson,Nebraska,DL,4,0.9105,272,2025,HighSchool
,106463,Madden Iamaleava,Arkansas,QB,4,0.9105,273,2025,HighSchool
5293621,106464,Jaylan Morgan,Georgia,S,4,0.9103,274,2025,HighSchool
5195480,106465,Marcus Garcia,Texas A&M,OT,4,0.9097,275,2025,HighSchool
5141384,106466,Phillip Bell,Ohio State,WR,4,0.9093,276,2025,HighSchool
5214399,106467,Javeon Campbell,Kentucky,DL,4,0.9092,277,2025,HighSchool
5141487,106468,Ty Hawkins,SMU,QB,4,0.9091,278,2025,HighSchool
5212698,106469,Je'rel Bolder,NC State,WR,4,0.9091,279,2025,HighSchool
5141453,106470,Avery Gach,Michigan,IOL,4,0.909,280,2025,HighSchool
5215207,106471,Nelson McGuire,Texas A&M,IOL,4,0.9083,281,2025,HighSchool
5295724,106472,Michael Turner,Baylor,RB,4,0.9077,282,2025,HighSchool
5167174,106473,Ladarian Clardy,Ole Miss,S,4,0.9076,283,2025,HighSchool
5216345,106474,Bodpegn Miller,Ohio State,ATH,4,0.9076,284,2025,HighSchool
5214410,106475,Jasper Parker,Michigan,RB,4,0.9075,285,2025,HighSchool
5164343,106476,Marshall Pritchett,Alabama,TE,4,0.9075,286,2025,HighSchool
5141687,106477,Carter Smith,Wisconsin,QB,4,0.9073,287,2025,HighSchool
5176116,106478,Luke Metz,Alabama,LB,4,0.9072,288,2025,HighSchool
5211759,106479,Jayden Loftin,Tennessee,EDGE,4,0.9071,289,2025,HighSchool
5141529,106480,Bryce Jenkins,Maryland,DL,4,0.907,290,2025,HighSchool
5148601,106481,Karson Cox,UCLA,RB,4,0.9068,291,2025,HighSchool
5141603,106482,Deyjhon Pettaway,Texas A&M,S,4,0.9067,292,2025,HighSchool
5237359,106483,Chaz Coleman,Penn State,EDGE,4,0.9065,293,2025,HighSchool
5196816,106484,Carson Cooney,Iowa,LB,4,0.9065,294,2025,HighSchool
5217771,106485,Dennis Uzochukwu,Georgia,OT,4,0.9063,295,2025,HighSchool
5141742,106486,Jabree Coleman,Penn State,RB,4,0.9061,296,2025,HighSchool
5141478,106487,Jarcoby Hopson,Ole Miss,LB,4,0.9061,297,2025,HighSchool
5141533,106488,Matthew Johnson,Oregon,DL,4,0.9057,298,2025,HighSchool
5195951,106489,Jeremiah McCloud,Florida,DL,4,0.9056,299,2025,HighSchool
5239157,106490,Quentin Gibson,Colorado,WR,4,0.9053,300,2025,HighSchool
5214534,106491,Andrew Purcell,Kentucky,CB,4,0.9052,301,2025,HighSchool
5195617,106492,Shaun Terry II,Missouri,WR,4,0.9051,302,2025,HighSchool
5189515,106493,Nolan James Jr.,Notre Dame,RB,4,0.9051,303,2025,HighSchool
5207896,106494,Jacob Bradford,LSU,S,4,0.905,304,2025,HighSchool
5164316,106495,Alex Manske,Iowa State,QB,4,0.9049,305,2025,HighSchool
5215017,106496,Landon Roldan,Georgia,WR,4,0.9049,306,2025,HighSchool
5141595,106497,Kamauryn Morgan,Baylor,EDGE,4,0.9048,307,2025,HighSchool
,106498,Adrian Wilson,Colorado,WR,4,0.9048,308,2025,HighSchool
5141510,106499,Tariq Hayer,Rutgers,S,4,0.9046,309,2025,HighSchool
5141665,106500,Micah Strickland,TCU,CB,4,0.9044,310,2025,HighSchool
5208136,106501,Matt Outten,Penn State,ATH,4,0.9041,311,2025,HighSchool
5141668,106502,Taevion Swint,UCF,RB,4,0.9038,312,2025,HighSchool
5141675,106503,Abduall Sanders Jr.,Alabama,LB,4,0.9037,313,2025,HighSchool
5148665,106504,Messiah Delhomme,Maryland,S,4,0.9034,314,2025,HighSchool
5295815,106505,Duke Clark,Florida,RB,4,0.9032,315,2025,HighSchool
5213238,106506,Yvan Kemajou,Penn State,DL,4,0.9031,316,2025,HighSchool
5214556,106507,LaVar Arrington II,Penn State,LB,4,0.9028,317,2025,HighSchool
5141644,106508,Kendarius Reddick,USC,S,4,0.9027,318,2025,HighSchool
5293827,106509,Manny Choice,Oklahoma,WR,4,0.9027,319,2025,HighSchool
5141607,106510,Isaiah Mozee,Nebraska,WR,4,0.9026,320,2025,HighSchool
5141474,106511,Dontrell Glover,Georgia,IOL,4,0.9025,321,2025,HighSchool
5211862,106512,Matt Henderson,Penn State,TE,4,0.9024,322,2025,HighSchool
5164639,106513,Cam Herron,Notre Dame,IOL,4,0.9023,323,2025,HighSchool
5195545,106514,Zymear Smith,Maryland,ATH,4,0.9023,324,2025,HighSchool
5172095,106515,Bo Walker,Georgia,RB,4,0.9021,325,2025,HighSchool
5214446,106516,Brody Lennon,Ohio State,TE,4,0.902,326,2025,HighSchool
5141579,106517,Kevin Oatis,Arkansas,DL,4,0.9019,327,2025,HighSchool
5195702,106518,Alex Tatsch,Penn State,LB,4,0.9018,328,2025,HighSchool
5217105,106519,Travis Moten,Michigan,DL,4,0.9017,329,2025,HighSchool
5148659,106520,Carson Lawrence,Vanderbilt,S,4,0.9014,330,2025,HighSchool
5179385,106521,Hollis Davidson III,Auburn,TE,4,0.9013,331,2025,HighSchool
5148664,106522,Corey Simms,USC,WR,4,0.9012,332,2025,HighSchool
5141601,106523,Shamarius Peterkin,Virginia Tech,WR,4,0.9011,333,2025,HighSchool
5141480,106524,AJ Ia,Arizona State,TE,4,0.9008,334,2025,HighSchool
5144161,106525,CJ Bass III,Missouri,CB,4,0.9008,335,2025,HighSchool
5201873,106526,Emmanuel Karmo,Minnesota,LB,4,0.9008,336,2025,HighSchool
5209464,106527,Brian Rowe Jr.,South Carolina,WR,4,0.9007,337,2025,HighSchool
5217149,106528,Zach Weeks,LSU,LB,4,0.9007,338,2025,HighSchool
5174651,106529,Dawayne Galloway Jr.,West Virginia,CB,4,0.9006,339,2025,HighSchool
5210161,106530,AJ Kruah,Georgia,LB,4,0.9006,340,2025,HighSchool
5141724,106531,Champ Taulealea,Washington,IOL,4,0.9005,341,2025,HighSchool
5294071,106532,Zae Thomas,Florida State,CB,4,0.9005,342,2025,HighSchool
5141443,106533,Jeff Exinor Jr.,Penn State,TE,4,0.9004,343,2025,HighSchool
5142601,106534,Kendall Daniels Jr.,South Carolina,S,4,0.9004,344,2025,HighSchool
5181572,106535,Trynae Washington,Oklahoma,ATH,4,0.9003,345,2025,HighSchool
5141600,106536,Jonte Newman,Texas A&M,IOL,4,0.9003,346,2025,HighSchool
5141653,106537,Daylon Singleton,SMU,WR,4,0.9003,347,2025,HighSchool
5141393,106538,Dayshaun Burnett,Penn State,EDGE,4,0.9,348,2025,HighSchool
5167714,106539,Cedric Works,Kentucky,EDGE,4,0.9,348,2025,HighSchool
5141561,106540,Jamarion Morrow,Texas A&M,ATH,4,0.8999,350,2025,HighSchool
5148622,106541,Dante McClellan,Missouri,LB,4,0.8998,351,2025,HighSchool
5198289,106542,Tae'Shaun Gelsey,Florida State,TE,4,0.8997,352,2025,HighSchool
5141467,106543,Luka Gilbert,Miami,TE,4,0.8997,353,2025,HighSchool
5141498,106544,Marcus Harris,Washington,WR,4,0.8996,354,2025,HighSchool
5209113,106545,Jhase Thomas,LSU,S,4,0.8995,355,2025,HighSchool
5201872,106546,Romero Ison,USC,WR,4,0.8994,356,2025,HighSchool
5141672,106547,Maxwell Roy,Ohio State,DL,4,0.8994,357,2025,HighSchool
5141389,106548,Max Buchanan,Miami,IOL,4,0.8994,358,2025,HighSchool
5159175,106549,Malachi Toney,Miami,WR,4,0.8993,359,2025,HighSchool
5141557,106550,Onis Konanbanny,Florida,CB,4,0.8991,360,2025,HighSchool
5141765,106551,Zion Williams,LSU,DL,4,0.8991,361,2025,HighSchool
5210185,106552,Benny Patterson,Michigan,DL,4,0.8989,362,2025,HighSchool
5142602,106553,Rasean Dinkins,Georgia,S,4,0.8988,363,2025,HighSchool
,106554,Noah King,Kansas State,CB,4,0.8985,364,2025,HighSchool
5195618,106555,Mal Waldrep Jr.,Alabama,OT,4,0.8985,365,2025,HighSchool
5172263,106557,Tristian Gentry,Texas Tech,WR,4,0.8983,366,2025,HighSchool
5149005,106556,Hardy Watts,Wisconsin,IOL,4,0.8983,366,2025,HighSchool
5142598,106558,Cam Smith,Penn State,LB,4,0.8983,368,2025,HighSchool
5141758,106559,Devin Williams,Auburn,CB,4,0.8982,369,2025,HighSchool
5141494,106560,De'Zie Jones,Ohio State,WR,4,0.8981,370,2025,HighSchool
5293821,106561,Scrap Richardson,Notre Dame,ATH,4,0.8978,371,2025,HighSchool
5214502,106562,Kyle Johnson,Mississippi State,CB,4,0.8977,372,2025,HighSchool
5214503,106563,Jeremiah Jones,Nebraska,ATH,4,0.8975,373,2025,HighSchool
5208133,106566,Dominick Kelly,Georgia,CB,4,0.8975,374,2025,HighSchool
5141744,106565,Jack Van Dorselaer,Tennessee,ATH,4,0.8975,374,2025,HighSchool
5141445,106564,Quanell Farrakhan Jr.,Colorado,WR,4,0.8975,374,2025,HighSchool
5214515,106567,Derrick Simmons,Michigan State,DL,4,0.8974,377,2025,HighSchool
5164637,106568,Jake Cook,Ohio State,IOL,4,0.8973,378,2025,HighSchool
5141722,106569,Michael Thomas III,Rutgers,WR,4,0.8973,379,2025,HighSchool
5179136,106570,Deshawn Stewart,Ohio State,S,4,0.8973,380,2025,HighSchool
5141559,106571,Chris Lawson,Washington,WR,4,0.8973,381,2025,HighSchool
,106572,McKay Madsen,BYU,ATH,4,0.8973,382,2025,HighSchool
5169550,106573,Lex Cyrus,South Carolina,WR,4,0.8972,383,2025,HighSchool
5204395,106574,Bradley Martino,Minnesota,ATH,4,0.8971,384,2025,HighSchool
5201876,106575,Kade Pietrzak,Nebraska,DL,4,0.897,385,2025,HighSchool
5144799,106576,Blake Hebert,Notre Dame,QB,4,0.8968,386,2025,HighSchool
5155562,106577,Marcus Wimberly,Oklahoma,S,4,0.8968,387,2025,HighSchool
5141532,106578,CJ Jimcoily,LSU,LB,4,0.8967,388,2025,HighSchool
5141623,106579,Jamarion Parker,Nebraska,RB,4,0.8963,389,2025,HighSchool
5167701,106580,Darryll Desir,Florida State,EDGE,4,0.8959,390,2025,HighSchool
5141641,106584,Logan Powell,Wisconsin,IOL,4,0.8958,391,2025,HighSchool
5141552,106581,Jayvon McFadden,Ohio State,IOL,4,0.8958,391,2025,HighSchool
5141550,106582,JD LaFleur,LSU,TE,4,0.8958,391,2025,HighSchool
5207928,106583,Courtland Guillory,Oklahoma,CB,4,0.8958,391,2025,HighSchool
5164630,106585,Owen Aliciene,Penn State,OT,4,0.8956,395,2025,HighSchool
5148631,106586,Jai'mier Scott,Wisconsin,ATH,4,0.8956,396,2025,HighSchool
5209336,106587,Daniel Jennings,Penn State,EDGE,4,0.8956,397,2025,HighSchool
5141648,106588,Kelvion Riggins,Texas A&M,LB,4,0.8955,398,2025,HighSchool
5238020,106589,Brendon Haygood,Missouri,RB,4,0.8955,399,2025,HighSchool
5149484,106590,Phillip Wright III,LSU,WR,4,0.8954,400,2025,HighSchool
5294064,106591,Austin Howard,Vanderbilt,LB,4,0.8953,401,2025,HighSchool
5142615,106592,Demetris Dean II,Houston,OT,4,0.8953,402,2025,HighSchool
5156441,106593,Keon Young,Ole Miss,S,4,0.8951,403,2025,HighSchool
5141564,106595,Keylan Moses,LSU,LB,4,0.895,404,2025,HighSchool
5141637,106596,Tre Poteat,Tennessee,CB,4,0.895,404,2025,HighSchool
5181316,106597,Easton Ware,Clemson,IOL,4,0.895,404,2025,HighSchool
5199856,106598,Julius Holly,Michigan,EDGE,4,0.895,404,2025,HighSchool
5141762,106600,Tony Williams Jr.,UCF,S,4,0.895,404,2025,HighSchool
5164345,106599,Chase Loftin,Florida State,TE,4,0.895,404,2025,HighSchool
5141685,106594,Amari Wallace,Miami,S,4,0.895,404,2025,HighSchool
5207830,106601,Tai Buster,Auburn,IOL,4,0.895,411,2025,HighSchool
5164361,106602,Lyrick Samuel,Penn State,WR,4,0.8948,412,2025,HighSchool
5141546,106603,DJ McClary,Rutgers,LB,4,0.8947,413,2025,HighSchool
5215011,106604,J.P. Powell,Georgia Tech,RB,4,0.8947,414,2025,HighSchool
5164657,106605,Mario Nash Jr.,Florida State,IOL,4,0.8945,415,2025,HighSchool
5215323,106606,Taylor Brown,West Virginia,DL,4,0.8944,416,2025,HighSchool
5141594,106607,Jadon Perlotte,Tennessee,LB,4,0.8943,417,2025,HighSchool
5141468,106608,Alex Graham,USC,CB,4,0.8942,418,2025,HighSchool
5141706,106609,Rickey Stewart Jr.,Texas,RB,4,0.8942,419,2025,HighSchool
5141598,106610,Daune Morris,Tennessee,RB,4,0.8942,419,2025,HighSchool
5141661,106611,Kevin Sperry,Florida State,QB,4,0.8939,421,2025,HighSchool
5214409,106612,Jeffrey Overton Jr.,Virginia Tech,RB,4,0.8935,422,2025,HighSchool
,106613,Mason Alexander,Pittsburgh,CB,4,0.8935,423,2025,HighSchool
5148657,106614,Jalil Hall,Purdue,WR,4,0.8934,424,2025,HighSchool
5148652,106618,Grant Beerman,Illinois,LB,4,0.8933,425,2025,HighSchool
5141975,106616,Tanook Hines,USC,WR,4,0.8933,425,2025,HighSchool
5141387,106617,Brandon Brown,LSU,DL,4,0.8933,425,2025,HighSchool
,106615,Bear Bachmeier,Stanford,QB,4,0.8933,425,2025,HighSchool
5141489,106619,Tikey Hayes,Penn State,RB,4,0.8933,429,2025,HighSchool
5141360,106620,Shamar Arnoux,Florida State,CB,4,0.8932,430,2025,HighSchool
5217704,106621,Michael Dever,Texas Tech,WR,4,0.8931,431,2025,HighSchool
5198104,106622,Elijah Burress,Notre Dame,WR,4,0.8929,432,2025,HighSchool
5205096,106624,Henry Fenuku,Missouri,IOL,4,0.8928,433,2025,HighSchool
5141771,106623,Jae'on Young,California,CB,4,0.8928,433,2025,HighSchool
5207860,106625,Bryson Webber,Nebraska,CB,4,0.8927,435,2025,HighSchool
5149003,106626,Samari Reed,Ole Miss,WR,4,0.8926,436,2025,HighSchool
5210557,106627,Travis Buhake,Houston,DL,4,0.8925,437,2025,HighSchool
5212636,106628,Shedrick Sarratt Jr.,South Carolina,OT,4,0.8925,438,2025,HighSchool
5195409,106635,Bryson Jones,Texas Tech,WR,4,0.8925,439,2025,HighSchool
5236219,106631,Christian Ingram,South Carolina,DL,4,0.8925,439,2025,HighSchool
5198561,106636,Sam Turner,Auburn,WR,4,0.8925,439,2025,HighSchool
5164332,106634,Nate Sheppard,Duke,RB,4,0.8925,439,2025,HighSchool
5141647,106629,Tiger Riden Jr.,Texas A&M,RB,4,0.8925,439,2025,HighSchool
5141440,106633,Kalen Edwards,Kentucky,DL,4,0.8925,439,2025,HighSchool
5141508,106630,Jadyn Hudson,UCLA,S,4,0.8925,439,2025,HighSchool
5141439,106632,Jonathan Epperson Jr.,Washington,LB,4,0.8925,439,2025,HighSchool
5201869,106637,Charles House III,Tennessee,DL,4,0.8925,447,2025,HighSchool
5141504,106638,Cortez Harris,Penn State,EDGE,4,0.8925,448,2025,HighSchool
5214453,106639,Darrin Strey,Kentucky,OT,4,0.8921,449,2025,HighSchool
5148627,106640,Matty Augustine,Notre Dame,OT,4,0.8921,450,2025,HighSchool
5141477,106641,Chauncey Gooden,Colorado,IOL,4,0.8921,451,2025,HighSchool
5148602,106642,Christian Hudson,Colorado,DL,4,0.8919,452,2025,HighSchool
5141507,106643,Justin Hasenhuetl,California,IOL,4,0.8919,453,2025,HighSchool
5207927,106644,Dramekco Green,SMU,RB,4,0.8918,454,2025,HighSchool
5164325,106646,Jackson Kollock,Minnesota,QB,4,0.8917,455,2025,HighSchool
5146970,106645,Tyson Terry,Nebraska,DL,4,0.8917,455,2025,HighSchool
5297763,106647,Tyler J. Williams,Georgia,WR,4,0.8917,455,2025,HighSchool
5265527,106648,Greg Ard,Boise State,RB,4,0.8917,458,2025,HighSchool
5141577,106649,Juju Marks,Nebraska,OT,4,0.8916,459,2025,HighSchool
5195290,106650,Chastan Brown,Florida State,OT,4,0.8916,460,2025,HighSchool
5216799,106651,Kilian Registe,TCU,OT,4,0.8915,461,2025,HighSchool
5141419,106652,Harry Dalton III,USC,RB,4,0.8913,462,2025,HighSchool
5141535,106653,Lloyd Jones III,Texas Tech,QB,4,0.8911,463,2025,HighSchool
5200482,106654,Ed Small,TCU,WR,4,0.8911,463,2025,HighSchool
5212641,106655,Weston Bryan,Georgia Southern,ATH,4,0.8911,465,2025,HighSchool
5211058,106656,TK Whitset,NC State,OT,4,0.8911,466,2025,HighSchool
5148660,106657,Micah Matthews,Virginia Tech,ATH,4,0.8908,467,2025,HighSchool
5164656,106658,John Mills,Washington,OT,4,0.8908,468,2025,HighSchool
5167752,106659,Walter Mathis Jr.,LSU,DL,4,0.8908,468,2025,HighSchool
5217869,106660,Bariate Kara,Duke,DL,4,0.8907,470,2025,HighSchool
5205094,106661,Connor Carty,Texas Tech,IOL,4,0.8906,471,2025,HighSchool
5215155,106662,Jaquel Holman,South Carolina,ATH,4,0.8905,472,2025,HighSchool
5167189,106663,Cyrus Polu,Utah,LB,4,0.8905,473,2025,HighSchool
5295723,106664,Caden Knighten,Baylor,RB,4,0.8903,474,2025,HighSchool
5164365,106665,Daylyn Upshaw,Miami,WR,4,0.8903,474,2025,HighSchool
5208217,106666,Jahmari DeLoatch,Virginia Tech,S,4,0.8903,474,2025,HighSchool
5141525,106667,Koby Howard,Penn State,WR,4,0.89,477,2025,HighSchool
5294561,106668,Austin Alexander,North Carolina,DL,3,0.89,478,2025,HighSchool
5141530,106670,Donovan Johnson,Michigan,RB,3,0.89,478,2025,HighSchool
5301771,106674,Landon Dulaney,South Dakota State,WR,3,0.89,478,2025,HighSchool
5141359,106672,Dillon Alfred,Ole Miss,WR,3,0.89,478,2025,HighSchool
5155759,106673,Bryce Deas,Auburn,LB,3,0.89,478,2025,HighSchool
5141736,106671,Christian Thatcher,Utah,LB,3,0.89,478,2025,HighSchool
5196378,106669,Raycine Guillory Jr.,Utah,RB,3,0.89,478,2025,HighSchool
5215547,106676,Jakarrion Kenan,Clemson,S,3,0.8897,486,2025,HighSchool
5295655,106680,DeJae White,Michigan State,LB,3,0.8894,487,2025,HighSchool
5195698,106678,Jace Clarizio,Michigan State,RB,3,0.8894,487,2025,HighSchool
5164362,106681,Raiden Vines-Bright,Washington,WR,3,0.8894,487,2025,HighSchool
5142592,106679,CJ May,Louisville,EDGE,3,0.8894,487,2025,HighSchool
5141646,106677,Logan Schram,TCU,IOL,3,0.8894,487,2025,HighSchool
5214824,106682,Braxton Kyle,Rutgers,DL,3,0.8894,492,2025,HighSchool
5161835,106683,Jaylen McGill,North Carolina,RB,3,0.8893,493,2025,HighSchool
5141415,106684,Jason Dowell,Missouri,DL,3,0.8892,494,2025,HighSchool
5209681,106688,Anthony Addison,South Carolina,EDGE,3,0.8892,494,2025,HighSchool
5148610,106685,Cree Thomas,Notre Dame,S,3,0.8892,494,2025,HighSchool
5294137,106686,DJ Miller,Kentucky,WR,3,0.8892,494,2025,HighSchool
5167754,106687,Derry Norris Jr.,Georgia Tech,DL,3,0.8892,494,2025,HighSchool
5148605,106690,Joe Reiff,Notre Dame,DL,3,0.8892,494,2025,HighSchool
5167177,106689,Jonathan Cunningham,Texas,LB,3,0.8892,494,2025,HighSchool
5213298,106691,Christian Evans,Virginia Tech,DL,3,0.8892,494,2025,HighSchool
5164649,106692,Dominik Hulak,Notre Dame,EDGE,3,0.8886,502,2025,HighSchool
5148663,106694,Darrion Smith,Auburn,DL,3,0.8886,503,2025,HighSchool
5214831,106695,Michael Clayton,Rutgers,CB,3,0.8886,503,2025,HighSchool
5164654,106693,Demetri Manning,Oregon,IOL,3,0.8886,503,2025,HighSchool
5210501,106696,Tristan Ti'a,Oregon State,QB,3,0.8885,506,2025,HighSchool
5141505,106698,Eugene Hilton Jr.,Wisconsin,WR,3,0.8883,507,2025,HighSchool
5294072,106697,Ethan Pritchard,Florida State,LB,3,0.8883,507,2025,HighSchool
,106701,Robert McDaniel,UCLA,QB,3,0.8883,507,2025,HighSchool
5295733,106699,Taz Williams Jr.,Baylor,WR,3,0.8883,507,2025,HighSchool
5166886,106700,Timothy Merritt,Tennessee,CB,3,0.8883,507,2025,HighSchool
5199942,106702,Caleb Bell,Arkansas,DL,3,0.8881,512,2025,HighSchool
5142236,106703,Grayson Wilson,Arkansas,QB,3,0.888,513,2025,HighSchool
5207596,106707,London Simmons,Alabama,DL,3,0.8878,514,2025,HighSchool
5211769,106706,Brayden Trimble,Illinois,WR,3,0.8878,514,2025,HighSchool
5214510,106705,Steve Miller,USC,S,3,0.8878,514,2025,HighSchool
5141555,106704,Cameron Miller,Kentucky,WR,3,0.8878,514,2025,HighSchool
5200108,106708,Jaivon Solomon,Duke,WR,3,0.8875,518,2025,HighSchool
5141713,106709,Kaden Strayhorn,Michigan,IOL,3,0.8875,519,2025,HighSchool
5167183,106711,Ethan Long,Notre Dame,S,3,0.8875,519,2025,HighSchool
5141554,106710,Bobby Kanka,Michigan,DL,3,0.8875,519,2025,HighSchool
5141714,106712,Kamran Williams,UNLV,RB,3,0.8874,522,2025,HighSchool
5195570,106713,Cody Haddad,Ohio State,S,3,0.887,523,2025,HighSchool
5214470,106717,Keiton Jones,Missouri,IOL,3,0.8869,524,2025,HighSchool
5295613,106719,TJ Branch,Colorado,S,3,0.8869,524,2025,HighSchool
5195615,106715,Trajen Odom,Ohio State,DL,3,0.8869,524,2025,HighSchool
5141409,106718,Deandre Desinor,NC State,RB,3,0.8869,524,2025,HighSchool
5148628,106716,Logan Brooking,Clemson,TE,3,0.8869,524,2025,HighSchool
5141372,106714,Kamar Archie,Rutgers,LB,3,0.8869,524,2025,HighSchool
,106720,Stephon Shivers,Florida,DL,3,0.8869,524,2025,HighSchool
5211208,106721,Brian Kortovich,Penn State,TE,3,0.8868,531,2025,HighSchool
5142612,106723,Rukeem Stroud,UCF,CB,3,0.8867,532,2025,HighSchool
5141569,106722,Ezekiel Marcelin Jr.,Miami,LB,3,0.8867,532,2025,HighSchool
5296294,106724,Jaylon Coleman,Liberty,ATH,3,0.8864,534,2025,HighSchool
5208219,106725,Ferzell Shepard,Mississippi State,WR,3,0.8864,534,2025,HighSchool
5141522,106726,Iverson Howard,Maryland,RB,3,0.8861,536,2025,HighSchool
5211199,106729,Terrence Smith,Iowa,WR,3,0.8861,537,2025,HighSchool
5214451,106730,Mike Tyler,South Carolina,TE,3,0.8861,537,2025,HighSchool
5296155,106728,Giyahni Kontosis,Cincinnati,WR,3,0.8861,537,2025,HighSchool
5164360,106727,TK Norman,Texas A&M,WR,3,0.8861,537,2025,HighSchool
5141353,106733,Darius Afalava,Oklahoma,IOL,3,0.8858,541,2025,HighSchool
,106731,Ja'Elyne Matthews,Rutgers,OT,3,0.8858,541,2025,HighSchool
5215236,106732,Jamar Browder,Michigan,WR,3,0.8858,541,2025,HighSchool
5148609,106734,Quintin Simmons Jr.,Kentucky,WR,3,0.8858,541,2025,HighSchool
5148598,106737,Dash Beierly,Washington,QB,3,0.8853,545,2025,HighSchool
5148608,106735,Michael Roeske,Wisconsin,OT,3,0.8853,545,2025,HighSchool
5144164,106736,Riley Wormley,USC,RB,3,0.8853,545,2025,HighSchool
5156379,106738,DaMarion Fowlkes,Missouri,WR,3,0.8853,548,2025,HighSchool
5207620,106739,Xavier Johnson,Memphis,WR,3,0.8852,549,2025,HighSchool
5141679,106740,Reginald Vaughn,Arkansas,DL,3,0.8851,550,2025,HighSchool
5216551,106743,Geron Johnson,Mississippi State,RB,3,0.885,551,2025,HighSchool
5141682,106742,Carlton Smith,Maryland,LB,3,0.885,551,2025,HighSchool
5161005,106741,Kail Ellis,Auburn,IOL,3,0.885,551,2025,HighSchool
5141581,106744,Jared Martin,TCU,EDGE,3,0.8848,554,2025,HighSchool
5141488,106745,Zion Johnson,Cincinnati,RB,3,0.8847,555,2025,HighSchool
5249994,106746,Carl'veon Young,Oklahoma State,LB,3,0.8846,556,2025,HighSchool
,106752,N-Kye Wynn,Rutgers,IOL,3,0.8844,557,2025,HighSchool
,106751,Kentrell Rinehart,,RB,3,0.8844,557,2025,HighSchool
5214413,106747,Tyler Thomas,Texas A&M,IOL,3,0.8844,557,2025,HighSchool
5141650,106749,Michael Riles,Oklahoma State,DL,3,0.8844,557,2025,HighSchool
5214561,106750,Josh Guerrier,Pittsburgh,ATH,3,0.8844,557,2025,HighSchool
5156116,106748,Juju Preston,Clemson,WR,3,0.8844,557,2025,HighSchool
5141551,106755,Gabe Kaminski,Stanford,EDGE,3,0.8842,563,2025,HighSchool
5141351,106754,Josiah Abdullah,Virginia,WR,3,0.8842,563,2025,HighSchool
5141588,106757,Eli Owens,Michigan,TE,3,0.8842,563,2025,HighSchool
5141374,106756,Brett Bordelon,LSU,OT,3,0.8842,563,2025,HighSchool
,106758,Austin Pay,BYU,OT,3,0.8842,563,2025,HighSchool
5141689,106753,Lamason Waller III,BYU,WR,3,0.8842,563,2025,HighSchool
5141655,106759,Kaylib Singleton,Syracuse,CB,3,0.8842,563,2025,HighSchool
5214557,106760,JJ Buchanan,Utah,ATH,3,0.8841,570,2025,HighSchool
5207314,106761,Demarcus Gardner,Kentucky,CB,3,0.8839,571,2025,HighSchool
5198051,106762,Will Tompkins,Iowa State,OT,3,0.8837,572,2025,HighSchool
5213123,106769,Antoni Ogumoro,Tennessee,IOL,3,0.8836,573,2025,HighSchool
5141585,106766,Chinedu Onyeagoro,North Carolina,EDGE,3,0.8836,573,2025,HighSchool
5195950,106767,Brenden Anes,Tennessee,LB,3,0.8836,573,2025,HighSchool
5195482,106765,Keiundre Johnson,Arkansas,EDGE,3,0.8836,573,2025,HighSchool
5214940,106763,Jourdin Houston,Rutgers,WR,3,0.8836,573,2025,HighSchool
5167753,106768,Manamo'ui Muti,Arizona State,OT,3,0.8836,573,2025,HighSchool
5167182,106764,Ko'o Kia,Notre Dame,LB,3,0.8836,573,2025,HighSchool
5215628,106770,Jahari Medlock,Florida,OT,3,0.8834,580,2025,HighSchool
5209926,106772,Triston Abram,Indiana,EDGE,3,0.8833,581,2025,HighSchool
5294100,106771,John Forster,Illinois,RB,3,0.8833,581,2025,HighSchool
5216074,106773,Evan Ward,Virginia,EDGE,3,0.8832,583,2025,HighSchool
5167712,106774,Nusi Taumoepeau,BYU,LB,3,0.8832,584,2025,HighSchool
5197154,106775,Talibi Kaba,Rutgers,LB,3,0.8831,585,2025,HighSchool
5214466,106776,Shawn Hammerbeck,Nebraska,OT,3,0.8831,585,2025,HighSchool
5215212,106777,Fenix Felton,Georgia Tech,S,3,0.8831,585,2025,HighSchool
5141461,106778,Ryan Ghea,Auburn,TE,3,0.8828,588,2025,HighSchool
5215540,106782,Carrington Coombs,Georgia Tech,LB,3,0.8828,588,2025,HighSchool
5207803,106781,Sheldon Rice,Houston,EDGE,3,0.8828,588,2025,HighSchool
5167699,106779,Tyrone Burrus Jr.,Indiana,EDGE,3,0.8828,588,2025,HighSchool
5210002,106780,Grant Dean,Wisconsin,ATH,3,0.8828,588,2025,HighSchool
5141702,106783,Cam Sparks,Virginia Tech,ATH,3,0.8825,593,2025,HighSchool
5164358,106784,Dane Jones,TCU,WR,3,0.8825,593,2025,HighSchool
5141452,106786,D'Shaun Ford,UL Monroe,RB,3,0.8825,593,2025,HighSchool
5141401,106785,Rowan Byrne,Clemson,OT,3,0.8825,593,2025,HighSchool
5210558,106789,Cam Clark,Wisconsin,OT,3,0.8825,593,2025,HighSchool
5179362,106788,Eli Lee,Ohio State,LB,3,0.8825,593,2025,HighSchool
5164327,106791,Anthony League,California,RB,3,0.8825,593,2025,HighSchool
5149000,106787,Randy Adirika,Penn State,DL,3,0.8825,593,2025,HighSchool
5210433,106790,Elijah Vaikona,USC,OT,3,0.8825,593,2025,HighSchool
5142607,106792,Caleb Williams,South Carolina,DL,3,0.8822,602,2025,HighSchool
5214438,106794,Dakotah Terrell,Missouri,TE,3,0.8822,602,2025,HighSchool
5198291,106795,Connor Howes,Ole Miss,OT,3,0.8822,602,2025,HighSchool
5209762,106793,Shane Marshall,Georgia Tech,RB,3,0.8822,602,2025,HighSchool
5209529,106800,Reshad Sterling,Houston,EDGE,3,0.8819,606,2025,HighSchool
5216560,106803,Trent Sellers,Arkansas,EDGE,3,0.8819,606,2025,HighSchool
5213303,106801,Sheldon Robinson,Virginia Tech,S,3,0.8819,606,2025,HighSchool
5141757,106799,Emaree Winston,Texas,TE,3,0.8819,606,2025,HighSchool
5141412,106797,Brett Clatterbaugh,Virginia Tech,LB,3,0.8819,606,2025,HighSchool
5172033,106802,Donta Simpson Jr.,Miami,DL,3,0.8819,606,2025,HighSchool
5141680,106798,Adam Shovlin,Stanford,DL,3,0.8819,606,2025,HighSchool
5212590,106796,Jackson Christian,Texas,IOL,3,0.8819,606,2025,HighSchool
5164355,106804,Joakim Dodson,Tennessee,WR,3,0.8817,614,2025,HighSchool
5148612,106805,LaRue Zamorano III,UCLA,CB,3,0.8817,615,2025,HighSchool
5199855,106807,Talib Graham,Ole Miss,EDGE,3,0.8814,616,2025,HighSchool
5193689,106806,Xxavier Thomas,Penn State,CB,3,0.8814,616,2025,HighSchool
5210003,106808,Chris Denson,Clemson,QB,3,0.8814,618,2025,HighSchool
5195616,106812,Jotavion Pierce,Oklahoma State,S,3,0.8811,619,2025,HighSchool
5209008,106813,Garrison Blank,UCLA,OT,3,0.8811,619,2025,HighSchool
5201867,106810,Preztynn Harrison,Texas Tech,TE,3,0.8811,619,2025,HighSchool
5294078,106815,Josh Williams,Stanford,IOL,3,0.8811,619,2025,HighSchool
5148611,106811,Will Wilson,NC State,QB,3,0.8811,619,2025,HighSchool
5214460,106814,Lucas Allgeyer,Iowa,IOL,3,0.8811,619,2025,HighSchool
5141361,106809,Justin Baker,Tennessee,RB,3,0.8811,619,2025,HighSchool
5294295,106816,Josh Lewis,Tulane,DL,3,0.8811,619,2025,HighSchool
5257269,106817,Omar Mims Jr.,Toledo,WR,3,0.8811,627,2025,HighSchool
5205460,106818,Davion Chandler,Indiana,WR,3,0.881,628,2025,HighSchool
5216642,106823,Cole Cogshell,UCLA,EDGE,3,0.8808,629,2025,HighSchool
5301221,106819,Xavier Newsom,Howard,EDGE,3,0.8808,629,2025,HighSchool
5214520,106821,Jahmare Washington,Wisconsin,CB,3,0.8808,629,2025,HighSchool
5167750,106822,Karson Kaufusi,Utah,DL,3,0.8808,629,2025,HighSchool
5141365,106820,Corey Amos,Ole Miss,LB,3,0.8808,629,2025,HighSchool
5214506,106824,Brandon Logan,Notre Dame,S,3,0.8807,634,2025,HighSchool
5223420,106825,Will Hawthorne,Iowa State,LB,3,0.8806,635,2025,HighSchool
5214518,106832,Jay'Quan Stubbs,Minnesota,DL,3,0.8803,636,2025,HighSchool
5295977,106829,Houston Ka'aha'aina-Torres,Nebraska,IOL,3,0.8803,636,2025,HighSchool
5141501,106827,Gracen Harris,Mississippi State,WR,3,0.8803,636,2025,HighSchool
5211117,106828,Bjorn Jurgensen,Virginia,QB,3,0.8803,636,2025,HighSchool
5206061,106831,Darien Williams,Syracuse,WR,3,0.8803,636,2025,HighSchool
5217041,106833,Omar Mabson II,Auburn,RB,3,0.8803,636,2025,HighSchool
,106826,RyShawn Perry,UCF,DL,3,0.8803,636,2025,HighSchool
5203712,106830,Floyd Boucard,USC,DL,3,0.8803,636,2025,HighSchool
5207843,106834,Jason Stokes Jr.,Utah,CB,3,0.8801,644,2025,HighSchool
5209129,106837,Scott Taylor,UCLA,EDGE,3,0.88,645,2025,HighSchool
5296128,106840,Deon Mays,TCU,CB,3,0.88,645,2025,HighSchool
5258472,220893,Locke Kennedy,Middle Tennessee,S,3,0.88,645,2025,HighSchool
5149001,106835,Daniel Anderson,Northwestern,RB,3,0.88,645,2025,HighSchool
5264500,220894,Trevor Bindel,Washington State,IOL,3,0.88,645,2025,HighSchool
5141484,220889,Maliek Hawkins,Oklahoma,CB,3,0.88,645,2025,HighSchool
5164357,106842,Carl Jenkins Jr.,UCF,WR,3,0.88,645,2025,HighSchool
,106841,Daniel Okonkwo,,S,3,0.88,645,2025,HighSchool
5265429,220895,Maxwell Barbee,Purdue,ATH,3,0.88,645,2025,HighSchool
5254876,106838,Ike Ackerman,Ohio,EDGE,3,0.88,645,2025,HighSchool
5141449,220892,Ja'Kayden Ferguson,Arkansas,ATH,3,0.88,645,2025,HighSchool
,220891,Braeden Jackson,,RB,3,0.88,645,2025,HighSchool
5252197,106839,Jaylen Elder,UAB,WR,3,0.88,645,2025,HighSchool
5209193,220890,Bryson Baker,Utah,WR,3,0.88,645,2025,HighSchool
5301851,106836,Jay'len Mosley,Central Arkansas,S,3,0.88,645,2025,HighSchool
5223768,106847,Harold Duvall,Fresno State,ATH,3,0.8797,660,2025,HighSchool
5164338,106843,Baron Naone,Washington,TE,3,0.8797,660,2025,HighSchool
5141514,106844,Michael Igbinoghene,Tulane,CB,3,0.8797,660,2025,HighSchool
5214508,106846,Mark Manfred III,Missouri,CB,3,0.8797,660,2025,HighSchool
5195296,106845,Chris McCorkle,Kansas,CB,3,0.8797,660,2025,HighSchool
5211164,106861,Luke Emmerich,Wisconsin,ATH,3,0.8794,665,2025,HighSchool
5207610,106851,Grady Adamson,Georgia Tech,QB,3,0.8794,665,2025,HighSchool
5211691,106849,Preston Bowman,Kentucky,WR,3,0.8794,665,2025,HighSchool
5141390,106856,ChaMarryus Bomar,West Virginia,ATH,3,0.8794,665,2025,HighSchool
5214522,106860,Dyllon Williams,Kentucky,S,3,0.8794,665,2025,HighSchool
5216547,106864,Synkwan Smith,Pittsburgh,ATH,3,0.8794,665,2025,HighSchool
5142616,106855,Brady O'Hara,Penn State,IOL,3,0.8794,665,2025,HighSchool
5212353,106850,Elijiah Oehlke,Wake Forest,QB,3,0.8794,665,2025,HighSchool
5211645,106853,Treston McMillan,Washington,QB,3,0.8794,665,2025,HighSchool
5186737,106859,Dante Core,Ole Miss,CB,3,0.8794,665,2025,HighSchool
5141549,106848,David McComb,Kansas,QB,3,0.8794,665,2025,HighSchool
5214490,106857,Corey Adams Jr.,Ole Miss,DL,3,0.8794,665,2025,HighSchool
5164334,106852,Cutter Woods,South Carolina,QB,3,0.8794,665,2025,HighSchool
5217700,106863,Gio Richardson,Arizona,WR,3,0.8794,665,2025,HighSchool
5141448,106854,Kamren Flowers,Toledo,WR,3,0.8794,665,2025,HighSchool
5203609,106862,Cedric Wyche II,Illinois,RB,3,0.8794,665,2025,HighSchool
5195483,106858,Micah Jones,Florida,TE,3,0.8794,665,2025,HighSchool
5215159,106865,Pierce Mooberry,Nebraska,LB,3,0.8794,682,2025,HighSchool
5210048,106866,Josh Sims,Tulane,CB,3,0.8793,683,2025,HighSchool
,106867,Weston Port,Michigan,LB,3,0.8792,684,2025,HighSchool
5249499,106868,AJ Tuitele,USC,LB,3,0.8789,685,2025,HighSchool
5167700,106871,Colby Cronk,NC State,EDGE,3,0.8789,686,2025,HighSchool
5209528,106872,Damarcus Leach,South Carolina,S,3,0.8789,686,2025,HighSchool
5296264,106869,A.J. Brand,Virginia Tech,ATH,3,0.8789,686,2025,HighSchool
5149469,106870,Myles Johnson,Florida,LB,3,0.8789,686,2025,HighSchool
5215541,106874,Quante Gillians,Syracuse,DL,3,0.8789,686,2025,HighSchool
5248205,106873,Kenzy West,Houston,ATH,3,0.8789,686,2025,HighSchool
,106876,Dilan Battle,LSU,DL,3,0.8786,692,2025,HighSchool
5212980,106879,Gordy Sulfsted,Notre Dame,DL,3,0.8786,692,2025,HighSchool
5208567,106881,Sampson Onuoha,Duke,EDGE,3,0.8786,692,2025,HighSchool
5213218,106880,Joshua Blackston,Rutgers,IOL,3,0.8786,692,2025,HighSchool
5200109,106878,Sidney Walton,Tennessee,S,3,0.8786,692,2025,HighSchool
5209122,106882,Jace Brown,UCLA,WR,3,0.8786,692,2025,HighSchool
5148649,106877,Landon McComber,Stanford,LB,3,0.8786,692,2025,HighSchool
5141460,106875,Zadian Gentry,SMU,CB,3,0.8786,692,2025,HighSchool
5142600,106883,Waden Charles,UCF,WR,3,0.8783,700,2025,HighSchool
5141709,106884,Sharlandiin Strange,Western Kentucky,EDGE,3,0.8783,700,2025,HighSchool
5204396,106888,Torin Pettaway,Wisconsin,DL,3,0.8781,702,2025,HighSchool
5186738,106886,Leyton Stone,Texas Tech,WR,3,0.8781,702,2025,HighSchool
5167194,106885,Chase Taylor,Michigan,LB,3,0.8781,702,2025,HighSchool
5141645,106887,Ty Redmond,Tennessee,CB,3,0.8781,702,2025,HighSchool
5166889,106890,Dylan Lewis,Tennessee,CB,3,0.8778,706,2025,HighSchool
5148629,106895,Dreyden Garner,Sacramento State,ATH,3,0.8778,706,2025,HighSchool
5195735,220896,Logan Bartley,Kansas State,S,3,0.8778,706,2025,HighSchool
5141383,106892,Kole Briehler,Stanford,DL,3,0.8778,706,2025,HighSchool
5294099,106894,Logan Farrell,Illinois,TE,3,0.8778,706,2025,HighSchool
5195478,106896,Gus Cordova,USC,DL,3,0.8778,706,2025,HighSchool
5141416,106891,Malachi Curvey,Kansas,EDGE,3,0.8778,706,2025,HighSchool
5164352,106893,Carterrious Brown,SMU,WR,3,0.8778,706,2025,HighSchool
5141447,106889,Jake Flores,Washington,IOL,3,0.8778,706,2025,HighSchool
5209009,106897,JJ Hanne,Georgia,DL,3,0.8778,706,2025,HighSchool
5222545,106898,Ethan Houck,Liberty,QB,3,0.8778,716,2025,HighSchool
5161880,106900,Zyntreacs Otey,Purdue,CB,3,0.8775,717,2025,HighSchool
5163093,106901,Conor Booth,Nebraska,ATH,3,0.8775,717,2025,HighSchool
5166798,106899,Renick Dorilas,Rutgers,CB,3,0.8775,717,2025,HighSchool
5209927,106902,Enoch Atewogbola,Minnesota,EDGE,3,0.8774,720,2025,HighSchool
5198202,106907,Michael Troutman III,Penn State,IOL,3,0.8772,721,2025,HighSchool
5195479,106905,Corey Costner,Virginia,S,3,0.8772,721,2025,HighSchool
5211187,106906,Isaiah Deloatch,Rutgers,LB,3,0.8772,721,2025,HighSchool
5208095,106908,Mason Heintschel,Pittsburgh,QB,3,0.8772,721,2025,HighSchool
5209426,106903,Kellan Ford,Arizona,TE,3,0.8772,721,2025,HighSchool
5148661,106904,Jack Limbaugh,Iowa State,EDGE,3,0.8772,721,2025,HighSchool
5205092,106909,Jackson Blackwell,Baylor,DL,3,0.8772,721,2025,HighSchool
5141705,106910,CJ Spence,Virginia,CB,3,0.8769,728,2025,HighSchool
5141431,106912,DJ Dugar Jr.,Oklahoma State,RB,3,0.8769,728,2025,HighSchool
5141385,106911,Demetrius Brisbon,Baylor,ATH,3,0.8769,728,2025,HighSchool
5164309,106914,Mason Mims,Louisville,QB,3,0.8769,728,2025,HighSchool
5214404,106918,Isaiah Groves,Austin Peay,RB,3,0.8769,728,2025,HighSchool
5214491,106917,Taeshawn Alston,South Carolina,EDGE,3,0.8769,728,2025,HighSchool
,106913,Jayden Anderson,Virginia Tech,WR,3,0.8769,728,2025,HighSchool
,106915,Wyatt Becker,Utah,QB,3,0.8769,728,2025,HighSchool
,106916,Drayden Pavey,Ohio,DL,3,0.8769,728,2025,HighSchool
5141664,106919,Stone Saunders,Kentucky,QB,3,0.8767,737,2025,HighSchool
,106920,Christian Pierce,Western Illinois,LB,3,0.8767,738,2025,HighSchool
5141701,106921,Isaiah West,Ohio State,RB,3,0.8767,739,2025,HighSchool
5214942,106922,RJ Johnson Jr.,Rutgers,DL,3,0.8767,739,2025,HighSchool
5208403,106923,Jamien Little,Duke,WR,3,0.8767,739,2025,HighSchool
5258306,106924,Ethan Johnson,Georgia Southern,LB,3,0.8767,739,2025,HighSchool
5216544,106925,Davin Chandler,Vanderbilt,S,3,0.8764,743,2025,HighSchool
5214465,106930,Michael Gibbs,NC State,IOL,3,0.8764,744,2025,HighSchool
5216702,106928,Aydan West,Michigan State,CB,3,0.8764,744,2025,HighSchool
5209760,106929,Meyer Swinney,California,ATH,3,0.8764,744,2025,HighSchool
5207940,106927,Zaylen Cormier,Houston,ATH,3,0.8764,744,2025,HighSchool
5207662,106926,Muizz Tounkara,Florida,WR,3,0.8764,744,2025,HighSchool
5212669,106931,Makhi Williams Lee,Clemson,DL,3,0.8764,744,2025,HighSchool
5195700,106933,Jordan Coleman,Texas,OT,3,0.8761,750,2025,HighSchool
5294299,106934,Warren Roberts Jr.,Tulane,EDGE,3,0.8761,750,2025,HighSchool
5295654,106932,Deuce Edwards,Michigan State,S,3,0.8761,750,2025,HighSchool
5141362,220897,Jordan Allen,Georgia Tech,WR,3,0.8761,750,2025,HighSchool
,106935,Gavin Crawford,West Virginia,IOL,3,0.8761,750,2025,HighSchool
,106936,Kamare Williams,Louisville,WR,3,0.8761,750,2025,HighSchool
5207658,106937,Bo Onu,Baylor,S,3,0.8761,750,2025,HighSchool
5141698,106938,Maki Stewart,Arizona State,IOL,3,0.8761,750,2025,HighSchool
5296027,106939,Christian Neptune,South Florida,ATH,3,0.8759,758,2025,HighSchool
5201868,106941,Brock Heath,Kansas State,IOL,3,0.8758,759,2025,HighSchool
5217444,106940,Jershaun Newton,Illinois,ATH,3,0.8758,759,2025,HighSchool
5212663,106942,Kevin Peay Jr.,Georgia Tech,IOL,3,0.8758,759,2025,HighSchool
5148656,106945,Caden Piening,UCF,TE,3,0.8756,762,2025,HighSchool
5207659,106944,Weston Polk,Kansas State,LB,3,0.8756,762,2025,HighSchool
5183931,106948,Swayde Griffin,Arizona,CB,3,0.8756,762,2025,HighSchool
5213361,106947,John Schobel,TCU,EDGE,3,0.8756,762,2025,HighSchool
5216509,106949,Davian Jackson,Mississippi State,ATH,3,0.8756,762,2025,HighSchool
5141470,106946,TJ Hedrick,Ole Miss,OT,3,0.8756,762,2025,HighSchool
5294119,106943,Deji Ajose,Washington,WR,3,0.8756,762,2025,HighSchool
5164363,106954,Braz Thomas,Penn State,S,3,0.8753,769,2025,HighSchool
5211193,106958,Will Kemna,Kansas State,OT,3,0.8753,769,2025,HighSchool
5199858,106963,Eddie Love Jr.,East Carolina,RB,3,0.8753,769,2025,HighSchool
5164691,106952,Montavin Quisenberry,Kentucky,WR,3,0.8753,769,2025,HighSchool
5199947,106951,Andre Fuller Jr.,Georgia Tech,EDGE,3,0.8753,769,2025,HighSchool
5142706,106950,Caden VerMaas,Nebraska,S,3,0.8753,769,2025,HighSchool
5204388,106961,Kuron Jabari Jr.,UCLA,CB,3,0.8753,769,2025,HighSchool
5181573,106956,Marcus James,Oklahoma,LB,3,0.8753,769,2025,HighSchool
5212611,106960,Tony Kinsler,Pittsburgh,WR,3,0.8753,769,2025,HighSchool
5167190,106953,JJ Shelton,Arkansas,LB,3,0.8753,769,2025,HighSchool
5214535,106962,Micah Rice,Louisville,S,3,0.8753,769,2025,HighSchool
5229348,106955,Hezekiah Millender,Georgia,QB,3,0.8753,769,2025,HighSchool
5195456,106959,Brock Golwas,Texas Tech,LB,3,0.8753,769,2025,HighSchool
5216996,106957,Sherrod Henderson,Virginia Tech,EDGE,3,0.8753,769,2025,HighSchool
5257270,106964,Larry Porter IV,Kansas State,WR,3,0.875,783,2025,HighSchool
5208002,106967,Marcus Upton,Boston College,S,3,0.875,784,2025,HighSchool
5215364,106966,Nick Hallock,Utah,OT,3,0.875,784,2025,HighSchool
5213239,106971,Au'Tori Newkirk,North Carolina,QB,3,0.875,784,2025,HighSchool
5141703,106968,Jett White,Temple,CB,3,0.875,784,2025,HighSchool
5213301,106970,Aubrey Melvin,UConn,DL,3,0.875,784,2025,HighSchool
5214464,106965,Nolan Davenport,Wisconsin,OT,3,0.875,784,2025,HighSchool
5216691,106972,Tavares Murray,Old Dominion,S,3,0.875,784,2025,HighSchool
5214524,106969,Cole Woodson,Pittsburgh,S,3,0.875,784,2025,HighSchool
,106973,Joey VanWetzinga,Iowa,IOL,3,0.8747,792,2025,HighSchool
5207934,106974,Austin Carlisle,Houston,QB,3,0.8747,792,2025,HighSchool
5167710,106975,Kobby Sakyi-Prah,South Carolina,EDGE,3,0.8747,792,2025,HighSchool
5214517,106983,Cam Strong,NC State,CB,3,0.8744,795,2025,HighSchool
5189535,106978,Javion Holiday,SMU,CB,3,0.8744,795,2025,HighSchool
5141547,106987,Bekkem Kritza,Penn State,QB,3,0.8744,795,2025,HighSchool
5167756,220898,Tommy Rupley,Duke,DL,3,0.8744,795,2025,HighSchool
5214494,220901,Tywan Cox,Illinois,S,3,0.8744,795,2025,HighSchool
5185699,106988,Dan Mahan,Duke,QB,3,0.8744,795,2025,HighSchool
5214458,220900,Brian Tapu,Nebraska,OT,3,0.8744,795,2025,HighSchool
5141450,106976,Semaj Fleming,Boston College,WR,3,0.8744,795,2025,HighSchool
5167703,106984,Mandrell Desir,Florida State,EDGE,3,0.8744,795,2025,HighSchool
5155747,106990,Jon Adair,Virginia,IOL,3,0.8744,795,2025,HighSchool
5210730,106981,Jason King,Missouri,LB,3,0.8744,795,2025,HighSchool
5164320,106992,Sean Cuono,Indiana,RB,3,0.8744,795,2025,HighSchool
5201871,106982,Antonio Jordan,Arkansas,WR,3,0.8744,795,2025,HighSchool
5195680,106980,Chad Gasper Jr.,Florida,RB,3,0.8744,795,2025,HighSchool
5203612,106986,Antwaun Parham,Tulane,WR,3,0.8744,795,2025,HighSchool
5141410,258020,Caleb Chester,Texas,CB,3,0.8744,795,2025,HighSchool
5164330,106989,Julian McMahan,Washington,RB,3,0.8744,795,2025,HighSchool
,106985,Haleem Muhammad,Syracuse,DL,3,0.8744,795,2025,HighSchool
5141455,106979,Kobi Foreman,Oklahoma State,CB,3,0.8744,795,2025,HighSchool
5210769,220899,Steven Murray,Rutgers,ATH,3,0.8744,795,2025,HighSchool
5147847,106991,Jacobe' Ward,Auburn,IOL,3,0.8744,795,2025,HighSchool
5141752,220902,Anthony Williams,TCU,LB,3,0.8744,795,2025,HighSchool
5203729,106977,Wilnerson Telemaque,West Virginia,DL,3,0.8744,795,2025,HighSchool
5215073,106993,Ethan Stendel,Minnesota,LB,3,0.8743,818,2025,HighSchool
5142767,106994,Davion Dixon,Notre Dame,DL,3,0.8742,819,2025,HighSchool
,106995,Justin DeVaughn,Maryland,WR,3,0.8742,820,2025,HighSchool
5141610,107002,Jaden Nickens,Kansas,WR,3,0.8739,821,2025,HighSchool
5209388,106998,Javion Butts,North Carolina,S,3,0.8739,821,2025,HighSchool
5198326,106997,Josiah Broxton,Vanderbilt,LB,3,0.8739,821,2025,HighSchool
5215135,107000,Braylon Collier,Michigan State,WR,3,0.8739,821,2025,HighSchool
5156101,106996,Remington Moss,Wisconsin,S,3,0.8739,821,2025,HighSchool
5222251,107001,Vanzale Hinton,Vanderbilt,CB,3,0.8739,821,2025,HighSchool
5210060,106999,Terrell Wilfong,Syracuse,WR,3,0.8739,821,2025,HighSchool
5211749,107003,James Finley,Northern Illinois,CB,3,0.8736,828,2025,HighSchool
5196352,107006,Carson Boyd,Illinois,QB,3,0.8736,829,2025,HighSchool
5294657,107011,AJ Lewis Jr.,Mississippi State,WR,3,0.8736,829,2025,HighSchool
5215554,107017,Legend Lyons,Minnesota,WR,3,0.8736,829,2025,HighSchool
5196733,107013,Lamar Williams,Maryland,OT,3,0.8736,829,2025,HighSchool
5204686,107014,Witten Van Hoy,TCU,OT,3,0.8736,829,2025,HighSchool
,107012,Romando Johnson,West Virginia,EDGE,3,0.8736,829,2025,HighSchool
5141746,107004,Jacorey Watson,Baylor,WR,3,0.8736,829,2025,HighSchool
5214509,107016,DK Mays,Houston,DL,3,0.8736,829,2025,HighSchool
5217872,107008,Cameron White,Louisville,LB,3,0.8736,829,2025,HighSchool
5213307,107018,Justin Thompson,Pittsburgh,LB,3,0.8736,829,2025,HighSchool
5166796,107005,Kolbe Harmon,Duke,CB,3,0.8736,829,2025,HighSchool
5184437,107010,Alex Shieldnight,Oklahoma,EDGE,3,0.8736,829,2025,HighSchool
5141628,107009,Jaden Perez,Oklahoma State,WR,3,0.8736,829,2025,HighSchool
5208949,107015,Julius Columbus,Duke,DL,3,0.8736,829,2025,HighSchool
5141748,107007,Cornelius Warren III,Arizona,RB,3,0.8736,829,2025,HighSchool
5214447,107021,Aaron Mattingly,UAB,TE,3,0.8733,844,2025,HighSchool
5141683,107019,Mantrez Walker,Colorado,LB,3,0.8733,844,2025,HighSchool
5214530,107022,Joshua Johnson,Penn State,CB,3,0.8733,844,2025,HighSchool
5294266,107020,Manny Fuller,Utah,S,3,0.8733,844,2025,HighSchool
5218427,107029,Jordan Fields,Pittsburgh,OT,3,0.8731,848,2025,HighSchool
5149475,107030,Allen Gant,UTEP,S,3,0.8731,848,2025,HighSchool
5295326,107025,Noah Fox-Flores,UCLA,TE,3,0.8731,848,2025,HighSchool
5142603,107026,Mark Iheanachor,SMU,LB,3,0.8731,848,2025,HighSchool
5215106,107031,Cameran Dickson,Vanderbilt,WR,3,0.8731,848,2025,HighSchool
5208009,107027,Floyd Guidry,TCU,DL,3,0.8731,848,2025,HighSchool
5154698,107023,Ka'Mori Moore,Iowa State,DL,3,0.8731,848,2025,HighSchool
5178083,107028,Noah Chambers,Virginia Tech,LB,3,0.8731,848,2025,HighSchool
5149497,107024,Brandon Caesar,West Virginia,DL,3,0.8731,848,2025,HighSchool
5207797,107035,Niklas Fisher,Oregon State,EDGE,3,0.8728,857,2025,HighSchool
5234258,107040,Ian Williams,Memphis,S,3,0.8728,857,2025,HighSchool
5214353,107039,Josiah Persinger,Virginia,CB,3,0.8728,857,2025,HighSchool
5209130,107036,Taniela Tupou,USC,ATH,3,0.8728,857,2025,HighSchool
5215243,107037,Isaiah White,Illinois,DL,3,0.8728,857,2025,HighSchool
5164653,107033,Andre Lovett Jr.,Illinois,S,3,0.8728,857,2025,HighSchool
5214472,107038,LJ Prudhomme,Arkansas,IOL,3,0.8728,857,2025,HighSchool
5195614,107032,Jaylan Beckley,Oklahoma State,IOL,3,0.8728,857,2025,HighSchool
5198311,107034,Malakhi Boone,UCF,LB,3,0.8728,857,2025,HighSchool
5295822,107041,Daniel Pierre-Louis,Florida,IOL,3,0.8728,857,2025,HighSchool
5257986,107042,Zach Taylor,Cincinnati,IOL,3,0.8726,867,2025,HighSchool
5207897,107043,Rahim Hutchins Jr.,Memphis,WR,3,0.8726,868,2025,HighSchool
5215507,107045,Deante Lindsay,Texas Tech,CB,3,0.8725,869,2025,HighSchool
5216549,107046,Cal Faulkner,Georgia Tech,ATH,3,0.8725,869,2025,HighSchool
5210066,107044,Josh Smith,South Carolina,LB,3,0.8725,869,2025,HighSchool
,107047,Sam Hayward,Army,EDGE,3,0.8722,872,2025,HighSchool
5293907,107054,Evan Powell,East Carolina,DL,3,0.8722,873,2025,HighSchool
,107048,Quentin Murphy,Arkansas,ATH,3,0.8722,873,2025,HighSchool
5306769,107053,Donovan Jones,Texas Southern,LB,3,0.8722,873,2025,HighSchool
5141688,107049,Joseph Smith,Arizona State,CB,3,0.8722,873,2025,HighSchool
5216680,107051,Brad Fitzgibbon,Iowa,DL,3,0.8722,873,2025,HighSchool
5209143,107052,Julian McFadden,Syracuse,WR,3,0.8722,873,2025,HighSchool
5167173,107050,Cooper Catalano,Wisconsin,LB,3,0.8722,873,2025,HighSchool
5222611,107063,Cannon Valenzuela,Colorado State,LB,3,0.8719,880,2025,HighSchool
5196894,107061,Will Saba,Wake Forest,IOL,3,0.8719,880,2025,HighSchool
5141639,107056,Tyren Polley,SMU,S,3,0.8719,880,2025,HighSchool
5211767,107058,Seaonta Stewart Jr.,Indiana,CB,3,0.8719,880,2025,HighSchool
5214442,107060,Nizyi Davis,Wisconsin,TE,3,0.8719,880,2025,HighSchool
5141580,107059,Adonis Moise,Kansas State,WR,3,0.8719,880,2025,HighSchool
5236218,107062,Tim Griffin,Cincinnati,DL,3,0.8719,880,2025,HighSchool
5295963,107057,Jayden Glosten,Louisiana,S,3,0.8719,880,2025,HighSchool
5141402,107055,Royal Capell,Oklahoma State,WR,3,0.8719,880,2025,HighSchool
5258445,107071,Pupu Sepulona,Utah,EDGE,3,0.8717,889,2025,HighSchool
5179622,107064,Jayden Sellers,South Carolina,WR,3,0.8717,889,2025,HighSchool
5254875,107070,Myron Robinson,Arizona,LB,3,0.8717,889,2025,HighSchool
5196810,107065,Nate Tilmon,Utah,S,3,0.8717,889,2025,HighSchool
5210516,107069,Jack Shaffer,Washington,OT,3,0.8717,889,2025,HighSchool
5211194,107066,Kuol Kuol II,Iowa State,OT,3,0.8717,889,2025,HighSchool
5164638,107067,Jayden Elijah,Rutgers,OT,3,0.8717,889,2025,HighSchool
,107068,Jackson Doman,BYU,TE,3,0.8717,889,2025,HighSchool
5141369,107073,Markeylin Batton,Arkansas,RB,3,0.8714,897,2025,HighSchool
,107080,Devon Oliver,Yale,DL,3,0.8714,897,2025,HighSchool
5195699,220903,Carmello Brooks,Houston,DL,3,0.8714,897,2025,HighSchool
,107079,Javar Thomas,Texas Southern,LB,3,0.8714,897,2025,HighSchool
5209748,258034,Kam Powell,Oklahoma State,WR,3,0.8714,897,2025,HighSchool
5148651,107081,Vernon Allen III,Rutgers,WR,3,0.8714,897,2025,HighSchool
5210018,107077,Mickey Vaccarello,Stanford,LB,3,0.8714,897,2025,HighSchool
5203533,107075,Samuel Lateju,Wisconsin,EDGE,3,0.8714,897,2025,HighSchool
5167184,258036,DiMari Malone,Michigan State,LB,3,0.8714,897,2025,HighSchool
5207846,107084,Byron Nelson,North Carolina,IOL,3,0.8714,897,2025,HighSchool
5214454,107074,Cameron Gorin,Louisville,OT,3,0.8714,897,2025,HighSchool
5214549,107083,Mason Woods,Iowa,ATH,3,0.8714,897,2025,HighSchool
5208402,107078,Tyler Houser,North Carolina,LB,3,0.8714,897,2025,HighSchool
5196380,107082,Caden O'Rourke,Northwestern,EDGE,3,0.8714,897,2025,HighSchool
5164349,107072,Jerome Bettis Jr.,Notre Dame,WR,3,0.8714,897,2025,HighSchool
5214448,107076,Jayden Savoury,Michigan State,TE,3,0.8714,897,2025,HighSchool
5214452,107085,Reiman Zebert,Stanford,TE,3,0.8714,897,2025,HighSchool
5141619,107087,Sael Reyes,SMU,S,3,0.8711,914,2025,HighSchool
5147339,107086,Keylan Abrams,TCU,LB,3,0.8711,914,2025,HighSchool
5209144,107088,Jaden Williams,Boise State,EDGE,3,0.8711,914,2025,HighSchool
5211202,107093,Adrian Holley,Kansas,EDGE,3,0.8708,917,2025,HighSchool
5214560,107094,Trey Glasper,Oregon State,ATH,3,0.8708,917,2025,HighSchool
5208128,107091,Julien Horton,West Virginia,S,3,0.8708,917,2025,HighSchool
5210562,107095,Tanner Terch,Nebraska,ATH,3,0.8708,917,2025,HighSchool
,107090,Tre Fuller,,S,3,0.8708,917,2025,HighSchool
5141574,107089,Aiden Manutai,California,S,3,0.8708,917,2025,HighSchool
5217449,107092,RJ Collins,Kansas State,CB,3,0.8708,917,2025,HighSchool
5198247,107099,Raedyn Bruens,Rutgers,DL,3,0.8706,924,2025,HighSchool
5195736,107098,Michael McDonough,Illinois,IOL,3,0.8706,924,2025,HighSchool
5211057,107096,John Kelly,Kansas,RB,3,0.8706,924,2025,HighSchool
5210426,107106,Dominic Macon,Washington,DL,3,0.8706,924,2025,HighSchool
5216317,107102,Demarius Robinson,Arizona State,RB,3,0.8706,924,2025,HighSchool
5214467,107100,Jim Harris Jr.,Virginia,OT,3,0.8706,924,2025,HighSchool
5205824,107105,Javon Lawrence,Syracuse,CB,3,0.8706,924,2025,HighSchool
5295657,107103,Drew Nichols,Michigan State,IOL,3,0.8706,924,2025,HighSchool
5164308,107097,Leo Hannan,Michigan State,QB,3,0.8706,924,2025,HighSchool
5210130,107104,Devin Ancrum,North Carolina,DL,3,0.8706,924,2025,HighSchool
5198317,107101,Mykah Newton,Miami,EDGE,3,0.8706,924,2025,HighSchool
,107107,Mekhi Mixon,,LB,3,0.8704,935,2025,HighSchool
,107108,Amir Leonard-Jean Charles,West Virginia,DL,3,0.8703,936,2025,HighSchool
5164643,107112,Gerrick Gordon Jr.,South Florida,IOL,3,0.8703,936,2025,HighSchool
5199955,107113,Caleb Smith,Washington,DL,3,0.8703,936,2025,HighSchool
5167178,107110,Sam Haley,TCU,LB,3,0.8703,936,2025,HighSchool
5211192,107114,Lebron Hill,Vanderbilt,WR,3,0.8703,936,2025,HighSchool
5195064,107116,Jamin Brown,Duke,IOL,3,0.8703,936,2025,HighSchool
5209120,107109,Stevie Amar Jr.,Boston College,TE,3,0.8703,936,2025,HighSchool
5141657,107111,Isaiah Robinson,Virginia,WR,3,0.8703,936,2025,HighSchool
5156153,107115,Tavian McNair,UNLV,WR,3,0.8703,936,2025,HighSchool
5211696,107124,Noah Sanders,Toledo,RB,3,0.87,945,2025,HighSchool
5298654,220911,Brandon Wilson,Southeast Missouri State,S,3,0.87,945,2025,HighSchool
5215251,107126,Gerritt Kemp,NC State,WR,3,0.87,945,2025,HighSchool
5301028,220913,Jaquail Smith,Sacramento State,RB,3,0.87,945,2025,HighSchool
5264245,220904,Xavier Ford,Minnesota,RB,3,0.87,945,2025,HighSchool
5300658,258177,Jammel Ward Jr.,Montana,WR,3,0.87,945,2025,HighSchool
5209708,107119,Jackson Carpenter,Nebraska,ATH,3,0.87,945,2025,HighSchool
,107122,Maurice Gleaton Jr.,Georgia,WR,3,0.87,945,2025,HighSchool
,220910,Tylik Mitchell,Temple,RB,3,0.87,945,2025,HighSchool
5248292,220909,TJ Burkhalter,Texas State,LB,3,0.87,945,2025,HighSchool
5295531,107117,Santonyo Isaac,Eastern Michigan,WR,3,0.87,945,2025,HighSchool
,107118,Willie Fletcher,,EDGE,3,0.87,945,2025,HighSchool
,220906,Reggie Jackson,,WR,3,0.87,945,2025,HighSchool
,107127,Blake Hogshooter,Houston,WR,3,0.87,945,2025,HighSchool
,220907,Jonah Smith,UCLA,WR,3,0.87,945,2025,HighSchool
5300937,107123,Dylan Gill,West Georgia,LB,3,0.87,945,2025,HighSchool
5297990,220905,Jeremiah Cain,Northern Iowa,WR,3,0.87,945,2025,HighSchool
5203722,107125,Eli Johnson,Iowa,TE,3,0.87,945,2025,HighSchool
5215583,107121,Sean Robinson,Texas Tech,ATH,3,0.87,945,2025,HighSchool
5222569,220912,Ethan Stecker,Iowa State,ATH,3,0.87,945,2025,HighSchool
5263574,107128,LaCorian Hodge,NC State,LB,3,0.87,945,2025,HighSchool
5148597,107120,Jermiel Atkins,Kentucky,OT,3,0.87,945,2025,HighSchool
5207657,220908,Brodrick Malone,New Mexico State,WR,3,0.87,945,2025,HighSchool
5214937,107129,Jaron Thomas,Purdue,RB,3,0.8699,968,2025,HighSchool
5222256,107130,Taijh Overton,Arkansas,S,3,0.8697,969,2025,HighSchool
5296140,107133,Ben Alefaio-Lilii,Arizona State,S,3,0.8697,969,2025,HighSchool
5222149,107134,Juelz Baptiste,Tulane,OT,3,0.8697,969,2025,HighSchool
5141396,107131,Kelan Butler,Georgia State,EDGE,3,0.8697,969,2025,HighSchool
5156156,107132,Travares Daniels II,Maryland,LB,3,0.8697,969,2025,HighSchool
5215631,107135,Danilo Guberinich,Texas Tech,OT,3,0.8696,974,2025,HighSchool
5156438,107139,MJ Preston,Ole Miss,CB,3,0.8694,975,2025,HighSchool
5141652,107136,Gus Ritchey,NC State,TE,3,0.8694,975,2025,HighSchool
5167192,107140,Sekou Smith Jr.,Mississippi State,S,3,0.8694,975,2025,HighSchool
5198246,107145,Gavin Blanchard,Clemson,IOL,3,0.8694,975,2025,HighSchool
5199946,107142,Gabe Daniels,Syracuse,WR,3,0.8694,975,2025,HighSchool
,107141,Evan Haynes,North Carolina,WR,3,0.8694,975,2025,HighSchool
5141740,107137,Justin Thurman,Kansas,RB,3,0.8694,975,2025,HighSchool
5214495,107143,CJ Crite,Cincinnati,LB,3,0.8694,975,2025,HighSchool
5164314,107138,Scotty Fox Jr.,West Virginia,QB,3,0.8694,975,2025,HighSchool
,107144,Kiandrea Barker,Middle Tennessee,RB,3,0.8694,975,2025,HighSchool
5214827,107146,Miron Gurman,Rutgers,DL,3,0.8692,985,2025,HighSchool
5212695,107147,Brandon Rose,Coastal Carolina,S,3,0.8689,986,2025,HighSchool
5209796,107157,Erik Gayle,Illinois,EDGE,3,0.8689,987,2025,HighSchool
5207617,107153,Leo Almanza Jr.,Baylor,CB,3,0.8689,987,2025,HighSchool
5164636,107154,Jayden Clark,Kentucky,IOL,3,0.8689,987,2025,HighSchool
5164641,107155,Spencer Dowland,Mississippi State,OT,3,0.8689,987,2025,HighSchool
5164354,107152,Cory Butler Jr.,Arizona State,WR,3,0.8689,987,2025,HighSchool
5148648,107158,Draden Fullbright,Oklahoma State,CB,3,0.8689,987,2025,HighSchool
5246572,107168,Nathan McNeil,Iowa,RB,3,0.8689,987,2025,HighSchool
5203478,107165,Ryver Peppers,Iowa State,RB,3,0.8689,987,2025,HighSchool
,107166,Jordan Gibbs,Syracuse,CB,3,0.8689,987,2025,HighSchool
5214516,107164,Serious Stinyard,Kansas State,CB,3,0.8689,987,2025,HighSchool
5296023,107167,Tray Kinkle,South Florida,RB,3,0.8689,987,2025,HighSchool
,107162,Taani Makasini,BYU,LB,3,0.8689,987,2025,HighSchool
5166910,107150,Dajon Hinton,Arizona,CB,3,0.8689,987,2025,HighSchool
5167191,107151,AJ Rice,Mississippi State,LB,3,0.8689,987,2025,HighSchool
5211906,107161,Kadear Dembele,Wake Forest,DL,3,0.8689,987,2025,HighSchool
5122232,107148,Bud Coombs,Maryland,RB,3,0.8689,987,2025,HighSchool
5296212,107149,Zay Robinson,Iowa State,WR,3,0.8689,987,2025,HighSchool
5148600,107156,Samuel Cohen,Liberty,DL,3,0.8689,987,2025,HighSchool
5195705,107160,AJ Holloway,South Carolina,LB,3,0.8689,987,2025,HighSchool
5166801,107159,Xavier Thompson,Memphis,CB,3,0.8689,987,2025,HighSchool
5186444,107163,Ramonz Adams Jr.,Washington,CB,3,0.8689,987,2025,HighSchool
5141642,107170,Max Redmon,Florida State,S,3,0.8686,1008,2025,HighSchool
5215250,107171,Cayden Daniels,Vanderbilt,CB,3,0.8686,1008,2025,HighSchool
5216565,107174,Ulavai Fetuli,BYU,ATH,3,0.8686,1008,2025,HighSchool
5214934,107172,Caleb Matelau,Louisville,LB,3,0.8686,1008,2025,HighSchool
,107173,Bear Tenney,Utah,TE,3,0.8686,1008,2025,HighSchool
5141591,107169,Joshua Patterson,Iowa State,S,3,0.8686,1008,2025,HighSchool
5209424,107175,Lebron Bond,Indiana,WR,3,0.8683,1014,2025,HighSchool
5211161,107176,Grant Houser,Louisville,TE,3,0.8683,1014,2025,HighSchool
5141531,107180,Jamar Malone,Sacramento State,QB,3,0.8683,1014,2025,HighSchool
5294263,220914,Byrd Ficklin,Utah,QB,3,0.8683,1014,2025,HighSchool
5223421,220916,Jaishaun Offutt,Wake Forest,IOL,3,0.8683,1014,2025,HighSchool
5181214,107179,Isaiah Reese,Virginia,LB,3,0.8683,1014,2025,HighSchool
5210065,107177,Donovan Robinson Jr.,Washington,LB,3,0.8683,1014,2025,HighSchool
5214559,107178,Mason Ellens,Iowa State,ATH,3,0.8683,1014,2025,HighSchool
5211986,220915,Mason Mayne,Northwestern,DL,3,0.8683,1014,2025,HighSchool
5215543,107181,Mark Handy,Minnesota,IOL,3,0.8682,1023,2025,HighSchool
5214444,107190,Tyler Kielmeyer,Northwestern,TE,3,0.8681,1024,2025,HighSchool
5196815,107188,Chance Ables,Arizona State,WR,3,0.8681,1024,2025,HighSchool
5216568,107195,Sean Poret,Florida State,IOL,3,0.8681,1024,2025,HighSchool
5141710,107186,Abu Tarawallie,Minnesota,DL,3,0.8681,1024,2025,HighSchool
5164633,107187,Jade Card,Florida Atlantic,ATH,3,0.8681,1024,2025,HighSchool
5257992,107192,Evan Young,Michigan State,S,3,0.8681,1024,2025,HighSchool
5141691,107185,JuJu Walls,UCLA,EDGE,3,0.8681,1024,2025,HighSchool
5167172,107182,Jovan Clark,Washington State,LB,3,0.8681,1024,2025,HighSchool
5214449,107194,Joeseph Skipworth,Mississippi State,TE,3,0.8681,1024,2025,HighSchool
5172032,107189,Trey Blue,North Carolina,IOL,3,0.8681,1024,2025,HighSchool
5211482,107191,Bryson Williams,Michigan State,RB,3,0.8681,1024,2025,HighSchool
5141751,107183,T'Andre Waverly,Oregon State,ATH,3,0.8681,1024,2025,HighSchool
5215363,107196,Simona Fuailetolo,Oklahoma State,OT,3,0.8681,1024,2025,HighSchool
5214935,107184,Elliott Schaper,Duke,LB,3,0.8681,1024,2025,HighSchool
5200107,107193,Kam Cullins,Liberty,DL,3,0.8681,1024,2025,HighSchool
5221235,107202,Kenedy Uzoma,North Carolina,ATH,3,0.8678,1039,2025,HighSchool
5141379,107197,Jaylen Bell,Indiana,CB,3,0.8678,1039,2025,HighSchool
5228607,107201,Demon June,North Carolina,RB,3,0.8678,1039,2025,HighSchool
5157061,107198,Joseph Albright,TCU,S,3,0.8678,1039,2025,HighSchool
5295528,107200,Jonnie Carter,Eastern Michigan,S,3,0.8678,1039,2025,HighSchool
,107199,Tomir Bransford,,RB,3,0.8678,1039,2025,HighSchool
5203476,107203,Daniel Bray,Utah,RB,3,0.8675,1045,2025,HighSchool
5201882,107205,Blake Thiry,Indiana,TE,3,0.8675,1045,2025,HighSchool
5212730,107204,Caden Gordon,NC State,CB,3,0.8675,1045,2025,HighSchool
5216048,107206,Terris Dudley,NC State,ATH,3,0.8672,1048,2025,HighSchool
5295538,107212,CJ Bell Jr.,Iowa,CB,3,0.8672,1049,2025,HighSchool
5207988,107215,Zack Harden,Minnesota,S,3,0.8672,1049,2025,HighSchool
5215630,107218,Canaan Edwards,Rutgers,EDGE,3,0.8672,1049,2025,HighSchool
5294103,107209,Des Straughton,Illinois,S,3,0.8672,1049,2025,HighSchool
5254915,107219,Harry Hassmann,Arizona State,WR,3,0.8672,1049,2025,HighSchool
5214457,107216,Michael O'Connell,Northwestern,OT,3,0.8672,1049,2025,HighSchool
5193833,107213,Patrick Williams,Cincinnati,CB,3,0.8672,1049,2025,HighSchool
5295730,107214,Christopher Johnson,Baylor,DL,3,0.8672,1049,2025,HighSchool
5216834,107217,Andrew Williams,BYU,OT,3,0.8672,1049,2025,HighSchool
5213685,107210,Edward Griffin,Baylor,QB,3,0.8672,1049,2025,HighSchool
5212242,107211,Richmond Ugochukwu,Houston,LB,3,0.8672,1049,2025,HighSchool
5294264,107208,Max Fonoimoana,Utah,LB,3,0.8672,1049,2025,HighSchool
5148607,107207,Ty Rupe,UTSA,TE,3,0.8672,1049,2025,HighSchool
5212231,107221,Dillon Newton-Short,Virginia,WR,3,0.8669,1062,2025,HighSchool
5295050,107224,Ja'Bree Bickham,Boise State,CB,3,0.8669,1062,2025,HighSchool
5209942,107222,Zach Ruffin,Southern Miss,S,3,0.8669,1062,2025,HighSchool
5218026,107223,Daeshon Morgan,Arizona State,DL,3,0.8669,1062,2025,HighSchool
5141754,107220,Armoni Weaver,West Virginia,CB,3,0.8669,1062,2025,HighSchool
5149004,107226,Kyle Washington,Georgia State,WR,3,0.8667,1067,2025,HighSchool
5301880,107228,Zion Cooley,East Tennessee State,EDGE,3,0.8667,1067,2025,HighSchool
5211694,107227,Harold Mack,Eastern Michigan,WR,3,0.8667,1067,2025,HighSchool
5257987,107229,DaMari Witherspoon,Cincinnati,TE,3,0.8667,1067,2025,HighSchool
5216576,107225,Gavin Packer,Boise State,WR,3,0.8667,1067,2025,HighSchool
5264739,107233,Jake Bauer,North Carolina,LB,3,0.8667,1072,2025,HighSchool
5263246,107232,Owen Eshelman,Washington State,QB,3,0.8667,1072,2025,HighSchool
5215624,107230,Jayden Barr,Georgia Tech,S,3,0.8667,1072,2025,HighSchool
5215292,107231,Omarion Davis,Boston College,S,3,0.8667,1072,2025,HighSchool
,107257,Trent Oiler,,ATH,3,0.8658,1076,2025,HighSchool
5141725,107246,Michael Tollefson,Arizona State,QB,3,0.8664,1076,2025,HighSchool
5164353,107236,Sah'nye Degraffenreidt,Rutgers,WR,3,0.8664,1076,2025,HighSchool
5216526,107247,Ben Rothhaar,Rutgers,TE,3,0.8664,1076,2025,HighSchool
5215552,107243,JoJo Scott,Kansas State,CB,3,0.8664,1076,2025,HighSchool
,107244,Bryan J. Auguste,Kentucky,IOL,3,0.8664,1076,2025,HighSchool
5164660,107235,Carter Stallard,Virginia Tech,OT,3,0.8664,1076,2025,HighSchool
5201875,107239,Coleman Patmon,Arizona,S,3,0.8664,1076,2025,HighSchool
5196355,107237,Jon Jon Stevens Jr.,Northwestern,ATH,3,0.8664,1076,2025,HighSchool
5215629,107245,Kevin Roche Jr.,Georgia Tech,TE,3,0.8664,1076,2025,HighSchool
5164333,107234,Brennen Ward,Kentucky,QB,3,0.8664,1076,2025,HighSchool
5216334,107242,Zacharey Smith,Indiana,CB,3,0.8664,1076,2025,HighSchool
5185700,107238,Isaiah Robertson,SMU,ATH,3,0.8664,1076,2025,HighSchool
5301677,107241,Asaiah-Allan Hamond,Towson,DL,3,0.8664,1076,2025,HighSchool
5164317,107240,Shaker Reisig,Boston College,QB,3,0.8664,1076,2025,HighSchool
5216495,107248,Derrick Avery Jr.,Georgia State,ATH,3,0.8661,1090,2025,HighSchool
5207893,107249,Wesley Yarbrough,Arizona,RB,3,0.8661,1090,2025,HighSchool
5141538,107253,Ladainnian Martin,Georgia State,RB,3,0.8658,1092,2025,HighSchool
5141392,107250,D'Aryhian Clemons,Washington,S,3,0.8658,1092,2025,HighSchool
5207798,107251,Max Gerlich,UTSA,QB,3,0.8658,1092,2025,HighSchool
5216111,107260,Soren Shinofield,Utah,OT,3,0.8658,1092,2025,HighSchool
5211421,107261,Robert Smith IV,Boston College,IOL,3,0.8658,1092,2025,HighSchool
5186365,107254,Zebulin Kinsey,Cincinnati,QB,3,0.8658,1092,2025,HighSchool
5214499,107258,Chris Hatfield,South Carolina,S,3,0.8658,1092,2025,HighSchool
5254923,107262,Cash Jacobsen,USC,DL,3,0.8658,1092,2025,HighSchool
5214501,107256,Gavin Jenkins,South Florida,CB,3,0.8658,1092,2025,HighSchool
5209761,107263,Micah Amedee,Boston College,DL,3,0.8658,1092,2025,HighSchool
,107259,Nolan Keeney,BYU,QB,3,0.8658,1092,2025,HighSchool
,107255,Jett Thomas,San Diego State,OT,3,0.8658,1092,2025,HighSchool
,107252,Trishstin Glass,Wake Forest,WR,3,0.8658,1092,2025,HighSchool
5212612,107264,Shep Turk,Pittsburgh,OT,3,0.8658,1092,2025,HighSchool
5203477,107274,Dominic Knicely,Coastal Carolina,RB,3,0.8656,1107,2025,HighSchool
5158490,107269,Bryce Lewis,Boston College,ATH,3,0.8656,1107,2025,HighSchool
5209161,107273,Malachi Coleman,Syracuse,RB,3,0.8656,1107,2025,HighSchool
5167749,107267,Jhrevious Hall,Indiana,DL,3,0.8656,1107,2025,HighSchool
5198250,107271,Demetrius Campbell,Miami,OT,3,0.8656,1107,2025,HighSchool
5211118,107272,Jordan Vyborny,Oklahoma State,TE,3,0.8656,1107,2025,HighSchool
5215273,107270,Alexander McPherson,Colorado,DL,3,0.8656,1107,2025,HighSchool
5294259,107266,Mana Carvalho,Utah,ATH,3,0.8656,1107,2025,HighSchool
5141631,107265,Kelden Ryan,Virginia Tech,QB,3,0.8656,1107,2025,HighSchool
5151868,107268,Bryson Hayes,Kansas,WR,3,0.8656,1107,2025,HighSchool
5208129,107275,Jaylen Pray,Syracuse,OT,3,0.8653,1117,2025,HighSchool
5238340,107277,Jamal Frilot,UTEP,EDGE,3,0.8652,1118,2025,HighSchool
5258447,107279,Daejawn Smith,Louisiana Tech,WR,3,0.8652,1118,2025,HighSchool
5214459,107276,Colter Alberding,Rice,IOL,3,0.8652,1118,2025,HighSchool
,107278,CJ Ingram,,ATH,3,0.8652,1118,2025,HighSchool
5148613,107282,Tre' Harrison,California,S,3,0.865,1122,2025,HighSchool
5258366,107289,Blake Thompson,Oregon State,CB,3,0.865,1122,2025,HighSchool
5210164,107280,Bryce Yates,Pittsburgh,ATH,3,0.865,1122,2025,HighSchool
,107283,Trennedy Whatley,,ATH,3,0.865,1122,2025,HighSchool
5215206,107288,Martel Jackson,Kansas State,CB,3,0.865,1122,2025,HighSchool
5141364,107281,Russell Babineaux,Louisiana,WR,3,0.865,1122,2025,HighSchool
5214471,107287,Drayton Knoll,Central Arkansas,IOL,3,0.865,1122,2025,HighSchool
5207802,107286,Jordan Reasonover,North Texas,OT,3,0.865,1122,2025,HighSchool
5258758,107290,James Steel,UAB,DL,3,0.865,1122,2025,HighSchool
5216631,107285,Elias Gillen,Texas Tech,IOL,3,0.865,1122,2025,HighSchool
5265325,107284,Jevon Edwards,Coastal Carolina,RB,3,0.865,1122,2025,HighSchool
5209596,107304,Cross Nimmo,Western Kentucky,TE,3,0.8647,1133,2025,HighSchool
5218484,107300,Nasir Newkirk,Liberty,WR,3,0.8647,1133,2025,HighSchool
5209910,107305,Jack Elliott,Vanderbilt,QB,3,0.8647,1133,2025,HighSchool
5257993,107312,Kayleb Barnett,Vanderbilt,WR,3,0.8647,1133,2025,HighSchool
5166800,107303,Marquet Dorsey Jr.,Northwestern,CB,3,0.8647,1133,2025,HighSchool
,107308,Josiah Rainey,,CB,3,0.8647,1133,2025,HighSchool
5173414,107302,Antoine Deslauriers,Syracuse,LB,3,0.8647,1133,2025,HighSchool
5220589,107297,Nigel Pringle,Arkansas,ATH,3,0.8647,1133,2025,HighSchool
,107311,Kenneth Boston,Ole Miss,OT,3,0.8647,1133,2025,HighSchool
5141716,107310,Brandon Thomas,Western Kentucky,EDGE,3,0.8647,1133,2025,HighSchool
5205098,107293,Dalton Knapp,Kansas State,EDGE,3,0.8647,1133,2025,HighSchool
5202293,107295,Colin Peacock,Baylor,S,3,0.8647,1133,2025,HighSchool
5207925,107291,Tyvonn Byars,Rice,RB,3,0.8647,1133,2025,HighSchool
,107299,Blake Bryce,BYU,TE,3,0.8647,1133,2025,HighSchool
5214498,107296,Makel Green,Troy,EDGE,3,0.8647,1133,2025,HighSchool
5156440,107298,Jamarice Wilder,Louisville,RB,3,0.8647,1133,2025,HighSchool
5167186,107294,PJ Nelson,Indiana,LB,3,0.8647,1133,2025,HighSchool
5295474,107309,Gianni Edwards,Arizona,CB,3,0.8647,1133,2025,HighSchool
5207601,107292,Dillon Arkansas,TCU,LB,3,0.8647,1133,2025,HighSchool
5167188,107307,Elijah Pratt,SMU,S,3,0.8647,1133,2025,HighSchool
5237303,107301,Bleu Dantzler,Oregon State,EDGE,3,0.8647,1133,2025,HighSchool
5239160,107306,Bull Mitchell,Mississippi State,ATH,3,0.8647,1133,2025,HighSchool
5214400,107317,Tre Berry,Minnesota,RB,3,0.8644,1155,2025,HighSchool
5213126,107315,Willi Wascher,USC,IOL,3,0.8644,1155,2025,HighSchool
5210726,107316,Hayden Bradley,Ole Miss,TE,3,0.8644,1155,2025,HighSchool
5141768,107313,Dylon Worthen,East Carolina,EDGE,3,0.8644,1155,2025,HighSchool
5148654,107318,Jaylen Patterson,New Mexico State,QB,3,0.8644,1155,2025,HighSchool
,107314,Bobby Ross,,RB,3,0.8644,1155,2025,HighSchool
5164340,107325,Jordin Thomas,San Diego State,RB,3,0.8642,1161,2025,HighSchool
5209011,107328,Terrell Mitchell,Rutgers,RB,3,0.8642,1161,2025,HighSchool
5214938,107321,Chris Vigna,Rutgers,IOL,3,0.8642,1161,2025,HighSchool
5214523,107323,Jordyn Woods,Ohio State,CB,3,0.8642,1161,2025,HighSchool
5214566,220917,Dawson Pough,Boston College,ATH,3,0.8642,1161,2025,HighSchool
5213306,107327,Emmanuel Taylor,Pittsburgh,ATH,3,0.8642,1161,2025,HighSchool
5209304,107320,Kourdey Glass,Oregon State,RB,3,0.8642,1161,2025,HighSchool
5166797,107326,Dezmen Roebuck,Washington,WR,3,0.8642,1161,2025,HighSchool
5214468,107324,Abel Hoopii,SMU,IOL,3,0.8642,1161,2025,HighSchool
5211914,107329,Jayden Mann,Syracuse,OT,3,0.8642,1161,2025,HighSchool
5180487,107319,Kash Courtney,Arkansas,IOL,3,0.8642,1161,2025,HighSchool
5205004,107322,Emeka Ugorji,Stanford,OT,3,0.8642,1161,2025,HighSchool
5209263,107354,Asher Wasserman,Duke,LB,3,0.8639,1173,2025,HighSchool
5201874,107346,Qeanu Johnson,Duke,ATH,3,0.8639,1173,2025,HighSchool
5200189,107344,Kaleb Lanier,Duke,S,3,0.8639,1173,2025,HighSchool
5222564,107341,Cam Settles,Arkansas,RB,3,0.8639,1173,2025,HighSchool
5164646,107338,Drew Hill,SMU,IOL,3,0.8639,1173,2025,HighSchool
5196419,107330,Griffin Rousseau,Illinois,IOL,3,0.8639,1173,2025,HighSchool
5294122,107347,Victor Sanchez Hernandez,Washington,EDGE,3,0.8639,1173,2025,HighSchool
5201981,107352,William Wiebush,Wake Forest,CB,3,0.8639,1173,2025,HighSchool
5203717,107345,Adrian Farrow,NC State,DL,3,0.8639,1173,2025,HighSchool
5148427,107340,Landyn Locke,Sam Houston,QB,3,0.8639,1173,2025,HighSchool
5141482,107339,Caleb Harris,South Florida,OT,3,0.8639,1173,2025,HighSchool
5209929,107337,Jimmy Bryson,Georgia Tech,IOL,3,0.8639,1173,2025,HighSchool
5158407,107333,Sawyer Anderson,Arizona,QB,3,0.8639,1173,2025,HighSchool
5214511,107342,Israel Oladipupo,Boston College,EDGE,3,0.8639,1173,2025,HighSchool
5238281,107355,DJ Johnson,Boston College,TE,3,0.8639,1173,2025,HighSchool
5214402,107353,Mason Drube,Wyoming,QB,3,0.8639,1173,2025,HighSchool
5295731,107348,Matthew Parker,Baylor,OT,3,0.8639,1173,2025,HighSchool
5141421,107332,Tyshawn Dues,West Virginia,WR,3,0.8639,1173,2025,HighSchool
5196841,107350,Matrail Lopez,Oklahoma State,WR,3,0.8639,1173,2025,HighSchool
5220975,107335,Jaquise Martin,Houston,WR,3,0.8639,1173,2025,HighSchool
,107331,Rashad Jones,Purdue,EDGE,3,0.8639,1173,2025,HighSchool
5167707,107334,Kamden Laudenslager,Rhode Island,EDGE,3,0.8639,1173,2025,HighSchool
5301745,107343,AJ Johnson,Eastern Kentucky,WR,3,0.8639,1173,2025,HighSchool
5212665,107351,Jalen Shivers,SMU,EDGE,3,0.8639,1173,2025,HighSchool
5196433,107336,Zach Giuliano,Stanford,TE,3,0.8639,1173,2025,HighSchool
5207855,107349,Ke'Von Carter,NC State,LB,3,0.8639,1173,2025,HighSchool
5211438,107356,Jussiah Williams-West,Youngstown State,S,3,0.8637,1199,2025,HighSchool
5156152,107358,Jaquari Lewis,App State,RB,3,0.8636,1200,2025,HighSchool
5158259,107357,Maliki Wright,Duke,S,3,0.8636,1200,2025,HighSchool
5222148,107359,Nikolas Alston,Tulane,DL,3,0.8636,1200,2025,HighSchool
5296067,220923,Teddy Hoffmann,NC State,WR,3,0.8633,1203,2025,HighSchool
5216552,107370,Garin Maley,Texas Tech,OT,3,0.8633,1203,2025,HighSchool
5209709,107371,Teriq Mallory,Florida State,WR,3,0.8633,1203,2025,HighSchool
5296282,220920,Siosiua Latu-Finau,BYU,OT,3,0.8633,1203,2025,HighSchool
5209750,107373,Brooks Williams Jr.,South Florida,EDGE,3,0.8633,1203,2025,HighSchool
5145789,107363,Cole Geer,Virginia,QB,3,0.8633,1203,2025,HighSchool
5122233,220918,Xavier Skowron,Arizona State,S,3,0.8633,1203,2025,HighSchool
5296156,220922,CJ Jones,Cincinnati,CB,3,0.8633,1203,2025,HighSchool
5211899,107362,Blake Belin,Georgia Tech,DL,3,0.8633,1203,2025,HighSchool
5205024,220921,Josiah Hammond,Kansas,DL,3,0.8633,1203,2025,HighSchool
5167704,220919,Mike Hastie,West Virginia,LB,3,0.8633,1203,2025,HighSchool
5210515,107367,Daunte Bacheyie,Syracuse,TE,3,0.8633,1203,2025,HighSchool
5222252,107374,Max Hunt,Pittsburgh,TE,3,0.8633,1203,2025,HighSchool
5216342,107365,Keishaun Calhoun,Indiana,DL,3,0.8633,1203,2025,HighSchool
5245108,220924,Darien Whitaker Jr.,Kansas State,LB,3,0.8633,1203,2025,HighSchool
5211896,107369,Rayshon Andrews,Syracuse,CB,3,0.8633,1203,2025,HighSchool
5141676,107364,Jayden Shipps,Maryland,CB,3,0.8633,1203,2025,HighSchool
5294293,107372,Javin Gordon,Tulane,RB,3,0.8633,1203,2025,HighSchool
5301027,107360,Hayden Anderson,Sacramento State,ATH,3,0.8633,1203,2025,HighSchool
5245314,107368,Louis Akpa,Arizona,OT,3,0.8633,1203,2025,HighSchool
5214401,107361,Jon Denman,TCU,RB,3,0.8633,1203,2025,HighSchool
5214500,107366,Devin Hyde,Washington,EDGE,3,0.8633,1203,2025,HighSchool
5215582,107387,Julius Simms,TCU,S,3,0.8631,1225,2025,HighSchool
5166833,107377,George Mullins,Michigan State,CB,3,0.8631,1225,2025,HighSchool
5164324,107375,Sterling Joseph,Florida International,RB,3,0.8631,1225,2025,HighSchool
5215337,107389,Preston Douglas,NC State,TE,3,0.8631,1225,2025,HighSchool
5155885,107381,Jyon Simon,Rutgers,DL,3,0.8631,1225,2025,HighSchool
5196296,107386,Gradey Anthony,Louisville,IOL,3,0.8631,1225,2025,HighSchool
5198313,107384,O'Lontae Dean,Iowa,ATH,3,0.8631,1225,2025,HighSchool
5215577,107380,Mays Pese,Arizona,DL,3,0.8631,1225,2025,HighSchool
5144801,107378,Kenyon Rivera,Memphis,LB,3,0.8631,1225,2025,HighSchool
5175092,107379,Chris Jimerson Jr.,North Texas,QB,3,0.8631,1225,2025,HighSchool
5215548,107382,JaQuentin Madison,Memphis,DL,3,0.8631,1225,2025,HighSchool
5216686,107388,Eythan Thompson,Houston,IOL,3,0.8631,1225,2025,HighSchool
,107383,Andrew Stargel,,IOL,3,0.8631,1225,2025,HighSchool
5209679,107385,Jeremiah Koger,South Florida,WR,3,0.8631,1225,2025,HighSchool
,107376,Grayshaun Swain,,EDGE,3,0.8631,1225,2025,HighSchool
,107391,Emile Picarella III,,QB,3,0.8628,1240,2025,HighSchool
5198458,107390,Koredell Bartley,Wake Forest,WR,3,0.8628,1240,2025,HighSchool
5141767,107392,Darnell Williams,UTEP,ATH,3,0.8626,1242,2025,HighSchool
5214476,107396,Nathaniel Wright,Virginia Tech,IOL,3,0.8625,1243,2025,HighSchool
5141492,107402,DL Hardison,Duquesne,WR,3,0.8625,1243,2025,HighSchool
5211163,107397,Mekhi Dodd,Boston College,RB,3,0.8625,1243,2025,HighSchool
5216309,107401,Ashton Cunningham,Boston College,CB,3,0.8625,1243,2025,HighSchool
,107393,Dylan Vickerson,Western Kentucky,WR,3,0.8625,1243,2025,HighSchool
,107394,Ziaire Stevens,Purdue,RB,3,0.8625,1243,2025,HighSchool
5209788,107398,Lonnie McAllister III,Stanford,CB,3,0.8625,1243,2025,HighSchool
5214443,107399,Jacob Houseworth,California,TE,3,0.8625,1243,2025,HighSchool
5214493,107395,Cameron Brooks,Illinois,DL,3,0.8625,1243,2025,HighSchool
5216550,107400,Lucien Holland,UCLA,EDGE,3,0.8625,1243,2025,HighSchool
5239116,107403,Jartavius Flounoy,Georgia State,DL,3,0.8622,1253,2025,HighSchool
5141406,107404,Deion Deblanc,Wyoming,WR,3,0.8622,1254,2025,HighSchool
,107408,Peter Langi,Arizona,IOL,3,0.8622,1254,2025,HighSchool
5164351,107407,Aveion Chenault,Western Michigan,WR,3,0.8622,1254,2025,HighSchool
5164321,107409,Dillon Duff,Kansas State,QB,3,0.8622,1254,2025,HighSchool
,220927,RJ Boyd,NC State,RB,3,0.8622,1254,2025,HighSchool
5146713,220925,Locklan Hewlett,South Florida,QB,3,0.8622,1254,2025,HighSchool
5203723,107411,Darrion Jones,Kansas,S,3,0.8622,1254,2025,HighSchool
5215245,107414,Chase Collier,Baylor,WR,3,0.8622,1254,2025,HighSchool
5215383,107413,Tahj Crutchfield,Boise State,CB,3,0.8622,1254,2025,HighSchool
5296412,107410,DJ Taylor,Middle Tennessee,RB,3,0.8622,1254,2025,HighSchool
5215551,107415,Dante Recker,Maryland,DL,3,0.8622,1254,2025,HighSchool
5141458,107405,Omari Gaines,Stanford,S,3,0.8622,1254,2025,HighSchool
5214562,107406,Antonio Harris,Louisville,ATH,3,0.8622,1254,2025,HighSchool
5166884,107417,Jaquez Joiner,UCF,IOL,3,0.8622,1254,2025,HighSchool
5215508,107416,Daniel Shipp,Minnesota,OT,3,0.8622,1254,2025,HighSchool
5198115,220926,Knahlij Harrell,Virginia Tech,CB,3,0.8622,1254,2025,HighSchool
5230231,107412,Bryson Walters,Ole Miss,LB,3,0.8622,1254,2025,HighSchool
5212609,107419,Braden Blueitt,Northwestern,WR,3,0.8619,1271,2025,HighSchool
5295732,107420,Harrison Cluff,Baylor,IOL,3,0.8619,1271,2025,HighSchool
5295367,107421,Wolf Walker,Memphis,LB,3,0.8619,1271,2025,HighSchool
5141727,107418,Xavier Ukponu,Wisconsin,DL,3,0.8619,1271,2025,HighSchool
5209306,107422,Shane Rosenthal,UCLA,WR,3,0.8619,1275,2025,HighSchool
5265421,107423,Jadyn Ramos,USC,DL,3,0.8619,1275,2025,HighSchool
5156389,107430,Grant Grayton,Kentucky,S,3,0.8617,1277,2025,HighSchool
5294101,107431,RJ Jones III,Illinois,CB,3,0.8617,1277,2025,HighSchool
5148658,107433,Carter Jackson,Nevada,RB,3,0.8617,1277,2025,HighSchool
5294115,107434,Montino Williams,Virginia,ATH,3,0.8617,1277,2025,HighSchool
5215697,107438,Lo'Kavion Jackson,Mississippi State,S,3,0.8617,1277,2025,HighSchool
5141503,107424,Tucker Kattus,Clemson,OT,3,0.8617,1277,2025,HighSchool
5167179,107439,Isaiah Iosefa,Arizona State,LB,3,0.8617,1277,2025,HighSchool
5209555,107437,Chase Coleman,UCLA,CB,3,0.8617,1277,2025,HighSchool
5214532,107427,Naiim Parrish,Minnesota,S,3,0.8617,1277,2025,HighSchool
5196985,107428,Trey Verdon,Iowa State,DL,3,0.8617,1277,2025,HighSchool
5209787,107436,TJ Green,Boston College,ATH,3,0.8617,1277,2025,HighSchool
5215361,107435,Zayne DeSouza,Colorado,TE,3,0.8617,1277,2025,HighSchool
5296320,107426,Azir Lee,Delaware,ATH,3,0.8617,1277,2025,HighSchool
5217699,107429,David Kuku,Washington State,CB,3,0.8617,1277,2025,HighSchool
5207801,107425,Mason Peterson,TCU,TE,3,0.8617,1277,2025,HighSchool
5211186,107432,Justin Bell,Michigan State,OT,3,0.8617,1277,2025,HighSchool
5213678,107440,Devin Coleman,Texas,IOL,3,0.8614,1293,2025,HighSchool
5199860,107445,Marcus Romain,Northwestern,QB,3,0.8614,1293,2025,HighSchool
5209575,107443,Ryker Haff,Oklahoma State,IOL,3,0.8614,1293,2025,HighSchool
5207661,107442,Romel Stevens,Arkansas State,WR,3,0.8614,1293,2025,HighSchool
5222557,107444,Jack Moran,Jacksonville State,QB,3,0.8614,1293,2025,HighSchool
5216516,107441,Charleston Coldon,Boston College,CB,3,0.8614,1293,2025,HighSchool
5214450,107447,Fonzy Smith,Western Kentucky,WR,3,0.8611,1299,2025,HighSchool
5258052,107449,Kason Brown,Arizona,S,3,0.8611,1299,2025,HighSchool
5141624,107446,Jaylon Parnell,Louisiana Tech,LB,3,0.8611,1299,2025,HighSchool
5199861,107448,Clarence Taylor,Colorado State,WR,3,0.8611,1299,2025,HighSchool
5212640,107452,Gavin Askew,Liberty,EDGE,3,0.8611,1303,2025,HighSchool
5212668,107450,Dylan Villarouel,Kansas State,IOL,3,0.8611,1303,2025,HighSchool
,107451,Roy'Marr Thomas,James Madison,EDGE,3,0.8611,1303,2025,HighSchool
5164642,107455,Ben Howard,California,IOL,3,0.8608,1306,2025,HighSchool
5214496,107460,James Early,Cincinnati,EDGE,3,0.8608,1306,2025,HighSchool
5216316,107454,Dominic Mitchell,Kansas State,S,3,0.8608,1306,2025,HighSchool
5204387,107458,Landon Brooks,Purdue,EDGE,3,0.8608,1306,2025,HighSchool
5214818,107456,Blake Cherry,Arkansas,OT,3,0.8608,1306,2025,HighSchool
5215277,107461,JuJu Anderson,Pittsburgh,EDGE,3,0.8608,1306,2025,HighSchool
5214936,107459,Dylan Sims,UCLA,TE,3,0.8608,1306,2025,HighSchool
5196027,107453,Michael Henderson III,Texas Tech,S,3,0.8608,1306,2025,HighSchool
5210429,107457,Austin Simmons,Washington,TE,3,0.8608,1306,2025,HighSchool
5164329,107463,TaRyan Martin,Kent State,RB,3,0.8606,1315,2025,HighSchool
5201108,107466,Nathan Pahanich,Wake Forest,OT,3,0.8606,1315,2025,HighSchool
5295609,107462,Adrian Walker Jr.,Miami (OH),ATH,3,0.8606,1315,2025,HighSchool
5192909,107465,Jimmy Sullivan,Iowa,QB,3,0.8606,1315,2025,HighSchool
5167176,107464,Denim Cook,Pittsburgh,LB,3,0.8606,1315,2025,HighSchool
5207807,107468,Justin Zames,Virginia,TE,3,0.8606,1315,2025,HighSchool
5294139,107467,Nic Smith,Kentucky,DL,3,0.8606,1315,2025,HighSchool
5209302,107471,Quaid Carr,Washington,RB,3,0.8603,1322,2025,HighSchool
5156790,107469,Joshua Moses,Texas A&M,IOL,3,0.8603,1322,2025,HighSchool
5195707,107470,Byron Washington,Syracuse,OT,3,0.8603,1322,2025,HighSchool
5210416,220947,Josaiah Asuega,Montana State,DL,3,0.86,1325,2025,HighSchool
5198479,220935,Jabari Jones,Jackson State,WR,3,0.86,1325,2025,HighSchool
5213124,107478,Ike Okafor,California,DL,3,0.86,1325,2025,HighSchool
5294300,220965,Cade Scott,Tulane,QB,3,0.86,1325,2025,HighSchool
5303330,107493,Jadyn Robinson,Delaware State,WR,3,0.86,1325,2025,HighSchool
5261613,220963,Tylik Hill,Syracuse,RB,3,0.86,1325,2025,HighSchool
5254150,107492,Javion Kinnard,Colorado State,RB,3,0.86,1325,2025,HighSchool
5265515,220954,CJ McBean,New Mexico,ATH,3,0.86,1325,2025,HighSchool
5252196,107491,Brock Camp,Colorado State,TE,3,0.86,1325,2025,HighSchool
5252200,107477,Qumonte Williams Jr.,Boise State,WR,3,0.86,1325,2025,HighSchool
5141666,220930,Donmiel Rogers,Eastern Michigan,CB,3,0.86,1325,2025,HighSchool
5301779,220964,Corey Blair,South Dakota State,ATH,3,0.86,1325,2025,HighSchool
5215313,107487,Camden Thompson,Western Michigan,WR,3,0.86,1325,2025,HighSchool
5214462,107480,Ryan Babatz,North Dakota State,OT,3,0.86,1325,2025,HighSchool
5297936,220955,Walker Braaten,North Dakota State,ATH,3,0.86,1325,2025,HighSchool
5301935,220945,Roy Maafala Jr,Utah Tech,LB,3,0.86,1325,2025,HighSchool
5297932,258106,Evrett Tait,North Dakota State,S,3,0.86,1325,2025,HighSchool
5258266,107497,Tristan Bacon,Arizona State,LB,3,0.86,1325,2025,HighSchool
5265184,220934,Dwayne White,Coastal Carolina,WR,3,0.86,1325,2025,HighSchool
5258012,107494,JQ Brooks,Jacksonville State,CB,3,0.86,1325,2025,HighSchool
5207849,107472,Gil Jackson,TCU,CB,3,0.86,1325,2025,HighSchool
5265585,220957,Dylan Stecker,Iowa,WR,3,0.86,1325,2025,HighSchool
5263572,220943,Tyrone Cotton III,Washington State,CB,3,0.86,1325,2025,HighSchool
5296581,220962,Jerry Washington,Massachusetts,EDGE,3,0.86,1325,2025,HighSchool
5141497,107474,Kamryn Jones,Boise State,WR,3,0.86,1325,2025,HighSchool
5265488,220968,Amari Kamara,Indiana,LB,3,0.86,1325,2025,HighSchool
5264740,220959,Bethel Imasuen,Boise State,DL,3,0.86,1325,2025,HighSchool
5265477,220939,Jaylen Doss,Charlotte,DL,3,0.86,1325,2025,HighSchool
5222246,107483,Torian Chester,Pittsburgh,IOL,3,0.86,1325,2025,HighSchool
5258449,220940,Marquis Williams,Arkansas State,CB,3,0.86,1325,2025,HighSchool
5215505,107486,Derrion Horsley,East Carolina,CB,3,0.86,1325,2025,HighSchool
5156157,107498,Tavius Horne Jr.,East Carolina,CB,3,0.86,1325,2025,HighSchool
5294121,220944,Ryken Moon,Washington,ATH,3,0.86,1325,2025,HighSchool
5164659,107476,Grayson Reid,Virginia,IOL,3,0.86,1325,2025,HighSchool
5262650,220949,Julius Gillick,Fresno State,RB,3,0.86,1325,2025,HighSchool
5212591,107481,Trey Boyd,Northwestern,IOL,3,0.86,1325,2025,HighSchool
5265562,220966,Koi Fagan,Marshall,ATH,3,0.86,1325,2025,HighSchool
5204646,107488,Griffin Collins,Boston College,LB,3,0.86,1325,2025,HighSchool
5167698,220933,Jamar Birden,Ball State,EDGE,3,0.86,1325,2025,HighSchool
5207794,107484,Chance Bryant,Houston,EDGE,3,0.86,1325,2025,HighSchool
,220950,Roman Womack,,OT,3,0.86,1325,2025,HighSchool
5211917,107495,JD Dean,James Madison,OT,3,0.86,1325,2025,HighSchool
5300637,220932,Brock Beaner,Montana,S,3,0.86,1325,2025,HighSchool
5235917,107490,CD McFee,Cincinnati,DL,3,0.86,1325,2025,HighSchool
5296158,107485,Cray Paich,Cincinnati,OT,3,0.86,1325,2025,HighSchool
5258442,220960,Ryan Reese,Arkansas State,DL,3,0.86,1325,2025,HighSchool
5258439,107499,Lance Johnson,Jacksonville State,IOL,3,0.86,1325,2025,HighSchool
,220952,Jordan Chambers,,TE,3,0.86,1325,2025,HighSchool
,220953,Royale Shelvy,,WR,3,0.86,1325,2025,HighSchool
5302415,220941,Aydden Moody,Alabama State,CB,3,0.86,1325,2025,HighSchool
5212666,220951,Christian Smith,South Florida,EDGE,3,0.86,1325,2025,HighSchool
5269153,220946,Braden Bays,Rice,DL,3,0.86,1325,2025,HighSchool
5216632,107482,Javian Goo,Arizona,IOL,3,0.86,1325,2025,HighSchool
5141462,107489,Jermichael Gillis,South Florida,S,3,0.86,1325,2025,HighSchool
5300642,220931,Brady Beaner,Montana,ATH,3,0.86,1325,2025,HighSchool
5294125,107496,John Insinga,Rutgers,LB,3,0.86,1325,2025,HighSchool
,220928,Jordan Clavelle,,DL,3,0.86,1325,2025,HighSchool
5265433,220958,Denell Nix Jr.,App State,IOL,3,0.86,1325,2025,HighSchool
5215185,107479,Isaiah Butler-Tanner,UTSA,TE,3,0.86,1325,2025,HighSchool
5301649,220969,Zytavien Boddie,North Alabama,CB,3,0.86,1325,2025,HighSchool
5210497,107473,Jake Normoyle,Oregon State,IOL,3,0.86,1325,2025,HighSchool
5265461,220967,Cam Torbor,West Virginia,LB,3,0.86,1325,2025,HighSchool
,220942,Cordial Vann,,S,3,0.86,1325,2025,HighSchool
5258045,220937,Phillip Bowser,West Virginia,IOL,3,0.86,1325,2025,HighSchool
5209179,220936,Dinos Drossos,Massachusetts,LB,3,0.86,1325,2025,HighSchool
5210425,220948,Landon Kelsey,Arizona,WR,3,0.86,1325,2025,HighSchool
5195681,107475,James Johnson,USC,ATH,3,0.86,1325,2025,HighSchool
5258446,220961,London Seymour,Georgia,DL,3,0.86,1325,2025,HighSchool
,220938,Ladeadrick James,Austin Peay,ATH,3,0.86,1325,2025,HighSchool
,220929,Connor Vasek,Air Force,EDGE,3,0.86,1325,2025,HighSchool
,220956,Devon Smoot,,S,3,0.86,1325,2025,HighSchool
,107550,Isaiah Anderson,,ATH,3,0.8583,1381,2025,HighSchool
5216840,107504,Cody Siegner,Oregon State,TE,3,0.8597,1396,2025,HighSchool
5203610,107503,Nedrick Boldin Jr.,Boston College,ATH,3,0.8597,1396,2025,HighSchool
5141570,107500,Sione Motuapuaka,Utah,DL,3,0.8597,1396,2025,HighSchool
5199949,107501,Charlie Johnston,Georgia Southern,QB,3,0.8597,1396,2025,HighSchool
5215616,107502,BJ Carter,Iowa State,DL,3,0.8597,1396,2025,HighSchool
5203730,107506,Eric Thomas,Syracuse,DL,3,0.8597,1396,2025,HighSchool
5242998,107505,Archie Roseman V,Middle Tennessee,DL,3,0.8597,1396,2025,HighSchool
,107507,Keylan LaGrant,,DL,3,0.8596,1403,2025,HighSchool
,107508,Antonio Parker,Purdue,S,3,0.8594,1404,2025,HighSchool
5210184,107514,Ziyyon Bredell,Syracuse,CB,3,0.8592,1405,2025,HighSchool
5209749,107516,Sawyer Schilke,Kansas State,LB,3,0.8592,1405,2025,HighSchool
5216307,107510,Shawn Lee Jr.,Pittsburgh,ATH,3,0.8592,1405,2025,HighSchool
5216698,107521,TJ Peyton,Georgia State,RB,3,0.8592,1405,2025,HighSchool
5214533,107513,Kyle Peterson,Washington State,S,3,0.8592,1405,2025,HighSchool
,107515,Bailey Benson,Wake Forest,LB,3,0.8592,1405,2025,HighSchool
,107509,Devinn Farris,SMU,IOL,3,0.8592,1405,2025,HighSchool
,107519,Jamari Farmer,Indiana,LB,3,0.8592,1405,2025,HighSchool
5214441,107520,Drew Clemens,Utah,TE,3,0.8592,1405,2025,HighSchool
5196574,107511,Matt Marek,Indiana,IOL,3,0.8592,1405,2025,HighSchool
5214547,107518,Cam Jamerson,TCU,ATH,3,0.8592,1405,2025,HighSchool
5212237,107517,Drew MacPherson,Iowa,S,3,0.8592,1405,2025,HighSchool
5210729,107512,Xay Davis,Virginia,RB,3,0.8592,1405,2025,HighSchool
5209261,107522,Dillon Smith,Louisville,DL,3,0.8589,1418,2025,HighSchool
5145824,107539,Chavez Thompson,Florida State,IOL,3,0.8589,1419,2025,HighSchool
5141405,107527,Logan Christensen,UNLV,ATH,3,0.8589,1419,2025,HighSchool
5207664,107534,Tyron Winslow,SMU,DL,3,0.8589,1419,2025,HighSchool
5216795,107531,Cal Thrush,Michigan State,DL,3,0.8589,1419,2025,HighSchool
5203601,107532,Shawn Simeon,Toledo,RB,3,0.8589,1419,2025,HighSchool
5198284,107536,Jaden Wilkerson,Miami,OT,3,0.8589,1419,2025,HighSchool
5215579,107538,Zacari Thomas,Boston College,LB,3,0.8589,1419,2025,HighSchool
5216634,107537,Sichan John,Virginia,DL,3,0.8589,1419,2025,HighSchool
,107535,Sammy Etienne,West Virginia,S,3,0.8589,1419,2025,HighSchool
5265582,107533,Ronnie Blossom,Arkansas State,EDGE,3,0.8589,1419,2025,HighSchool
,107526,Ennio Yapoor,,QB,3,0.8589,1419,2025,HighSchool
5213355,107524,Jett Niu,Oklahoma,QB,3,0.8589,1419,2025,HighSchool
,107529,Kyle Keya,Air Force,EDGE,3,0.8589,1419,2025,HighSchool
,107530,Jackson Accuardi,West Virginia,TE,3,0.8589,1419,2025,HighSchool
5156160,107528,Trevor Sommers,Pittsburgh,DL,3,0.8589,1419,2025,HighSchool
5167709,107523,Garrett Martin,Kansas,EDGE,3,0.8589,1419,2025,HighSchool
5299520,107525,Ryan Matulevich,Cornell,WR,3,0.8589,1419,2025,HighSchool
,107540,Cameron Gooden,Florida Atlantic,EDGE,3,0.8586,1436,2025,HighSchool
5296457,107541,Fabo Chaney,Georgia Southern,CB,3,0.8586,1436,2025,HighSchool
5294314,107542,Doopah Coleman,App State,WR,3,0.8585,1438,2025,HighSchool
5303196,107543,Javari Johnson,Stephen F. Austin,RB,3,0.8585,1438,2025,HighSchool
5210418,107548,Lowen Colman-Brusa,Washington,OT,3,0.8583,1440,2025,HighSchool
5301524,107546,Antonio Walton,Southern Utah,ATH,3,0.8583,1440,2025,HighSchool
5212732,107545,Liam Thorpe,Stanford,ATH,3,0.8583,1440,2025,HighSchool
5211921,107558,DJ Williams,Boston College,IOL,3,0.8583,1440,2025,HighSchool
5211398,107553,Tristan Teasdell,NC State,S,3,0.8583,1440,2025,HighSchool
5213214,107559,Wyatt Bowman,Syracuse,TE,3,0.8583,1440,2025,HighSchool
5258071,107561,Brian Townsend Jr.,San Diego State,EDGE,3,0.8583,1440,2025,HighSchool
5164359,107544,Ashton Jones,Baylor,WR,3,0.8583,1440,2025,HighSchool
5252198,107560,Kamron Neal,Cincinnati,EDGE,3,0.8583,1440,2025,HighSchool
5216654,107552,Michael Klisiewicz,California,OT,3,0.8583,1440,2025,HighSchool
5217820,107551,Monterrio Elston Jr.,Kansas State,RB,3,0.8583,1440,2025,HighSchool
5207800,107554,Patrick McMath,Texas Tech,IOL,3,0.8583,1440,2025,HighSchool
5209933,107557,Kyler Garcia,Indiana,DL,3,0.8583,1440,2025,HighSchool
5216964,107555,Myles Kendrick,Indiana,WR,3,0.8583,1440,2025,HighSchool
5222258,107556,Josh Veldman,Northwestern,LB,3,0.8583,1440,2025,HighSchool
5156381,107547,Eidan Buchanan,North Carolina,OT,3,0.8583,1440,2025,HighSchool
5212589,107549,Emmett Bork,Wisconsin,TE,3,0.8583,1440,2025,HighSchool
5198251,107568,Jo Jo Troupe,North Carolina,RB,3,0.8581,1458,2025,HighSchool
5212979,107570,Dube Enongene,Northwestern,WR,3,0.8581,1458,2025,HighSchool
5207929,107567,Landon Hammond,Tulane,CB,3,0.8581,1458,2025,HighSchool
5207594,107564,Khristian Mackintrush,Louisiana,TE,3,0.8581,1458,2025,HighSchool
5222157,107565,Erick Smith,Auburn,WR,3,0.8581,1458,2025,HighSchool
5295728,107562,Trent Spence,Baylor,LB,3,0.8581,1458,2025,HighSchool
5198312,107569,Jaylin Brown,Pittsburgh,RB,3,0.8581,1458,2025,HighSchool
5196575,107566,Cole Funderburk,Wake Forest,EDGE,3,0.8581,1458,2025,HighSchool
5216405,107563,Tamez Young,Florida Atlantic,TE,3,0.8581,1458,2025,HighSchool
5297781,107576,Ti Mims,South Alabama,WR,3,0.8578,1467,2025,HighSchool
5257271,107572,Jackson Wiley,Youngstown State,WR,3,0.8578,1467,2025,HighSchool
5215544,107574,Christopher Johnson,Jacksonville State,DL,3,0.8578,1467,2025,HighSchool
5208138,107571,Luke Carney,Syracuse,QB,3,0.8578,1467,2025,HighSchool
5257397,107578,Andrew Pellicciotta,Duke,S,3,0.8578,1467,2025,HighSchool
5229332,107577,Grant Hollier,Georgia State,TE,3,0.8578,1467,2025,HighSchool
5221272,107575,Elijah McCoy,UTEP,RB,3,0.8578,1467,2025,HighSchool
5258299,107580,Bailey Abercrombie,Louisville,DL,3,0.8578,1467,2025,HighSchool
5239152,107579,Braylon Singleton,Northern Arizona,CB,3,0.8578,1467,2025,HighSchool
5217436,107573,Freddie Gillens,Wake Forest,CB,3,0.8578,1467,2025,HighSchool
5210560,107582,Justin Rowe,Virginia,LB,3,0.8575,1477,2025,HighSchool
5207799,107586,Wyatt Herbel,Houston,TE,3,0.8575,1477,2025,HighSchool
5215566,107587,Brandon Schmelzle,Kansas,S,3,0.8575,1477,2025,HighSchool
5215578,107589,Jacory Thurman,Houston,TE,3,0.8575,1477,2025,HighSchool
5195783,107583,Tyler Payne,BYU,LB,3,0.8575,1477,2025,HighSchool
5213217,107584,JT Taggart,Maryland,TE,3,0.8575,1477,2025,HighSchool
5264502,107588,Sullivan Schlimgen,Washington State,LB,3,0.8575,1477,2025,HighSchool
5210113,107585,Charlie Wingfield,Wake Forest,TE,3,0.8575,1477,2025,HighSchool
5141694,107581,Maurice Stephens,Kent State,WR,3,0.8575,1477,2025,HighSchool
5210723,107601,Corbin Laisure,Colorado,TE,3,0.8572,1486,2025,HighSchool
5215538,107602,Josiah Clemons,Memphis,OT,3,0.8572,1486,2025,HighSchool
5199953,107598,Gabe Smith,Liberty,IOL,3,0.8572,1486,2025,HighSchool
5216099,107597,Maguire Richman,Kansas State,LB,3,0.8572,1486,2025,HighSchool
5217418,107596,Amory Hills,Maryland,IOL,3,0.8572,1486,2025,HighSchool
5237304,107603,Robert James III,UCLA,DL,3,0.8572,1486,2025,HighSchool
5189522,107590,Owen Hollenbeck,Oklahoma,IOL,3,0.8572,1486,2025,HighSchool
5178087,107600,Kenneth McManus IV,Akron,IOL,3,0.8572,1486,2025,HighSchool
5164312,107595,Luke Haugo,Arizona,QB,3,0.8572,1486,2025,HighSchool
5215217,107599,Ben Beymer,Maryland,OT,3,0.8572,1486,2025,HighSchool
5172031,107593,Sean Ashenfelder,Rutgers,QB,3,0.8572,1486,2025,HighSchool
,107594,JT Kitna,Bowling Green,QB,3,0.8572,1486,2025,HighSchool
,107592,Ashton Ansley,,WR,3,0.8572,1486,2025,HighSchool
,107591,Peyton Nelson,Saint Francis (PA),ATH,3,0.8572,1486,2025,HighSchool
5238022,107605,Kaimana Tufaga,San Diego State,ATH,3,0.857,1500,2025,HighSchool
5264658,107604,Jermane Hayes,Southern Miss,ATH,3,0.857,1500,2025,HighSchool
5216847,107606,Colton Gumino,UCLA,QB,3,0.8569,1502,2025,HighSchool
5228882,107610,Ryder Treadway,Toledo,WR,3,0.8567,1503,2025,HighSchool
,107608,Antonio Henley,,DL,3,0.8567,1503,2025,HighSchool
,107609,Tamari Hill,,RB,3,0.8567,1503,2025,HighSchool
5236366,107607,Phillip Folmar,Buffalo,WR,3,0.8567,1503,2025,HighSchool
5166880,107613,Ellijah Washington,Oregon State,ATH,3,0.8567,1507,2025,HighSchool
5209427,107623,Kolin Wilson,Mississippi State,RB,3,0.8567,1507,2025,HighSchool
5167697,107611,John Baker IV,Toledo,EDGE,3,0.8567,1507,2025,HighSchool
5222594,107617,Amareon Blue,Eastern Michigan,RB,3,0.8567,1507,2025,HighSchool
5216961,107620,Sidney Stewart,Maryland,EDGE,3,0.8567,1507,2025,HighSchool
5243947,107626,Bol Bol,Boise State,EDGE,3,0.8567,1507,2025,HighSchool
5196893,107615,Cassidee Miles,UNLV,WR,3,0.8567,1507,2025,HighSchool
5141553,107612,DeShaun Lanier,Bowling Green,WR,3,0.8567,1507,2025,HighSchool
5141700,107614,Kahlil Stewart,Syracuse,IOL,3,0.8567,1507,2025,HighSchool
5197251,107625,Will Felder Jr.,Duke,S,3,0.8567,1507,2025,HighSchool
5239156,107622,Jack Foley,Wake Forest,WR,3,0.8567,1507,2025,HighSchool
5203854,107618,Omarian Abraham,NC State,DL,3,0.8567,1507,2025,HighSchool
5215150,107616,Gabe Fields,Vanderbilt,RB,3,0.8567,1507,2025,HighSchool
5258474,107619,Cash Landau,Washington State,TE,3,0.8567,1507,2025,HighSchool
5257046,107621,Grayson Rigdon,Arizona State,RB,3,0.8567,1507,2025,HighSchool
5222556,107624,Eli Morcos,Texas A&M,QB,3,0.8567,1507,2025,HighSchool
5209200,107635,Joshua Tuchek,UNLV,CB,3,0.8564,1523,2025,HighSchool
5195690,107633,Jamauri Brice,Georgia Tech,ATH,3,0.8564,1523,2025,HighSchool
5176073,107630,Osiris Gilbert,UConn,CB,3,0.8564,1523,2025,HighSchool
5196923,107636,Kaveon Lee,Minnesota,OT,3,0.8564,1523,2025,HighSchool
5196892,107628,Evan Parker,Indiana,IOL,3,0.8564,1523,2025,HighSchool
5164662,107627,Sione Tohi,Arizona,IOL,3,0.8564,1523,2025,HighSchool
5296559,107629,CJ Simon,UTEP,WR,3,0.8564,1523,2025,HighSchool
5212752,107634,Takaylen Muex,Florida International,IOL,3,0.8564,1523,2025,HighSchool
5215195,107632,Jordan Covington,UNLV,DL,3,0.8564,1523,2025,HighSchool
5167170,107631,Axavier Bridges-Brooks,UConn,S,3,0.8564,1523,2025,HighSchool
5215397,107637,RJ Shamberger,Troy,DL,3,0.8564,1523,2025,HighSchool
5176019,107638,Ean Johnson-Kelley,Mercer,DL,3,0.8563,1534,2025,HighSchool
5215367,107642,Marcus Mozer,San Diego State,WR,3,0.8561,1535,2025,HighSchool
5210484,107640,Josiah Alanis,Boise State,S,3,0.8561,1535,2025,HighSchool
5210004,107639,Isaiah Dillon,Fresno State,WR,3,0.8561,1535,2025,HighSchool
5215497,107641,Amari Wilson,Georgia Southern,EDGE,3,0.8561,1535,2025,HighSchool
5195688,107643,Landon Pace,Wyoming,ATH,3,0.8559,1539,2025,HighSchool
5211768,107644,Mike Taylor Jr.,Ohio,RB,3,0.8558,1540,2025,HighSchool
,107645,Losipini Tupou,Arizona,IOL,3,0.8558,1540,2025,HighSchool
5199852,107651,Jackson Cook,Kansas,WR,3,0.8558,1540,2025,HighSchool
5215549,107653,Uriah Neloms,Arizona State,WR,3,0.8558,1540,2025,HighSchool
5201594,107648,Nigel Nelson,Arkansas State,LB,3,0.8558,1540,2025,HighSchool
5212634,107647,Sterling Sanders,Boston College,DL,3,0.8558,1540,2025,HighSchool
5236375,107654,Triston Pierre,Central Michigan,IOL,3,0.8558,1540,2025,HighSchool
5295437,107649,Alvin Jones III,Buffalo,WR,3,0.8558,1540,2025,HighSchool
5215242,107650,Bryce Randolph,Liberty,WR,3,0.8558,1540,2025,HighSchool
5211162,107652,Rob Lapuaho,Arizona State,OT,3,0.8558,1540,2025,HighSchool
5209425,107646,Quinton Brown,Boise State,WR,3,0.8558,1540,2025,HighSchool
5296028,107658,Richard Scott III,South Florida,DL,3,0.8556,1551,2025,HighSchool
5257995,107659,Jaxon Griffin,Arizona,OT,3,0.8556,1551,2025,HighSchool
5215173,107655,Johnny Williams,East Carolina,WR,3,0.8556,1551,2025,HighSchool
5214469,107657,Vaea Ikakoula,Iowa State,IOL,3,0.8556,1551,2025,HighSchool
5144361,107656,Andre Thomas,Central Michigan,ATH,3,0.8556,1551,2025,HighSchool
5222259,107661,Baylor Wilkin,Indiana,IOL,3,0.8553,1556,2025,HighSchool
,107660,Keeson Hines-Wheeler,,ATH,3,0.8553,1556,2025,HighSchool
5257310,107662,Maddox Conway,Oregon State,OT,3,0.8552,1558,2025,HighSchool
5258272,107663,Hayden Wright,Northwestern,OT,3,0.8552,1558,2025,HighSchool
5236377,107684,Jake Stanish,Vanderbilt,EDGE,3,0.855,1560,2025,HighSchool
5193832,107666,TJ Tillman,UTEP,S,3,0.855,1560,2025,HighSchool
5229094,107676,Luke Stuewe,Virginia Tech,ATH,3,0.855,1560,2025,HighSchool
5298174,107674,Bryce Smith,Eastern Washington,S,3,0.855,1560,2025,HighSchool
5214461,107687,Cole Allen,Duke,OT,3,0.855,1560,2025,HighSchool
5239197,107697,Nissi Ogbebor,Syracuse,DL,3,0.855,1560,2025,HighSchool
5216842,107690,Nathan Nyandoro,Syracuse,DL,3,0.855,1560,2025,HighSchool
5222635,107695,Jon Grimmett,Purdue,TE,3,0.855,1560,2025,HighSchool
5214473,107686,Nick Spence,Minnesota,OT,3,0.855,1560,2025,HighSchool
5238009,107691,Braxtin McLester,Georgia Southern,LB,3,0.855,1560,2025,HighSchool
5216794,107694,Ty Thames,Rice,LB,3,0.855,1560,2025,HighSchool
5203714,107675,Gabriel Cline,UAB,TE,3,0.855,1560,2025,HighSchool
5207663,107671,Ke'Breion Winston,Baylor,LB,3,0.855,1560,2025,HighSchool
5214943,107685,Marcelous Townsend,Boston College,S,3,0.855,1560,2025,HighSchool
5257036,107698,Marcus Williams,South Florida,DL,3,0.855,1560,2025,HighSchool
5215237,107682,Elgin Sessions,Georgia Tech,S,3,0.855,1560,2025,HighSchool
5220974,107696,Jaden Manning,North Texas,LB,3,0.855,1560,2025,HighSchool
5222254,107693,Tanner Jumpp,Northwestern,DL,3,0.855,1560,2025,HighSchool
5144685,107667,Ma'Khi Jones,Duke,S,3,0.855,1560,2025,HighSchool
5210005,107689,Dylan Singleton,Texas Tech,DL,3,0.855,1560,2025,HighSchool
5295537,107681,Ryan Fitzgerald,Iowa,QB,3,0.855,1560,2025,HighSchool
,107672,Sale Fano,BYU,EDGE,3,0.855,1560,2025,HighSchool
5222530,107692,Keenan Arcega-Whiteside,Rice,WR,3,0.855,1560,2025,HighSchool
5222215,107670,Brody Whatley,TCU,DL,3,0.855,1560,2025,HighSchool
5213220,107678,Skylar Harvey,Syracuse,OT,3,0.855,1560,2025,HighSchool
,107683,Braylan McDonald,Texas Tech,S,3,0.855,1560,2025,HighSchool
,107677,Braeden Walton,,WR,3,0.855,1560,2025,HighSchool
,107673,Kingston Keanaaina,BYU,RB,3,0.855,1560,2025,HighSchool
,107669,Cale Breslin,BYU,RB,3,0.855,1560,2025,HighSchool
5258360,107700,Jah'Marren Jackson,Troy,WR,3,0.855,1560,2025,HighSchool
5211434,107679,Terrell Holcomb,Cincinnati,ATH,3,0.855,1560,2025,HighSchool
5215246,107688,Jeffrey Hairston Jr.,Liberty,EDGE,3,0.855,1560,2025,HighSchool
5141640,107664,Cam Sapp,Pittsburgh,WR,3,0.855,1560,2025,HighSchool
5215240,107665,LeBron Williams,California,EDGE,3,0.855,1560,2025,HighSchool
5216321,107680,Ayden Webb,Oklahoma State,CB,3,0.855,1560,2025,HighSchool
5141677,107668,Ja'Kyrian Turner,Pittsburgh,ATH,3,0.855,1560,2025,HighSchool
5258074,107699,Sam Brousseau,Utah State,OT,3,0.855,1560,2025,HighSchool
5222609,107701,Tyrell Russell,Toledo,CB,3,0.8547,1597,2025,HighSchool
5221161,107704,Jeremiah Ticket,Georgia Southern,DL,3,0.8547,1598,2025,HighSchool
5156856,107703,Desean Bryant Jr.,Arizona State,OT,3,0.8547,1598,2025,HighSchool
5141491,107702,Antonio Johnson,Michigan State,IOL,3,0.8547,1598,2025,HighSchool
5198304,107705,Makih Johnson,UConn,WR,3,0.8547,1598,2025,HighSchool
5258999,107706,JJ Garner,Louisiana,ATH,3,0.8544,1602,2025,HighSchool
5216696,107707,David Madison,Oregon State,CB,3,0.8544,1602,2025,HighSchool
5216837,107710,Rich Belin,Syracuse,QB,3,0.8542,1604,2025,HighSchool
5218443,107711,Chase Garnett,South Florida,RB,3,0.8542,1604,2025,HighSchool
5200106,107714,JT Alvis,Troy,CB,3,0.8542,1604,2025,HighSchool
5215580,107717,Njita Sinkala,Boston College,CB,3,0.8542,1604,2025,HighSchool
5220588,107715,Julyon Jordan,South Alabama,RB,3,0.8542,1604,2025,HighSchool
5216641,107716,Zeke Chinwike,Virginia Tech,DL,3,0.8542,1604,2025,HighSchool
5164311,107709,Braxton Winston III,Wake Forest,CB,3,0.8542,1604,2025,HighSchool
5144163,107712,Nicco Maggio,North Carolina,DL,3,0.8542,1604,2025,HighSchool
5141692,107708,Jojo Solis,Sacramento State,ATH,3,0.8542,1604,2025,HighSchool
5208930,107713,Matthew Hawn,Syracuse,OT,3,0.8542,1604,2025,HighSchool
5222605,107723,Caden Branston,Colorado State,DL,3,0.8539,1614,2025,HighSchool
5166882,107724,Courtney Patterson,Arkansas State,CB,3,0.8539,1614,2025,HighSchool
5164631,107719,Jordan Andrus,UTEP,TE,3,0.8539,1614,2025,HighSchool
5216790,107721,Charger Doty,Utah State,S,3,0.8539,1614,2025,HighSchool
5207611,107722,Javion Antai,Tulsa,IOL,3,0.8539,1614,2025,HighSchool
5213305,107725,Nahsir Taylor,Maryland,DL,3,0.8539,1614,2025,HighSchool
5222703,107720,Nehemiah Johnson,UCLA,IOL,3,0.8539,1614,2025,HighSchool
5141721,107718,Stewart Taufa,Boise State,IOL,3,0.8539,1614,2025,HighSchool
5257476,107728,Breyden Turnage,Mississippi State,OT,3,0.8537,1622,2025,HighSchool
5222571,107727,Xavier Watson,UConn,TE,3,0.8537,1622,2025,HighSchool
,107726,Jariel Cobb,North Carolina,RB,3,0.8537,1622,2025,HighSchool
5207808,107731,Evan Stroman,Louisiana,WR,3,0.8536,1625,2025,HighSchool
5216496,107730,D'ontae Fulton,Georgia State,WR,3,0.8536,1625,2025,HighSchool
5215218,107729,Karon Brookins,Iowa State,WR,3,0.8536,1625,2025,HighSchool
,107732,Gary Merrill,North Carolina,ATH,3,0.8533,1628,2025,HighSchool
,107745,Mike Peterson Jr.,Arkansas State,ATH,3,0.8533,1629,2025,HighSchool
5216314,107743,Logan Knapp,Oregon State,EDGE,3,0.8533,1629,2025,HighSchool
,107748,Jeremiah Kelly,Cincinnati,IOL,3,0.8533,1629,2025,HighSchool
,107733,Zah Jackson,West Virginia,CB,3,0.8533,1629,2025,HighSchool
5210163,107741,Charlie Woleben,Iowa State,EDGE,3,0.8533,1629,2025,HighSchool
,107736,Terry Nwabuisi-Ezeala,North Carolina,DL,3,0.8533,1629,2025,HighSchool
5239158,107735,Brennan Johnson,Virginia Tech,LB,3,0.8533,1629,2025,HighSchool
5164650,107734,Jackson Jones,TCU,OT,3,0.8533,1629,2025,HighSchool
5215617,107746,Roman Fina,Duke,OT,3,0.8533,1629,2025,HighSchool
5216636,107742,Anthony Ludington,Miami (OH),EDGE,3,0.8533,1629,2025,HighSchool
5294138,107739,Kris Thompson,Kentucky,LB,3,0.8533,1629,2025,HighSchool
5199277,107737,Garrett Reese,Indiana,ATH,3,0.8533,1629,2025,HighSchool
5215221,107747,Connor Roush,Georgia Tech,ATH,3,0.8533,1629,2025,HighSchool
5141634,107738,Steele Pizzella,Wake Forest,QB,3,0.8533,1629,2025,HighSchool
5299116,107749,Caden Butler,Columbia,WR,3,0.8533,1629,2025,HighSchool
5205097,107740,Carter Jones,Nevada,QB,3,0.8533,1629,2025,HighSchool
5217706,107744,Josiah Victor,NC State,DL,3,0.8533,1629,2025,HighSchool
5209013,107751,Ashdon Wnetrzak,San Diego State,OT,3,0.8531,1646,2025,HighSchool
5209935,107752,Eric Hazzard,Louisville,EDGE,3,0.8531,1646,2025,HighSchool
5200100,107753,Zion Lawson,Georgia State,EDGE,3,0.8531,1646,2025,HighSchool
5306762,107750,Kaleb Bilal-Jones,Arizona,DL,3,0.8531,1646,2025,HighSchool
5215396,107755,Andrew Leslie,Memphis,WR,3,0.8531,1646,2025,HighSchool
5222257,107754,Kha'leal Sterling,Western Carolina,WR,3,0.8531,1646,2025,HighSchool
5216315,107756,Antoine Martin Jr.,Colorado State,WR,3,0.8528,1652,2025,HighSchool
5300704,107757,Myles Singleton,Northern Arizona,ATH,3,0.8528,1652,2025,HighSchool
5212610,107758,Ksaan Farrar,UConn,QB,3,0.8528,1652,2025,HighSchool
5209763,107767,Kardiear Shepherd,Syracuse,OT,3,0.8525,1655,2025,HighSchool
5216853,107764,Ren Brown,Texas Tech,IOL,3,0.8525,1655,2025,HighSchool
5212618,107763,Colin Bellomy,South Florida,DL,3,0.8525,1655,2025,HighSchool
5211755,107762,Ronny Johnson,Northwestern,RB,3,0.8525,1655,2025,HighSchool
5215279,107768,Rae Sykes Jr.,Boston College,S,3,0.8525,1655,2025,HighSchool
5222253,107761,Alijah Jones,Northwestern,S,3,0.8525,1655,2025,HighSchool
5210229,107765,Anderson Kopp,Kansas,IOL,3,0.8525,1655,2025,HighSchool
5222537,107766,Brandon Edozie,Liberty,OT,3,0.8525,1655,2025,HighSchool
5216643,107759,Etene Pritchard,San Diego State,LB,3,0.8525,1655,2025,HighSchool
5209198,107760,JP Mialovski,San Diego State,QB,3,0.8525,1655,2025,HighSchool
,107769,George Okorie,Vanderbilt,EDGE,3,0.8525,1655,2025,HighSchool
5211695,107770,John Peters,Western Michigan,CB,3,0.8522,1666,2025,HighSchool
5216505,107771,Jamar Searcy,Wake Forest,RB,3,0.8519,1667,2025,HighSchool
5209266,107773,Chris Fileppo,West Virginia,LB,3,0.8519,1667,2025,HighSchool
5216506,107772,DJ Asiasi,Nevada,TE,3,0.8519,1667,2025,HighSchool
5257214,107774,Lucas Farrington,Jacksonville State,RB,3,0.8519,1670,2025,HighSchool
5207598,107788,Charles Taplin,Michigan State,WR,3,0.8517,1671,2025,HighSchool
5215499,107779,Lamar Fairfax Jr.,Memphis,DL,3,0.8517,1671,2025,HighSchool
5215372,107792,Kendal Wall,BYU,EDGE,3,0.8517,1671,2025,HighSchool
5216630,107785,Ishmael Gibbs,Washington State,CB,3,0.8517,1671,2025,HighSchool
5210427,107783,Sione Perkins,Iowa State,OT,3,0.8517,1671,2025,HighSchool
5215220,107791,Kingston Jones,UTSA,WR,3,0.8517,1671,2025,HighSchool
,107781,Braheem Battles,,DL,3,0.8517,1671,2025,HighSchool
5209965,107778,Tony Carter Jr.,Arkansas State,DL,3,0.8517,1671,2025,HighSchool
,107790,Seth McFarland,Air Force,LB,3,0.8517,1671,2025,HighSchool
5214955,107777,Michael Scott,James Madison,WR,3,0.8517,1671,2025,HighSchool
5301197,107780,Ben Chandler,Howard,ATH,3,0.8517,1671,2025,HighSchool
5216579,107787,Sidney Dupuy,San Diego State,DL,3,0.8517,1671,2025,HighSchool
5238267,107786,John Tofi Jr.,California,ATH,3,0.8517,1671,2025,HighSchool
5141523,107775,Jayden Jackson,Iowa State,RB,3,0.8517,1671,2025,HighSchool
5212630,107789,Tucker Kelleher,BYU,TE,3,0.8517,1671,2025,HighSchool
5216844,107796,Kavon Simmons,Duke,ATH,3,0.8517,1671,2025,HighSchool
5215016,107776,Ty Partlow,UCLA,DL,3,0.8517,1671,2025,HighSchool
5222249,107782,Tobias Gary,Louisiana Tech,S,3,0.8517,1671,2025,HighSchool
5295448,107794,DJ Kelly,Toledo,CB,3,0.8517,1671,2025,HighSchool
5301139,107793,Clayton Lakatos,Southern Illinois,S,3,0.8517,1671,2025,HighSchool
5216695,107784,Bryce Kania,Wake Forest,WR,3,0.8517,1671,2025,HighSchool
5303302,107797,Deuce Weston,Delaware State,ATH,3,0.8517,1671,2025,HighSchool
5296239,107795,Akram Elnagmi,Pittsburgh,OT,3,0.8517,1671,2025,HighSchool
5301748,107799,Andrew Hines,Eastern Kentucky,EDGE,3,0.8514,1694,2025,HighSchool
5216697,107801,Miles Uter,SMU,TE,3,0.8514,1694,2025,HighSchool
5174447,107798,Kaden Ellis,App State,DL,3,0.8514,1694,2025,HighSchool
,107802,Cameron Begalle,,WR,3,0.8514,1694,2025,HighSchool
5209967,107800,Jack James,Troy,QB,3,0.8514,1694,2025,HighSchool
5218241,107806,Ashton Moore,Kansas State,LB,3,0.8511,1699,2025,HighSchool
5216569,107803,Robby Preckel,Northwestern,TE,3,0.8511,1699,2025,HighSchool
5122343,107804,Kelvin Crawford,App State,ATH,3,0.8511,1699,2025,HighSchool
5210194,107805,Dominic Rijos,Coastal Carolina,IOL,3,0.8511,1699,2025,HighSchool
5257984,107810,Chris Garland,Stanford,CB,3,0.8511,1703,2025,HighSchool
5298061,107807,Savion Taylor,Cal Poly,ATH,3,0.8511,1703,2025,HighSchool
5239154,107808,Cash Archer,Central Arkansas,LB,3,0.8511,1703,2025,HighSchool
5215177,107812,Durante Speer,East Carolina,S,3,0.8511,1703,2025,HighSchool
5216545,107809,Sean Craig,Oregon State,S,3,0.8511,1703,2025,HighSchool
,107814,Jahmir Davis,,OT,3,0.8511,1703,2025,HighSchool
,107813,Thomas Dumais,,IOL,3,0.8511,1703,2025,HighSchool
5261457,107811,Cameron Kossmann,Florida,TE,3,0.8511,1703,2025,HighSchool
5222150,107824,Joshua Brantley,Tulane,ATH,3,0.8508,1711,2025,HighSchool
5222568,107816,Ka'Maurri Smith,Cincinnati,TE,3,0.8508,1711,2025,HighSchool
5210502,107823,Luke Webb,Washington State,EDGE,3,0.8508,1711,2025,HighSchool
,107819,Arrion Concepcion,Kansas State,WR,3,0.8508,1711,2025,HighSchool
5189015,107815,Kaleb Mitchell,Utah State,WR,3,0.8508,1711,2025,HighSchool
,107822,Dilon Tallie,Bowling Green,WR,3,0.8508,1711,2025,HighSchool
,107826,Noah LaPorte,Northwestern,WR,3,0.8508,1711,2025,HighSchool
,107827,Lance Walker,,LB,3,0.8508,1711,2025,HighSchool
5215235,107829,Beckham Barney,California,LB,3,0.8508,1711,2025,HighSchool
5216563,107830,Milz Asiata,Utah,IOL,3,0.8508,1711,2025,HighSchool
5221511,107818,Kohl Bradley,South Alabama,S,3,0.8508,1711,2025,HighSchool
5164348,107817,Jacob Alvarez,San Diego State,TE,3,0.8508,1711,2025,HighSchool
5203726,107825,Cameron Roberts,Tulane,TE,3,0.8508,1711,2025,HighSchool
5234257,107831,Brad Stanyer,Kansas State,EDGE,3,0.8508,1711,2025,HighSchool
5211422,107821,Donte Utu,Stanford,S,3,0.8508,1711,2025,HighSchool
5215211,107828,Nate Cleveland,Minnesota,LB,3,0.8508,1711,2025,HighSchool
5214521,107820,Cade Wilhelmi,Toledo,IOL,3,0.8508,1711,2025,HighSchool
5141625,107832,Deante Ruffin,Kent State,QB,3,0.8506,1728,2025,HighSchool
5213297,107833,Elijah Crawford,Syracuse,DL,3,0.8506,1728,2025,HighSchool
5215467,107834,Branden Hoch,Florida Atlantic,WR,3,0.8506,1728,2025,HighSchool
5214828,107836,Demarcus Baker,Arkansas State,CB,3,0.8504,1731,2025,HighSchool
5167181,107835,Chandler Jordan,Georgia State,S,3,0.8504,1731,2025,HighSchool
5221283,107837,Ryland Bradford,UTEP,WR,3,0.8504,1731,2025,HighSchool
5203721,107840,Jerald James,James Madison,EDGE,3,0.8503,1734,2025,HighSchool
,107839,Santae McWilliams Jr.,,RB,3,0.8503,1734,2025,HighSchool
5195374,107838,Noah Ehrlich,Miami (OH),QB,3,0.8503,1734,2025,HighSchool
5209746,107841,PaLanding Drammeh,Tulane,DL,3,0.8503,1734,2025,HighSchool
5265183,221023,Kamarion Thomas,North Carolina,DL,3,0.85,1738,2025,HighSchool
5265251,258221,Deriece Brown,New Mexico,WR,3,0.85,1738,2025,HighSchool
5294105,221030,Elliot Demaine,Wake Forest,IOL,3,0.85,1738,2025,HighSchool
5263215,220989,Donovan Fitzmaurice,Washington State,DL,3,0.85,1738,2025,HighSchool
5265272,258031,Jack Paris,Illinois,LB,3,0.85,1738,2025,HighSchool
5258337,220971,Seth Gathers,James Madison,S,3,0.85,1738,2025,HighSchool
5258036,107869,Brian Hnat,James Madison,TE,3,0.85,1738,2025,HighSchool
5257958,220977,Jackson McCarter,James Madison,RB,3,0.85,1738,2025,HighSchool
5265476,221024,Haston Crawford,Kennesaw State,OT,3,0.85,1738,2025,HighSchool
5265568,221002,Yasir Smith,North Carolina,DL,3,0.85,1738,2025,HighSchool
5297956,107854,Alex Warden,North Dakota State,IOL,3,0.85,1738,2025,HighSchool
5297961,258107,Ethan Wood,North Dakota State,EDGE,3,0.85,1738,2025,HighSchool
5258338,221003,Chase Howard,Louisiana,DL,3,0.85,1738,2025,HighSchool
5236365,107867,Andruw Ellis,Northern Illinois,ATH,3,0.85,1738,2025,HighSchool
5264765,221010,Eliot Hummer,Northern Illinois,LB,3,0.85,1738,2025,HighSchool
5209010,107859,Kai Jacobowitz,Duke,OT,3,0.85,1738,2025,HighSchool
5297977,221011,Kaiser Williams,Northern Iowa,ATH,3,0.85,1738,2025,HighSchool
5258450,258048,Shaun Williams,Arkansas State,LB,3,0.85,1738,2025,HighSchool
5166890,258068,James Little IV,Northern Illinois,CB,3,0.85,1738,2025,HighSchool
5264726,221007,Jordyn Criss,BYU,CB,3,0.85,1738,2025,HighSchool
5296013,221021,Mark Wiepert,Oregon,ATH,3,0.85,1738,2025,HighSchool
5300936,107865,Javon Favors,West Georgia,LB,3,0.85,1738,2025,HighSchool
5296414,221017,Christofer Noble,Middle Tennessee,S,3,0.85,1738,2025,HighSchool
5260419,107864,Jacob Nye,BYU,TE,3,0.85,1738,2025,HighSchool
5304118,258329,Kingston Mickens,Weber State,ATH,3,0.85,1738,2025,HighSchool
5215700,107852,Saxton Suchanic,UConn,CB,3,0.85,1738,2025,HighSchool
5243087,107858,Nikko Boncore,Utah State,WR,3,0.85,1738,2025,HighSchool
5258368,220978,Devin White,South Alabama,IOL,3,0.85,1738,2025,HighSchool
5259827,221006,Maddox Lynch,South Alabama,TE,3,0.85,1738,2025,HighSchool
5264422,258042,Dylan Hildebrand,Washington State,IOL,3,0.85,1738,2025,HighSchool
5304105,220974,Chevy Robinson,Weber State,EDGE,3,0.85,1738,2025,HighSchool
5258300,221000,Kearius Bivens,South Alabama,OT,3,0.85,1738,2025,HighSchool
5215335,107850,Sean Burke,Florida International,TE,3,0.85,1738,2025,HighSchool
,220982,Ahmyri McGee-Hall,,CB,3,0.85,1738,2025,HighSchool
5265479,221025,Gabe Glover,Jacksonville State,WR,3,0.85,1738,2025,HighSchool
,220986,Colt Hodges,Air Force,DL,3,0.85,1738,2025,HighSchool
5264659,221013,Travon Pankey,Washington State,RB,3,0.85,1738,2025,HighSchool
,220987,Wisdom Fode,,ATH,3,0.85,1738,2025,HighSchool
,220988,Ray Gilbert,,WR,3,0.85,1738,2025,HighSchool
5301893,221028,Isaiah Thomas,East Tennessee State,EDGE,3,0.85,1738,2025,HighSchool
5222175,107860,A'marion Breland,UTSA,OT,3,0.85,1738,2025,HighSchool
,221022,Carter Byrd,Southeastern Louisiana,S,3,0.85,1738,2025,HighSchool
5257592,221014,Herlin Perry Jr.,South Florida,CB,3,0.85,1738,2025,HighSchool
,220993,Chase Hatch,Boise State,ATH,3,0.85,1738,2025,HighSchool
5229445,107856,CJ Witten,Rice,LB,3,0.85,1738,2025,HighSchool
5256233,221001,Braden Ellis,Old Dominion,OT,3,0.85,1738,2025,HighSchool
5215701,107862,Xavier Canales,Georgia Tech,IOL,3,0.85,1738,2025,HighSchool
5296364,107843,Keveun Mason,Temple,RB,3,0.85,1738,2025,HighSchool
5265441,220972,Andrew Alford,Tulsa,QB,3,0.85,1738,2025,HighSchool
5296439,220985,Deuce Bailey,Missouri State,QB,3,0.85,1738,2025,HighSchool
5222975,258169,Anthony Quinn Jr.,Marshall,RB,3,0.85,1738,2025,HighSchool
5258359,107851,Gavin Bowlin,Troy,OT,3,0.85,1738,2025,HighSchool
,107844,Uchenyo Ojata,Troy,EDGE,3,0.85,1738,2025,HighSchool
5264725,221009,Max Anderson,West Virginia,ATH,3,0.85,1738,2025,HighSchool
,258078,Jake Sulzberger,Air Force,OT,3,0.85,1738,2025,HighSchool
5304407,221029,Latrell Noel,Rutgers,CB,3,0.85,1738,2025,HighSchool
,107866,Ladarius Jemes,Troy,EDGE,3,0.85,1738,2025,HighSchool
,221016,Jonathan Cravin,UC Davis,CB,3,0.85,1738,2025,HighSchool
,107861,Amari Colon,,S,3,0.85,1738,2025,HighSchool
5258040,258097,Jamarcus Smith,James Madison,WR,3,0.85,1738,2025,HighSchool
,107849,Coleman Lewis,,LB,3,0.85,1738,2025,HighSchool
5258048,221004,D'Ante Keys,Texas State,EDGE,3,0.85,1738,2025,HighSchool
5258303,220998,Elijah Ffrench,Georgia Southern,S,3,0.85,1738,2025,HighSchool
5300398,258461,Jakel Irving,Alcorn State,LB,3,0.85,1738,2025,HighSchool
5295874,107863,Jayden Bradley,Texas State,S,3,0.85,1738,2025,HighSchool
5301038,258063,Caleb Reese,Sacramento State,ATH,3,0.85,1738,2025,HighSchool
5207847,220983,Ahran Ogbor,Rice,ATH,3,0.85,1738,2025,HighSchool
5265499,221026,Jameson Scissum,Jacksonville State,ATH,3,0.85,1738,2025,HighSchool
,221019,Phoenix-Orion Dicosmo,Howard,EDGE,3,0.85,1738,2025,HighSchool
5302428,220976,Patrick Smith,Alabama State,EDGE,3,0.85,1738,2025,HighSchool
5209142,258071,Kameron Brown,Nevada,EDGE,3,0.85,1738,2025,HighSchool
5265453,220975,Colin Leahey,Rice,RB,3,0.85,1738,2025,HighSchool
5265486,220991,DeReyon Jenkins,Rice,EDGE,3,0.85,1738,2025,HighSchool
,220981,Keyante Pettaway,,LB,3,0.85,1738,2025,HighSchool
5209934,107853,Noah Hacker,Arkansas State,OT,3,0.85,1738,2025,HighSchool
5258443,220979,Luke Reynolds,Jacksonville State,S,3,0.85,1738,2025,HighSchool
,220995,Malakai Alofipo,Utah State,WR,3,0.85,1738,2025,HighSchool
5296251,221008,Carter Zuliani,West Virginia,DL,3,0.85,1738,2025,HighSchool
5299836,220994,Achilles Anderson,Harvard,DL,3,0.85,1738,2025,HighSchool
5298651,221012,Isaac Brown,Southeast Missouri State,CB,3,0.85,1738,2025,HighSchool
5296454,220997,Kheaton Kinney,Missouri State,DL,3,0.85,1738,2025,HighSchool
5258484,220980,Aiden Walker,Nevada,CB,3,0.85,1738,2025,HighSchool
5213236,107855,Jacari Gatling,Memphis,DL,3,0.85,1738,2025,HighSchool
5212731,107868,Jacob Maiava,UCF,IOL,3,0.85,1738,2025,HighSchool
5299846,258428,Donovan Higgins,Richmond,ATH,3,0.85,1738,2025,HighSchool
5301314,220970,ZJ Grady,Murray State,LB,3,0.85,1738,2025,HighSchool
5265070,221018,Camp Lott,UCF,OT,3,0.85,1738,2025,HighSchool
5299453,258464,Tony Keck,Lafayette,ATH,3,0.85,1738,2025,HighSchool
5214407,107845,Tyrell Lewis,Arkansas State,QB,3,0.85,1738,2025,HighSchool
5236319,107846,Raylon Carter,New Mexico State,EDGE,3,0.85,1738,2025,HighSchool
5301586,220990,Ben Stotts,Austin Peay,OT,3,0.85,1738,2025,HighSchool
5300546,220984,Romello Cooper,Samford,EDGE,3,0.85,1738,2025,HighSchool
5303189,258351,Braeden Mussett,Stephen F. Austin,WR,3,0.85,1738,2025,HighSchool
5211431,107842,Jordin Farrow,Toledo,DL,3,0.85,1738,2025,HighSchool
5299789,221020,Ethan Carson,Harvard,LB,3,0.85,1738,2025,HighSchool
5301623,220992,Bishop Burkhalter,North Alabama,LB,3,0.85,1738,2025,HighSchool
5298820,220973,Khy'lek Jarrett,Tennessee State,EDGE,3,0.85,1738,2025,HighSchool
5299705,221015,Cameron Bates,Dartmouth,ATH,3,0.85,1738,2025,HighSchool
5257034,220996,Denver Harper,Austin Peay,WR,3,0.85,1738,2025,HighSchool
5258365,221005,Je'Hahj Sherrill,Old Dominion,S,3,0.85,1738,2025,HighSchool
5301885,221027,Brycen Dowdell,East Tennessee State,CB,3,0.85,1738,2025,HighSchool
5250264,107848,Kaelan Chudzinski,Boston College,WR,3,0.85,1738,2025,HighSchool
5222590,107857,Jeremiah McKenzie,Central Michigan,LB,3,0.85,1738,2025,HighSchool
5265523,220999,Kelvin Washington,Tulsa,RB,3,0.85,1738,2025,HighSchool
5239145,107847,Mana Tuioti,Boise State,LB,3,0.85,1738,2025,HighSchool
5300482,258370,Evan James,Furman,WR,3,0.85,1738,2025,HighSchool
5156151,107870,Matai Jefferson,Arizona State,IOL,3,0.8497,1849,2025,HighSchool
5221285,107872,Jacobe Hayes,TCU,WR,3,0.8494,1850,2025,HighSchool
,107875,Malaki Page,,RB,3,0.8494,1850,2025,HighSchool
5209444,107874,Malijah Tucker,Washington State,DL,3,0.8494,1850,2025,HighSchool
,107876,Dallyn Grimes,Boise State,OT,3,0.8494,1850,2025,HighSchool
5207931,107873,Terrence Lewis,North Texas,WR,3,0.8494,1850,2025,HighSchool
5222656,107877,Cam Riley,Louisiana,CB,3,0.8494,1850,2025,HighSchool
5210431,107871,Noah Thomas,Oregon State,OT,3,0.8494,1850,2025,HighSchool
5195683,107880,Jordan Tonga,San José State,IOL,3,0.8492,1857,2025,HighSchool
5199951,107883,Alex Sanchez,App State,WR,3,0.8492,1857,2025,HighSchool
5237342,107886,Grant Smith,Illinois,TE,3,0.8492,1857,2025,HighSchool
5222574,107887,Aidan Wright,Arkansas State,EDGE,3,0.8492,1857,2025,HighSchool
5236182,107879,Gavin Garretson,Arkansas,EDGE,3,0.8492,1857,2025,HighSchool
5215074,107885,Colin Hansen,Minnesota,DL,3,0.8492,1857,2025,HighSchool
5205456,107884,Xanai Scott,Illinois,S,3,0.8492,1857,2025,HighSchool
5238342,107878,Vincent Tautua,BYU,EDGE,3,0.8492,1857,2025,HighSchool
5216960,107881,Carmine Orozco,Miami (OH),DL,3,0.8492,1857,2025,HighSchool
5296142,107882,Lee Fuimaono,Arizona State,ATH,3,0.8492,1857,2025,HighSchool
5236326,107888,Sekou Peters,Western Kentucky,DL,3,0.8489,1867,2025,HighSchool
5215278,107892,Zion Paret,Florida Atlantic,CB,3,0.8489,1868,2025,HighSchool
,107893,Woody Celucien,Georgia State,IOL,3,0.8489,1868,2025,HighSchool
5216404,107894,Joseph Holt,Georgia State,S,3,0.8489,1868,2025,HighSchool
5164337,107890,King Davis,Missouri State,RB,3,0.8489,1868,2025,HighSchool
5141690,107891,Anthony Smith,Florida International,DL,3,0.8489,1868,2025,HighSchool
5211747,107889,Tylan Boykin,Eastern Michigan,CB,3,0.8489,1868,2025,HighSchool
5214639,107895,Lazaro Rogers,Northern Illinois,RB,3,0.8486,1874,2025,HighSchool
5213127,107896,Grant Washington,Minnesota,RB,3,0.8486,1874,2025,HighSchool
5217698,107898,Brayden Knox,North Texas,LB,3,0.8486,1874,2025,HighSchool
5215209,107897,Braylen Wortham,Sam Houston,S,3,0.8486,1874,2025,HighSchool
,107899,Ethan Plumb,Grand Valley State,QB,3,0.8485,1878,2025,HighSchool
5258301,107900,Caleb Butler,Georgia Southern,LB,3,0.8483,1879,2025,HighSchool
5211746,107901,Merrick Barlow,Navy,TE,3,0.8483,1879,2025,HighSchool
5209176,107915,Thomas Barr,Buffalo,IOL,3,0.8483,1881,2025,HighSchool
5214531,107909,Ja'Torian Mack,App State,S,3,0.8483,1881,2025,HighSchool
5173769,107902,Kaden Cook,California,S,3,0.8483,1881,2025,HighSchool
5216709,107913,Braylon Cardwell,San Diego State,CB,3,0.8483,1881,2025,HighSchool
,107908,Aiden Brewer,,TE,3,0.8483,1881,2025,HighSchool
5208592,107905,Bo MacCormack III,Boston College,RB,3,0.8483,1881,2025,HighSchool
5295921,107912,Josh Rodriguez,Old Dominion,WR,3,0.8483,1881,2025,HighSchool
,107910,Jadyn Farmer,,DL,3,0.8483,1881,2025,HighSchool
,107911,Alema Iosua,Arizona State,OT,3,0.8483,1881,2025,HighSchool
5216510,107917,Kory Pettigrew,South Florida,WR,3,0.8483,1881,2025,HighSchool
5216567,107906,Jesse Myers,Oregon State,EDGE,3,0.8483,1881,2025,HighSchool
,107914,Aiden Knapke,Washington State,S,3,0.8483,1881,2025,HighSchool
5230871,107918,Skyler Jackson,Oregon State,ATH,3,0.8483,1881,2025,HighSchool
5222362,107907,Kage Payne,NC State,IOL,3,0.8483,1881,2025,HighSchool
5295446,107903,Raphael Greene-Nyarko,Toledo,OT,3,0.8483,1881,2025,HighSchool
5222255,107916,Nathan Kutufaris,Duke,OT,3,0.8483,1881,2025,HighSchool
5294291,107904,Jay Beamon,Tulane,QB,3,0.8483,1881,2025,HighSchool
5144800,107919,Toby Mealer,Louisiana Tech,IOL,3,0.8481,1898,2025,HighSchool
5216311,107920,Alonzo Esparza,California,QB,3,0.8481,1898,2025,HighSchool
,107921,Ben Cole,,TE,3,0.8481,1898,2025,HighSchool
5141403,107926,Kaegan Chambers,Temple,ATH,3,0.8478,1901,2025,HighSchool
5209199,107934,Ty Olsen,Utah State,WR,3,0.8478,1901,2025,HighSchool
,107923,Brooklen Davis,,RB,3,0.8478,1901,2025,HighSchool
,107924,Cashus Shivers,,ATH,3,0.8478,1901,2025,HighSchool
,107928,Dane Dunn,,RB,3,0.8478,1901,2025,HighSchool
,107932,Kayin Booker,Portland State,WR,3,0.8478,1901,2025,HighSchool
5207932,107922,Grant Stewart,UTEP,S,3,0.8478,1901,2025,HighSchool
5164341,107927,AC Walters,Troy,RB,3,0.8478,1901,2025,HighSchool
5212656,107929,Kendric Davis,East Carolina,LB,3,0.8478,1901,2025,HighSchool
5213304,107930,Angelo Ross,East Carolina,CB,3,0.8478,1901,2025,HighSchool
5302167,107935,Xylan Williams,Prairie View A&M,WR,3,0.8478,1901,2025,HighSchool
5216786,107931,Ian Mayes,Tulsa,IOL,3,0.8478,1901,2025,HighSchool
5141434,107925,Elisha Durham,Ball State,WR,3,0.8478,1901,2025,HighSchool
5216524,107933,Andrew Barker,Indiana,TE,3,0.8478,1901,2025,HighSchool
5296289,107938,Kelepi Latu-Finau,BYU,DL,3,0.8475,1915,2025,HighSchool
5215075,107940,Rhett Hlavacka,Minnesota,EDGE,3,0.8475,1915,2025,HighSchool
,107937,Sean Embree Jr.,Washington State,WR,3,0.8475,1915,2025,HighSchool
5296233,107941,John Wetzel,Pittsburgh,S,3,0.8475,1915,2025,HighSchool
5216580,107942,Brandon Kubay,South Florida,TE,3,0.8475,1915,2025,HighSchool
5207804,107936,Jeremiah Scoby,Bowling Green,TE,3,0.8475,1915,2025,HighSchool
5166911,107939,Connor Hodge,East Carolina,ATH,3,0.8475,1915,2025,HighSchool
5221211,107943,Semi Taulanga,Utah,DL,3,0.8472,1922,2025,HighSchool
5223789,107945,Nik Henry,UTEP,WR,3,0.847,1923,2025,HighSchool
5204186,107946,Antonious Steele,Troy,S,3,0.847,1923,2025,HighSchool
5222645,107948,Jayden Price,Toledo,S,3,0.847,1923,2025,HighSchool
5236396,107949,Camron Nti,Marshall,S,3,0.847,1923,2025,HighSchool
5258259,107944,Jojo Crim,Virginia Tech,CB,3,0.847,1923,2025,HighSchool
,107947,Trevionn Morton,Southern Miss,S,3,0.847,1923,2025,HighSchool
5296170,107950,Liam Vaughan,Western Michigan,IOL,3,0.8469,1929,2025,HighSchool
5216699,107951,Chad Warner,UTEP,QB,3,0.8469,1929,2025,HighSchool
5213354,107952,Max Guest,App State,RB,3,0.8469,1929,2025,HighSchool
5231305,107954,Jaylen Lewis,Memphis,CB,3,0.8469,1929,2025,HighSchool
5295436,107955,Dwayne Early Jr.,Buffalo,WR,3,0.8469,1929,2025,HighSchool
5217703,107953,Jacob Tracy,Boise State,OT,3,0.8469,1929,2025,HighSchool
5255614,107957,Rain Banick,Florida Atlantic,IOL,3,0.8467,1935,2025,HighSchool
5216633,107956,Hector Gonzalez,Eastern Michigan,EDGE,3,0.8467,1935,2025,HighSchool
5211437,107963,Aariz Taylor,Miami (OH),EDGE,3,0.8467,1937,2025,HighSchool
5210204,107962,Willem Thurber,Virginia,TE,3,0.8467,1937,2025,HighSchool
5296387,107959,Sentel Simpson,Louisiana Tech,ATH,3,0.8467,1937,2025,HighSchool
5210486,107960,Dominik Calhoun,Boise State,S,3,0.8467,1937,2025,HighSchool
,107961,Jamari Pearson,,ATH,3,0.8467,1937,2025,HighSchool
5211772,107964,Erimus Wright,Washington State,ATH,3,0.8467,1937,2025,HighSchool
4686804,107958,Jax Brown,Sam Houston,QB,3,0.8467,1937,2025,HighSchool
5240830,107965,Brody Wilhelm,Baylor,TE,3,0.8467,1937,2025,HighSchool
5222669,107967,Jerron Blackwell,Wake Forest,S,3,0.8464,1945,2025,HighSchool
5222558,107968,Matthew Pointer,Florida International,EDGE,3,0.8464,1945,2025,HighSchool
5167193,107966,Tyron Steed,Bowling Green,S,3,0.8464,1945,2025,HighSchool
5215265,107970,Lucan Amituanai,San Diego State,EDGE,3,0.8461,1948,2025,HighSchool
5216548,107969,DeAngelo Bowden,South Florida,LB,3,0.8461,1948,2025,HighSchool
5216502,107975,Logan Howell,Miami (OH),DL,3,0.8458,1950,2025,HighSchool
5216511,107977,Jonah Hayes,Northwestern,EDGE,3,0.8458,1950,2025,HighSchool
5211761,107980,EahJay McAdams,Marshall,LB,3,0.8458,1950,2025,HighSchool
5210162,107976,Eli Jones,South Florida,DL,3,0.8458,1950,2025,HighSchool
5296362,107971,De'Carlos Young,Temple,RB,3,0.8458,1950,2025,HighSchool
5207654,107973,RJ Lee,Houston,OT,3,0.8458,1950,2025,HighSchool
5216835,107972,Cayman Reynolds,East Carolina,TE,3,0.8458,1950,2025,HighSchool
5216963,107974,Delmar White,Maryland,DL,3,0.8458,1950,2025,HighSchool
5212637,107979,Evan Scott,Duke,IOL,3,0.8458,1950,2025,HighSchool
5299148,107978,Shamar Fowles,Bryant,WR,3,0.8458,1950,2025,HighSchool
5223093,107983,Jeremiah Ware,Georgia Southern,WR,3,0.8456,1960,2025,HighSchool
5222585,107984,Jackson Small,Buffalo,CB,3,0.8456,1960,2025,HighSchool
5178088,107982,Jacob Wallace,Iowa,S,3,0.8456,1960,2025,HighSchool
5223089,107985,Bradley Ilunga-Bisselele,Buffalo,LB,3,0.8456,1960,2025,HighSchool
5214408,107981,Jase Nix,San José State,WR,3,0.8456,1960,2025,HighSchool
5296229,107988,Sean Terrell,Houston,OT,3,0.8453,1965,2025,HighSchool
5248177,107989,Kimar Nelson,Northern Illinois,LB,3,0.8453,1965,2025,HighSchool
5222151,107987,Gresham Perry,Tulane,IOL,3,0.8453,1965,2025,HighSchool
5222591,107986,Jason Wright,Buffalo,QB,3,0.8453,1965,2025,HighSchool
5218379,107990,Christopher Climes,Buffalo,DL,3,0.8452,1969,2025,HighSchool
5299303,107991,Michael Gilliam,Campbell,CB,3,0.8452,1969,2025,HighSchool
5246591,108010,Nasir Allen,Arkansas State,RB,3,0.845,1971,2025,HighSchool
5222634,108008,Alexander Green,UNLV,LB,3,0.845,1971,2025,HighSchool
,107992,Kameron Keenan,,QB,3,0.845,1971,2025,HighSchool
,108009,Daniil Starykh,Boise State,IOL,3,0.845,1971,2025,HighSchool
5258483,108000,Will Swartz,Rice,TE,3,0.845,1971,2025,HighSchool
,107995,Louden Grimsley,,WR,3,0.845,1971,2025,HighSchool
5258448,107997,DJ Vinson,Jacksonville State,WR,3,0.845,1971,2025,HighSchool
5296610,108002,Tama Amisone,San José State,QB,3,0.845,1971,2025,HighSchool
5258136,108004,Cooper Lawson,Wyoming,OT,3,0.845,1971,2025,HighSchool
,107998,Mason McKnight,,S,3,0.845,1971,2025,HighSchool
5258304,108012,Elijah Fears,Georgia Southern,DL,3,0.845,1971,2025,HighSchool
5301033,107996,Karvon Jefferson,Sacramento State,S,3,0.845,1971,2025,HighSchool
,108001,Melvin Spicer IV,,QB,3,0.845,1971,2025,HighSchool
5257619,108005,KJ Kotalik,Western Michigan,OT,3,0.845,1971,2025,HighSchool
5296628,108003,Kalvin Janssen,Wyoming,IOL,3,0.845,1971,2025,HighSchool
5222546,107994,Jeremiah Ioane,Oregon State,LB,3,0.845,1971,2025,HighSchool
5208169,107993,Ameer Yasin,Toledo,OT,3,0.845,1971,2025,HighSchool
5222643,108007,Peyton Plott,Georgia Southern,WR,3,0.845,1971,2025,HighSchool
5199944,107999,Paul Bowling,Troy,OT,3,0.845,1971,2025,HighSchool
5258480,108011,Malcolm Polu Jr.,Fresno State,IOL,3,0.845,1971,2025,HighSchool
5222648,108006,Uluaki Taukiuvea,Hawai'i,ATH,3,0.845,1971,2025,HighSchool
5216639,108013,Jaylon Hawkins,San Diego State,WR,3,0.8447,1992,2025,HighSchool
5195689,108014,Kane Bowen,UTEP,LB,3,0.8447,1993,2025,HighSchool
,108015,Robert Santiago,,S,3,0.8447,1993,2025,HighSchool
5212990,108016,Darius Johnson,Syracuse,WR,3,0.8447,1993,2025,HighSchool
5216507,108018,De'Shawn Toilolo,Boise State,EDGE,3,0.8444,1996,2025,HighSchool
5215539,108028,Khalil Collins,South Florida,IOL,3,0.8444,1996,2025,HighSchool
5256923,108026,Javeon Fricks,Arkansas State,TE,3,0.8444,1996,2025,HighSchool
5176074,108019,Christian Langford,Florida International,QB,3,0.8444,1996,2025,HighSchool
5258056,108022,Samuel Harris,Wyoming,RB,3,0.8444,1996,2025,HighSchool
5222534,108025,Tyson Carter,Florida International,WR,3,0.8444,1996,2025,HighSchool
5211771,108024,Kadale Williams,Toledo,ATH,3,0.8444,1996,2025,HighSchool
5215567,108027,Jamarey Smith,Washington State,S,3,0.8444,1996,2025,HighSchool
5210563,108023,Royce Wilson,UTEP,EDGE,3,0.8444,1996,2025,HighSchool
5222664,108029,Jamari Johnson,Cincinnati,CB,3,0.8444,1996,2025,HighSchool
5216312,108020,Dior Garner,Bowling Green,DL,3,0.8444,1996,2025,HighSchool
,108021,Pedro Reyes,,ATH,3,0.8444,1996,2025,HighSchool
,108017,Jayshon Limar,,ATH,3,0.8444,1996,2025,HighSchool
5207889,108030,Andre Feast,Arkansas State,WR,3,0.8442,2009,2025,HighSchool
5179812,108031,Jabari Smith,South Florida,CB,3,0.8442,2009,2025,HighSchool
5222796,108034,Lantz Pascal,North Carolina,EDGE,3,0.8442,2009,2025,HighSchool
5203718,108035,Dylan Frechette,Illinois,IOL,3,0.8442,2009,2025,HighSchool
5227053,108032,Seth Carethers,Wake Forest,CB,3,0.8442,2009,2025,HighSchool
5301676,108033,Alijah Hamond,Towson,LB,3,0.8442,2009,2025,HighSchool
5210485,108036,Braiden Bachich-Dixon,San José State,TE,3,0.8439,2015,2025,HighSchool
,108039,Sam Steward,Purdue,LB,3,0.8437,2016,2025,HighSchool
5245415,108037,Davion Kerr,Syracuse,CB,3,0.8437,2016,2025,HighSchool
5236363,108038,Mykel Calixte,Florida Atlantic,WR,3,0.8437,2016,2025,HighSchool
5296560,108041,Zo Hill,UTEP,WR,3,0.8436,2019,2025,HighSchool
5216573,108043,Jayden Fry,Boston College,EDGE,3,0.8436,2019,2025,HighSchool
5207650,108040,Quandre Coates,Louisiana,TE,3,0.8436,2019,2025,HighSchool
5222607,108042,Chandler Covington,Georgia State,EDGE,3,0.8436,2019,2025,HighSchool
5210428,108044,Peyton Read,Washington State,TE,3,0.8433,2023,2025,HighSchool
,108050,Jay Gardenhire,Colorado,OT,3,0.8433,2024,2025,HighSchool
5199956,108049,Ahmed Souare,Georgia State,WR,3,0.8433,2024,2025,HighSchool
5210193,108047,Byron Jackson,Kennesaw State,EDGE,3,0.8433,2024,2025,HighSchool
5203725,108045,Landon Rapkiewicz,Florida Atlantic,IOL,3,0.8433,2024,2025,HighSchool
5210052,108046,Lucas Barnes,Miami (OH),OT,3,0.8433,2024,2025,HighSchool
5210058,108048,Yasir Muhammad,UNLV,ATH,3,0.8433,2024,2025,HighSchool
5144684,108051,Maddox Arnold,Toledo,LB,3,0.8431,2030,2025,HighSchool
5215424,108052,JJ Hirdes,Illinois,OT,3,0.8431,2030,2025,HighSchool
5258016,108054,Caleb Hawkins,North Texas,RB,3,0.843,2032,2025,HighSchool
5215309,108053,Spencer Beckeman,Western Michigan,OT,3,0.843,2032,2025,HighSchool
5214505,108060,Justin Lee,UTEP,EDGE,3,0.8428,2034,2025,HighSchool
5210061,108057,Trey Zvonar,Miami (OH),TE,3,0.8428,2034,2025,HighSchool
5178086,108055,Denzel Gardner,Southern Miss,QB,3,0.8428,2034,2025,HighSchool
5293693,108061,Max Phenicie,Army,S,3,0.8428,2034,2025,HighSchool
,108056,Chase Pearsall,,LB,3,0.8428,2034,2025,HighSchool
5200099,108062,Jordan Donald,Western Kentucky,LB,3,0.8428,2034,2025,HighSchool
5216655,108064,Alex Mullings,Georgia State,DL,3,0.8428,2034,2025,HighSchool
5236393,108063,Shane King,Southern Miss,TE,3,0.8428,2034,2025,HighSchool
5216500,108059,Mac Sanders,Jacksonville State,LB,3,0.8428,2034,2025,HighSchool
5215368,108058,Paxton Naegle,Utah State,DL,3,0.8428,2034,2025,HighSchool
5215562,108068,Jeremiah Jones,South Florida,S,3,0.8425,2044,2025,HighSchool
5238343,108066,Arion Williams,Washington State,IOL,3,0.8425,2044,2025,HighSchool
5215550,108065,Dominick Moody,East Carolina,DL,3,0.8425,2044,2025,HighSchool
5215012,108067,Jerome Smith,Miami (OH),S,3,0.8425,2044,2025,HighSchool
,108069,Silas Corder,Southern Miss,QB,3,0.8422,2048,2025,HighSchool
5222535,108070,Hector Chavez,Florida Atlantic,LB,3,0.8422,2049,2025,HighSchool
5216497,108076,Pherleski Martin,Georgia State,IOL,3,0.8419,2050,2025,HighSchool
5209126,108072,Jonah Leaupepetele,Fresno State,OT,3,0.8419,2050,2025,HighSchool
5265566,108075,Emmanuel Nwaiwu,North Carolina,EDGE,3,0.8419,2050,2025,HighSchool
5221349,108071,Isaiah Reed,Nevada,ATH,3,0.8419,2050,2025,HighSchool
5203599,108074,Blake Wallace,Jacksonville State,WR,3,0.8419,2050,2025,HighSchool
5296296,108073,Myke Gunn,Liberty,CB,3,0.8419,2050,2025,HighSchool
5164326,108077,Tre Leonard,James Madison,RB,3,0.8419,2056,2025,HighSchool
5214405,108080,Jaystin Gwinn,Ohio State,QB,3,0.8417,2057,2025,HighSchool
,108079,Buddy Collins,Navy,ATH,3,0.8417,2057,2025,HighSchool
,108090,Ezekiel Castex,,ATH,3,0.8417,2057,2025,HighSchool
,108083,Shiren Mabry,,ATH,3,0.8417,2057,2025,HighSchool
,108084,Wyatt Horton,Idaho State,QB,3,0.8417,2057,2025,HighSchool
,108087,Darrell Stanley,,RB,3,0.8417,2057,2025,HighSchool
,108081,Tav Shaffer,,QB,3,0.8417,2057,2025,HighSchool
5238341,108086,Jackson Kohl,Missouri State,TE,3,0.8417,2057,2025,HighSchool
5293574,108088,John Gazzaniga,Alabama,QB,3,0.8417,2057,2025,HighSchool
5211905,108085,Joel Cordoba,Kent State,S,3,0.8417,2057,2025,HighSchool
5167757,108078,Michael Thacker,Ball State,DL,3,0.8417,2057,2025,HighSchool
5301737,108082,Brock Driver,Eastern Kentucky,ATH,3,0.8417,2057,2025,HighSchool
5217206,108091,Josh Roberts,Florida Atlantic,EDGE,3,0.8417,2057,2025,HighSchool
5243671,108089,Brock Coffman,Louisville,WR,3,0.8417,2057,2025,HighSchool
,108092,Carmaro Mayo,Stephen F. Austin,CB,3,0.8414,2071,2025,HighSchool
5215176,108093,Liam Russo,Northern Illinois,TE,3,0.8414,2071,2025,HighSchool
5237341,108100,Brayden Ellison,West Georgia,ATH,3,0.8411,2073,2025,HighSchool
5216628,108096,Delon Craft Jr.,San Diego State,OT,3,0.8411,2073,2025,HighSchool
5218647,108094,Carter Kuchenbuch,Boise State,TE,3,0.8411,2073,2025,HighSchool
5215500,108098,Ethan Ervin,Florida Atlantic,RB,3,0.8411,2073,2025,HighSchool
5218381,108095,Jalen Mickens,Louisiana Tech,WR,3,0.8411,2073,2025,HighSchool
5215427,108097,Caleb Ellis,Georgia Southern,DL,3,0.8411,2073,2025,HighSchool
5210559,108099,Dyllan Malone,Iowa State,WR,3,0.8411,2073,2025,HighSchool
5236345,108103,DeVenchi Arnold II,Bowling Green,CB,3,0.8411,2080,2025,HighSchool
,108101,Zay Martin,,WR,3,0.8411,2080,2025,HighSchool
5209928,108104,Sam Browder,Memphis,IOL,3,0.8411,2080,2025,HighSchool
5298855,108102,Drew Cofield,UC Davis,ATH,3,0.8411,2080,2025,HighSchool
5222637,108105,Aidan Martin,Wake Forest,OT,3,0.8408,2084,2025,HighSchool
5216559,108109,Tate Nagy,Kansas,WR,3,0.8408,2085,2025,HighSchool
5203716,108108,Ethan Drumm,Wofford,QB,3,0.8408,2085,2025,HighSchool
5218645,108107,Daniel Boyd,Duke,IOL,3,0.8408,2085,2025,HighSchool
5216504,108110,D'Joni Scatliffe,Syracuse,OT,3,0.8408,2085,2025,HighSchool
5215266,108106,Antwon Thomas,Miami (OH),WR,3,0.8408,2085,2025,HighSchool
5198285,108111,Nikolas Turner,Florida Atlantic,OT,3,0.8408,2085,2025,HighSchool
5295413,108113,Garrison Dibble,Navy,EDGE,3,0.8406,2091,2025,HighSchool
5298303,108112,Martin Rhyne,Idaho,LB,3,0.8406,2091,2025,HighSchool
5216701,108118,John Smith,Colorado State,S,3,0.8404,2093,2025,HighSchool
5196924,108114,Kenny Williams,Florida International,WR,3,0.8404,2093,2025,HighSchool
5217203,108117,Antoniyo Smith,Eastern Michigan,DL,3,0.8404,2093,2025,HighSchool
5217106,108121,Malekhi Weedon,Arkansas State,S,3,0.8404,2093,2025,HighSchool
5222630,108120,Jackson Davenport,Buffalo,OT,3,0.8404,2093,2025,HighSchool
5236369,108116,George Hill,Buffalo,LB,3,0.8404,2093,2025,HighSchool
5216098,108115,Trey Dudley,Syracuse,LB,3,0.8404,2093,2025,HighSchool
5238270,108119,Kaiden Kimble-Turner,Wyoming,ATH,3,0.8404,2093,2025,HighSchool
5238038,108123,Jeremiah Tuiileila,San Diego State,EDGE,3,0.8403,2101,2025,HighSchool
,108128,Xavier Spikes,,IOL,3,0.8403,2101,2025,HighSchool
5205093,108124,Logan Cahill,Sam Houston,IOL,3,0.8403,2101,2025,HighSchool
5215545,108127,Bryson Kimbrough,UL Monroe,QB,3,0.8403,2101,2025,HighSchool
5196644,108122,Stephen Collier,East Carolina,TE,3,0.8403,2101,2025,HighSchool
5293904,108129,Jordan David Miles,East Carolina,LB,3,0.8403,2101,2025,HighSchool
5216501,108130,Josiah Dwyer,East Carolina,DL,3,0.8403,2101,2025,HighSchool
5218632,108126,Brayden Walton,Fresno State,OT,3,0.8403,2101,2025,HighSchool
5212638,108125,Brandon Stoner,Georgia Southern,IOL,3,0.8403,2101,2025,HighSchool
5258330,221119,Jonathan Gould,Akron,OT,3,0.84,2110,2025,HighSchool
5297950,221084,Alijah Wayne,North Dakota State,EDGE,3,0.84,2110,2025,HighSchool
5265520,221099,Ace Robinson,UNLV,IOL,3,0.84,2110,2025,HighSchool
5298883,221102,Edward Khutsishvili,UC Davis,TE,3,0.84,2110,2025,HighSchool
5296426,221131,Garrett Austin,Middle Tennessee,OT,3,0.84,2110,2025,HighSchool
5295901,221130,Khalil Foster,Southern Miss,S,3,0.84,2110,2025,HighSchool
5216503,108152,Bernard Lackey Jr.,East Carolina,S,3,0.84,2110,2025,HighSchool
5258475,108161,Mack Kump,Nevada,WR,3,0.84,2110,2025,HighSchool
5296442,221062,Gionni McBride,Missouri State,CB,3,0.84,2110,2025,HighSchool
5209125,108149,Sam Garcia,New Mexico State,IOL,3,0.84,2110,2025,HighSchool
5298788,221100,Nick Cyrus,Tennessee State,QB,3,0.84,2110,2025,HighSchool
5258363,221124,Justin Kalitsnik,Old Dominion,LB,3,0.84,2110,2025,HighSchool
5298857,221090,Axel Eason,UC Davis,QB,3,0.84,2110,2025,HighSchool
5300680,221040,Xavier Ahrens,Montana State,ATH,3,0.84,2110,2025,HighSchool
5222642,108147,Keegan Perea,Nevada,EDGE,3,0.84,2110,2025,HighSchool
5299243,221109,Landon Okla,UT Martin,TE,3,0.84,2110,2025,HighSchool
5259000,221098,Porter Patton,Arizona,DL,3,0.84,2110,2025,HighSchool
5211693,221077,Omar Jah,Ohio State,CB,3,0.84,2110,2025,HighSchool
5258478,108160,Evan Odom,Tulsa,OT,3,0.84,2110,2025,HighSchool
5258305,221122,Charles Johnson,UConn,LB,3,0.84,2110,2025,HighSchool
5222213,108148,Nolan Anderson,Central Michigan,ATH,3,0.84,2110,2025,HighSchool
5211203,221083,Connor Sullivan,Washington State,DL,3,0.84,2110,2025,HighSchool
5258039,221118,JJ Moultrie,UL Monroe,CB,3,0.84,2110,2025,HighSchool
5264802,221127,Garrett Cooper,Massachusetts,IOL,3,0.84,2110,2025,HighSchool
5294070,221134,Gavin Markey,Florida State,QB,3,0.84,2110,2025,HighSchool
,221038,Shamar Berryhill,,WR,3,0.84,2110,2025,HighSchool
5265442,221129,Ian Bothwell,Rice,IOL,3,0.84,2110,2025,HighSchool
5296334,221081,Dylan Stewart,Delaware,IOL,3,0.84,2110,2025,HighSchool
5222650,108154,Cole Webster,James Madison,DL,3,0.84,2110,2025,HighSchool
5258131,108162,Johnathan Bush,Wyoming,IOL,3,0.84,2110,2025,HighSchool
5296365,221049,Devontae Ward-Grant,Temple,S,3,0.84,2110,2025,HighSchool
5264728,221126,Dorian Mallary Jr.,South Florida,CB,3,0.84,2110,2025,HighSchool
5236321,108151,Tucker Cusano,Texas State,WR,3,0.84,2110,2025,HighSchool
5258046,221117,Simeon Garner,Texas State,DL,3,0.84,2110,2025,HighSchool
5258054,221114,Greg Gipson Jr.,Texas State,CB,3,0.84,2110,2025,HighSchool
5258260,108159,Tyler Moore,Georgia State,LB,3,0.84,2110,2025,HighSchool
5295261,221061,Cashmire Lewis,Bowling Green,LB,3,0.84,2110,2025,HighSchool
5258537,221121,Ty Snead,Georgia State,ATH,3,0.84,2110,2025,HighSchool
5258361,221075,Chris Joe,Utah State,S,3,0.84,2110,2025,HighSchool
5215636,108135,Jireh Moe,San José State,DL,3,0.84,2110,2025,HighSchool
5256613,108134,Elijah Rumph,Western Kentucky,RB,3,0.84,2110,2025,HighSchool
5265368,221104,Trevor Bigelow,West Virginia,IOL,3,0.84,2110,2025,HighSchool
5293706,221096,Jaden Pydyn,Army,ATH,3,0.84,2110,2025,HighSchool
5301193,221064,Terrell Russell,Howard,QB,3,0.84,2110,2025,HighSchool
5298095,221110,Rico Clay,Illinois State,CB,3,0.84,2110,2025,HighSchool
5296455,221128,Dezmond Barnes,Missouri State,DL,3,0.84,2110,2025,HighSchool
,221031,Khris Norris,,WR,3,0.84,2110,2025,HighSchool
,221032,Yusuf Clark,,LB,3,0.84,2110,2025,HighSchool
,221033,Kolton Matson,,QB,3,0.84,2110,2025,HighSchool
,221035,C.J. Jones,,WR,3,0.84,2110,2025,HighSchool
,221037,Le’Roi Lewis,,CB,3,0.84,2110,2025,HighSchool
,221039,Bryce Braden,Air Force,ATH,3,0.84,2110,2025,HighSchool
5258308,221115,Ike Turner,Georgia Southern,OT,3,0.84,2110,2025,HighSchool
,221042,Evan Gaea,,IOL,3,0.84,2110,2025,HighSchool
,221043,Trevor Brooks,,S,3,0.84,2110,2025,HighSchool
,108132,Emmanuel Dyson,Saint Francis (PA),WR,3,0.84,2110,2025,HighSchool
,108137,Kaden Mowl,,OT,3,0.84,2110,2025,HighSchool
5216581,108139,Caleb Pitts,App State,DL,3,0.84,2110,2025,HighSchool
,108138,KJ Brown,,EDGE,3,0.84,2110,2025,HighSchool
,108140,Kam Newhouse,Incarnate Word,IOL,3,0.84,2110,2025,HighSchool
,108142,Elliott Noble,,ATH,3,0.84,2110,2025,HighSchool
,108146,Reed Olsen,Utah State,TE,3,0.84,2110,2025,HighSchool
5211479,108144,Preston Penn,Youngstown State,ATH,3,0.84,2110,2025,HighSchool
,108150,Ben Verges,Coastal Carolina,TE,3,0.84,2110,2025,HighSchool
,221045,Nick Lavizzo,,LB,3,0.84,2110,2025,HighSchool
5298932,221055,Kale Armstrong,Jackson State,IOL,3,0.84,2110,2025,HighSchool
5222708,108141,Ledarrion Menter,Old Dominion,DL,3,0.84,2110,2025,HighSchool
,108157,Jaylen Moore,,WR,3,0.84,2110,2025,HighSchool
5254887,108131,Gaylon McNeal,Washington State,S,3,0.84,2110,2025,HighSchool
,221046,Mason Goree,,CB,3,0.84,2110,2025,HighSchool
,221047,AJ Campbell,,WR,3,0.84,2110,2025,HighSchool
,221052,BJ Thurman,,ATH,3,0.84,2110,2025,HighSchool
,221065,Kylin Champagne,,RB,3,0.84,2110,2025,HighSchool
,221067,Braylon Henry,,S,3,0.84,2110,2025,HighSchool
,108158,Sam Spicer,Ball State,OT,3,0.84,2110,2025,HighSchool
,221068,Trevor Havill,Yale,QB,3,0.84,2110,2025,HighSchool
,221069,Justice Taufa,,EDGE,3,0.84,2110,2025,HighSchool
,221054,Austin Rowswell,,WR,3,0.84,2110,2025,HighSchool
,221070,Jaron Hodson,Sacramento State,S,3,0.84,2110,2025,HighSchool
,221056,Bernard Parker Jr.,,ATH,3,0.84,2110,2025,HighSchool
,221058,Demauriah Brown,,CB,3,0.84,2110,2025,HighSchool
,221072,Jay Johnson,,WR,3,0.84,2110,2025,HighSchool
,221059,Matthias Lesa,Boise State,LB,3,0.84,2110,2025,HighSchool
,221078,Braxton Jennings,,RB,3,0.84,2110,2025,HighSchool
,221079,Dalton Drogosh,,LB,3,0.84,2110,2025,HighSchool
,221063,Conner Nelson,Southeastern Louisiana,QB,3,0.84,2110,2025,HighSchool
,221080,Atticus Fiorita,,EDGE,3,0.84,2110,2025,HighSchool
,221082,Josh Griffin,,RB,3,0.84,2110,2025,HighSchool
,221093,Kapono Mao,,IOL,3,0.84,2110,2025,HighSchool
,221094,Lonnie Shinn,Southeastern Louisiana,TE,3,0.84,2110,2025,HighSchool
,221095,Manasse Kasongo,,EDGE,3,0.84,2110,2025,HighSchool
,221103,Jack Leuthe,Saint Francis (PA),LB,3,0.84,2110,2025,HighSchool
,221106,Fale Timoteo,,DL,3,0.84,2110,2025,HighSchool
,221112,Matthew Perkins,Army,ATH,3,0.84,2110,2025,HighSchool
,221113,Arion Lang,,ATH,3,0.84,2110,2025,HighSchool
,221120,Tay McKibbins,Georgia Southern,IOL,3,0.84,2110,2025,HighSchool
,221125,Cade Spradling,Air Force,ATH,3,0.84,2110,2025,HighSchool
5265178,221053,Dominic Kelley,Nevada,RB,3,0.84,2110,2025,HighSchool
5248199,108133,Noah Gillon,App State,QB,3,0.84,2110,2025,HighSchool
5239192,221048,Jahvion Jarmon,Bowling Green,CB,3,0.84,2110,2025,HighSchool
5300338,221085,Jaden George,Chattanooga,WR,3,0.84,2110,2025,HighSchool
5300711,221101,Christopher Williams,Northern Arizona,CB,3,0.84,2110,2025,HighSchool
5216693,108153,Blake Robinett,TCU,DL,3,0.84,2110,2025,HighSchool
5298928,221091,Kam Evans,Jackson State,LB,3,0.84,2110,2025,HighSchool
5297995,221076,Theo Thomas,Northern Iowa,DL,3,0.84,2110,2025,HighSchool
5295322,221051,Cameron Sermons,USC,ATH,3,0.84,2110,2025,HighSchool
5301655,221060,John Austin Wood,North Alabama,QB,3,0.84,2110,2025,HighSchool
5298093,221111,Mar'Quan Gary,Illinois State,WR,3,0.84,2110,2025,HighSchool
5301026,221057,Tye Nickens,Sacramento State,ATH,3,0.84,2110,2025,HighSchool
5298785,221087,Jayden Guy,Tennessee State,WR,3,0.84,2110,2025,HighSchool
5222570,108155,Luke Tevis,Tulsa,TE,3,0.84,2110,2025,HighSchool
5265502,221097,Jaymar Tasi,New Mexico,DL,3,0.84,2110,2025,HighSchool
5198305,221108,Donta Jenkins,Morgan State,EDGE,3,0.84,2110,2025,HighSchool
5210494,221041,Parker Mady,Montana State,ATH,3,0.84,2110,2025,HighSchool
5298175,221044,Marcus Nixon,Eastern Washington,ATH,3,0.84,2110,2025,HighSchool
5210490,221073,Carter Cocke,Montana State,TE,3,0.84,2110,2025,HighSchool
5299141,221088,Austin Coronado,Columbia,EDGE,3,0.84,2110,2025,HighSchool
5300646,221066,Colton Lentz,Montana,ATH,3,0.84,2110,2025,HighSchool
5296605,221123,James Marshall V,New Mexico,EDGE,3,0.84,2110,2025,HighSchool
5212705,108156,Brady Stober,Samford,QB,3,0.84,2110,2025,HighSchool
5304138,221086,JaMeir Gamble,Mercyhurst,RB,3,0.84,2110,2025,HighSchool
5301890,221133,Samuel Iroh,East Tennessee State,EDGE,3,0.84,2110,2025,HighSchool
5265387,108143,Donovan Lawrence,UAB,IOL,3,0.84,2110,2025,HighSchool
5301806,221071,Micah Hach,South Dakota State,IOL,3,0.84,2110,2025,HighSchool
5295407,221107,Logan Wegman,Navy,IOL,3,0.84,2110,2025,HighSchool
5294260,221089,Junior Coughlin,Utah,S,3,0.84,2110,2025,HighSchool
5300335,221116,Connor Coffman,Chattanooga,OT,3,0.84,2110,2025,HighSchool
5301294,221036,Tre Darden,Murray State,S,3,0.84,2110,2025,HighSchool
5295395,221132,Brayden Robertson,Navy,TE,3,0.84,2110,2025,HighSchool
5298066,221105,Stacy Gentle,Cal Poly,CB,3,0.84,2110,2025,HighSchool
5298077,221092,Abu Fofanah,Cal Poly,OT,3,0.84,2110,2025,HighSchool
5300669,221050,Grant Vigen,Montana State,QB,3,0.84,2110,2025,HighSchool
5298078,221034,Jonathan Ybarra,Cal Poly,IOL,3,0.84,2110,2025,HighSchool
5301852,221074,JT Layton,Central Arkansas,TE,3,0.84,2110,2025,HighSchool
5304169,108136,Trace Jallick,Mercyhurst,ATH,3,0.84,2110,2025,HighSchool
5300533,108145,Cannon Pigg,Samford,TE,3,0.84,2110,2025,HighSchool
5250418,108164,Turner Bertrand,Washington State,OT,3,0.8397,2246,2025,HighSchool
5228539,108163,Axel Ramazani,Wyoming,EDGE,3,0.8397,2246,2025,HighSchool
5215248,108165,Jordan Magwood,Florida Atlantic,QB,3,0.8397,2248,2025,HighSchool
,108166,Tavarez Edwards,Western Michigan,S,3,0.8396,2249,2025,HighSchool
5236364,108167,Micah Cook,Northern Illinois,EDGE,3,0.8396,2249,2025,HighSchool
5222654,108171,Trenton Chaney,Louisiana,WR,3,0.8394,2251,2025,HighSchool
5251975,108169,Dalton Anderson,Washington State,QB,3,0.8394,2251,2025,HighSchool
5209790,108170,Manny Watkins,Jacksonville State,S,3,0.8394,2251,2025,HighSchool
5184630,108168,Jackson Bradley,Louisiana Tech,QB,3,0.8394,2251,2025,HighSchool
5199851,108175,Kai Callen,James Madison,ATH,3,0.8392,2255,2025,HighSchool
5296411,108173,Stanley Anderson-Lofton,Middle Tennessee,QB,3,0.8392,2255,2025,HighSchool
5211902,108174,Jaiden Brown-Demery,Akron,IOL,3,0.8392,2255,2025,HighSchool
5216577,108172,Josiah Pratt,Wake Forest,DL,3,0.8392,2255,2025,HighSchool
5215310,108178,Chaston Ditta,East Carolina,QB,3,0.8389,2259,2025,HighSchool
5172059,108177,Anjuan Coleman Jr.,Wofford,WR,3,0.8389,2259,2025,HighSchool
5222610,108176,Cairo Skanes,Wisconsin,CB,3,0.8389,2259,2025,HighSchool
5236370,108187,LaMarcus Hicks II,Iowa State,CB,3,0.8386,2262,2025,HighSchool
5216051,108181,Brayden Turner,Fresno State,QB,3,0.8386,2262,2025,HighSchool
5215501,108185,Oliver Mitchell Jr.,Tulane,WR,3,0.8386,2262,2025,HighSchool
5293915,108184,Kaleb Morrow,East Carolina,TE,3,0.8386,2262,2025,HighSchool
5216571,108186,Trent Wilson,James Madison,IOL,3,0.8386,2262,2025,HighSchool
5222668,108182,Jatorian Blackmon,Troy,IOL,3,0.8386,2262,2025,HighSchool
5295919,108179,Ryan Huff,Old Dominion,QB,3,0.8386,2262,2025,HighSchool
5222250,108180,Zheric Hill,Louisiana Tech,LB,3,0.8386,2262,2025,HighSchool
5220881,108183,Mark Rayson III,UTSA,S,3,0.8386,2262,2025,HighSchool
,108188,Makai Simpson,,ATH,3,0.8385,2271,2025,HighSchool
,108441,Elijah Whitaker,,S,3,0.827,2272,2025,HighSchool
5296611,108192,JT Taylor,San José State,CB,3,0.8383,2272,2025,HighSchool
5145620,108189,Jackson Hamilton,Maryland,QB,3,0.8383,2272,2025,HighSchool
5178715,108193,Jermaine Minnis,Ohio,LB,3,0.8383,2272,2025,HighSchool
5167316,108191,Noah Westbrook,Washington State,WR,3,0.8383,2272,2025,HighSchool
5212938,108190,Teaunn Hunter,Kent State,WR,3,0.8383,2272,2025,HighSchool
5203855,108195,Nimari Brantley,Florida Atlantic,DL,3,0.8383,2272,2025,HighSchool
5215626,108194,Jonathan Harding,Memphis,TE,3,0.8383,2272,2025,HighSchool
5264247,108196,Jessiah McGrew,Florida International,ATH,3,0.8381,2279,2025,HighSchool
5164634,108197,Jayce Cora,Kennesaw State,ATH,3,0.8381,2280,2025,HighSchool
5219882,108201,Kal-El Togafau,UNLV,DL,3,0.8378,2281,2025,HighSchool
5215696,108204,Bryce Button,Eastern Michigan,QB,3,0.8378,2281,2025,HighSchool
5243578,108208,Darian Blachewicz,Kent State,DL,3,0.8378,2281,2025,HighSchool
5198331,108199,Juan Berchal,App State,S,3,0.8378,2281,2025,HighSchool
5236210,108200,Jackson Verdugo,Florida International,TE,3,0.8378,2281,2025,HighSchool
5222552,108202,Joel Lowenberg,Wake Forest,LB,3,0.8378,2281,2025,HighSchool
5216684,108207,Ervin Smith,Louisiana Tech,IOL,3,0.8378,2281,2025,HighSchool
5236289,108205,Decari Prater,Tulsa,S,3,0.8378,2281,2025,HighSchool
5141472,108198,Hype Grand,Ohio,QB,3,0.8378,2281,2025,HighSchool
5217750,108203,Cayden Adkins,Georgia State,EDGE,3,0.8378,2281,2025,HighSchool
,108206,Antonio Gibbs,South Alabama,OT,3,0.8378,2281,2025,HighSchool
,108211,Mi-Quane Williams,Southern Miss,IOL,3,0.837,2292,2025,HighSchool
5296395,108209,Daylin Page,Louisiana Tech,DL,3,0.837,2292,2025,HighSchool
5215627,108213,Skylar Lewis,Texas State,WR,3,0.837,2292,2025,HighSchool
5264243,108210,Keynan Cotton,Fresno State,WR,3,0.837,2292,2025,HighSchool
5222655,108214,Brent Gordon Jr.,Louisiana,S,3,0.837,2292,2025,HighSchool
5210561,108212,Lucas Szymborski,Ball State,LB,3,0.837,2292,2025,HighSchool
5239552,108216,Gabe Lovorn,Tulane,LB,3,0.837,2292,2025,HighSchool
5296413,108217,Elijah Hunter Jr.,Middle Tennessee,ATH,3,0.837,2292,2025,HighSchool
5236329,108215,Kolby Thomas,Louisiana Tech,WR,3,0.837,2292,2025,HighSchool
5215186,108218,BuddyRow Garrer,Kent State,WR,3,0.8369,2301,2025,HighSchool
5216711,108219,Kelvin Reyes,Florida International,S,3,0.8367,2302,2025,HighSchool
5155751,108222,Jackson Kilburg,Colgate,QB,3,0.8367,2303,2025,HighSchool
5298206,108227,Elijah Riley,Eastern Washington,EDGE,3,0.8367,2303,2025,HighSchool
5300504,108230,Brady Smith,Furman,IOL,3,0.8367,2303,2025,HighSchool
5239159,108223,Nevada Miller,Northern Arizona,S,3,0.8367,2303,2025,HighSchool
,108224,Makhi Smith,,WR,3,0.8367,2303,2025,HighSchool
,108220,Venilaite Wolfgramm,,LB,3,0.8367,2303,2025,HighSchool
,108231,Jakob Coleman,,ATH,3,0.8367,2303,2025,HighSchool
,108221,Zachary Green,Army,DL,3,0.8367,2303,2025,HighSchool
,108225,Cortez Stone,,ATH,3,0.8367,2303,2025,HighSchool
,108226,Tana Togafau-Tavui,,WR,3,0.8367,2303,2025,HighSchool
,108228,Kamarion Peete,,LB,3,0.8367,2303,2025,HighSchool
5298065,108232,CJ Solis-Lumar,Cal Poly,CB,3,0.8367,2303,2025,HighSchool
5295492,108229,Kalen Fisher,Central Michigan,QB,3,0.8367,2303,2025,HighSchool
5200190,108233,Walter Moses,Toledo,QB,3,0.8364,2316,2025,HighSchool
5211476,108234,Jacob Bell,Indiana,QB,3,0.8364,2316,2025,HighSchool
5211697,108235,Sherone White Jr.,Marshall,WR,3,0.8364,2316,2025,HighSchool
5222658,108236,AJ Spencer,Louisiana,EDGE,3,0.8363,2319,2025,HighSchool
5216784,108238,Gian Carter,Western Michigan,EDGE,3,0.8363,2319,2025,HighSchool
5236286,108240,Korbin Ashmore,Louisiana,IOL,3,0.8363,2319,2025,HighSchool
5209940,108237,Fawzy Omotoso,Northern Illinois,DL,3,0.8363,2319,2025,HighSchool
5212988,108239,Austin Tillman,Northern Illinois,ATH,3,0.8363,2319,2025,HighSchool
5216310,108244,Jonathan Craft,Fresno State,QB,3,0.8361,2324,2025,HighSchool
5209127,108241,Jax Markovich,Massachusetts,TE,3,0.8361,2324,2025,HighSchool
5216706,108242,TJ Stanley,Georgia State,QB,3,0.8361,2324,2025,HighSchool
5217150,108243,Miguel Chavez,Oklahoma State,IOL,3,0.8361,2324,2025,HighSchool
5198324,108245,Cibastian Broughton,Akron,QB,3,0.8358,2328,2025,HighSchool
5203720,108247,Logan Husband,Florida Atlantic,IOL,3,0.8358,2328,2025,HighSchool
5222559,108246,Uriah Points,Liberty,CB,3,0.8358,2328,2025,HighSchool
5240079,108253,Tyler Brown,North Texas,WR,3,0.8356,2331,2025,HighSchool
5258044,108249,Javarius Bell,Texas State,DL,3,0.8356,2331,2025,HighSchool
5258024,108254,Marvis Parrish,Western Kentucky,RB,3,0.8356,2331,2025,HighSchool
5202460,108248,Gavin Parkhurst,Texas State,QB,3,0.8356,2331,2025,HighSchool
5222582,108250,Carsen Melvin,Bowling Green,QB,3,0.8356,2331,2025,HighSchool
5209964,108252,Quincy Byas,Eastern Michigan,EDGE,3,0.8356,2331,2025,HighSchool
5257195,108251,Abe Jager,Utah State,CB,3,0.8356,2331,2025,HighSchool
5207935,108255,Haydon Caston,Missouri State,S,3,0.8353,2338,2025,HighSchool
5217450,108256,Tristan Jackson,Houston,LB,3,0.8353,2338,2025,HighSchool
,108257,Chase Sutton,,CB,3,0.8352,2340,2025,HighSchool
5238021,108266,Jaimion Olverson,Bowling Green,DL,3,0.835,2341,2025,HighSchool
5258302,108276,Nigel Eldridge Jr.,Georgia Southern,EDGE,3,0.835,2341,2025,HighSchool
5222628,108270,Mataio Aiono,Nevada,IOL,3,0.835,2341,2025,HighSchool
5254924,108274,Zane Panchula,Bowling Green,OT,3,0.835,2341,2025,HighSchool
5257712,108273,Hudson Ball,Tulsa,EDGE,3,0.835,2341,2025,HighSchool
5258137,108264,Ke'Lyn Washom,Wyoming,WR,3,0.835,2341,2025,HighSchool
,108272,Ja'Marion Bennett,,S,3,0.835,2341,2025,HighSchool
,108262,Xander McCormick,,IOL,3,0.835,2341,2025,HighSchool
,108267,Dane Schmidtknecht,Northern Illinois,OT,3,0.835,2341,2025,HighSchool
5258035,108260,Ethan Gurela,James Madison,TE,3,0.835,2341,2025,HighSchool
,108271,Colton Foster,,WR,3,0.835,2341,2025,HighSchool
5258271,108259,Bryce Vaughn,Memphis,OT,3,0.835,2341,2025,HighSchool
5222565,108268,Anthony Shorter,Sam Houston,EDGE,3,0.835,2341,2025,HighSchool
5258034,108265,Grayson Gilmore,James Madison,EDGE,3,0.835,2341,2025,HighSchool
5258481,108275,Jackson Ramsey,Nevada,IOL,3,0.835,2341,2025,HighSchool
5215187,108269,Trey Rubinstein,Kent State,LB,3,0.835,2341,2025,HighSchool
5236332,108258,Khalel Wright,Ball State,QB,3,0.835,2341,2025,HighSchool
5207848,108263,Jakoby Isom,Louisiana,IOL,3,0.835,2341,2025,HighSchool
5264590,108261,Brown Reaves,Coastal Carolina,TE,3,0.835,2341,2025,HighSchool
5240766,108277,Arthur de Boachie,Boise State,S,3,0.8348,2360,2025,HighSchool
5222553,108286,Joe McGann,UConn,OT,3,0.8344,2361,2025,HighSchool
5236323,108280,Kyle Larkin,Middle Tennessee,OT,3,0.8344,2361,2025,HighSchool
5222606,108284,Parker Cunningham,James Madison,IOL,3,0.8344,2361,2025,HighSchool
5215468,108281,Noah Knigga,Eastern Michigan,LB,3,0.8344,2361,2025,HighSchool
5222709,108283,Zay Prince,Old Dominion,WR,3,0.8344,2361,2025,HighSchool
5222701,108278,Antonio Cromartie Jr.,Florida State,CB,3,0.8344,2361,2025,HighSchool
5222657,108279,Darrell Smith,Louisiana,RB,3,0.8344,2361,2025,HighSchool
5295663,108285,Jordan Bergeron,Western Kentucky,CB,3,0.8344,2361,2025,HighSchool
5245047,108282,Kendall Walton,East Carolina,OT,3,0.8344,2361,2025,HighSchool
5222597,108287,Tyler Hackenbracht,Toledo,ATH,3,0.8342,2370,2025,HighSchool
5216674,108288,Zach Lawrence,Massachusetts,QB,3,0.8342,2371,2025,HighSchool
,108290,Nizhan Feagin,West Florida,S,3,0.8342,2371,2025,HighSchool
,108289,Lawrence Wells,,QB,3,0.8342,2371,2025,HighSchool
5215267,108291,Desmon Yharbrough,Miami (OH),S,3,0.8339,2374,2025,HighSchool
5296423,108306,Otto Janse Van Rensburg,Middle Tennessee,IOL,3,0.8337,2375,2025,HighSchool
5222671,108296,Jaylin Carter,Southern Miss,WR,3,0.8337,2375,2025,HighSchool
5308213,108293,D'Andre Hardeman Jr.,Rice,RB,3,0.8337,2375,2025,HighSchool
5209574,108299,Tairan Davis Jr.,Akron,S,3,0.8337,2375,2025,HighSchool
5218378,108294,Taylor Lawrence,Chattanooga,CB,3,0.8337,2375,2025,HighSchool
5222533,108303,Nykobi Brown,UConn,EDGE,3,0.8337,2375,2025,HighSchool
5258261,108307,Preston Perkins,UTEP,IOL,3,0.8337,2375,2025,HighSchool
5217871,108297,E'Mauri Smiley,South Alabama,DL,3,0.8337,2375,2025,HighSchool
5210129,108292,Ben Hubbard,Middle Tennessee,WR,3,0.8337,2375,2025,HighSchool
5218179,108305,Malachi Henderson,Southern Miss,LB,3,0.8337,2375,2025,HighSchool
,108300,Warren Cain,,EDGE,3,0.8337,2375,2025,HighSchool
5203589,108295,Jamarcus Pierre,Temple,CB,3,0.8337,2375,2025,HighSchool
5222573,108304,McCade Wright,Jacksonville State,DL,3,0.8337,2375,2025,HighSchool
,108302,Marshon Gregory-Bey,,EDGE,3,0.8337,2375,2025,HighSchool
5217451,108298,Ameer Ross,Texas State,IOL,3,0.8337,2375,2025,HighSchool
5215565,108301,Cordarian Powell,Texas State,CB,3,0.8337,2375,2025,HighSchool
5215238,108309,Johnnie Thiel IV,Louisiana Tech,WR,3,0.8336,2391,2025,HighSchool
5209112,108312,Tamarley Smith,Eastern Michigan,IOL,3,0.8336,2391,2025,HighSchool
5215329,108310,Cole Cooke,Western Carolina,OT,3,0.8336,2391,2025,HighSchool
5208135,108313,Jonathan Stokes,East Carolina,IOL,3,0.8336,2391,2025,HighSchool
5215184,108308,Rafael Terrero Jr.,Kent State,LB,3,0.8336,2391,2025,HighSchool
5215219,108311,Davion Dean,Liberty,S,3,0.8336,2391,2025,HighSchool
5301721,108318,Albert Simon,Lamar,LB,3,0.8331,2397,2025,HighSchool
5188792,108315,Garyt Odom,Purdue,QB,3,0.8331,2397,2025,HighSchool
5216839,108317,Carson Noonan,Miami (OH),DL,3,0.8331,2397,2025,HighSchool
5156390,108314,Nate Gregory,Coastal Carolina,LB,3,0.8331,2397,2025,HighSchool
5164307,108316,Sebastian Circo,UNLV,QB,3,0.8331,2397,2025,HighSchool
5236327,108319,Micah Smith,Middle Tennessee,LB,3,0.833,2402,2025,HighSchool
5228759,108324,Dillon Galloway,App State,TE,3,0.8328,2403,2025,HighSchool
5215338,108323,AJ Jones,Boise State,WR,3,0.8328,2403,2025,HighSchool
,108320,DeMaje Williams,,CB,3,0.8328,2403,2025,HighSchool
5222636,108322,Ikbahl Kassim,San Diego State,IOL,3,0.8328,2403,2025,HighSchool
5215395,108321,Kyle Frendt,Wyoming,TE,3,0.8328,2403,2025,HighSchool
5215210,108325,Vi'Naz Cobb,Purdue,S,3,0.8325,2408,2025,HighSchool
,108326,Calvin Hughley,South Dakota State,RB,3,0.8322,2409,2025,HighSchool
5215625,108327,Tayte Crable,South Florida,TE,3,0.8322,2409,2025,HighSchool
5222653,108328,Coleman Carter,Louisiana,QB,3,0.8319,2411,2025,HighSchool
5263016,108329,Isaiah Hung,Washington State,LB,3,0.8319,2412,2025,HighSchool
5209576,108330,Brendan Loftus,Miami (OH),TE,3,0.8317,2413,2025,HighSchool
5255517,108340,Zachary Davis,Georgia State,LB,3,0.8317,2414,2025,HighSchool
5203613,108339,Zah'eed Pierre,Eastern Michigan,CB,3,0.8317,2414,2025,HighSchool
5297954,108332,Brody Clubb,North Dakota State,EDGE,3,0.8317,2414,2025,HighSchool
5179119,108336,Evan Noel,Florida,K,3,0.8317,2414,2025,HighSchool
,108341,Christian Barrett,Florida International,CB,3,0.8317,2414,2025,HighSchool
,108338,Tagg Harrison,,QB,3,0.8317,2414,2025,HighSchool
,108334,Tyler Travers,,QB,3,0.8317,2414,2025,HighSchool
,108333,Samuel Willoughby,,QB,3,0.8317,2414,2025,HighSchool
,108331,Quinn Morris,,WR,3,0.8317,2414,2025,HighSchool
5264503,108335,Josh Wedel,Washington State,TE,3,0.8317,2414,2025,HighSchool
5300714,108337,James Dowd,Northern Arizona,ATH,3,0.8317,2414,2025,HighSchool
5211188,108342,Zy'Aire Fletcher,Kent State,ATH,3,0.8311,2425,2025,HighSchool
5216578,108343,Chase Duarte,San Diego State,OT,3,0.8311,2425,2025,HighSchool
,108347,Tommy Olsen,Utah State,IOL,3,0.8311,2427,2025,HighSchool
5209194,108349,Sirr Bible,San José State,LB,3,0.8311,2427,2025,HighSchool
5296612,108346,Steve Chavez-Soto,San José State,RB,3,0.8311,2427,2025,HighSchool
5216841,108350,Zephen Walker,Oregon State,S,3,0.8311,2427,2025,HighSchool
5294524,108348,DJ Watkins,Arkansas State,CB,3,0.8311,2427,2025,HighSchool
5195684,108344,Laderion Williams,North Carolina,DL,3,0.8311,2427,2025,HighSchool
5302115,108345,Austyn Modrzewski,South Dakota,QB,3,0.8311,2427,2025,HighSchool
5214596,108351,Nikola Dugandzic,Northwestern,P,3,0.8308,2434,2025,HighSchool
5265128,108361,Shanard Clower,North Carolina,WR,3,0.8306,2435,2025,HighSchool
5203590,108355,Madrid Tucker,North Carolina,ATH,3,0.8306,2435,2025,HighSchool
5257845,108359,Steven Perez,Wyoming,LB,3,0.8306,2435,2025,HighSchool
5258487,108354,Cole Pryor,Texas State,RB,3,0.8306,2435,2025,HighSchool
,108356,Shermon Smith,South Alabama,LB,3,0.8306,2435,2025,HighSchool
5258336,108360,Caleb Watts,Buffalo,OT,3,0.8306,2435,2025,HighSchool
5258476,108357,Tristan Lawyer,Tulsa,LB,3,0.8306,2435,2025,HighSchool
5214412,108358,Seth Shigg,Army,QB,3,0.8306,2435,2025,HighSchool
5216911,108352,Bryant Weatherspoon Jr.,Toledo,DL,3,0.8306,2435,2025,HighSchool
5238145,108353,Deuce Vance,South Alabama,ATH,3,0.8306,2435,2025,HighSchool
5223788,108377,Donnell Gee Jr.,Tulsa,WR,3,0.8304,2445,2025,HighSchool
5258026,108381,Ryder Slaton,UTEP,OT,3,0.8304,2445,2025,HighSchool
5236346,108379,Devin Reeves,Akron,LB,3,0.8304,2445,2025,HighSchool
5221512,108367,Jack Sheehan,Old Dominion,IOL,3,0.8304,2445,2025,HighSchool
5216843,108371,Connor Gooding,Southern Miss,TE,3,0.8304,2445,2025,HighSchool
5215010,108372,Aisiah Paogofie,Hawai'i,LB,3,0.8304,2445,2025,HighSchool
5222672,108366,Dakarai Shanks,Troy,RB,3,0.8304,2445,2025,HighSchool
5236290,108380,Dan'tay Ward Jr.,Arkansas State,IOL,3,0.8304,2445,2025,HighSchool
5210022,108365,Derion Talbert,Ball State,WR,3,0.8304,2445,2025,HighSchool
5148777,108368,Titan Lacaden,Hawai'i,WR,3,0.8304,2445,2025,HighSchool
5215423,108370,Kentez Allen,Colorado State,IOL,3,0.8304,2445,2025,HighSchool
5216690,108364,Nino Hill,Buffalo,RB,3,0.8304,2445,2025,HighSchool
,108376,Connor Mathews,Air Force,RB,3,0.8304,2445,2025,HighSchool
5229124,108362,Ravian Larry,Utah State,RB,3,0.8304,2445,2025,HighSchool
,108369,Phoenix Pope,,EDGE,3,0.8304,2445,2025,HighSchool
,108373,Aden Hall,UTSA,LB,3,0.8304,2445,2025,HighSchool
5236387,108378,Fred Clark,UL Monroe,LB,3,0.8304,2445,2025,HighSchool
5218377,108363,Michael Amey III,Rice,S,3,0.8304,2445,2025,HighSchool
5222705,108375,Hunter Malecki,Old Dominion,DL,3,0.8304,2445,2025,HighSchool
5217752,108374,Jamari Miller,Georgia State,WR,3,0.8304,2445,2025,HighSchool
,108384,Kaleb Arterberry,,LB,3,0.8303,2465,2025,HighSchool
5296562,108382,Vashon Brunswick II,UTEP,LB,3,0.8303,2465,2025,HighSchool
5222543,108383,Wilson Hodges,Middle Tennessee,TE,3,0.8303,2465,2025,HighSchool
5254182,221234,Zach Morrisroe,Northern Illinois,DL,3,0.83,2468,2025,HighSchool
5301463,221241,Larry Robinson III,Indiana State,WR,3,0.83,2468,2025,HighSchool
5222673,221164,RJ Harrison,Wofford,S,3,0.83,2468,2025,HighSchool
5216570,108400,Tyler Rindels,Northern Illinois,IOL,3,0.83,2468,2025,HighSchool
5265583,221245,Landon Canady,Arkansas State,DL,3,0.83,2468,2025,HighSchool
5216575,108392,Braylen Naves,Central Michigan,WR,3,0.83,2468,2025,HighSchool
5265296,221211,Samuel Toniolo,Toledo,DL,3,0.83,2468,2025,HighSchool
5260415,221212,Andrew Dudley,Marshall,IOL,3,0.83,2468,2025,HighSchool
5258339,221238,Jayden McAllister,Louisiana,IOL,3,0.83,2468,2025,HighSchool
5236288,108395,Kevin Malone,Louisiana,CB,3,0.83,2468,2025,HighSchool
5300926,221225,TJ Lester,West Georgia,RB,3,0.83,2468,2025,HighSchool
5264762,221228,Markell Bowens,Boise State,EDGE,3,0.83,2468,2025,HighSchool
5265457,221249,Jamal Olford,James Madison,CB,3,0.83,2468,2025,HighSchool
5265064,221218,Jason Ekperuoh,Kentucky,IOL,3,0.83,2468,2025,HighSchool
5265432,221227,Jaylon Nichols,North Carolina,RB,3,0.83,2468,2025,HighSchool
5258438,221235,Markevian Blake,Jacksonville State,IOL,3,0.83,2468,2025,HighSchool
5297937,221194,Gabriel Cunningham,North Dakota State,TE,3,0.83,2468,2025,HighSchool
5263613,221210,Carter Pabst,Washington State,WR,3,0.83,2468,2025,HighSchool
5299390,221142,Tommy Lamberti,Western Illinois,OT,3,0.83,2468,2025,HighSchool
5258463,221165,Jordan Bellamy,Northern Illinois,DL,3,0.83,2468,2025,HighSchool
5304090,221198,Kingston Tisdell,Weber State,QB,3,0.83,2468,2025,HighSchool
5257979,221167,Milan Colvin,Eastern Michigan,DL,3,0.83,2468,2025,HighSchool
5258803,108386,Chase Herbstreit,Michigan,QB,3,0.83,2468,2025,HighSchool
5258013,221231,Zaiden Davis,New Mexico State,LB,3,0.83,2468,2025,HighSchool
5304109,221151,Zion Finau,Weber State,IOL,3,0.83,2468,2025,HighSchool
5258307,221237,Jace Molden,Georgia Southern,IOL,3,0.83,2468,2025,HighSchool
5215388,108398,Cody Wells,Nevada,LB,3,0.83,2468,2025,HighSchool
5299230,221163,Trey Cotton,UT Martin,S,3,0.83,2468,2025,HighSchool
5298862,221176,Kam Totton,UC Davis,S,3,0.83,2468,2025,HighSchool
5296317,108391,Jamarion Kolagbodi,Delaware,CB,3,0.83,2468,2025,HighSchool
5298869,221222,Cory McEnroe,UC Davis,LB,3,0.83,2468,2025,HighSchool
5296324,221204,Brandon Gorham,Delaware,EDGE,3,0.83,2468,2025,HighSchool
5297952,221168,James Nellis,North Dakota State,IOL,3,0.83,2468,2025,HighSchool
5265480,221247,Jason Hemphill II,Nevada,DL,3,0.83,2468,2025,HighSchool
,221170,Avery McCormick,Air Force,EDGE,3,0.83,2468,2025,HighSchool
5257868,108399,Jorden Cunningham,Washington State,OT,3,0.83,2468,2025,HighSchool
5258043,221239,Ethan Bailey,UL Monroe,DL,3,0.83,2468,2025,HighSchool
5265447,221248,Patrick Crayton Jr.,Rice,QB,3,0.83,2468,2025,HighSchool
5265565,221253,Ian Mitchell,Jacksonville State,EDGE,3,0.83,2468,2025,HighSchool
5296097,221258,Oliver Maldonado,Jacksonville State,OT,3,0.83,2468,2025,HighSchool
5265478,221254,Luke Gilbert,Jacksonville State,TE,3,0.83,2468,2025,HighSchool
5301047,221141,Elijah Huddle,Sacramento State,ATH,3,0.83,2468,2025,HighSchool
5265563,221252,Henry Gregory,Georgia Southern,TE,3,0.83,2468,2025,HighSchool
5301042,108390,Jeremiah Stallworth,Sacramento State,IOL,3,0.83,2468,2025,HighSchool
5265449,221246,Jason Handy,Wyoming,EDGE,3,0.83,2468,2025,HighSchool
5265445,221250,Jordan Clark,Rice,WR,3,0.83,2468,2025,HighSchool
5306777,108389,Kevin Wojciechowski,Eastern Michigan,OT,3,0.83,2468,2025,HighSchool
5296157,221145,Taizaun Burns,Cincinnati,ATH,3,0.83,2468,2025,HighSchool
5236378,108388,Xair Stevenson,Buffalo,CB,3,0.83,2468,2025,HighSchool
5295883,221240,Kirk Gildon,Texas State,OT,3,0.83,2468,2025,HighSchool
5156150,221181,Jacob Holmes,Georgetown,S,3,0.83,2468,2025,HighSchool
5299772,221140,Mikey Young,Harvard,ATH,3,0.83,2468,2025,HighSchool
5300676,221169,Vinnie Souza,Montana State,TE,3,0.83,2468,2025,HighSchool
5172094,221138,KJ Sejour,Chattanooga,CB,3,0.83,2468,2025,HighSchool
5300765,221215,Max Patterson,Youngstown State,OT,3,0.83,2468,2025,HighSchool
5300296,221173,Carlos Benjamin,Mercer,RB,3,0.83,2468,2025,HighSchool
5301648,221174,Jaden Barnes,North Alabama,WR,3,0.83,2468,2025,HighSchool
5301151,221178,Jacques Carter,Southern Illinois,WR,3,0.83,2468,2025,HighSchool
,221135,Lennox Williams,,LB,3,0.83,2468,2025,HighSchool
,221136,Robert McMillian,,IOL,3,0.83,2468,2025,HighSchool
,221137,Jordan Rechel,Northern Colorado,WR,3,0.83,2468,2025,HighSchool
,221146,Elijah Nua,,LB,3,0.83,2468,2025,HighSchool
,221152,Derion Prophett,,ATH,3,0.83,2468,2025,HighSchool
,221153,Louis Snell,,IOL,3,0.83,2468,2025,HighSchool
,221147,Rasaan Thomas,,S,3,0.83,2468,2025,HighSchool
,221154,Kade Elam,,QB,3,0.83,2468,2025,HighSchool
,221148,Dayvion Ellis,,ATH,3,0.83,2468,2025,HighSchool
,221155,Brady Atwell,,QB,3,0.83,2468,2025,HighSchool
,221156,Colin Charles,,WR,3,0.83,2468,2025,HighSchool
,221161,Klayton Ingram,,LB,3,0.83,2468,2025,HighSchool
,221157,Jevarion Glover,,QB,3,0.83,2468,2025,HighSchool
,221162,Andre Williams,,EDGE,3,0.83,2468,2025,HighSchool
,221158,TayQuon McKinney,Jackson State,LB,3,0.83,2468,2025,HighSchool
,221159,Michael Smith,,OT,3,0.83,2468,2025,HighSchool
,221172,Sylas Alaimalo,Air Force,RB,3,0.83,2468,2025,HighSchool
,221177,Kalen Washington,,RB,3,0.83,2468,2025,HighSchool
,221179,Isaiah Grant,Southern Utah,ATH,3,0.83,2468,2025,HighSchool
,221188,Luke Toothaker,Air Force,EDGE,3,0.83,2468,2025,HighSchool
,221180,Kaejuan Alexander,,ATH,3,0.83,2468,2025,HighSchool
,221189,Joe Callerame,Army,ATH,3,0.83,2468,2025,HighSchool
,221199,Spencer Evans,,OT,3,0.83,2468,2025,HighSchool
,221191,Kavon Collins,,WR,3,0.83,2468,2025,HighSchool
,221200,Evan Powell,,QB,3,0.83,2468,2025,HighSchool
,221192,Darryl Davis,,EDGE,3,0.83,2468,2025,HighSchool
,221193,Brandon Taylor,,OT,3,0.83,2468,2025,HighSchool
,221207,Joel Perez,,OT,3,0.83,2468,2025,HighSchool
,221196,Wells Bettenhausen,,QB,3,0.83,2468,2025,HighSchool
,221197,Jimmy Butler,,QB,3,0.83,2468,2025,HighSchool
,221208,Luke Harris,,IOL,3,0.83,2468,2025,HighSchool
,221219,Howard Daniels,,CB,3,0.83,2468,2025,HighSchool
,221213,Savelio Niumata,,QB,3,0.83,2468,2025,HighSchool
,221220,Zanden Willis,,CB,3,0.83,2468,2025,HighSchool
,221214,Caleb Holmes,,CB,3,0.83,2468,2025,HighSchool
,221221,Tommy Ghislandi,Army,EDGE,3,0.83,2468,2025,HighSchool
,221217,Jackson Rumford,Kansas State,DL,3,0.83,2468,2025,HighSchool
,221223,Tykerrious Patrick,Alcorn State,DL,3,0.83,2468,2025,HighSchool
,221224,Seth Taverner,Air Force,EDGE,3,0.83,2468,2025,HighSchool
,221229,Jay Moore,Jackson State,LB,3,0.83,2468,2025,HighSchool
,221230,Bryce Hurley,Grand Valley State,RB,3,0.83,2468,2025,HighSchool
,221226,Deion Winstead,,RB,3,0.83,2468,2025,HighSchool
,221232,Justin Hawkins,,CB,3,0.83,2468,2025,HighSchool
,221233,Troy Temple,Grand Valley State,S,3,0.83,2468,2025,HighSchool
,221236,Ryker Mikkelsen,Utah State,LB,3,0.83,2468,2025,HighSchool
,221242,Jordan Atkinson,Sacramento State,EDGE,3,0.83,2468,2025,HighSchool
5264761,221243,Jacob Bailey,James Madison,OT,3,0.83,2468,2025,HighSchool
5298291,221185,Nolan McWilliams,Idaho,WR,3,0.83,2468,2025,HighSchool
5298308,221186,Shepard Fish,Idaho,EDGE,3,0.83,2468,2025,HighSchool
5299916,108393,Nare Means,Hampton,WR,3,0.83,2468,2025,HighSchool
5299465,108387,Finley Polk,Gardner-Webb,QB,3,0.83,2468,2025,HighSchool
5300360,221244,Kesean Hines,McNeese,LB,3,0.83,2468,2025,HighSchool
5301889,221257,Logan Miller,East Tennessee State,CB,3,0.83,2468,2025,HighSchool
5301577,221203,Clayton Merrill,Austin Peay,WR,3,0.83,2468,2025,HighSchool
5301896,221256,Eli Dorton,East Tennessee State,IOL,3,0.83,2468,2025,HighSchool
5298183,221182,Messiah Washington,Eastern Washington,S,3,0.83,2468,2025,HighSchool
5298091,221201,Luke Westfall,Cal Poly,EDGE,3,0.83,2468,2025,HighSchool
5301650,221190,Tanner Caudle,North Alabama,S,3,0.83,2468,2025,HighSchool
5301627,221195,Raelon Sims,North Alabama,ATH,3,0.83,2468,2025,HighSchool
5301675,108394,Seth Chestnut,Towson,LB,3,0.83,2468,2025,HighSchool
5298180,221144,Isaiah Oudman,Eastern Washington,LB,3,0.83,2468,2025,HighSchool
5298167,221209,Ethan Thomas,Duquesne,IOL,3,0.83,2468,2025,HighSchool
5155750,221187,CD Gill,UAB,WR,3,0.83,2468,2025,HighSchool
5299525,221184,Dalten Phelan,Cornell,EDGE,3,0.83,2468,2025,HighSchool
5299550,221160,Avery Huggins,Cornell,IOL,3,0.83,2468,2025,HighSchool
5299552,221149,Brandon Gilbert,Cornell,TE,3,0.83,2468,2025,HighSchool
5265388,221150,Marko Luera,New Mexico,OT,3,0.83,2468,2025,HighSchool
5296350,108397,Zedekiah Anahu-Ambrosio,Nevada,WR,3,0.83,2468,2025,HighSchool
5299850,221183,Tramayne Bullock Jr.,Richmond,ATH,3,0.83,2468,2025,HighSchool
5299869,221202,Bryce Lee,Richmond,DL,3,0.83,2468,2025,HighSchool
5298266,221175,Tristan Lennon,Charleston Southern,LB,3,0.83,2468,2025,HighSchool
5265504,221205,Nehemiah Washington,Utah State,RB,3,0.83,2468,2025,HighSchool
5265519,221251,Aidan Platt,UAB,IOL,3,0.83,2468,2025,HighSchool
5300668,221216,Hayden Gunlock,Montana State,S,3,0.83,2468,2025,HighSchool
5300665,221139,River Warren,Montana State,QB,3,0.83,2468,2025,HighSchool
5301796,221171,Luke Krempges,South Dakota State,DL,3,0.83,2468,2025,HighSchool
5215324,108385,Jake Silverman,Nevada,LB,3,0.83,2468,2025,HighSchool
5236285,108401,Sebastien Boydell,Fresno State,TE,3,0.83,2468,2025,HighSchool
5236380,108396,Irving Brown,Ohio,RB,3,0.83,2468,2025,HighSchool
5301039,221206,Graysen Lee,Sacramento State,OT,3,0.83,2468,2025,HighSchool
5210488,221166,Lono Chouteau,Sacramento State,ATH,3,0.83,2468,2025,HighSchool
5300729,221143,Weston Hancock,Northern Arizona,OT,3,0.83,2468,2025,HighSchool
5298803,221255,Joshua Green Jr.,Tennessee State,DL,3,0.83,2468,2025,HighSchool
4430903,108402,Yusuf Thomas,Nevada,CB,3,0.83,2468,2025,HighSchool
5236379,108403,Rex Stinchcomb,Buffalo,DL,3,0.8297,2610,2025,HighSchool
5216802,108404,Myles Harrison,Cincinnati,EDGE,3,0.8297,2610,2025,HighSchool
5230872,108409,Jaiden Smith,Louisiana,WR,3,0.8296,2612,2025,HighSchool
5211210,108405,Brady Rhoad,Western Michigan,TE,3,0.8296,2612,2025,HighSchool
5304174,108407,Mason Mudd,Mercyhurst,DL,3,0.8296,2612,2025,HighSchool
5222214,108408,Trae Stevenson,South Alabama,WR,3,0.8296,2612,2025,HighSchool
5222598,108406,Bryce Griffin,Kent State,EDGE,3,0.8296,2612,2025,HighSchool
5184466,108410,Semaj Pierre,Rice,ATH,3,0.8294,2617,2025,HighSchool
5236385,108413,Mason Alnutt,Purdue,EDGE,3,0.8294,2617,2025,HighSchool
5207792,108411,Erben Birkhoff,Rice,IOL,3,0.8294,2617,2025,HighSchool
5215189,108412,Anthony Jeffery,Kent State,RB,3,0.8294,2617,2025,HighSchool
5216903,108414,Chase Shumate,San Diego State,S,3,0.8292,2621,2025,HighSchool
5216792,108416,Erik Schmidt,Notre Dame,K,3,0.8292,2622,2025,HighSchool
,108415,Jarret Nielsen,Hawai'i,QB,3,0.8292,2622,2025,HighSchool
5222670,108417,Eli Kaufman,Marshall,IOL,3,0.8289,2624,2025,HighSchool
5205825,108418,Brayden Boeing,Miami (OH),TE,3,0.8289,2625,2025,HighSchool
,108420,Sean Martin,Navy,S,3,0.8286,2626,2025,HighSchool
5295594,108419,Derrick Jackson,Kent State,S,3,0.8286,2626,2025,HighSchool
5222638,108422,Marcus McGregor,Cincinnati,IOL,3,0.8281,2628,2025,HighSchool
5211433,108421,Jameil Hamm,Miami (OH),EDGE,3,0.8281,2628,2025,HighSchool
5198314,108424,Xavier Goulbourne,Robert Morris,ATH,3,0.8278,2630,2025,HighSchool
5220880,108428,Sione Netane,Colorado State,IOL,3,0.8278,2630,2025,HighSchool
5216637,108429,Jonathan Rousseau,Buffalo,S,3,0.8278,2630,2025,HighSchool
5295928,108427,CJ Floyd,Old Dominion,S,3,0.8278,2630,2025,HighSchool
,108425,Zak Stoilov,Army,IOL,3,0.8278,2630,2025,HighSchool
5296565,108423,Copelin Windfont,UTEP,LB,3,0.8278,2630,2025,HighSchool
5217870,108430,Aidan Andrews,Georgia State,IOL,3,0.8278,2630,2025,HighSchool
5216572,108426,Camren Boykin,Temple,QB,3,0.8278,2630,2025,HighSchool
5167169,108431,Freddy Brown,Western Michigan,LB,3,0.8275,2638,2025,HighSchool
5244504,108432,Carter Jones,Arizona,LB,3,0.8275,2638,2025,HighSchool
5222633,108433,Nolan Good,Kent State,QB,3,0.8272,2640,2025,HighSchool
5216525,108434,Isaiah Rollins,Miami (OH),S,3,0.8272,2640,2025,HighSchool
5236367,108449,Michael Gelatko,Buffalo,TE,3,0.827,2642,2025,HighSchool
5215030,108445,Zion Gist,Michigan State,RB,3,0.827,2642,2025,HighSchool
5217200,108440,Neo Clifton,Middle Tennessee,WR,3,0.827,2642,2025,HighSchool
5207660,108438,Roberto Rodriguez,North Texas,IOL,3,0.827,2642,2025,HighSchool
5252597,108442,Zach Johnson,UAB,EDGE,3,0.827,2642,2025,HighSchool
5214939,108446,Triston White,Northern Illinois,RB,3,0.827,2642,2025,HighSchool
5217705,108436,Julius Spencer,Texas State,WR,3,0.827,2642,2025,HighSchool
5221282,108439,Josh Bell,UTEP,RB,3,0.827,2642,2025,HighSchool
5217799,108443,Arvis Battle Jr.,Texas State,TE,3,0.827,2642,2025,HighSchool
,108447,Monterrius Echols,Georgia State,CB,3,0.827,2642,2025,HighSchool
5216320,108435,Corey Walls,UTSA,DL,3,0.827,2642,2025,HighSchool
5222707,108444,Jaasai Simmons,Marshall,DL,3,0.827,2642,2025,HighSchool
5236325,108437,Payton Matthews,Rice,WR,3,0.827,2642,2025,HighSchool
5258270,108451,Jaxon Smith,UTEP,DL,3,0.827,2642,2025,HighSchool
5222532,108448,Bo Bryan,Middle Tennessee,IOL,3,0.827,2642,2025,HighSchool
5236374,108450,Khory Moss,Miami (OH),CB,3,0.827,2642,2025,HighSchool
5213122,108452,Robert Lee,Florida Atlantic,LB,3,0.8269,2659,2025,HighSchool
5210128,108453,Brady Davidson,Northern Illinois,QB,3,0.8267,2660,2025,HighSchool
5298871,108455,Christian Knoos,UC Davis,LB,3,0.8267,2661,2025,HighSchool
5219533,108454,Scott Starzyk,Arkansas,K,3,0.8267,2661,2025,HighSchool
,108456,Fale Atuaia,,LB,3,0.8267,2661,2025,HighSchool
,108457,Draiden Trudeau,,QB,3,0.8267,2661,2025,HighSchool
5257210,108458,Luke Goater,South Florida,P,3,0.8267,2661,2025,HighSchool
5210230,108459,Gavin Leach,South Florida,LB,3,0.8264,2666,2025,HighSchool
5225506,108460,Brandon Homady,West Virginia,IOL,3,0.8264,2666,2025,HighSchool
5236381,108465,Amari Washington,Northern Illinois,DL,3,0.8263,2668,2025,HighSchool
5208841,108462,Casey Popish,Northern Illinois,TE,3,0.8263,2668,2025,HighSchool
,108461,Jayel Harris,Central Michigan,RB,3,0.8263,2668,2025,HighSchool
5222639,108463,Tariq Miller,Wyoming,IOL,3,0.8263,2668,2025,HighSchool
,108464,Tyree Barnett,,WR,3,0.8263,2668,2025,HighSchool
5209994,108466,Colt Sparks,Texas State,ATH,3,0.8259,2673,2025,HighSchool
5259348,108478,King Justice,UTSA,DL,3,0.8256,2674,2025,HighSchool
5258038,108474,Roddrey McWilliams,James Madison,CB,3,0.8256,2674,2025,HighSchool
5265452,108476,Ibrahim Kebe,Ohio,OT,3,0.8256,2674,2025,HighSchool
5264837,108479,Bryce Garza,North Texas,CB,3,0.8256,2674,2025,HighSchool
5214656,108467,Vance Holtz,Western Michigan,QB,3,0.8256,2674,2025,HighSchool
5297958,108469,SJ Green,North Dakota State,WR,3,0.8256,2674,2025,HighSchool
5215312,108470,Kaden Mayle,Ball State,OT,3,0.8256,2674,2025,HighSchool
5216845,108473,Masyn Zahursky,Bowling Green,IOL,3,0.8256,2674,2025,HighSchool
5209678,108468,Ayden Annarino,Miami (OH),IOL,3,0.8256,2674,2025,HighSchool
5258294,108477,Isiah Switzer,Toledo,IOL,3,0.8256,2674,2025,HighSchool
5258292,108471,DD Murray,Arkansas State,RB,3,0.8256,2674,2025,HighSchool
5295939,108475,Chris Warren,Old Dominion,TE,3,0.8256,2674,2025,HighSchool
5216313,108472,Mason Johnson,Nevada,WR,3,0.8256,2674,2025,HighSchool
,108480,Aiden Burgess,Kent State,DL,3,0.8253,2687,2025,HighSchool
5300140,108481,Michael Dean,Presbyterian,IOL,3,0.8252,2688,2025,HighSchool
5296351,108495,Joe Birnbaum,Nevada,RB,3,0.825,2689,2025,HighSchool
5236395,108491,Jackson Murray,Colorado State,DL,3,0.825,2689,2025,HighSchool
5301282,108482,Kaleb Bailey,Murray State,QB,3,0.825,2689,2025,HighSchool
5222652,108489,Kareem Williams,Coastal Carolina,S,3,0.825,2689,2025,HighSchool
,108487,Feleti Iongi,Utah State,RB,3,0.825,2689,2025,HighSchool
5216798,108490,Rico Garcia,Bowling Green,S,3,0.825,2689,2025,HighSchool
5258014,108492,Caius Coy,Sam Houston,EDGE,3,0.825,2689,2025,HighSchool
5236390,108486,Mykel Ford,Nevada,S,3,0.825,2689,2025,HighSchool
5207795,108484,London Deyon,Sam Houston,WR,3,0.825,2689,2025,HighSchool
5222529,108483,Tobi Adewoyin,Ball State,S,3,0.825,2689,2025,HighSchool
,108493,Aidan Wyzard,,WR,3,0.825,2689,2025,HighSchool
5265375,108496,Alex Faiivae,Utah State,TE,3,0.825,2689,2025,HighSchool
5257035,108494,Tyler Meadows,Kent State,OT,3,0.825,2689,2025,HighSchool
5256234,108488,Andy Silverthorn,Old Dominion,OT,3,0.825,2689,2025,HighSchool
5296330,108485,Julius Puryear,Delaware,LB,3,0.825,2689,2025,HighSchool
5207581,108497,Vito McConnell,Miami (OH),LB,3,0.8247,2704,2025,HighSchool
5298889,108500,Tyler Parker,UC Davis,DL,3,0.8244,2705,2025,HighSchool
5258340,108502,Steven Ranel II,Louisiana,S,3,0.8244,2705,2025,HighSchool
5298813,108498,Parker Harden,Tennessee State,OT,3,0.8244,2705,2025,HighSchool
,108499,Chanston Crosby,North Carolina Central,QB,3,0.8244,2705,2025,HighSchool
5258341,108501,Baylynn Williams,Louisiana,IOL,3,0.8244,2705,2025,HighSchool
5215546,108503,Max Kelley,South Carolina,K,3,0.8242,2710,2025,HighSchool
5211760,108504,Tyson Long,Ohio,CB,3,0.8241,2711,2025,HighSchool
,108508,Jacob Ferguson,Old Dominion,IOL,3,0.8237,2712,2025,HighSchool
,108505,Kawika Hallums,Hawai'i,IOL,3,0.8237,2712,2025,HighSchool
5296370,108518,Rameir Hardy,Temple,WR,3,0.8237,2712,2025,HighSchool
5222547,108512,Blake Isbell,Texas State,DL,3,0.8237,2712,2025,HighSchool
5300337,108517,Malik Watts,Chattanooga,OT,3,0.8237,2712,2025,HighSchool
5216343,108514,Daniel Tuliau,San José State,IOL,3,0.8237,2712,2025,HighSchool
5236324,108522,Darnell Malpress,Middle Tennessee,EDGE,3,0.8237,2712,2025,HighSchool
5220922,108507,DeAngelo Thompson,Syracuse,EDGE,3,0.8237,2712,2025,HighSchool
5236287,108523,Tyler Folmar,Louisville,OT,3,0.8237,2712,2025,HighSchool
5210078,108506,Kain McDonald,Coastal Carolina,IOL,3,0.8237,2712,2025,HighSchool
5203728,108515,Jeremy Smith,Florida International,OT,3,0.8237,2712,2025,HighSchool
5209808,108511,Damon Allen,Florida Atlantic,S,3,0.8237,2712,2025,HighSchool
5295179,108519,Gavin James,Akron,LB,3,0.8237,2712,2025,HighSchool
5215043,108513,Rai'keyrean Chandler,Middle Tennessee,RB,3,0.8237,2712,2025,HighSchool
5295064,108510,Jeremiah Jones-Thomas,South Alabama,ATH,3,0.8237,2712,2025,HighSchool
5236368,108521,Gavin Harris,Bowling Green,CB,3,0.8237,2712,2025,HighSchool
5217201,108516,Amari Isaac,Florida International,WR,3,0.8237,2712,2025,HighSchool
5258025,108509,Tyler Roberts,UTEP,OT,3,0.8237,2712,2025,HighSchool
5221284,108520,Darien Fantroy,UTEP,CB,3,0.8237,2712,2025,HighSchool
5217701,108524,Jackson Shockley,Tulsa,TE,3,0.8236,2731,2025,HighSchool
5216791,108525,Brunno Reus,Florida State,K,3,0.8236,2731,2025,HighSchool
5296243,108526,Trey Butkowski,Pittsburgh,K,3,0.8233,2733,2025,HighSchool
5296224,108528,Landon Shaffer,Georgia Tech,K,3,0.8233,2733,2025,HighSchool
5258467,108527,Donal Dempsey,Georgia Southern,K,3,0.8233,2733,2025,HighSchool
5141590,108529,Parker Meese,Purdue,LB,3,0.8231,2736,2025,HighSchool
5228911,108531,Sir Autry,San José State,RB,3,0.823,2737,2025,HighSchool
5209930,108530,Cade Channell,Arkansas State,OT,3,0.823,2737,2025,HighSchool
,108533,Ronald Towns,,WR,3,0.8228,2739,2025,HighSchool
5301111,108532,Leon Clark,William & Mary,RB,3,0.8228,2739,2025,HighSchool
5211196,108534,Jonathan Stangl,Miami (OH),OT,3,0.8225,2741,2025,HighSchool
5257815,108535,Dillon Curtis,Utah,K,3,0.8225,2741,2025,HighSchool
5222601,108536,Donovan Lanier,Ball State,CB,3,0.8222,2743,2025,HighSchool
5216906,108537,Robert Rooks,Rice,DL,3,0.8222,2743,2025,HighSchool
,108538,Will Walker,BYU,P,3,0.8222,2743,2025,HighSchool
5250468,108539,Andy Quinn,Boston College,P,3,0.8222,2743,2025,HighSchool
,108540,Jaylen Johnson,,ATH,3,0.8217,2747,2025,HighSchool
,108542,Eric Harris,Utah State,S,3,0.8217,2747,2025,HighSchool
5299775,108541,Reed Phillips,Harvard,WR,3,0.8217,2747,2025,HighSchool
5223775,108543,Lennox Miller,UCLA,P,3,0.8217,2747,2025,HighSchool
5239553,108545,Brenden Reese,North Texas,LB,3,0.8206,2751,2025,HighSchool
5258358,108549,Lucas Blumling,Fresno State,LB,3,0.8206,2751,2025,HighSchool
5211478,108546,Trenton Nixon,Northern Illinois,LB,3,0.8206,2751,2025,HighSchool
5250657,108548,D'Angelo Hagans Jr.,Colorado State,S,3,0.8206,2751,2025,HighSchool
,108547,Lamarion Jones,,EDGE,3,0.8206,2751,2025,HighSchool
5300763,108544,Naim Jackson,Youngstown State,DL,3,0.8206,2751,2025,HighSchool
,108560,Sean DaVault,Tulsa,LB,3,0.8204,2757,2025,HighSchool
5222646,108557,Henry Rehberg,Wyoming,DL,3,0.8204,2757,2025,HighSchool
5236331,108552,Erion Wilkins,UTEP,CB,3,0.8204,2757,2025,HighSchool
5234256,108556,Gavin Jones,New Mexico State,OT,3,0.8204,2757,2025,HighSchool
5301387,108558,Jack Smoot,Norfolk State,IOL,3,0.8204,2757,2025,HighSchool
5198297,108551,Nathan Tveit,Florida International,IOL,3,0.8204,2757,2025,HighSchool
5222554,108554,RJ McIntosh,Tulsa,S,3,0.8204,2757,2025,HighSchool
5301358,108561,Gabriel White,Houston Christian,CB,3,0.8204,2757,2025,HighSchool
5218180,108559,Mekhi Lockhart,Marshall,DL,3,0.8204,2757,2025,HighSchool
5217753,108555,Shane Walker,Tulsa,WR,3,0.8204,2757,2025,HighSchool
5222548,108550,Jayveon Johnson,Sam Houston,LB,3,0.8204,2757,2025,HighSchool
5222704,108553,Jack Laird,Marshall,IOL,3,0.8204,2757,2025,HighSchool
5255254,108562,London Bironas,Stanford,K,3,0.8203,2769,2025,HighSchool
5221273,108563,John McGuire,Auburn,P,3,0.8203,2769,2025,HighSchool
,221311,Harrison DeShazer,Idaho,ATH,3,0.82,2771,2025,HighSchool
,221312,Emiliano Villarreal,,QB,3,0.82,2771,2025,HighSchool
,221307,Easton Jessie,,QB,3,0.82,2771,2025,HighSchool
,221314,JD DeCausmaker,,WR,3,0.82,2771,2025,HighSchool
,221315,Onosa'i Salanoa,,WR,3,0.82,2771,2025,HighSchool
,221317,Jamil Miller,,WR,3,0.82,2771,2025,HighSchool
,221318,Josiah Young,South Dakota State,CB,3,0.82,2771,2025,HighSchool
,221325,Jermaine Barrett,Air Force,CB,3,0.82,2771,2025,HighSchool
,221336,Jacob Martin,Idaho State,WR,3,0.82,2771,2025,HighSchool
,108570,Jackson Saterfield,,DL,3,0.82,2771,2025,HighSchool
,108569,Daylin Caamano,Nevada,WR,3,0.82,2771,2025,HighSchool
,108564,Jessie Wishon,,IOL,3,0.82,2771,2025,HighSchool
,221306,Wesley Johnson,,ATH,3,0.82,2771,2025,HighSchool
,221303,Joseph Fuavai,Air Force,LB,3,0.82,2771,2025,HighSchool
,221300,JJ Barbour,,ATH,3,0.82,2771,2025,HighSchool
,221299,Kesler Jenkins,,CB,3,0.82,2771,2025,HighSchool
,221297,Nate Williams,Idaho,ATH,3,0.82,2771,2025,HighSchool
,221296,Ryder Keplar,Air Force,CB,3,0.82,2771,2025,HighSchool
,221295,Kalvin Meadows,,OT,3,0.82,2771,2025,HighSchool
,221285,Jami Williams,,WR,3,0.82,2771,2025,HighSchool
,221293,Juan-Milleon Aguilar,,S,3,0.82,2771,2025,HighSchool
,221291,Dorsett Edwards,,EDGE,3,0.82,2771,2025,HighSchool
,221289,Jakai Clardy,,CB,3,0.82,2771,2025,HighSchool
,221284,CJ Williams,,ATH,3,0.82,2771,2025,HighSchool
,221283,Jayden Gray,Air Force,CB,3,0.82,2771,2025,HighSchool
,221282,Derrick Miller,,ATH,3,0.82,2771,2025,HighSchool
,221281,Quincy Butts Jr.,,LB,3,0.82,2771,2025,HighSchool
,221279,Pharo Watts,,RB,3,0.82,2771,2025,HighSchool
,221273,Dre Sio-Fetaui,,LB,3,0.82,2771,2025,HighSchool
,221272,Jahmeir Spain,,QB,3,0.82,2771,2025,HighSchool
,221277,Jackson Kuma,,EDGE,3,0.82,2771,2025,HighSchool
,221269,Cullen Devine,Air Force,EDGE,3,0.82,2771,2025,HighSchool
,221266,Peyton Cunningham,,ATH,3,0.82,2771,2025,HighSchool
,221265,Trey Kennedy-Coleman,Portland State,DL,3,0.82,2771,2025,HighSchool
,221261,Tylan Johnson,,ATH,3,0.82,2771,2025,HighSchool
,221260,Tyus Miller,UC Davis,QB,3,0.82,2771,2025,HighSchool
5301465,221344,Talan White,Indiana State,WR,3,0.82,2771,2025,HighSchool
5298718,221259,Derrick Blanche Jr.,Portland State,RB,3,0.82,2771,2025,HighSchool
5222667,108566,Jon Bocchino,Troy,LB,3,0.82,2771,2025,HighSchool
5300090,221389,Cameron Bell,Morehead State,IOL,3,0.82,2771,2025,HighSchool
5300684,221267,Nate Thornton,Montana State,IOL,3,0.82,2771,2025,HighSchool
5298085,221377,Omaurie Phillips-Porter,Cal Poly,WR,3,0.82,2771,2025,HighSchool
5300654,221356,Kaikoa Kanakaole,Montana,IOL,3,0.82,2771,2025,HighSchool
5300653,221292,Lincoln Hoefer,Montana,DL,3,0.82,2771,2025,HighSchool
5300660,221323,Malaki Davis,Montana,TE,3,0.82,2771,2025,HighSchool
5300783,221387,Mako Grant,Maine,RB,3,0.82,2771,2025,HighSchool
5299659,221324,Tre Meadows,Lehigh,S,3,0.82,2771,2025,HighSchool
5299776,221327,Charlie Smith,Harvard,QB,3,0.82,2771,2025,HighSchool
5265569,221395,Preston Ward,Texas State,IOL,3,0.82,2771,2025,HighSchool
5265485,221394,Gabriel Ikechukwu,Wyoming,DL,3,0.82,2771,2025,HighSchool
5258492,221383,Tyson Deen,Wyoming,CB,3,0.82,2771,2025,HighSchool
5258477,221384,Fred Nicholson,Southern Miss,ATH,3,0.82,2771,2025,HighSchool
5265318,221386,Zavien Bryant,Temple,CB,3,0.82,2771,2025,HighSchool
5301035,221287,Jackson Cahoon,Sacramento State,LB,3,0.82,2771,2025,HighSchool
5263214,221352,Temarion Foster,Jacksonville State,CB,3,0.82,2771,2025,HighSchool
5222561,108567,RJ Rainer,Jacksonville State,CB,3,0.82,2771,2025,HighSchool
,221326,Keegan Sack,Air Force,RB,3,0.82,2771,2025,HighSchool
,221329,Xavier Quintanar,,WR,3,0.82,2771,2025,HighSchool
,221337,Payton Kokaly,Eastern Michigan,TE,3,0.82,2771,2025,HighSchool
,221338,Jack Greiber,,TE,3,0.82,2771,2025,HighSchool
,221330,Ryder Holt,Idaho State,LB,3,0.82,2771,2025,HighSchool
,221332,Henry Hatada,,IOL,3,0.82,2771,2025,HighSchool
,221333,Angelo Delucia,,DL,3,0.82,2771,2025,HighSchool
,221341,Kayce Tinner,Portland State,ATH,3,0.82,2771,2025,HighSchool
,221334,LaMario Claiborne,,EDGE,3,0.82,2771,2025,HighSchool
,221350,Paki Crawford,,EDGE,3,0.82,2771,2025,HighSchool
,221351,Roderick Love,,RB,3,0.82,2771,2025,HighSchool
,221342,Julius Patton,,EDGE,3,0.82,2771,2025,HighSchool
,221343,Juan Pasillas-Stanton,Portland State,IOL,3,0.82,2771,2025,HighSchool
,221345,Dezjour Malone,,ATH,3,0.82,2771,2025,HighSchool
,221346,Kai Mault,,WR,3,0.82,2771,2025,HighSchool
,221348,Rocky Ma’aele,,IOL,3,0.82,2771,2025,HighSchool
,221353,Jaiden Melton,,CB,3,0.82,2771,2025,HighSchool
,221354,Logan Carpenter,,ATH,3,0.82,2771,2025,HighSchool
,221366,Timothy Wallace,Army,CB,3,0.82,2771,2025,HighSchool
,221368,Cordai Fisher,,CB,3,0.82,2771,2025,HighSchool
,221369,Ryson Martin,,ATH,3,0.82,2771,2025,HighSchool
,221371,Noa Lemau,,IOL,3,0.82,2771,2025,HighSchool
,221360,Jermaine Dukes,,CB,3,0.82,2771,2025,HighSchool
,221392,Ryan Humphrey II,,S,3,0.82,2771,2025,HighSchool
,221393,Cooper Rodarte,Utah State,LB,3,0.82,2771,2025,HighSchool
,221375,Michael Ashford,,WR,3,0.82,2771,2025,HighSchool
,221379,Nakeem Jones,,RB,3,0.82,2771,2025,HighSchool
,221380,Landan Goff,BYU,S,3,0.82,2771,2025,HighSchool
5295263,221262,Ashton Yeager,Bowling Green,DL,3,0.82,2771,2025,HighSchool
,221308,Charlie Stec,Western Illinois,EDGE,3,0.82,2771,2025,HighSchool
5298816,221275,Devaughn Slaughter,Tennessee State,WR,3,0.82,2771,2025,HighSchool
5266860,221385,Braden Peevy,Western Michigan,WR,3,0.82,2771,2025,HighSchool
5265431,221286,Brock Kuhl,Florida Atlantic,TE,3,0.82,2771,2025,HighSchool
5261479,221290,Toa Faavae,New Mexico,QB,3,0.82,2771,2025,HighSchool
5298886,221301,Devin Huegel,UC Davis,EDGE,3,0.82,2771,2025,HighSchool
5297938,221361,Marion Moore,North Dakota State,CB,3,0.82,2771,2025,HighSchool
5212655,221322,Jordan Collins,Navy,TE,3,0.82,2771,2025,HighSchool
5299364,221270,Cason Carswell,Western Illinois,QB,3,0.82,2771,2025,HighSchool
5301916,221274,Dominic Oliver,Utah Tech,ATH,3,0.82,2771,2025,HighSchool
5265403,108568,Iverson Report,Utah State,ATH,3,0.82,2771,2025,HighSchool
5264803,221390,Gavin Wilson,Massachusetts,OT,3,0.82,2771,2025,HighSchool
5300429,221376,Aderian Adelabu,Yale,OT,3,0.82,2771,2025,HighSchool
5297933,221365,Kendrick Carter,North Dakota State,CB,3,0.82,2771,2025,HighSchool
5297927,221358,Preston Brown,North Dakota State,QB,3,0.82,2771,2025,HighSchool
5296328,221362,Scott Moore,Delaware,ATH,3,0.82,2771,2025,HighSchool
5304117,221316,Jayden Mayberry,Weber State,S,3,0.82,2771,2025,HighSchool
5300253,221335,Donovan Dey,Valparaiso,RB,3,0.82,2771,2025,HighSchool
5298853,221304,Treynor Cleeland,UC Davis,QB,3,0.82,2771,2025,HighSchool
5258485,221382,Brandon Weaver,Ohio,DL,3,0.82,2771,2025,HighSchool
5263577,221331,Damarius Russell,Washington State,ATH,3,0.82,2771,2025,HighSchool
5264369,108571,Kani Smith,Florida International,EDGE,3,0.82,2771,2025,HighSchool
5295953,108572,Drake Lanham,Marshall,IOL,3,0.82,2771,2025,HighSchool
5298937,221339,Amarion Brown,Jackson State,ATH,3,0.82,2771,2025,HighSchool
5297965,221391,Christian Collins,Northern Iowa,RB,3,0.82,2771,2025,HighSchool
5222352,108565,Devon St. Clair,Charlotte,S,3,0.82,2771,2025,HighSchool
5298550,221278,Logan Busson,Bucknell,LB,3,0.82,2771,2025,HighSchool
5303321,221288,Blake Brown,Delaware State,IOL,3,0.82,2771,2025,HighSchool
5300724,221271,Elias Shamieh,Northern Arizona,IOL,3,0.82,2771,2025,HighSchool
5300364,221359,Brandon Jones,McNeese,S,3,0.82,2771,2025,HighSchool
5298189,221367,Cooper MacPherson,Eastern Washington,LB,3,0.82,2771,2025,HighSchool
5298195,221302,Brady Ackerman,Eastern Washington,OT,3,0.82,2771,2025,HighSchool
5203858,221305,Brennan King,Southern Illinois,EDGE,3,0.82,2771,2025,HighSchool
5301736,221328,Cameron Jessee,Eastern Kentucky,ATH,3,0.82,2771,2025,HighSchool
5293688,221396,Blake Owen,Army,ATH,3,0.82,2771,2025,HighSchool
5301747,221378,Tyree Weatherspoon,Eastern Kentucky,WR,3,0.82,2771,2025,HighSchool
5299096,221294,Carter Foote,Fordham,ATH,3,0.82,2771,2025,HighSchool
5301019,221355,Isaac Lee,Pennsylvania,ATH,3,0.82,2771,2025,HighSchool
5301001,221374,Dakota Brower,Pennsylvania,ATH,3,0.82,2771,2025,HighSchool
5301017,221310,Adeyeye Adebawore,Pennsylvania,DL,3,0.82,2771,2025,HighSchool
5302455,221381,Ben Taylor,Northwestern State,QB,3,0.82,2771,2025,HighSchool
5301791,221280,Casey Larson,South Dakota State,ATH,3,0.82,2771,2025,HighSchool
5297964,221321,Kaz Rebarcak,Northern Iowa,QB,3,0.82,2771,2025,HighSchool
5298300,221357,Tsiyown Lowery,Idaho,S,3,0.82,2771,2025,HighSchool
5269405,221347,Jubilee Siitia-Tasi,New Mexico,IOL,3,0.82,2771,2025,HighSchool
5301777,221309,Myles Green,South Dakota State,ATH,3,0.82,2771,2025,HighSchool
5302127,221298,Cain Wallner,South Dakota,LB,3,0.82,2771,2025,HighSchool
5298256,221340,Devontae Roberts,Charleston Southern,CB,3,0.82,2771,2025,HighSchool
5300489,221263,CJ Nettles,Furman,RB,3,0.82,2771,2025,HighSchool
5301052,221363,Nash Burkart,Sacramento State,ATH,3,0.82,2771,2025,HighSchool
5298306,221268,Mason Krahn,Idaho,ATH,3,0.82,2771,2025,HighSchool
5299524,221349,Ryan Downes,Cornell,QB,3,0.82,2771,2025,HighSchool
5299522,221373,Braylon James,Cornell,S,3,0.82,2771,2025,HighSchool
5303190,221319,Cam'Ren-Chance Brooks,Stephen F. Austin,S,3,0.82,2771,2025,HighSchool
5298202,221313,Rylin Lang,Eastern Washington,ATH,3,0.82,2771,2025,HighSchool
5300682,221264,Nicholas Maloff,Montana State,IOL,3,0.82,2771,2025,HighSchool
5296357,221320,Ailama Morton,Nevada,OT,3,0.82,2771,2025,HighSchool
5300332,221364,Gunnar Clary,Chattanooga,ATH,3,0.82,2771,2025,HighSchool
5298338,221388,Khalil Daniels,Robert Morris,LB,3,0.82,2771,2025,HighSchool
5214364,221276,Judah Ofori-Ansah,Fordham,WR,3,0.82,2771,2025,HighSchool
5300485,221372,Isaiah Davis,Furman,S,3,0.82,2771,2025,HighSchool
5298094,221370,Chase Kwiatkowski,Illinois State,QB,3,0.82,2771,2025,HighSchool
5236372,108578,Vann Kavals,Akron,DL,3,0.8196,2918,2025,HighSchool
5217821,108573,Brendon Rice,Bowling Green,DL,3,0.8196,2918,2025,HighSchool
5222596,108575,Charles Brooks III,Northern Illinois,EDGE,3,0.8196,2918,2025,HighSchool
5216785,108577,DaJhon Hall,Fresno State,S,3,0.8196,2918,2025,HighSchool
5215428,108574,Nate Lyman,Eastern Michigan,WR,3,0.8196,2918,2025,HighSchool
5236394,108579,Rhett McGrew,Marshall,TE,3,0.8196,2918,2025,HighSchool
5295996,108576,AJ Brown,North Texas,DL,3,0.8196,2918,2025,HighSchool
5258023,108580,Leander Parrish,UTEP,EDGE,3,0.8194,2925,2025,HighSchool
5216676,108583,Jeremiah Hoffman,Charlotte,WR,3,0.8189,2926,2025,HighSchool
5222584,108581,Amari Williams,Northern Illinois,WR,3,0.8189,2926,2025,HighSchool
5258469,108582,Dylan Freebury,Colorado State,K,3,0.8189,2926,2025,HighSchool
5264415,108588,Guytano Bartolomeo,North Carolina,K,3,0.8183,2929,2025,HighSchool
5258269,108584,Cub Patton,Kansas State,K,3,0.8183,2929,2025,HighSchool
5257985,108587,Cristian Harthan,NC State,P,3,0.8183,2929,2025,HighSchool
5264661,108589,Adlai Lounsbury,Washington State,K,3,0.8183,2929,2025,HighSchool
5252199,108586,Caden VanHuis,Central Michigan,K,3,0.8183,2929,2025,HighSchool
,108590,Philippe LaForge,Coastal Carolina,K,3,0.8183,2929,2025,HighSchool
5223740,108585,Ashton Zamani,Duke,K,3,0.8183,2929,2025,HighSchool
,108591,Warren Nolen,Arkansas State,IOL,3,0.8181,2936,2025,HighSchool
5215336,108592,Hayden Craig,Florida,P,3,0.8178,2937,2025,HighSchool
5228661,108593,Rocco Graziano,Oregon,K,3,0.8178,2937,2025,HighSchool
5167315,108594,Champ Kapanui,San José State,LB,3,0.8172,2939,2025,HighSchool
5222567,108598,Graceson Spann,Sam Houston,OT,3,0.817,2940,2025,HighSchool
5222583,108599,Kai Micatrotto,Western Kentucky,DL,3,0.817,2940,2025,HighSchool
5222666,108597,Cameron Hill,Old Dominion,IOL,3,0.817,2940,2025,HighSchool
5222563,108595,Titus Roberson,Tulsa,DL,3,0.817,2940,2025,HighSchool
5207652,108596,Maddox Huber,UTEP,OT,3,0.817,2940,2025,HighSchool
5222542,108600,Camari Hall,Middle Tennessee,S,3,0.8169,2945,2025,HighSchool
5295494,108602,Kolten Bartels,Ohio,P,3,0.8167,2946,2025,HighSchool
5219708,108601,Tyler Prasuhn,Arizona,P,3,0.8167,2946,2025,HighSchool
5297078,108604,Lava Vailahi,Utah State,CB,3,0.8167,2948,2025,HighSchool
,108605,Andre Farrow,,LB,3,0.8167,2948,2025,HighSchool
5301195,108603,Eric Slater,Howard,WR,3,0.8167,2948,2025,HighSchool
5222640,108607,Parker Moore,Wyoming,LB,3,0.8163,2951,2025,HighSchool
,108609,Banks Bowen,Tulsa,ATH,3,0.8163,2951,2025,HighSchool
5215247,108606,Jordan Kernaghan,Hawai'i,IOL,3,0.8163,2951,2025,HighSchool
5222599,108608,Devin Habermehl,Northern Illinois,TE,3,0.8163,2951,2025,HighSchool
5254183,108613,Creighton Wilbanks,Southern Miss,K,3,0.8156,2955,2025,HighSchool
,108611,Benjamin Roberts,Nevada,EDGE,3,0.8156,2955,2025,HighSchool
5223800,108612,Jaden Lawrence,Wyoming,RB,3,0.8156,2955,2025,HighSchool
,108614,Owen Simpson,,K,3,0.8156,2955,2025,HighSchool
5216797,108610,Jonavon Darrington,Fresno State,ATH,3,0.8156,2955,2025,HighSchool
5222795,108617,Max Mustell,Air Force,S,3,0.815,2960,2025,HighSchool
5258134,108618,Pierre Jackson,Wyoming,WR,3,0.815,2960,2025,HighSchool
,108616,Bo Cagle,,IOL,3,0.815,2960,2025,HighSchool
5296230,108615,Beau Jackson,Pittsburgh,QB,3,0.815,2960,2025,HighSchool
,108619,Kobe McGill,,ATH,3,0.8144,2964,2025,HighSchool
,108620,Jack Richardson,Southern Miss,P,3,0.8144,2964,2025,HighSchool
5306412,108622,Tre People,LSU,QB,3,0.8144,2964,2025,HighSchool
5215421,108621,Bryce Taylor,Indiana,K,3,0.8144,2964,2025,HighSchool
5216332,108623,Colin Banning,Nevada,IOL,3,0.8137,2968,2025,HighSchool
5216656,108624,Brayden Thompson,Missouri State,OT,3,0.8137,2968,2025,HighSchool
5222551,108626,Ryder Kusch,Temple,TE,3,0.8137,2968,2025,HighSchool
5222541,108625,Hill Greenlee,UConn,OT,3,0.8137,2968,2025,HighSchool
5222243,108627,Alex Asparuhov,Alabama,P,3,0.8133,2972,2025,HighSchool
5255015,108628,Isaiah Jordan,Nevada,ATH,3,0.8133,2973,2025,HighSchool
5296312,108630,EJ Archield Jr.,Delaware,QB,3,0.813,2974,2025,HighSchool
5222586,108633,Mikeah Webster,Ball State,LB,3,0.813,2974,2025,HighSchool
5222651,108631,Jacob Wilk,Western Michigan,OT,3,0.813,2974,2025,HighSchool
5216546,108632,Ty Neubert,Ohio,DL,3,0.813,2974,2025,HighSchool
5211189,108629,Vincent Giordano,Bowling Green,OT,3,0.813,2974,2025,HighSchool
,108634,Brandon Gaea,Hawai'i,WR,3,0.8125,2979,2025,HighSchool
5211209,108635,Ethan Kraatz,Bowling Green,IOL,3,0.8122,2980,2025,HighSchool
5216319,108636,Weston Sturzinger,Youngstown State,WR,3,0.8122,2980,2025,HighSchool
5215031,108638,Zaden Mariteragi,Hawai'i,LB,3,0.8122,2980,2025,HighSchool
5217702,108637,Tajean Stallworth,Nevada,CB,3,0.8122,2980,2025,HighSchool
5222644,108639,Cole Powell,Eastern Michigan,OT,3,0.8122,2980,2025,HighSchool
5222130,108640,Rhett Armstrong,Baylor,K,3,0.8122,2980,2025,HighSchool
5300170,108641,Zach Thompson,San Diego,RB,3,0.8117,2986,2025,HighSchool
,108642,Halakilangi Muagututi'a,UCLA,LS,3,0.8111,2987,2025,HighSchool
5258362,108644,Josiah Jones,UTEP,S,3,0.8106,2988,2025,HighSchool
5301351,108643,Zion Jones,UTSA,S,3,0.8106,2988,2025,HighSchool
5222608,108647,Eliah Logo,UNLV,DL,3,0.8104,2990,2025,HighSchool
5295481,108646,Daniel Gomez,Central Michigan,QB,3,0.8104,2990,2025,HighSchool
,108648,Filimone Fangupo,Utah,IOL,3,0.8104,2990,2025,HighSchool
5222560,108645,Cole Principe,Rice,IOL,3,0.8104,2990,2025,HighSchool
,221441,Marcos Pena,,ATH,3,0.81,2994,2025,HighSchool
,221448,Andrew Heidel,Army,QB,3,0.81,2994,2025,HighSchool
,221444,Ethan Naudin,,WR,3,0.81,2994,2025,HighSchool
5258130,221476,Elvin Ampofo,Wyoming,S,3,0.81,2994,2025,HighSchool
5296620,221436,Jeremiah Fung,San José State,ATH,3,0.81,2994,2025,HighSchool
5263782,221473,Brody Miller,Washington State,S,3,0.81,2994,2025,HighSchool
5300434,221431,Sam Connelly,Yale,EDGE,3,0.81,2994,2025,HighSchool
5296627,221495,Patrick Broadway II,Wyoming,RB,3,0.81,2994,2025,HighSchool
5300743,221459,Malachi Lewis,Youngstown State,QB,3,0.81,2994,2025,HighSchool
5300757,221466,Maximillian Johnson,Youngstown State,ATH,3,0.81,2994,2025,HighSchool
5297783,221494,Jaylen Hill,Oregon State,DL,3,0.81,2994,2025,HighSchool
,108651,Max Parciak,,IOL,3,0.81,2994,2025,HighSchool
5258047,221428,Jackson Forrest,Old Dominion,LB,3,0.81,2994,2025,HighSchool
,221414,Sean Jones,,S,3,0.81,2994,2025,HighSchool
,221409,Lucas Campizta,,LB,3,0.81,2994,2025,HighSchool
,221415,J.J. Bittner,,QB,3,0.81,2994,2025,HighSchool
,221410,Court Towns,Air Force,IOL,3,0.81,2994,2025,HighSchool
,221417,Aiden Brown,Idaho State,ATH,3,0.81,2994,2025,HighSchool
,221420,Matthew Perdue,,IOL,3,0.81,2994,2025,HighSchool
,221427,Jake Garcia,,QB,3,0.81,2994,2025,HighSchool
,221425,MJ Mitchell,,ATH,3,0.81,2994,2025,HighSchool
,221432,Ryan Kiwanuka,,CB,3,0.81,2994,2025,HighSchool
,221435,Kevin Magera,Texas Southern,TE,3,0.81,2994,2025,HighSchool
,221439,Jered Rennick,,ATH,3,0.81,2994,2025,HighSchool
,221440,Cassidy Bolong-Banks,,ATH,3,0.81,2994,2025,HighSchool
,221443,Jadon Rodriguez,Army,RB,3,0.81,2994,2025,HighSchool
5298079,221463,Leonardo Cocchiglia,Cal Poly,OT,3,0.81,2994,2025,HighSchool
5299656,221481,Derek Morgan,Lehigh,QB,3,0.81,2994,2025,HighSchool
5301214,221402,Jaylen Pitts,Howard,OT,3,0.81,2994,2025,HighSchool
,221490,Brian Plummer,,ATH,3,0.81,2994,2025,HighSchool
,221486,Aiden Holewski,Dartmouth,EDGE,3,0.81,2994,2025,HighSchool
,221485,Jonathan Coar,,RB,3,0.81,2994,2025,HighSchool
,221483,Isaiah Cook,,ATH,3,0.81,2994,2025,HighSchool
,221482,Carson Hageman,Air Force,LB,3,0.81,2994,2025,HighSchool
,221480,Jack Heath,Navy,OT,3,0.81,2994,2025,HighSchool
,221470,Jackson Blanchard,Army,TE,3,0.81,2994,2025,HighSchool
,221468,Owen Barry-Wilson,,S,3,0.81,2994,2025,HighSchool
,221467,Maka Fiefia,,ATH,3,0.81,2994,2025,HighSchool
,221464,KD Mays,,LB,3,0.81,2994,2025,HighSchool
,221460,James Rose,,S,3,0.81,2994,2025,HighSchool
,221462,Pana Tuputala,,ATH,3,0.81,2994,2025,HighSchool
,221455,Xzavier Mcgruder,,CB,3,0.81,2994,2025,HighSchool
,221454,Michael Musquiz,,IOL,3,0.81,2994,2025,HighSchool
,221453,Dominic Henning,Air Force,TE,3,0.81,2994,2025,HighSchool
,221452,Zion Johnson,,CB,3,0.81,2994,2025,HighSchool
,221451,Zayne St. Laurent,,WR,3,0.81,2994,2025,HighSchool
,221397,Jacob Higgs,,QB,3,0.81,2994,2025,HighSchool
,221398,Theo Greule,Air Force,DL,3,0.81,2994,2025,HighSchool
,221399,Chase Davis,,CB,3,0.81,2994,2025,HighSchool
,221445,Nolan Farr,,LB,3,0.81,2994,2025,HighSchool
,221400,Antoine Lee,,RB,3,0.81,2994,2025,HighSchool
,221401,Zjohnel Wheaton,,OT,3,0.81,2994,2025,HighSchool
,221403,Marcus Thaxton,,QB,3,0.81,2994,2025,HighSchool
,221408,Ethan Adams,,EDGE,3,0.81,2994,2025,HighSchool
,221411,Koen Glover,,ATH,3,0.81,2994,2025,HighSchool
,221413,Stevie Diamond,,QB,3,0.81,2994,2025,HighSchool
5241643,221434,Ty Watkins,Akron,EDGE,3,0.81,2994,2025,HighSchool
5298281,221488,Kevin Boone,Charleston Southern,WR,3,0.81,2994,2025,HighSchool
5300681,221487,Blaine Downing,Montana State,ATH,3,0.81,2994,2025,HighSchool
5295382,108649,Michael Dove,Navy,QB,3,0.81,2994,2025,HighSchool
5301050,221457,Micah Mosley,Sacramento State,EDGE,3,0.81,2994,2025,HighSchool
5295213,221475,Tyger Canales,Fresno State,ATH,3,0.81,2994,2025,HighSchool
5300810,221450,Brandon Lambert,Northern Colorado,ATH,3,0.81,2994,2025,HighSchool
5300734,221429,Charlie Taufa,Northern Arizona,EDGE,3,0.81,2994,2025,HighSchool
5265484,221491,Dorian Hoze,Nevada,RB,3,0.81,2994,2025,HighSchool
5301533,221406,Tavian Edwards,Southern Utah,S,3,0.81,2994,2025,HighSchool
5209123,221424,Hayden Daugherty,Northern Arizona,TE,3,0.81,2994,2025,HighSchool
5203732,221405,Lewenski Ydore,UConn,LB,3,0.81,2994,2025,HighSchool
5298087,221433,Kaleb Pleis,Cal Poly,EDGE,3,0.81,2994,2025,HighSchool
5298825,221465,Grant Kinnee,Colgate,QB,3,0.81,2994,2025,HighSchool
5265521,221426,Cody Thumlert,New Mexico,LB,3,0.81,2994,2025,HighSchool
5299128,221421,Jace Eveland,Columbia,OT,3,0.81,2994,2025,HighSchool
5301804,221437,Lincoln Semchenko,South Dakota State,IOL,3,0.81,2994,2025,HighSchool
5302119,221477,Jaden Brown,South Dakota,S,3,0.81,2994,2025,HighSchool
5300683,221478,Vaughn Wirkus,Montana State,OT,3,0.81,2994,2025,HighSchool
5300640,221416,Sage Salopek,Montana,CB,3,0.81,2994,2025,HighSchool
5299700,221404,Jaden Cummings,Dartmouth,QB,3,0.81,2994,2025,HighSchool
5298328,221418,Cooper Panteck,Robert Morris,QB,3,0.81,2994,2025,HighSchool
5298187,221479,Gage Brumfield,Eastern Washington,ATH,3,0.81,2994,2025,HighSchool
5298185,221412,Landen Kahai,Eastern Washington,CB,3,0.81,2994,2025,HighSchool
5302695,221474,Ned Zilinskas,Princeton,IOL,3,0.81,2994,2025,HighSchool
5298194,221449,Jaice Tupea,Eastern Washington,DL,3,0.81,2994,2025,HighSchool
5297963,221456,Jayce Nixon,Northern Iowa,QB,3,0.81,2994,2025,HighSchool
5298299,221407,Jayden Rice-Claiborne,Idaho,ATH,3,0.81,2994,2025,HighSchool
5298116,221484,Luke Olson,Illinois State,ATH,3,0.81,2994,2025,HighSchool
5301775,221422,Luke Womack,South Dakota State,ATH,3,0.81,2994,2025,HighSchool
5300732,221472,Jaxen Robinson,Northern Arizona,QB,3,0.81,2994,2025,HighSchool
5300674,221423,Malachi Claunch,Montana State,ATH,3,0.81,2994,2025,HighSchool
5263610,221471,Trillion Sorrell,Washington State,CB,3,0.81,2994,2025,HighSchool
5265379,221492,Matias Garcia,Florida International,IOL,3,0.81,2994,2025,HighSchool
5301946,221446,Mason Jensen,Utah Tech,ATH,3,0.81,2994,2025,HighSchool
5298881,221430,Jordan Rogers,UC Davis,TE,3,0.81,2994,2025,HighSchool
5298866,221438,Albert Richardson,UC Davis,ATH,3,0.81,2994,2025,HighSchool
5236376,108650,Talon Smith,Central Michigan,IOL,3,0.81,2994,2025,HighSchool
5298648,221447,Kai Wheeler,Idaho State,TE,3,0.81,2994,2025,HighSchool
5265354,221489,Niko Baumgartner,Fresno State,LB,3,0.81,2994,2025,HighSchool
5299389,221493,Luca Siamashvili,Western Illinois,OT,3,0.81,2994,2025,HighSchool
5298887,221461,Jaden Few,UC Davis,ATH,3,0.81,2994,2025,HighSchool
5300441,221458,Tru Kendrick,Yale,OT,3,0.81,2994,2025,HighSchool
5301974,221419,Brandon Joseph II,Western Carolina,DL,3,0.81,2994,2025,HighSchool
5265567,221469,Rashad Perry,Ohio,ATH,3,0.81,2994,2025,HighSchool
5297947,221442,Damian Devine,North Dakota State,LB,3,0.81,2994,2025,HighSchool
5222587,108652,Charlie Christopher,Ohio,LB,3,0.8096,3096,2025,HighSchool
,108653,Joakim Green,Utah State,OT,3,0.8096,3096,2025,HighSchool
5252261,108655,Cam Davis,Florida International,LB,3,0.8094,3098,2025,HighSchool
5258437,108654,Luca Akirtava,Rice,DL,3,0.8094,3098,2025,HighSchool
5209932,108657,Jackson Dialls,Western Kentucky,IOL,3,0.8089,3100,2025,HighSchool
5222578,108656,Isiah Stoudemire,Western Kentucky,IOL,3,0.8089,3100,2025,HighSchool
5222550,108659,Ja'Lyen Judson,UAB,CB,3,0.8089,3100,2025,HighSchool
5216653,108658,JoJo James,Nevada,IOL,3,0.8089,3100,2025,HighSchool
5221406,108660,Luke Ryerse,Minnesota,P,3,0.8083,3104,2025,HighSchool
5265448,108661,Trey Giddens,North Carolina,DL,3,0.8083,3104,2025,HighSchool
5301957,108662,Devin Brown,Western Carolina,CB,3,0.807,3106,2025,HighSchool
,108663,Noah Tucker,,WR,3,0.807,3106,2025,HighSchool
5229212,108664,Diego De La Cruz,UTEP,IOL,3,0.807,3106,2025,HighSchool
5204394,108665,Max Macklem,Central Michigan,WR,3,0.8063,3109,2025,HighSchool
5304145,108666,Dajoure Hollingsworth,Mercyhurst,RB,3,0.8063,3109,2025,HighSchool
5255256,108667,Daniel Jackson,Minnesota,K,3,0.8058,3111,2025,HighSchool
5255255,108669,Kyler Farrow,South Carolina,LS,3,0.8056,3112,2025,HighSchool
,108668,Jermarj Bell,,WR,3,0.8056,3112,2025,HighSchool
5296056,108670,Sankeerth Veluri,Purdue,IOL,3,0.805,3114,2025,HighSchool
5258332,108671,Garrett Long,Kent State,TE,3,0.805,3114,2025,HighSchool
5258479,108672,Roland Podesta,Boise State,K,3,0.805,3114,2025,HighSchool
5258468,108674,Preston EstoEsta,Bowling Green,S,3,0.8044,3117,2025,HighSchool
,108673,Chase Ferrell,Air Force,WR,3,0.8044,3117,2025,HighSchool
,108675,Jayden Gwinn,,RB,3,0.8033,3119,2025,HighSchool
5296587,108676,Zhaiel Smith,New Mexico,ATH,3,0.8033,3119,2025,HighSchool
5296582,108677,Jahmale Clark,Massachusetts,ATH,3,0.803,3121,2025,HighSchool
5222595,108679,Tyler Chambers,Northern Illinois,OT,3,0.8022,3122,2025,HighSchool
5213121,108678,Parker Brault,Marshall,IOL,3,0.8022,3122,2025,HighSchool
5299733,108680,Le'Javier Payne,Eastern Illinois,CB,3,0.8017,3124,2025,HighSchool
5297926,108681,Zander Smith,North Dakota State,QB,3,0.8006,3125,2025,HighSchool
5304093,221522,Jack Pidgeon,Weber State,TE,3,0.8,3126,2025,HighSchool
5265366,221585,David Barker,New Mexico State,P,3,0.8,3126,2025,HighSchool
5298884,221534,Marquis Bradley,UC Davis,WR,3,0.8,3126,2025,HighSchool
5297951,221529,Gavin Wang,North Dakota State,OT,3,0.8,3126,2025,HighSchool
5298863,221536,Aden Jackson,UC Davis,RB,3,0.8,3126,2025,HighSchool
5298860,221560,Xzavior Guess,UC Davis,QB,3,0.8,3126,2025,HighSchool
5258022,221526,Tanner Mintz,Kent State,LB,3,0.8,3126,2025,HighSchool
5211750,221497,Stratton Fuller,Army,WR,3,0.8,3126,2025,HighSchool
5258331,221553,Sean Leonard,Kent State,K,3,0.8,3126,2025,HighSchool
5258482,221582,Nathan Sutcliffe,Colorado State,P,3,0.8,3126,2025,HighSchool
5295660,221570,Jack Wills,Michigan State,LS,3,0.8,3126,2025,HighSchool
5258021,221581,Nate Cross,Kent State,IOL,3,0.8,3126,2025,HighSchool
5298859,221516,Owen Scott,UC Davis,ATH,3,0.8,3126,2025,HighSchool
,221550,Reggie Terry,,IOL,3,0.8,3126,2025,HighSchool
,108682,Jeremy McDowell,Miami (OH),IOL,3,0.8,3126,2025,HighSchool
5301040,221556,Jaxon Moore,Sacramento State,OT,3,0.8,3126,2025,HighSchool
,221496,Aivery Haynesworth,,RB,3,0.8,3126,2025,HighSchool
,221498,Tanner Wilson,Army,QB,3,0.8,3126,2025,HighSchool
,221500,AJ Hill,,RB,3,0.8,3126,2025,HighSchool
,221503,Josiah Campbell,,LB,3,0.8,3126,2025,HighSchool
,221507,Hunter Ho,,DL,3,0.8,3126,2025,HighSchool
,221509,Caleb Matthews,,QB,3,0.8,3126,2025,HighSchool
,221510,Jaezen Lewis,,OT,3,0.8,3126,2025,HighSchool
,221519,Jakarius Fields,,ATH,3,0.8,3126,2025,HighSchool
,221511,Airriss Rosemond,Army,CB,3,0.8,3126,2025,HighSchool
,221520,Sam Knuth,,QB,3,0.8,3126,2025,HighSchool
,221513,Justin Foster,,DL,3,0.8,3126,2025,HighSchool
,221521,Beckam Featherstone,Utah State,DL,3,0.8,3126,2025,HighSchool
,221517,Amari Griffin,,QB,3,0.8,3126,2025,HighSchool
,221518,Darriel Harper,,WR,3,0.8,3126,2025,HighSchool
,221523,Jake Clapper,Army,IOL,3,0.8,3126,2025,HighSchool
,221525,Jackson Willis,,QB,3,0.8,3126,2025,HighSchool
,221527,Jeremiah Calvin,,QB,3,0.8,3126,2025,HighSchool
,221528,Jake Starcevic,Army,LB,3,0.8,3126,2025,HighSchool
,221530,Davyne Jones,St. Thomas,CB,3,0.8,3126,2025,HighSchool
,221532,Calondrey Hardy,,WR,3,0.8,3126,2025,HighSchool
,221535,Shane Klingelberg,,EDGE,3,0.8,3126,2025,HighSchool
,221561,Maxwell Turner,,RB,3,0.8,3126,2025,HighSchool
,221538,Isaac Gainor,,OT,3,0.8,3126,2025,HighSchool
,221564,Brady Dieffenbach,,WR,3,0.8,3126,2025,HighSchool
,221539,Ezekiel Orozco,,WR,3,0.8,3126,2025,HighSchool
,221565,Zayden Sharp,Air Force,WR,3,0.8,3126,2025,HighSchool
,221540,Cade Paterson,Air Force,S,3,0.8,3126,2025,HighSchool
,221541,Justice Croffie,,S,3,0.8,3126,2025,HighSchool
,221542,Max Harmer,,IOL,3,0.8,3126,2025,HighSchool
,221568,David Konan,,CB,3,0.8,3126,2025,HighSchool
,221543,Terry Lee,,CB,3,0.8,3126,2025,HighSchool
,221544,Will Van Cott,,DL,3,0.8,3126,2025,HighSchool
,221573,Lono Solomon,Portland State,S,3,0.8,3126,2025,HighSchool
,221545,Khalif Brown,,WR,3,0.8,3126,2025,HighSchool
,221576,Elijah Bechtel,Army,WR,3,0.8,3126,2025,HighSchool
,221577,Christian O'Neal,,WR,3,0.8,3126,2025,HighSchool
,221546,Chase Menefee,,CB,3,0.8,3126,2025,HighSchool
,221547,Joseph Calhoun,Air Force,ATH,3,0.8,3126,2025,HighSchool
,221578,Cole Clifton,,LB,3,0.8,3126,2025,HighSchool
,221579,Forrest Carter,,OT,3,0.8,3126,2025,HighSchool
,221548,Mark Edwards,,LB,3,0.8,3126,2025,HighSchool
,221549,Ivan De Silva,Air Force,DL,3,0.8,3126,2025,HighSchool
,221580,Noel Ramsey,,OT,3,0.8,3126,2025,HighSchool
,221551,Nolan James,,OT,3,0.8,3126,2025,HighSchool
,221552,Nate Lewis,,QB,3,0.8,3126,2025,HighSchool
,221554,Tyler Lewis,,QB,3,0.8,3126,2025,HighSchool
,221555,Terryn Thomas,,WR,3,0.8,3126,2025,HighSchool
,221558,Ahmad Grayer,,CB,3,0.8,3126,2025,HighSchool
,221583,Ryan-Jalen Tillman,Utah State,S,3,0.8,3126,2025,HighSchool
,221584,Zach Masters,,TE,3,0.8,3126,2025,HighSchool
5299195,221557,Aiden Krause,Georgetown,QB,3,0.8,3126,2025,HighSchool
5299989,221531,Jarvis Davis,Alabama A&M,WR,3,0.8,3126,2025,HighSchool
5299280,221571,Daniel Leupold,Holy Cross,EDGE,3,0.8,3126,2025,HighSchool
5300656,221567,Quinlan Hyatt,Montana,OT,3,0.8,3126,2025,HighSchool
5298489,221569,Seven Bullock,New Hampshire,WR,3,0.8,3126,2025,HighSchool
5264767,221563,Jared Smith,Utah State,OT,3,0.8,3126,2025,HighSchool
5300305,221515,Trenton Jones,Mercer,WR,3,0.8,3126,2025,HighSchool
5300748,221566,Baron White,Youngstown State,WR,3,0.8,3126,2025,HighSchool
5301013,221575,Jake Marzich,Pennsylvania,IOL,3,0.8,3126,2025,HighSchool
5301494,221524,Michael Wagner,North Dakota,IOL,3,0.8,3126,2025,HighSchool
5295452,221505,Deshaun Williams,Toledo,WR,3,0.8,3126,2025,HighSchool
5295045,221502,Zeke Martinez,Boise State,QB,3,0.8,3126,2025,HighSchool
5300699,221574,Jaden Taylor,Northern Arizona,ATH,3,0.8,3126,2025,HighSchool
5298178,221533,Wilson Medina,Eastern Washington,ATH,3,0.8,3126,2025,HighSchool
5297940,221537,Chase Brixius,North Dakota State,LB,3,0.8,3126,2025,HighSchool
5301145,221508,Kaden Clay,Southern Illinois,LB,3,0.8,3126,2025,HighSchool
5301150,221559,Donte Green,Southern Illinois,IOL,3,0.8,3126,2025,HighSchool
5300183,221504,Sione Vailea,San Diego,IOL,3,0.8,3126,2025,HighSchool
5298097,221501,Ian Willis,Illinois State,WR,3,0.8,3126,2025,HighSchool
5299774,221512,Teddy Chung,Harvard,S,3,0.8,3126,2025,HighSchool
5141512,221499,Julius Lane Jr,UAB,ATH,3,0.8,3126,2025,HighSchool
5258486,108683,Baylen Woodman,Middle Tennessee,K,3,0.8,3126,2025,HighSchool
5299440,221506,Christian Watson,Lafayette,CB,3,0.8,3126,2025,HighSchool
5301149,221587,Tristan Cooke-Dennis,Southern Illinois,OT,3,0.8,3126,2025,HighSchool
5298190,221562,Michael Gradle,Eastern Washington,OT,3,0.8,3126,2025,HighSchool
5301498,221572,Karter Peterson,North Dakota,TE,3,0.8,3126,2025,HighSchool
5301797,221586,Jozef Reisz,South Dakota State,ATH,3,0.8,3126,2025,HighSchool
5298304,221514,Nikko Speer,Idaho,LB,3,0.8,3126,2025,HighSchool
5216498,108684,Gabe Aramboles,Ball State,WR,3,0.7996,3220,2025,HighSchool
,108685,Mikhail Benner,Air Force,CB,3,0.7983,3221,2025,HighSchool
5223442,108686,Hunter Solwold,Washington,LS,3,0.797,3222,2025,HighSchool
5258018,108689,JR Hecklinski,New Mexico State,IOL,2,0.795,3223,2025,HighSchool
,108688,Sean Murphy,Air Force,IOL,2,0.795,3223,2025,HighSchool
,108687,Ata Matau,,IOL,2,0.795,3223,2025,HighSchool
,108690,Chuck Lanier,,EDGE,2,0.7944,3226,2025,HighSchool
5225507,108691,Cian Stack,Nevada,LS,2,0.7937,3227,2025,HighSchool
,108692,Jaxon Taylor,Fordham,IOL,2,0.7933,3228,2025,HighSchool
5265408,108693,Justin Wyatt Jr.,Nevada,S,2,0.7933,3228,2025,HighSchool
5297930,221636,Charles Ross,North Dakota State,ATH,2,0.79,3230,2025,HighSchool
5300446,221664,Noah Piper,Yale,K,2,0.79,3230,2025,HighSchool
5298856,221645,Tyler Hennessy,UC Davis,WR,2,0.79,3230,2025,HighSchool
5262647,221641,Lincoln Stueve,Arkansas State,EDGE,2,0.79,3230,2025,HighSchool
5258490,221670,Falelua Moalele,Hawai'i,DL,2,0.79,3230,2025,HighSchool
5295612,221668,Elliot Arnold,Colorado,K,2,0.79,3230,2025,HighSchool
5299372,221646,DonPaul Keith,Western Illinois,CB,2,0.79,3230,2025,HighSchool
5299377,221675,Justin Buckner,Western Illinois,LB,2,0.79,3230,2025,HighSchool
5301462,221612,Karson Kinsinger,Indiana State,OT,2,0.79,3230,2025,HighSchool
5296134,221650,Carson Hilbert,Louisville,K,2,0.79,3230,2025,HighSchool
5301938,221647,Cade Draper,Utah Tech,IOL,2,0.79,3230,2025,HighSchool
5297931,221618,Myles Mitchell,North Dakota State,ATH,2,0.79,3230,2025,HighSchool
5295997,221614,Seth Valeri,Northwestern,ATH,2,0.79,3230,2025,HighSchool
5265649,221678,Jake DeVos,New Mexico,EDGE,2,0.79,3230,2025,HighSchool
5297946,221617,Blake Schiltz,North Dakota State,LB,2,0.79,3230,2025,HighSchool
5258465,221669,Montrel Canion,Northern Illinois,DL,2,0.79,3230,2025,HighSchool
5300655,221672,Ezra Meyer,Montana,OT,2,0.79,3230,2025,HighSchool
5294256,221630,Matthew Parker,Penn State,K,2,0.79,3230,2025,HighSchool
5299129,221658,Nick Purdy,Columbia,OT,2,0.79,3230,2025,HighSchool
5301497,221596,Nathan Hromadka,North Dakota,TE,2,0.79,3230,2025,HighSchool
5300687,221638,Carter Curnow,Montana State,ATH,2,0.79,3230,2025,HighSchool
5302122,221631,Caisen Thome,South Dakota,S,2,0.79,3230,2025,HighSchool
5298557,221626,James Schlendorf,Bucknell,CB,2,0.79,3230,2025,HighSchool
5298843,221610,Michael Stevenson,Colgate,TE,2,0.79,3230,2025,HighSchool
5299729,221599,Brady Ford,Eastern Illinois,QB,2,0.79,3230,2025,HighSchool
5301814,221654,Reggie Kloehn,South Dakota State,DL,2,0.79,3230,2025,HighSchool
5299703,221622,Santino Cicarella,Dartmouth,WR,2,0.79,3230,2025,HighSchool
5299715,221666,Charlie Prior,Dartmouth,S,2,0.79,3230,2025,HighSchool
5298603,221629,Kyce Shamma,Davidson,EDGE,2,0.79,3230,2025,HighSchool
5300301,221635,Ty Doughty,Mercer,ATH,2,0.79,3230,2025,HighSchool
5299748,221653,Barron Sholl,Eastern Illinois,EDGE,2,0.79,3230,2025,HighSchool
5300673,221651,Luke Oxarart,Montana State,ATH,2,0.79,3230,2025,HighSchool
5298101,221639,Tyler Lofton,Illinois State,RB,2,0.79,3230,2025,HighSchool
5301805,221648,JB Walters,South Dakota State,IOL,2,0.79,3230,2025,HighSchool
5301784,221628,Justin Kabera,South Dakota State,CB,2,0.79,3230,2025,HighSchool
5298172,221607,Anthony Quinones,Eastern Washington,QB,2,0.79,3230,2025,HighSchool
5300664,221660,Logan Knaevelsrud,Montana,ATH,2,0.79,3230,2025,HighSchool
5298118,221659,Brady Goken,Illinois State,TE,2,0.79,3230,2025,HighSchool
5298117,221643,Travis Stamm,Illinois State,ATH,2,0.79,3230,2025,HighSchool
,221633,Ethan Moore,,S,2,0.79,3230,2025,HighSchool
,221671,Tydon Jones,Utah State,LB,2,0.79,3230,2025,HighSchool
,221632,Brody Videto,,TE,2,0.79,3230,2025,HighSchool
,221657,Hunter Derr,,RB,2,0.79,3230,2025,HighSchool
,221644,Tyler Brinks,Grand Valley State,EDGE,2,0.79,3230,2025,HighSchool
,221656,Jeremiah Polk,Brown,CB,2,0.79,3230,2025,HighSchool
,221642,Israel Hiraldo,,WR,2,0.79,3230,2025,HighSchool
,221655,Bryce Hevesy,Army,OT,2,0.79,3230,2025,HighSchool
,221652,Xavier Grant,Air Force,RB,2,0.79,3230,2025,HighSchool
,221627,Taylor Higham,,LB,2,0.79,3230,2025,HighSchool
,221625,Jojo Hyer,,WR,2,0.79,3230,2025,HighSchool
,221624,Brody Weir,,DL,2,0.79,3230,2025,HighSchool
,221662,Landon Davis,,RB,2,0.79,3230,2025,HighSchool
,221589,Marquis Peoples Jr.,,ATH,2,0.79,3230,2025,HighSchool
,221590,Jalen Slaughter,,QB,2,0.79,3230,2025,HighSchool
,221591,Kaden Rolfness,Eastern Washington,QB,2,0.79,3230,2025,HighSchool
,221609,Joseph Kramlich,Air Force,CB,2,0.79,3230,2025,HighSchool
,221661,Matthew Carr,,ATH,2,0.79,3230,2025,HighSchool
,221593,Jake Davidson,,QB,2,0.79,3230,2025,HighSchool
,221595,Jeremiah Sanders,,WR,2,0.79,3230,2025,HighSchool
,221597,Jace Pina,,WR,2,0.79,3230,2025,HighSchool
,221598,Elmotie Williams,,IOL,2,0.79,3230,2025,HighSchool
,221600,Nehemiah Brunson,Army,WR,2,0.79,3230,2025,HighSchool
,221601,Reece Little,,TE,2,0.79,3230,2025,HighSchool
,221602,Amari Valerio-Hudson,Army,ATH,2,0.79,3230,2025,HighSchool
,221603,Wesley Valgardson,Utah Tech,CB,2,0.79,3230,2025,HighSchool
,221608,Timothy Craig,,ATH,2,0.79,3230,2025,HighSchool
,221605,Nasio Otukolo,,RB,2,0.79,3230,2025,HighSchool
5300312,221649,Kims Pierre,Mercer,CB,2,0.79,3230,2025,HighSchool
,221588,Jaxon Knutson,,QB,2,0.79,3230,2025,HighSchool
,221606,Holland Harris,,QB,2,0.79,3230,2025,HighSchool
,221592,Jack Lockhart,,S,2,0.79,3230,2025,HighSchool
,221623,Mitchell George,,OT,2,0.79,3230,2025,HighSchool
,221621,Mike Wright,,DL,2,0.79,3230,2025,HighSchool
,221619,Cornell Beard,,RB,2,0.79,3230,2025,HighSchool
,221616,Aaron Dowdell,,ATH,2,0.79,3230,2025,HighSchool
,221615,Holden Nagin,,QB,2,0.79,3230,2025,HighSchool
,221613,Xzavier Grabher,Army,IOL,2,0.79,3230,2025,HighSchool
5298518,221620,Hoyt Gregory,Lindenwood,QB,2,0.79,3230,2025,HighSchool
,221611,Sante Gasperoni,,QB,2,0.79,3230,2025,HighSchool
,221594,Jarve Bey,,DL,2,0.79,3230,2025,HighSchool
5211481,221604,Graysen Schneider,Montana State,EDGE,2,0.79,3230,2025,HighSchool
,221665,Jerell Clement,,WR,2,0.79,3230,2025,HighSchool
,221663,Evan Kludt,South Dakota,WR,2,0.79,3230,2025,HighSchool
5264909,221677,Justin Schmidt,Purdue,LS,2,0.79,3230,2025,HighSchool
,221640,Jonathan Edwards,,LB,2,0.79,3230,2025,HighSchool
,221667,Tykell Hammers,,WR,2,0.79,3230,2025,HighSchool
,221676,Harley Rizzs,,RB,2,0.79,3230,2025,HighSchool
,221674,Khylan Osbey,Grand Valley State,RB,2,0.79,3230,2025,HighSchool
,221637,Jacob Doyle,Air Force,RB,2,0.79,3230,2025,HighSchool
,221673,Barry Howard,Grand Valley State,OT,2,0.79,3230,2025,HighSchool
,221634,Demond Littles,UC Davis,WR,2,0.79,3230,2025,HighSchool
5257978,108694,Cade Brook,Wyoming,EDGE,2,0.7883,3321,2025,HighSchool
5294289,108695,Jason Arredondo,Tulane,LS,2,0.785,3322,2025,HighSchool
5258329,108696,Boston Crowell,Kent State,IOL,2,0.7844,3323,2025,HighSchool
5296238,108697,Henry Searcy,Pittsburgh,LS,2,0.7822,3324,2025,HighSchool
5296453,221770,Breylon McCuller,Missouri State,EDGE,2,0.78,3325,2025,HighSchool
5295266,221716,Maverick Geske,Indiana,QB,2,0.78,3325,2025,HighSchool
5297959,221713,Dylan Vokal,North Dakota State,S,2,0.78,3325,2025,HighSchool
5296607,221725,Jack Burzynski,New Mexico,EDGE,2,0.78,3325,2025,HighSchool
5264660,221728,Afy Ibekwe,Northern Illinois,WR,2,0.78,3325,2025,HighSchool
5295999,221772,Lincoln Creager,Northwestern,S,2,0.78,3325,2025,HighSchool
5302647,221741,Ryder Villarreal,Wagner,LB,2,0.78,3325,2025,HighSchool
5297944,221750,Gavin Sell,North Dakota State,LB,2,0.78,3325,2025,HighSchool
5304142,221724,Jaiden Allos,Mercyhurst,ATH,2,0.78,3325,2025,HighSchool
5300179,221706,Zach Struempf,San Diego,IOL,2,0.78,3325,2025,HighSchool
5298198,221755,Nick Savage,Eastern Washington,IOL,2,0.78,3325,2025,HighSchool
5298200,221731,Dylan Scott,Eastern Washington,IOL,2,0.78,3325,2025,HighSchool
5295369,221777,Luke Grant,Memphis,LS,2,0.78,3325,2025,HighSchool
5298102,221762,Wyatt Mueller,Illinois State,S,2,0.78,3325,2025,HighSchool
5298209,221745,Zander Turner,Eastern Washington,TE,2,0.78,3325,2025,HighSchool
5299110,221717,Petar Strbac,Fordham,IOL,2,0.78,3325,2025,HighSchool
5298840,221692,Gabriel Haines,Colgate,IOL,2,0.78,3325,2025,HighSchool
5300672,221778,Shanko Kornachuk,Montana State,RB,2,0.78,3325,2025,HighSchool
5301481,221707,Owen Thielges,North Dakota,ATH,2,0.78,3325,2025,HighSchool
5301780,221782,Carter York,South Dakota State,WR,2,0.78,3325,2025,HighSchool
5301478,221758,Griffin Broderick,North Dakota,RB,2,0.78,3325,2025,HighSchool
5304419,221775,Tanner Rinderknecht,Northern Illinois,IOL,2,0.78,3325,2025,HighSchool
5299829,221686,Nicholas McCullough,Harvard,EDGE,2,0.78,3325,2025,HighSchool
5211198,221684,Chance Johnson,Indiana,OT,2,0.78,3325,2025,HighSchool
5298312,221780,Cameron Glenn,Idaho,IOL,2,0.78,3325,2025,HighSchool
5301479,221735,Charles Langama,North Dakota,RB,2,0.78,3325,2025,HighSchool
5298297,221691,Wyatt Mickelberry,Idaho,RB,2,0.78,3325,2025,HighSchool
5391358,221761,Jacob Williams,Navy,ATH,2,0.78,3325,2025,HighSchool
5298302,221682,Taeshaun Reese,Idaho,RB,2,0.78,3325,2025,HighSchool
5301544,221711,Jack Beardall,Southern Utah,IOL,2,0.78,3325,2025,HighSchool
5301450,221732,Micah McNair,Indiana State,LB,2,0.78,3325,2025,HighSchool
5299765,221709,Tyler Fortis,Eastern Illinois,DL,2,0.78,3325,2025,HighSchool
5299325,221771,Dylan Congdon,Campbell,OT,2,0.78,3325,2025,HighSchool
5300651,221779,Bridger Salvevold,Montana,LB,2,0.78,3325,2025,HighSchool
5298188,221774,Lijah Petelo,Eastern Washington,EDGE,2,0.78,3325,2025,HighSchool
5300659,221705,Bridger Smith,Montana,WR,2,0.78,3325,2025,HighSchool
5302132,221703,Max Coles,South Dakota,DL,2,0.78,3325,2025,HighSchool
5298103,221754,Javien Jackson,Illinois State,S,2,0.78,3325,2025,HighSchool
5301043,221704,Trey Bass,Sacramento State,WR,2,0.78,3325,2025,HighSchool
,221700,Ashton Rees,,S,2,0.78,3325,2025,HighSchool
,221767,Isaac Poot,Grand Valley State,S,2,0.78,3325,2025,HighSchool
,221773,Zayden Stevens,,QB,2,0.78,3325,2025,HighSchool
5301452,221685,Gavin Hagan,Indiana State,S,2,0.78,3325,2025,HighSchool
,221776,Deshawne Phillips,Grand Valley State,LB,2,0.78,3325,2025,HighSchool
5300643,221768,Chase Cook,Montana,ATH,2,0.78,3325,2025,HighSchool
,221781,Matt Murphy,,IOL,2,0.78,3325,2025,HighSchool
,221727,Mylek Lee,,S,2,0.78,3325,2025,HighSchool
,221739,Isaac White,,RB,2,0.78,3325,2025,HighSchool
5298847,221708,Martin Geary,Colgate,DL,2,0.78,3325,2025,HighSchool
,221726,Kam Montgomery,,QB,2,0.78,3325,2025,HighSchool
5299410,221757,Sean Connell,Brown,ATH,2,0.78,3325,2025,HighSchool
,221746,Dionte Thigpen,,WR,2,0.78,3325,2025,HighSchool
,221699,Simeon Brown,,WR,2,0.78,3325,2025,HighSchool
,221722,Ryan McGarry,,IOL,2,0.78,3325,2025,HighSchool
,221721,Daniel Brown,,ATH,2,0.78,3325,2025,HighSchool
,221698,Jordan Simes,,QB,2,0.78,3325,2025,HighSchool
,221697,Bradley Eaton,,ATH,2,0.78,3325,2025,HighSchool
,221756,Jordan Fuifui,,IOL,2,0.78,3325,2025,HighSchool
,221696,Beckett Miller,,TE,2,0.78,3325,2025,HighSchool
,221720,Jovan Love,,ATH,2,0.78,3325,2025,HighSchool
,221695,Oliver Macy,Portland State,LB,2,0.78,3325,2025,HighSchool
,221694,Ace Simonson,,IOL,2,0.78,3325,2025,HighSchool
,221737,Ezekiel Conley,,ATH,2,0.78,3325,2025,HighSchool
,221712,Mylen Lenix,,RB,2,0.78,3325,2025,HighSchool
,221710,Colby Bailey,,RB,2,0.78,3325,2025,HighSchool
,221747,Hayden Danielson,Grand Valley State,LB,2,0.78,3325,2025,HighSchool
,221759,Sean Bailey,Grand Valley State,TE,2,0.78,3325,2025,HighSchool
,221748,Tristan Johnson,,CB,2,0.78,3325,2025,HighSchool
,221683,Isaiah Rogers,,QB,2,0.78,3325,2025,HighSchool
,221681,Trey Jacobsen,Idaho State,ATH,2,0.78,3325,2025,HighSchool
,221690,Mason Chadwell,,WR,2,0.78,3325,2025,HighSchool
,221680,Jackson Heims,,EDGE,2,0.78,3325,2025,HighSchool
,221689,Trezelle Jenkins Jr.,,IOL,2,0.78,3325,2025,HighSchool
,221749,Isaiah Jones,,ATH,2,0.78,3325,2025,HighSchool
,221688,Latavious Welch,Rhode Island,RB,2,0.78,3325,2025,HighSchool
,221730,Alex Reese,,TE,2,0.78,3325,2025,HighSchool
,221679,Connor O'Rourke,,WR,2,0.78,3325,2025,HighSchool
,221687,Damon Stennis,Grand Valley State,WR,2,0.78,3325,2025,HighSchool
,221738,Jake Bushelman,Army,S,2,0.78,3325,2025,HighSchool
,221715,Cooper Mansfield,,OT,2,0.78,3325,2025,HighSchool
5265528,221693,Jalen Bonds,Ball State,RB,2,0.78,3325,2025,HighSchool
,221751,Frankie Rivera,,IOL,2,0.78,3325,2025,HighSchool
,221742,Greg Myles,,IOL,2,0.78,3325,2025,HighSchool
,221714,K'Vuone McNeal,,EDGE,2,0.78,3325,2025,HighSchool
,221760,Will Korenstra,Grand Valley State,ATH,2,0.78,3325,2025,HighSchool
,221752,Merek Mihelish,Montana,ATH,2,0.78,3325,2025,HighSchool
,221718,Drew Rankin,,ATH,2,0.78,3325,2025,HighSchool
,221702,Elijah Andersen,Idaho State,ATH,2,0.78,3325,2025,HighSchool
,221743,Benjamin Sollis,Southern Utah,IOL,2,0.78,3325,2025,HighSchool
,221733,Alex Perez,,S,2,0.78,3325,2025,HighSchool
,221719,Jaden Rogers,Army,DL,2,0.78,3325,2025,HighSchool
,221744,Abram Larner,Grand Valley State,WR,2,0.78,3325,2025,HighSchool
,221734,Aiden Jones,Saint Francis (PA),ATH,2,0.78,3325,2025,HighSchool
,221753,Lance Blakely,,IOL,2,0.78,3325,2025,HighSchool
,221736,Parker Graham,Idaho State,ATH,2,0.78,3325,2025,HighSchool
,221763,Nigel Grisby,Indiana State,CB,2,0.78,3325,2025,HighSchool
,221764,Bryce McCray,Idaho State,ATH,2,0.78,3325,2025,HighSchool
5301199,221723,David Parks,Howard,TE,2,0.78,3325,2025,HighSchool
,221765,Sean Dillard,,WR,2,0.78,3325,2025,HighSchool
,221729,Isaiah Wilson,,ATH,2,0.78,3325,2025,HighSchool
,221766,Samuel Etienne,Portland State,CB,2,0.78,3325,2025,HighSchool
,221740,Truman Brasfield,Navy,WR,2,0.78,3325,2025,HighSchool
,221769,Kartell Purvis,,QB,2,0.78,3325,2025,HighSchool
,221701,Elijah Dawkins,,CB,2,0.78,3325,2025,HighSchool
5229333,108698,Braydyn Sage,New Mexico State,LS,2,0.7789,3429,2025,HighSchool
5301440,221796,Brady Wilson,Indiana State,QB,2,0.77,3430,2025,HighSchool
5298069,221831,Hudson Giarritta,Cal Poly,WR,2,0.77,3430,2025,HighSchool
5298841,221839,Jacob Hoffman,Colgate,IOL,2,0.77,3430,2025,HighSchool
5299115,221819,Xander Eschelman,Columbia,QB,2,0.77,3430,2025,HighSchool
5299142,221853,Nicolas Matejka,Columbia,EDGE,2,0.77,3430,2025,HighSchool
5299133,221812,Simon VanderWel,Columbia,IOL,2,0.77,3430,2025,HighSchool
5302126,221810,Dylan Hudgens,South Dakota,LB,2,0.77,3430,2025,HighSchool
5299546,221872,Manan Raina,Cornell,IOL,2,0.77,3430,2025,HighSchool
5293690,221798,Landin Hoeppner,Army,S,2,0.77,3430,2025,HighSchool
5298751,221854,Nick Seng,Drake,WR,2,0.77,3430,2025,HighSchool
5299735,221789,Reed Blake-Thomas,Eastern Illinois,LB,2,0.77,3430,2025,HighSchool
5298340,221834,Jake Lopinto,Robert Morris,LB,2,0.77,3430,2025,HighSchool
5298524,221847,La'Revious Woods,Lindenwood,RB,2,0.77,3430,2025,HighSchool
5298535,221818,Carter Briddell,Lindenwood,IOL,2,0.77,3430,2025,HighSchool
5298197,221832,Gauge Larsen,Eastern Washington,EDGE,2,0.77,3430,2025,HighSchool
5298748,221806,Nick Herman,Drake,ATH,2,0.77,3430,2025,HighSchool
5298311,221844,Caden Siegner,Idaho,EDGE,2,0.77,3430,2025,HighSchool
5293703,221828,Nolan Johnson,Army,ATH,2,0.77,3430,2025,HighSchool
5300686,221859,Kash Embry,Montana State,ATH,2,0.77,3430,2025,HighSchool
5298313,221863,Ryan Holmes,Idaho,IOL,2,0.77,3430,2025,HighSchool
5298285,221811,Maddox Spencer,Charleston Southern,WR,2,0.77,3430,2025,HighSchool
5301445,221848,Maximus McCool,Indiana State,RB,2,0.77,3430,2025,HighSchool
5301444,221842,Zakiese Smith,Indiana State,CB,2,0.77,3430,2025,HighSchool
5298089,221790,Manaalii Danielson,Cal Poly,EDGE,2,0.77,3430,2025,HighSchool
5299403,221868,Elijah Jones,Brown,RB,2,0.77,3430,2025,HighSchool
5299146,221857,Rhett Thompson,Bryant,QB,2,0.77,3430,2025,HighSchool
5300450,221833,Max Ruedebusch,Yale,TE,2,0.77,3430,2025,HighSchool
5295396,221852,Brady O'Connor,Navy,LB,2,0.77,3430,2025,HighSchool
5297945,221799,Jacob Wrbanek,North Dakota State,LB,2,0.77,3430,2025,HighSchool
5295187,221860,Luke Sivon,Akron,WR,2,0.77,3430,2025,HighSchool
5293725,221850,Ben Konopka,Army,IOL,2,0.77,3430,2025,HighSchool
5300439,221814,Jev Hutton,Yale,EDGE,2,0.77,3430,2025,HighSchool
5263587,221864,Matthew Maxey,Kent State,WR,2,0.77,3430,2025,HighSchool
5295653,221869,Darrin Jones Jr.,Michigan State,RB,2,0.77,3430,2025,HighSchool
,221855,Broden Molen,,LS,2,0.77,3430,2025,HighSchool
5301446,221824,Zach Coleman,Indiana State,CB,2,0.77,3430,2025,HighSchool
5300685,221861,Ben Winters,Montana State,IOL,2,0.77,3430,2025,HighSchool
,221791,Jayden Lockhart,,DL,2,0.77,3430,2025,HighSchool
,221792,Malakai Maiava,,EDGE,2,0.77,3430,2025,HighSchool
,221793,Jack Wheeler,,WR,2,0.77,3430,2025,HighSchool
,221794,Jerimyah Mitchell,,CB,2,0.77,3430,2025,HighSchool
,221795,Treyson Eddleman,,LB,2,0.77,3430,2025,HighSchool
,221797,Luke Alexander,,QB,2,0.77,3430,2025,HighSchool
,221800,Niko Ta'a,,ATH,2,0.77,3430,2025,HighSchool
,221801,Chase Dinaburg,,EDGE,2,0.77,3430,2025,HighSchool
,221802,Michael Chude,Grand Valley State,EDGE,2,0.77,3430,2025,HighSchool
,221803,Dakarri Hollis,,QB,2,0.77,3430,2025,HighSchool
,221804,Josh Tate,,RB,2,0.77,3430,2025,HighSchool
,221805,Avery Pavlak,,IOL,2,0.77,3430,2025,HighSchool
,221807,Chris Little,Grand Valley State,CB,2,0.77,3430,2025,HighSchool
,221808,Kalani Mcleod,,QB,2,0.77,3430,2025,HighSchool
,221783,Seanje Finister,,CB,2,0.77,3430,2025,HighSchool
,221809,Randy Kweyete,,S,2,0.77,3430,2025,HighSchool
,221784,Hudson Hardy,,ATH,2,0.77,3430,2025,HighSchool
,221785,Bowen Gossett,,IOL,2,0.77,3430,2025,HighSchool
,221786,Zyon Floyd,Portland State,ATH,2,0.77,3430,2025,HighSchool
,221787,Jaylen Viars,,QB,2,0.77,3430,2025,HighSchool
,221788,Jojo Matautia,Idaho,IOL,2,0.77,3430,2025,HighSchool
,221813,Donovan Hamlin,,WR,2,0.77,3430,2025,HighSchool
,221816,Andre Jameson,,ATH,2,0.77,3430,2025,HighSchool
,221817,Rhett VanBoening,Army,IOL,2,0.77,3430,2025,HighSchool
,221829,Jackson Cinfel,,RB,2,0.77,3430,2025,HighSchool
,221830,Darryle Geter,,CB,2,0.77,3430,2025,HighSchool
,221820,Tayvion Smith,,ATH,2,0.77,3430,2025,HighSchool
,221821,Jevon Jones,,IOL,2,0.77,3430,2025,HighSchool
,221815,Trey Peters,,TE,2,0.77,3430,2025,HighSchool
,221822,Jimmy Bogle,,IOL,2,0.77,3430,2025,HighSchool
,221823,DeAndre Coates,,WR,2,0.77,3430,2025,HighSchool
,221825,Jake Willis,,WR,2,0.77,3430,2025,HighSchool
,221826,Tyon Spiller,Navy,S,2,0.77,3430,2025,HighSchool
,221836,Thomas Gerke,,DL,2,0.77,3430,2025,HighSchool
,221827,Charles Smith,,S,2,0.77,3430,2025,HighSchool
,221837,Kade Friesen,,EDGE,2,0.77,3430,2025,HighSchool
,221838,Gibson Connelly,Grand Valley State,TE,2,0.77,3430,2025,HighSchool
,221840,Daylan Pringle,,CB,2,0.77,3430,2025,HighSchool
,221841,Jordan Watson,,DL,2,0.77,3430,2025,HighSchool
,221835,Mstafa Aljanaby,,WR,2,0.77,3430,2025,HighSchool
,221843,Caleb Bowman,,IOL,2,0.77,3430,2025,HighSchool
,221845,Dreshaun Johnson,Grand Valley State,ATH,2,0.77,3430,2025,HighSchool
,221846,Landon Bailey,Portland State,TE,2,0.77,3430,2025,HighSchool
,221856,Michael Dziadula,Grand Valley State,IOL,2,0.77,3430,2025,HighSchool
,221866,Joseph Lattimore,,WR,2,0.77,3430,2025,HighSchool
,221849,Jordan Miller,,OT,2,0.77,3430,2025,HighSchool
,221867,Chase Schefke,Grand Valley State,EDGE,2,0.77,3430,2025,HighSchool
,221858,Logan Pheiffer,,QB,2,0.77,3430,2025,HighSchool
,221870,Gavin Vradenburg,,WR,2,0.77,3430,2025,HighSchool
,221871,Erik Murray,Western Illinois,IOL,2,0.77,3430,2025,HighSchool
,221862,Johnathon Collier,,DL,2,0.77,3430,2025,HighSchool
,221851,Nick Crowley,,WR,2,0.77,3430,2025,HighSchool
,221865,Quintin Kirby,,CB,2,0.77,3430,2025,HighSchool
,221888,Josh Crandall,,EDGE,2,0.76,3520,2025,HighSchool
,221892,Christian Hooge,,ATH,2,0.76,3520,2025,HighSchool
,221874,Ethan Carter,,LB,2,0.76,3520,2025,HighSchool
,221875,Trey Sloothaak,Grand Valley State,ATH,2,0.76,3520,2025,HighSchool
,221876,Matthew McCraw,,LB,2,0.76,3520,2025,HighSchool
,221877,Marley Alcantara,,QB,2,0.76,3520,2025,HighSchool
,221878,Lamont Wilcoxson,,ATH,2,0.76,3520,2025,HighSchool
,221894,Bryce Harriman,,IOL,2,0.76,3520,2025,HighSchool
,221879,Kylan Stueball,Grand Valley State,QB,2,0.76,3520,2025,HighSchool
,221896,Isaac Foster,,OT,2,0.76,3520,2025,HighSchool
,221904,Benji Allen,,ATH,2,0.76,3520,2025,HighSchool
,221897,Michael Reder,,DL,2,0.76,3520,2025,HighSchool
,221898,Jrue Kante,,DL,2,0.76,3520,2025,HighSchool
,221880,Kainoa Hayes,,DL,2,0.76,3520,2025,HighSchool
,221899,Tray Haido,,S,2,0.76,3520,2025,HighSchool
,221900,Decarion Raney,Grand Valley State,DL,2,0.76,3520,2025,HighSchool
,221901,JShawn Kennedy,,IOL,2,0.76,3520,2025,HighSchool
,221902,Jaielen Peacock,,WR,2,0.76,3520,2025,HighSchool
,221906,Dereon Sanders,,IOL,2,0.76,3520,2025,HighSchool
,221907,Noah Oury,Grand Valley State,QB,2,0.76,3520,2025,HighSchool
,221908,Mike Misner,,OT,2,0.76,3520,2025,HighSchool
,221925,Landon Tungate,,QB,2,0.76,3520,2025,HighSchool
,221926,Liam Albright,Morehead State,IOL,2,0.76,3520,2025,HighSchool
,221909,Jacob Bellinger,,IOL,2,0.76,3520,2025,HighSchool
,221911,Nick Peipert,St. Thomas,QB,2,0.76,3520,2025,HighSchool
,221928,Boluwatife Jetawo,Stetson,DL,2,0.76,3520,2025,HighSchool
,221913,Jimmy McKenzie,San Diego,EDGE,2,0.76,3520,2025,HighSchool
,221914,Jonnell George,Grand Valley State,EDGE,2,0.76,3520,2025,HighSchool
,221916,Ethan Stendell,,EDGE,2,0.76,3520,2025,HighSchool
,221917,Drew Sikora,,TE,2,0.76,3520,2025,HighSchool
,221887,Josh Moody,,QB,2,0.76,3520,2025,HighSchool
,221918,Justin Jones,,ATH,2,0.76,3520,2025,HighSchool
,221886,Vory Peacock,,EDGE,2,0.76,3520,2025,HighSchool
,221885,Jacob Tur,Grand Valley State,DL,2,0.76,3520,2025,HighSchool
,221920,Rex Salas,Idaho State,OT,2,0.76,3520,2025,HighSchool
,221884,James Penley,,WR,2,0.76,3520,2025,HighSchool
,221883,Ricky Cole,,QB,2,0.76,3520,2025,HighSchool
,221882,Connor Johnstone,,IOL,2,0.76,3520,2025,HighSchool
,221881,Carson Lamb,,QB,2,0.76,3520,2025,HighSchool
,221923,Wehbe Elie Wehbe,,EDGE,2,0.76,3520,2025,HighSchool
,221873,Logan Malachuk,,QB,2,0.76,3520,2025,HighSchool
5257316,221905,Nolan Miller,Western Michigan,IOL,2,0.76,3520,2025,HighSchool
5301141,221889,Chase Reynolds,Southern Illinois,ATH,2,0.76,3520,2025,HighSchool
5301488,221910,Brody Thornton,North Dakota,EDGE,2,0.76,3520,2025,HighSchool
5298673,221929,Hayden Volz,Southeast Missouri State,IOL,2,0.76,3520,2025,HighSchool
5298319,221919,Austin Flaherty,Idaho,EDGE,2,0.76,3520,2025,HighSchool
5299746,221903,Jett Reese,Eastern Illinois,LB,2,0.76,3520,2025,HighSchool
5299742,221891,Kennyan Chandler,Eastern Illinois,LB,2,0.76,3520,2025,HighSchool
5300087,221921,Tyler Isaacson,Morehead State,IOL,2,0.76,3520,2025,HighSchool
5304153,221893,Gavin Burt,Mercyhurst,LB,2,0.76,3520,2025,HighSchool
5298316,221915,Leronn Nelson,Idaho,OT,2,0.76,3520,2025,HighSchool
5265482,221930,Charlie Houston,Wyoming,LS,2,0.76,3520,2025,HighSchool
5298708,221924,Albert Murillo,Dayton,IOL,2,0.76,3520,2025,HighSchool
5298468,221922,Michael Dellumo,Butler,RB,2,0.76,3520,2025,HighSchool
5298573,221912,Kato Meissner,Bucknell,DL,2,0.76,3520,2025,HighSchool
5296046,221927,Finn Goodman,Purdue,EDGE,2,0.76,3520,2025,HighSchool
5293738,221895,Charlie Daly,Army,LB,2,0.76,3520,2025,HighSchool
5294066,221890,Jack Wanzung,Vanderbilt,ATH,2,0.76,3520,2025,HighSchool
,221967,Joseph Kolega,,WR,2,0.75,3578,2025,HighSchool
,221931,Conner Temple,,WR,2,0.75,3578,2025,HighSchool
,221932,James Young,,QB,2,0.75,3578,2025,HighSchool
,221936,Darekeo Speech,,ATH,2,0.75,3578,2025,HighSchool
,221933,Cooper Pyle,,OT,2,0.75,3578,2025,HighSchool
,221937,Elijah Bow,,RB,2,0.75,3578,2025,HighSchool
,221934,Jerrold Anderson,,EDGE,2,0.75,3578,2025,HighSchool
,221939,Will Kowalewski,,OT,2,0.75,3578,2025,HighSchool
,221942,Cameron Summerour,Grand Valley State,ATH,2,0.75,3578,2025,HighSchool
,221943,Braylen Landrum,,EDGE,2,0.75,3578,2025,HighSchool
,221935,Axel Newell,,QB,2,0.75,3578,2025,HighSchool
,221944,Dallas Munn,,QB,2,0.75,3578,2025,HighSchool
,221945,James MacKinney,St. Thomas,EDGE,2,0.75,3578,2025,HighSchool
,221973,Randall McDonald,,QB,2,0.75,3578,2025,HighSchool
,221946,Mack Kelson,,QB,2,0.75,3578,2025,HighSchool
,221947,Dom Spinazze,,TE,2,0.75,3578,2025,HighSchool
,221948,Carson Hein,,IOL,2,0.75,3578,2025,HighSchool
,221949,Tyler Gooding,,RB,2,0.75,3578,2025,HighSchool
,221951,Carson Dykstra,,WR,2,0.75,3578,2025,HighSchool
,221952,Braden Rabideau,,WR,2,0.75,3578,2025,HighSchool
,221953,Mason Wendt,,IOL,2,0.75,3578,2025,HighSchool
,221955,Guy Tubbs,,LB,2,0.75,3578,2025,HighSchool
,221956,Elizah Jolly,Grand Valley State,EDGE,2,0.75,3578,2025,HighSchool
,221958,Will Ingle,,LB,2,0.75,3578,2025,HighSchool
,221959,Kelan McInerney,Drake,WR,2,0.75,3578,2025,HighSchool
,221960,Chase Dawkins,,RB,2,0.75,3578,2025,HighSchool
,221961,Brennen Eliassen,,OT,2,0.75,3578,2025,HighSchool
,221962,Noah Hart,Grand Valley State,CB,2,0.75,3578,2025,HighSchool
,221963,Lucas Tic,,IOL,2,0.75,3578,2025,HighSchool
,221964,Dwataye Sams,,ATH,2,0.75,3578,2025,HighSchool
,221966,Adrian Cooper,,LB,2,0.75,3578,2025,HighSchool
,221968,Jett Barnum,,ATH,2,0.75,3578,2025,HighSchool
,221969,Jack Ryszetnyk,,IOL,2,0.75,3578,2025,HighSchool
,221970,Jason Gillespie,,DL,2,0.75,3578,2025,HighSchool
,221971,Warren Yanong,,LB,2,0.75,3578,2025,HighSchool
5298762,221957,Michael Kelly,Drake,WR,2,0.75,3578,2025,HighSchool
5301499,221940,Jimmie Maxson III,North Dakota,WR,2,0.75,3578,2025,HighSchool
5298193,221941,Jackson Ritchie,Eastern Washington,OT,2,0.75,3578,2025,HighSchool
5299529,221954,John McAuliffe,Cornell,RB,2,0.75,3578,2025,HighSchool
5298309,221938,Jack Giannini,Idaho,LB,2,0.75,3578,2025,HighSchool
5299719,221950,John Hashem Saleh,Dartmouth,IOL,2,0.75,3578,2025,HighSchool
5298574,221972,Liam Rooney,Bucknell,DL,2,0.75,3578,2025,HighSchool
5298170,221974,Charlie Young,Duquesne,IOL,2,0.75,3578,2025,HighSchool
5298760,221965,Ryan Donnelly,Drake,TE,2,0.75,3578,2025,HighSchool
5298499,221988,Max Mendoza,New Hampshire,LB,2,0.74,3622,2025,HighSchool
5298706,221987,Lazar Babic,Dayton,IOL,2,0.74,3622,2025,HighSchool
5302637,221983,Tommy Morris,Wagner,QB,2,0.74,3622,2025,HighSchool
5265535,221990,Michael Varon,Ball State,IOL,2,0.74,3622,2025,HighSchool
,221984,Shawn Jones,,IOL,2,0.74,3622,2025,HighSchool
,221980,Brady Hamby,,LB,2,0.74,3622,2025,HighSchool
,221989,Andrew Lurvey,,ATH,2,0.74,3622,2025,HighSchool
,221985,Kayden Forbes,,RB,2,0.74,3622,2025,HighSchool
,221976,Jonathan Pittman,,QB,2,0.74,3622,2025,HighSchool
,221981,Dawson LaPlante,,IOL,2,0.74,3622,2025,HighSchool
,221979,River Chaney,,ATH,2,0.74,3622,2025,HighSchool
,221975,Cailin Scott,,LB,2,0.74,3622,2025,HighSchool
,221978,Syncere Hobson,,DL,2,0.74,3622,2025,HighSchool
,221977,Jaden Mills,,ATH,2,0.74,3622,2025,HighSchool
,221982,Darryl Carter,,ATH,2,0.74,3622,2025,HighSchool
,221986,Liam Kania,,EDGE,2,0.74,3622,2025,HighSchool
,221996,Tyler Methner,,IOL,2,0.73,3638,2025,HighSchool
,221991,Keion Ashjaee-Marshall,,ATH,2,0.73,3638,2025,HighSchool
,221992,Julien Bey,,CB,2,0.73,3638,2025,HighSchool
,221993,Seth Breuker,,IOL,2,0.73,3638,2025,HighSchool
,221994,Mikey Drain,,DL,2,0.73,3638,2025,HighSchool
,221995,Jacob Vitel,,ATH,2,0.73,3638,2025,HighSchool
,221997,Lachlin Acker,,TE,2,0.73,3638,2025,HighSchool
5298704,221998,Christopher Biel,Dayton,IOL,2,0.73,3638,2025,HighSchool
,222001,Nouha Diaite,,IOL,2,0.72,3646,2025,HighSchool
,221999,Aaron Knapp,,QB,2,0.72,3646,2025,HighSchool
5300282,222000,Nico Downie,Valparaiso,WR,2,0.72,3646,2025,HighSchool
,222002,Dominic Pierini,,QB,2,0.7,3649,2025,HighSchool
,258116,Elijah Kashama,Army,LB,,,,2025,HighSchool
,258132,Jordan Sullivan,Army,IOL,,,,2025,HighSchool
,258134,Nick Blevins,Army,ATH,,,,2025,HighSchool
,258143,Logan Muck,Tulsa,OT,,,,2025,HighSchool
,258146,DJ Littles,UC Davis,WR,,,,2025,HighSchool
,258117,Michael Thomas,Army,CB,,,,2025,HighSchool
,258118,Wayne Kelly,Army,EDGE,,,,2025,HighSchool
,258119,Nelson Layne,Army,QB,,,,2025,HighSchool
,258120,Menyelek Pilgrim,Army,CB,,,,2025,HighSchool
,258122,Lucas Singleton,Army,RB,,,,2025,HighSchool
,258124,Wes Johnston,Army,RB,,,,2025,HighSchool
,258125,Michael Goodale,Army,TE,,,,2025,HighSchool
,258126,Arion Whitt,Army,LB,,,,2025,HighSchool
,258129,Noah Marquez,Army,IOL,,,,2025,HighSchool
,258130,Camben Emanuel,Army,QB,,,,2025,HighSchool
,258131,Elijah D'oleo,Army,WR,,,,2025,HighSchool
,258168,Darius Morant,Temple,RB,,,,2025,HighSchool
,258181,Jahkei Chavis,Navy,RB,,,,2025,HighSchool
,258182,Zyon Mckenzie,Navy,WR,,,,2025,HighSchool
,258183,Kaleb Nelson,Navy,WR,,,,2025,HighSchool
,258185,Caiden Anku,Navy,CB,,,,2025,HighSchool
,258187,Brady Carmical,Navy,QB,,,,2025,HighSchool
,258188,Peter Vomvolakis,Navy,IOL,,,,2025,HighSchool
,258189,Ben Diedrich,Navy,OT,,,,2025,HighSchool
,258192,Jackson Deloach,Navy,IOL,,,,2025,HighSchool
,258193,Ian Hall,Navy,EDGE,,,,2025,HighSchool
,258194,Trefor Thomas,Navy,IOL,,,,2025,HighSchool
,258195,Joe Alnwick,Navy,OT,,,,2025,HighSchool
,258196,Jason Williams,Navy,QB,,,,2025,HighSchool
,258197,Allen Anderson,Navy,LB,,,,2025,HighSchool
,258198,Romane Grant,Navy,EDGE,,,,2025,HighSchool
,258199,Gus Anderson,Navy,WR,,,,2025,HighSchool
,258200,Ihsaan Alozie,Navy,RB,,,,2025,HighSchool
,258202,Kyle Ramos,Navy,LB,,,,2025,HighSchool
,258203,Matt Mcmahon,Navy,IOL,,,,2025,HighSchool
,258204,Maddox Hayles,Navy,LB,,,,2025,HighSchool
,258207,Draco Frazzitta,Navy,TE,,,,2025,HighSchool
,258209,Julian Terry,Navy,EDGE,,,,2025,HighSchool
,258210,Colby Pennington,Navy,IOL,,,,2025,HighSchool
,258211,Calvin Spears,Navy,WR,,,,2025,HighSchool
,258212,Ellis Walker,Navy,LB,,,,2025,HighSchool
,258214,Evan Blouir,Navy,RB,,,,2025,HighSchool
,258215,Teion Winslow,Navy,CB,,,,2025,HighSchool
,258216,Delan Massey-Wright,Navy,DL,,,,2025,HighSchool
,258217,Elijah Thompson,Navy,CB,,,,2025,HighSchool
,258218,Brayton Correa,Hawai'i,S,,,,2025,HighSchool
,258241,Brison Abbott,Northern Arizona,RB,,,,2025,HighSchool
,258243,Tristan Anderson,UAB,S,,,,2025,HighSchool
,258247,Aydan Martinez-Brown,Sam Houston,RB,,,,2025,HighSchool
,258270,John Amone,Portland State,LB,,,,2025,HighSchool
,258271,Dionte West,Portland State,ATH,,,,2025,HighSchool
,258285,LaDamion McDowell,Cornell,RB,,,,2025,HighSchool
,258319,Morgan Linton,Austin Peay,S,,,,2025,HighSchool
,258325,Dylan Sandles,Columbia,LB,,,,2025,HighSchool
,258327,Lathan McDaniel,South Dakota,IOL,,,,2025,HighSchool
,258331,Ian Elmore,Weber State,ATH,,,,2025,HighSchool
,258356,Kenya Taylor,Stephen F. Austin,OT,,,,2025,HighSchool
,258367,Jake Atha,Mercer,IOL,,,,2025,HighSchool
,258376,Hunter Albright,Saint Francis (PA),IOL,,,,2025,HighSchool
,258377,Kevin Evehe,Saint Francis (PA),OT,,,,2025,HighSchool
,258378,Nate Hampton,Saint Francis (PA),IOL,,,,2025,HighSchool
,258379,Anthony Chuman,Saint Francis (PA),DL,,,,2025,HighSchool
,258380,Hunter Giacomo,Saint Francis (PA),S,,,,2025,HighSchool
,258381,Ky'mir Williams,Saint Francis (PA),LB,,,,2025,HighSchool
,258382,Wyatt Maines,Saint Francis (PA),IOL,,,,2025,HighSchool
,258383,Arison Walker,Saint Francis (PA),S,,,,2025,HighSchool
,258384,Guner Hiller,Saint Francis (PA),DL,,,,2025,HighSchool
,258396,Michael Girado,Pennsylvania,IOL,,,,2025,HighSchool
,258398,Javon Ford,Towson,RB,,,,2025,HighSchool
,258402,Al-khabir Bethune,Towson,ATH,,,,2025,HighSchool
,258417,Aamir Ellis,Southeastern Louisiana,ATH,,,,2025,HighSchool
,258419,Harry Smalls,Charleston Southern,RB,,,,2025,HighSchool
,258426,Christopher Pearson,Charleston Southern,CB,,,,2025,HighSchool
,258466,Josh Layton,Morehead State,LB,,,,2025,HighSchool
,258451,Elijah Owens,Alabama State,S,,,,2025,HighSchool
,258472,Richard Grigg,Incarnate Word,OT,,,,2025,HighSchool
,258476,Dj Manns,Valparaiso,RB,,,,2025,HighSchool
,258482,Branden Broadwater,Gardner-Webb,ATH,,,,2025,HighSchool
,258487,Lionel Burns III,North Carolina Central,S,,,,2025,HighSchool
,258488,Victor Goree,North Carolina Central,IOL,,,,2025,HighSchool
,258489,Jovon Wright,North Carolina Central,S,,,,2025,HighSchool
,258490,LeBron Sharpe,North Carolina Central,RB,,,,2025,HighSchool
,258491,Cam'Rich Smith,North Carolina Central,LB,,,,2025,HighSchool
,258505,Ryan Petras,Princeton,WR,,,,2025,HighSchool
,258509,Mason Smith,Holy Cross,EDGE,,,,2025,HighSchool
,258516,Cade Long,Davidson,IOL,,,,2025,HighSchool
,258517,Chase Ortiz,Stetson,LS,,,,2025,HighSchool
5141486,258261,Ryan Grayson,Missouri State,CB,,,,2025,HighSchool
5301733,258324,Isaiah Brutus,Eastern Kentucky,S,,,,2025,HighSchool
5298508,258477,Colin Couture,New Hampshire,OT,,,,2025,HighSchool
5298071,258253,Jace Gomes,Cal Poly,QB,,,,2025,HighSchool
5298088,258250,Reese Brooks,Cal Poly,TE,,,,2025,HighSchool
5300056,258467,Jason Barket,Morehead State,QB,,,,2025,HighSchool
5300638,258178,Deante Gentry,Montana,S,,,,2025,HighSchool
5300661,258179,Cooper Buffington,Montana,DL,,,,2025,HighSchool
5299153,258471,Leroy Lee,Bryant,CB,,,,2025,HighSchool
5295409,258191,John Hebert,Navy,IOL,,,,2025,HighSchool
5265312,258056,Johnathan Ashley,Coastal Carolina,OT,,,,2025,HighSchool
5226173,258481,Roy Thomas Jenkins,Lamar,QB,,,,2025,HighSchool
5301725,258479,Blake Thomas,Lamar,ATH,,,,2025,HighSchool
5298925,258307,Jared Lockhart,Jackson State,QB,,,,2025,HighSchool
5301200,258269,Julian Green,Howard,CB,,,,2025,HighSchool
5299282,258511,Anthony Redfern,Holy Cross,S,,,,2025,HighSchool
5299285,258507,Luke Foster,Holy Cross,RB,,,,2025,HighSchool
5299289,258510,Patrick Enright,Holy Cross,OT,,,,2025,HighSchool
5299780,258302,Ryan Tattersall,Harvard,WR,,,,2025,HighSchool
5302421,258450,Zamari Hall,Alabama State,S,,,,2025,HighSchool
5302417,258449,Aaron Ford,Alabama State,ATH,,,,2025,HighSchool
5299988,258463,Mekhi Maddox,Alabama A&M,WR,,,,2025,HighSchool
5265470,258139,TJ Andrews,UTSA,RB,,,,2025,HighSchool
5295319,258021,Fisher Melton,USC,TE,,,,2025,HighSchool
5265522,258054,Trenton Turner,UCF,DL,,,,2025,HighSchool
5296080,258055,Chance Nixon,UCF,RB,,,,2025,HighSchool
5300317,258359,KJ Thomas,Mercer,CB,,,,2025,HighSchool
5265492,258165,Adriano McLean,Temple,DL,,,,2025,HighSchool
5265254,258164,Troy Cunningham,Temple,DL,,,,2025,HighSchool
5296367,258166,Zander Baptiste,Temple,WR,,,,2025,HighSchool
5295181,258244,Markus Boswell,Akron,LB,,,,2025,HighSchool
5265513,258245,Brody Henderson,Sam Houston,EDGE,,,,2025,HighSchool
5301030,258064,Naytel Mitchell,Sacramento State,S,,,,2025,HighSchool
5301049,258066,Malachi Kindle,Sacramento State,DL,,,,2025,HighSchool
5301045,258062,Jaxon Fresques,Sacramento State,WR,,,,2025,HighSchool
5212659,258028,Cannon Marshall,Rutgers,CB,,,,2025,HighSchool
5265493,258051,Justin Michaelis,Rice,IOL,,,,2025,HighSchool
5296344,258281,Micah Pryor,Delaware,DL,,,,2025,HighSchool
5264764,258266,Elijah Faulkner,Massachusetts,RB,,,,2025,HighSchool
5265472,258057,Khari Bendolph,Jacksonville State,LB,,,,2025,HighSchool
5295959,258174,Ty Powell,Marshall,K,,,,2025,HighSchool
5265459,258141,Tazio Rosso,Louisiana Tech,IOL,,,,2025,HighSchool
5265682,258043,Braylin Roberts,Georgia State,OT,,,,2025,HighSchool
5296341,258283,Calvin Thomas,Delaware,WR,,,,2025,HighSchool
5296333,258273,Chandler Telfaire,Delaware,IOL,,,,2025,HighSchool
5296326,258276,Nasir Eatmon,Delaware,S,,,,2025,HighSchool
5296316,258275,Emmanuel Doku,Delaware,WR,,,,2025,HighSchool
5265491,258096,Quentin Lewis,Bowling Green,EDGE,,,,2025,HighSchool
5258471,258095,Jahai Johnson,Bowling Green,S,,,,2025,HighSchool
5300327,258315,Kamari Todd,Chattanooga,CB,,,,2025,HighSchool
5294317,258137,Big Al Oliver,App State,IOL,,,,2025,HighSchool
5295958,258171,Lorcan Quinn,Marshall,K,,,,2025,HighSchool
5296250,258033,Aidan Stire,West Virginia,K,,,,2025,HighSchool
5295665,258094,Jack Cassidy,Western Kentucky,K,,,,2025,HighSchool
5301055,258065,Tre Fernandez,Sacramento State,WR,,,,2025,HighSchool
5156380,258153,Delano Brown,UConn,DL,,,,2025,HighSchool
5296864,258152,Malichi Greaves,UConn,RB,3,0.84,,2025,HighSchool
5306441,258082,RJ Reedus,Air Force,S,,,,2025,HighSchool
5306319,258167,Jordan Thomas,Temple,DL,,,,2025,HighSchool
5265503,258058,Timothy Taylor Jr.,Jacksonville State,DL,,,,2025,HighSchool
5295956,258170,Brandon Hettwer,Marshall,TE,,,,2025,HighSchool
5265496,258060,Wes Ryan,Jacksonville State,TE,,,,2025,HighSchool
,258401,Khemani Williams,Towson,CB,,,,2025,HighSchool
,258044,Josiah Pope,Georgia State,LB,,,,2025,HighSchool
,258025,Dusty Zimmer,Washington,P,,,,2025,HighSchool
,258032,Ethan Chill,West Virginia,IOL,,,,2025,HighSchool
,258072,Jaxton Scoffield,Utah State,LB,,,,2025,HighSchool
,258074,Gage Yardley,Utah State,ATH,,,,2025,HighSchool
,258076,Jeremiah Shelby,Air Force,EDGE,,,,2025,HighSchool
,258080,Nate Clifford,Air Force,ATH,,,,2025,HighSchool
,258081,Jerome Drain,Air Force,CB,,,,2025,HighSchool
,258083,Jaylen Holloway,Air Force,RB,,,,2025,HighSchool
,258084,Michael Bruggers,Air Force,DL,,,,2025,HighSchool
,258085,Javier Denson,Air Force,RB,,,,2025,HighSchool
,258086,Cole Anderson,Air Force,IOL,,,,2025,HighSchool
,258087,Clayton Brown,Air Force,WR,,,,2025,HighSchool
,258088,Andrew Jurasek,Air Force,LB,,,,2025,HighSchool
,258089,Tre Winters,Air Force,WR,,,,2025,HighSchool
,258090,Owen Edlen,Air Force,EDGE,,,,2025,HighSchool
,258091,Ethan Stannard,Air Force,S,,,,2025,HighSchool
,258092,Ben Tyner,Air Force,RB,,,,2025,HighSchool
,258093,Billy Lyons,Florida Atlantic,TE,,,,2025,HighSchool
,258099,Jesse Sears,James Madison,IOL,,,,2025,HighSchool
5296438,258256,Tristian Gardner,Missouri State,WR,,,,2025,HighSchool
5296436,258260,Braxton Starnes,Missouri State,LB,,,,2025,HighSchool
5296452,258262,Mitch Weisenborn,Missouri State,LS,,,,2025,HighSchool
5296322,258274,AJ Graham,Delaware,S,,,,2025,HighSchool
5258334,258114,Donovan Rodriguez,Buffalo,CB,,,,2025,HighSchool
5296331,258278,Yamdry Hernandez,Delaware,EDGE,,,,2025,HighSchool
5296315,258279,Noah Jefferson,Delaware,S,,,,2025,HighSchool
5296314,258280,Gevaris Lassiter,Delaware,LB,,,,2025,HighSchool
5300059,258465,Drayson Crane,Morehead State,S,,,,2025,HighSchool
5296321,258277,Jared Porter,Delaware,RB,,,,2025,HighSchool
5296319,258282,Jalen Ross,Delaware,CB,,,,2025,HighSchool
5296313,258284,Ty Salazer,Delaware,WR,,,,2025,HighSchool
5301894,258290,Cole Norred,East Tennessee State,IOL,,,,2025,HighSchool
5258309,258047,Colton Veltkamp,Georgia Southern,LB,,,,2025,HighSchool
5295393,258186,Trent Gillis,Navy,S,,,,2025,HighSchool
5265451,258098,Lee Johnson,James Madison,LB,,,,2025,HighSchool
5265534,258175,Coby Tripp,Ball State,LS,,,,2025,HighSchool
5265463,258140,Luke Watkins,Louisiana Tech,WR,,,,2025,HighSchool
5156115,258267,Elijah Pedro,Massachusetts,WR,,,,2025,HighSchool
5265179,258138,KJ Liles,App State,DL,,,,2025,HighSchool
5236320,258176,Kamron Chamble,Ball State,S,,,,2025,HighSchool
5300273,258475,Carsen Burckhardt,Valparaiso,LB,,,,2025,HighSchool
5303219,258355,Evan Naeata,Stephen F. Austin,DL,,,,2025,HighSchool
5293728,258121,Jack Manning,Army,IOL,,,,2025,HighSchool
5301696,258480,Ean Carr,Lamar,S,,,,2025,HighSchool
5299113,258435,James Dunnemann,Fordham,EDGE,,,,2025,HighSchool
5296583,258265,Anochie Azuakolam Jr.,Massachusetts,S,,,,2025,HighSchool
5293698,258127,Stroman Bridges,Army,QB,,,,2025,HighSchool
5299108,258434,Marco De Croce,Fordham,IOL,,,,2025,HighSchool
5301886,258296,Alijuan Bleechington,East Tennessee State,CB,,,,2025,HighSchool
5300449,258299,Jimmy Randazzo,Yale,OT,,,,2025,HighSchool
5300448,258298,John Prokapus,Yale,IOL,,,,2025,HighSchool
5211774,258184,Mason Frey,Navy,LB,,,,2025,HighSchool
5300444,258300,Cameron Nelson,Yale,S,,,,2025,HighSchool
5302009,258439,Jake Thorner,Wofford,LB,,,,2025,HighSchool
5301997,258437,Zayd Rogan,Wofford,CB,,,,2025,HighSchool
5300953,258342,Joseph Polite,West Georgia,DL,,,,2025,HighSchool
5302016,258441,Reggie Houston,Wofford,IOL,,,,2025,HighSchool
5301987,258438,Terrence Honeywood,Wofford,ATH,,,,2025,HighSchool
5302026,258442,Jack Ewell,Wofford,TE,,,,2025,HighSchool
5302029,258440,Dh'King Brown,Wofford,DL,,,,2025,HighSchool
5300940,258345,Hezekiah Strickland,West Georgia,LB,,,,2025,HighSchool
5300966,258344,McKaden Smith,West Georgia,CB,,,,2025,HighSchool
5301110,258493,Alfred Honesty,William & Mary,WR,,,,2025,HighSchool
5300931,258347,Trevagne McCluskey,West Georgia,ATH,,,,2025,HighSchool
5301125,258492,Miles Glover,William & Mary,OT,,,,2025,HighSchool
5300927,258343,Brandon Gunn,West Georgia,CB,,,,2025,HighSchool
5301112,258495,Xavier Dillard,William & Mary,LB,,,,2025,HighSchool
5301113,258494,Trevon Cannon,William & Mary,WR,,,,2025,HighSchool
5300963,258341,Ran Ogletree,West Georgia,ATH,,,,2025,HighSchool
5301984,258385,Josiah Thomas,Western Carolina,TE,,,,2025,HighSchool
5300960,258346,Holton Harris,West Georgia,LB,,,,2025,HighSchool
5295031,258079,Mekhi Campbell,Air Force,LB,,,,2025,HighSchool
5304099,258330,Branden Meza,Weber State,IOL,,,,2025,HighSchool
5302609,258497,Matthew Mullins,Wagner,TE,,,,2025,HighSchool
5299391,258288,Morgan Quiri,Western Illinois,ATH,,,,2025,HighSchool
5301985,258387,Marcus Trout,Western Carolina,K,,,,2025,HighSchool
5301979,258388,Joshua Perry,Western Carolina,RB,,,,2025,HighSchool
5301975,258390,Jordan Durham,Western Carolina,QB,,,,2025,HighSchool
5301961,258389,Jayden Cornelius,Western Carolina,CB,,,,2025,HighSchool
5301952,258386,Nassor Ashenafi,Western Carolina,ATH,,,,2025,HighSchool
5302644,258498,Emmanuel Small,Wagner,LB,,,,2025,HighSchool
5302608,258499,Trent DuBuc,Wagner,WR,,,,2025,HighSchool
5302623,258500,Dom Deangelo,Wagner,WR,,,,2025,HighSchool
5301664,258400,Kavon McKinney,Towson,CB,,,,2025,HighSchool
5299236,258462,Brandon Sims,UT Martin,K,,,,2025,HighSchool
5303188,258350,Lachie Pozzobon,Stephen F. Austin,P,,,,2025,HighSchool
5298874,258145,Luke Givens,UC Davis,EDGE,,,,2025,HighSchool
5297929,258108,Christopher Kiel,North Dakota State,ATH,,,,2025,HighSchool
5228022,258113,Troy Hansen,North Dakota State,DL,,,,2025,HighSchool
5222792,258103,Samson Chazulle,Florida International,IOL,,,,2025,HighSchool
5297935,258109,Mikhale Ford,North Dakota State,S,,,,2025,HighSchool
5222710,258208,Landon Walker,Navy,QB,,,,2025,HighSchool
5297942,258110,Isaac Ellison,North Dakota State,ATH,,,,2025,HighSchool
5295951,258172,Gavin Magorien,Marshall,LS,,,,2025,HighSchool
5300721,258229,Alex Weeks,Northern Arizona,P,,,,2025,HighSchool
5295513,258412,Matthew Choules,Kennesaw State,P,,,,2025,HighSchool
5257395,258045,Cooper Helmke,Tulane,K,,,,2025,HighSchool
5265524,258142,Jace Williams,Tulsa,CB,,,,2025,HighSchool
5294318,258135,Jacob Poff,App State,LS,,,,2025,HighSchool
5257313,258136,Dominic De Freitas,App State,K,,,,2025,HighSchool
5265497,258070,JJ Schlenhardt,Northern Illinois,K,,,,2025,HighSchool
5258451,258404,ZaMario Woodgett,Kennesaw State,IOL,,,,2025,HighSchool
5265489,258050,Christian Kiptoo,Eastern Michigan,EDGE,,,,2025,HighSchool
5265529,258413,Jackson Cooper,Kennesaw State,DL,,,,2025,HighSchool
5244226,106675,Caleb Haack,Northern Illinois,TE,,,,2025,HighSchool
5265500,258304,Isaac Sikes-Rasby,Charlotte,DL,,,,2025,HighSchool
5265446,258408,Clayton Coppock,Kennesaw State,WR,,,,2025,HighSchool
5297957,258112,Brett Tastad,North Dakota State,IOL,,,,2025,HighSchool
5265450,258403,Jamari Harrold,Kennesaw State,WR,,,,2025,HighSchool
5265490,258410,Tay'vion Lawson,Kennesaw State,CB,,,,2025,HighSchool
5265455,258407,Kayden Miller,Kennesaw State,S,,,,2025,HighSchool
5265462,258406,Joshua Troupe,Kennesaw State,RB,,,,2025,HighSchool
5265464,258405,Jamiel Williams,Kennesaw State,IOL,,,,2025,HighSchool
5265460,258414,Jeremiah Solomon,Kennesaw State,CB,,,,2025,HighSchool
5265536,258411,Skyler Williams,Kennesaw State,QB,,,,2025,HighSchool
5265514,258100,King Massey,Florida International,EDGE,,,,2025,HighSchool
5265454,258101,Marc Michel Jr.,Florida International,DL,,,,2025,HighSchool
5297073,258073,Zachary Robbins,Utah State,P,,,,2025,HighSchool
5265481,258409,Elijah Hill,Kennesaw State,DL,,,,2025,HighSchool
5265648,258061,Cameron Brown,UNLV,P,,,,2025,HighSchool
5265537,258144,Drake Williams,New Mexico State,LB,,,,2025,HighSchool
5296445,258259,Joseph Arnold,Missouri State,S,,,,2025,HighSchool
5296441,258258,AJ Bell Jr.,Missouri State,WR,,,,2025,HighSchool
5265494,258151,Bobby Miller,Ohio,CB,,,,2025,HighSchool
5296826,258246,Curtis Gerrand,Sam Houston,P,,,,2025,HighSchool
5265474,258228,Darrion Bowers,New Mexico,RB,,,,2025,HighSchool
5388849,258227,Mikey Beck,New Mexico,WR,,,,2025,HighSchool
5293899,258305,Dy'Lon Womack,Charlotte,ATH,,,,2025,HighSchool
5294073,258024,Ethan Post,Florida State,P,,,,2025,HighSchool
5294106,258041,Rohan Macneill,Wake Forest,P,,,,2025,HighSchool
5296443,258257,Caleb Olabode,Missouri State,LB,,,,2025,HighSchool
5294118,258038,Jorge Diaz Nicolas,Virginia,K,,,,2025,HighSchool
5296451,258255,Amare Whetsell,Missouri State,WR,,,,2025,HighSchool
5295415,258213,Clancy Orie,Navy,EDGE,,,,2025,HighSchool
5295387,258190,Jaxson Jewell,Navy,QB,,,,2025,HighSchool
5296440,258254,Don Quist,Missouri State,S,,,,2025,HighSchool
5300310,258363,Kobe McInnis,Mercer,EDGE,,,,2025,HighSchool
5300298,258368,Mac Bradley,Mercer,LB,,,,2025,HighSchool
5295948,258173,Jalyn Abercrombie,Marshall,WR,,,,2025,HighSchool
5301873,258289,Jeremiah Harrison,East Tennessee State,WR,,,,2025,HighSchool
5301442,258314,Jacob Soley,Indiana State,TE,,,,2025,HighSchool
5300723,258239,John-Alexander Lopez,Northern Arizona,IOL,,,,2025,HighSchool
5300716,258235,Devin Murphy,Northern Arizona,LB,,,,2025,HighSchool
5300733,258233,Joseph Ramirez,Northern Arizona,ATH,,,,2025,HighSchool
5300719,258236,Maddox Valoaga,Northern Arizona,DL,,,,2025,HighSchool
5391328,258206,Cooper Welch,Navy,K,,,,2025,HighSchool
5300703,258230,Noble Young-Blackgoat,Northern Arizona,LB,,,,2025,HighSchool
5297986,258308,Connor Best,Northern Iowa,IOL,,,,2025,HighSchool
5300508,258371,Danny Stein,Furman,IOL,,,,2025,HighSchool
5298096,258264,Cooper Kmet,Illinois State,QB,,,,2025,HighSchool
5300510,258372,Hunter Taylor,Furman,OT,,,,2025,HighSchool
5297996,258310,Kaleb Diers,Northern Iowa,TE,,,,2025,HighSchool
5297978,258313,Aidan Ducharme,Northern Iowa,LB,,,,2025,HighSchool
5297987,258311,Colby Eskildsen,Northern Iowa,TE,,,,2025,HighSchool
5297967,258312,Elijah Hoyt,Northern Iowa,CB,,,,2025,HighSchool
5301810,258158,TyJohn Brooks,South Dakota State,WR,,,,2025,HighSchool
5297985,258309,Kailer Smith,Northern Iowa,TE,,,,2025,HighSchool
5301000,258394,Ethan Cohall,Pennsylvania,S,,,,2025,HighSchool
5301002,258395,Brock Cornell,Pennsylvania,S,,,,2025,HighSchool
5299923,258484,Andre Jackson Jr.,Hampton,CB,,,,2025,HighSchool
5214367,258512,Joseph Williams,Holy Cross,RB,,,,2025,HighSchool
5299295,258508,Drae Tyme,Holy Cross,TE,,,,2025,HighSchool
5299292,258506,Dominic Sorrentino,Holy Cross,IOL,,,,2025,HighSchool
5214365,258037,Lukas Sanker,Virginia,CB,,,,2025,HighSchool
5301021,258391,Cole Erickson,Pennsylvania,TE,,,,2025,HighSchool
5299786,258303,Jordan Gonzalez,Harvard,LB,,,,2025,HighSchool
5293709,258123,Mason Smith,Army,WR,,,,2025,HighSchool
5301008,258393,Ezra Fearon,Pennsylvania,CB,,,,2025,HighSchool
5299781,258301,Cole Allen,Harvard,RB,,,,2025,HighSchool
5299910,258483,Nijay Gay,Hampton,CB,,,,2025,HighSchool
5439110,258077,Trae Williams,Air Force,CB,,,,2025,HighSchool
5300506,258374,Bryce Rainwater,Furman,OT,,,,2025,HighSchool
5300516,258373,Maddox Dykeman,Furman,EDGE,,,,2025,HighSchool
5301014,258397,Michael Gidaro,Pennsylvania,IOL,,,,2025,HighSchool
5300999,258392,Shane Throgmartin,Pennsylvania,QB,,,,2025,HighSchool
5300487,258375,Connor Adams,Furman,CB,,,,2025,HighSchool
5298298,258220,Caleb Ricks,Idaho,CB,,,,2025,HighSchool
5299097,258436,Dylan Macon,Fordham,RB,,,,2025,HighSchool
5301783,258157,Finn Benz,South Dakota State,S,,,,2025,HighSchool
5301877,258294,Trenton Wanjogu,East Tennessee State,WR,,,,2025,HighSchool
5301879,258297,Ethan Lane,East Tennessee State,K,,,,2025,HighSchool
5301892,258293,Jaiden Daniels,East Tennessee State,ATH,,,,2025,HighSchool
5301875,258292,Jackson Byrd,East Tennessee State,QB,,,,2025,HighSchool
5301891,258295,Ramani Bruton,East Tennessee State,CB,,,,2025,HighSchool
5301897,258291,Joshua Benson,East Tennessee State,OT,,,,2025,HighSchool
5298115,258263,Caiden Abbs,Illinois State,IOL,,,,2025,HighSchool
5302686,258503,Chance Arthur,Princeton,RB,,,,2025,HighSchool
5302690,258502,Matthias Banks,Princeton,EDGE,,,,2025,HighSchool
5302697,258504,Anthony Liakhnovich,Princeton,OT,,,,2025,HighSchool
5302707,258501,Konstantin Paschos,Princeton,EDGE,,,,2025,HighSchool
5301694,258478,Nehemiah Borner,Lamar,S,,,,2025,HighSchool
5299849,258431,Jack Callaghan,Richmond,QB,,,,2025,HighSchool
5299853,258433,Devin Geronomi,Richmond,S,,,,2025,HighSchool
5298177,258154,David Cabrera,Eastern Washington,WR,,,,2025,HighSchool
5299855,258430,Matthew Martin,Richmond,WR,,,,2025,HighSchool
5299868,258432,Jack Reece,Richmond,DL,,,,2025,HighSchool
5299856,258429,Christian Soltis,Richmond,ATH,,,,2025,HighSchool
5212654,258357,Braden Atkinson,Mercer,QB,,,,2025,HighSchool
5300295,258360,Max Allen,Mercer,LS,,,,2025,HighSchool
5298156,258445,DeShaun Harper,Duquesne,ATH,,,,2025,HighSchool
5298746,258454,Luke Thompson,Drake,ATH,,,,2025,HighSchool
5300306,258365,Rafael Little,Mercer,WR,,,,2025,HighSchool
5298763,258453,Zach Proffitt,Drake,LB,,,,2025,HighSchool
5298783,258458,Owen Pins,Drake,DL,,,,2025,HighSchool
5298749,258456,Karson Kindred,Drake,S,,,,2025,HighSchool
5298758,258457,Andrew Eastman,Drake,S,,,,2025,HighSchool
5298777,258460,Lincoln Delaere,Drake,WR,,,,2025,HighSchool
5298752,258455,Cameron Cunningham,Drake,CB,,,,2025,HighSchool
5220980,258102,Aydan Clinton,Florida International,DL,,,,2025,HighSchool
5293714,258128,Carson Daniell,Army,LB,,,,2025,HighSchool
5298608,258513,Jeramy Stith,Davidson,DL,,,,2025,HighSchool
5258015,258361,Jayvyn Fraziars,Mercer,S,,,,2025,HighSchool
5298590,258515,Ryan Bassani,Davidson,LB,,,,2025,HighSchool
5300519,258416,Dylon Henderson,Samford,ATH,,,,2025,HighSchool
5299701,258349,Immanuel Johnson,Dartmouth,RB,,,,2025,HighSchool
5300169,258444,Charles Castille,San Diego,S,,,,2025,HighSchool
5300182,258443,Fale Gatoloai,San Diego,IOL,,,,2025,HighSchool
5302121,258328,Carson Fletcher,South Dakota,RB,,,,2025,HighSchool
5299717,258348,Paul Binder,Dartmouth,OT,,,,2025,HighSchool
5212658,258474,Cam'ron Jones,Morgan State,WR,,,,2025,HighSchool
5299528,258287,Jacob Carter,Cornell,S,,,,2025,HighSchool
5301340,258427,AaMarii Lofton,Murray State,DL,,,,2025,HighSchool
5299523,258286,JaVon Broussard,Cornell,WR,,,,2025,HighSchool
5301782,258163,Josiah Johnson,South Dakota State,RB,,,,2025,HighSchool
5299130,258326,Stone Theis,Columbia,OT,,,,2025,HighSchool
5301778,258155,Joe Kolega,South Dakota State,WR,,,,2025,HighSchool
5301787,258161,Liam Shaw,South Dakota State,EDGE,,,,2025,HighSchool
5265517,258224,Keshawn Monroe,New Mexico,S,,,,2025,HighSchool
5265518,258223,Thomas Pettus,New Mexico,LB,,,,2025,HighSchool
5302600,258496,Nick Romero,Wagner,K,,,,2025,HighSchool
5301480,258333,Pierre Allen Jr.,North Dakota,EDGE,,,,2025,HighSchool
5298844,258369,PJ Holmes,Colgate,WR,,,,2025,HighSchool
5301489,258340,Jack Ames,North Dakota,LB,,,,2025,HighSchool
5298261,258425,Jamarian Pullum,Charleston Southern,CB,,,,2025,HighSchool
5298290,258424,Alvoid Kennon,Charleston Southern,DL,,,,2025,HighSchool
5298255,258420,Jayden Hancock,Charleston Southern,CB,,,,2025,HighSchool
5298259,258423,Turner Davis,Charleston Southern,CB,,,,2025,HighSchool
5301853,258321,Michael Hayes,Central Arkansas,CB,,,,2025,HighSchool
5301500,258337,Ethan Cole,North Dakota,DL,,,,2025,HighSchool
5299327,258468,Brady Ambrose,Campbell,TE,,,,2025,HighSchool
5298084,258251,Myles Tarkington,Cal Poly,WR,,,,2025,HighSchool
5301495,258338,Nick Darling,North Dakota,IOL,,,,2025,HighSchool
5298067,258248,Amarion Orange,Cal Poly,CB,,,,2025,HighSchool
5301134,258322,JC Mirasola,Southern Illinois,QB,,,,2025,HighSchool
5298064,258249,Corbin Frutos,Cal Poly,LB,,,,2025,HighSchool
5301801,258159,Thomas Dwyer,South Dakota State,OT,,,,2025,HighSchool
5301786,258162,Beau Bakken,South Dakota State,EDGE,,,,2025,HighSchool
5265505,258226,Nick Wheeler,New Mexico,S,,,,2025,HighSchool
5295428,258201,Jack Armbruster,Navy,K,,,,2025,HighSchool
5211911,258447,Charlie LaMorte,Bucknell,QB,,,,2025,HighSchool
5298568,258448,Peter Lagemann,Bucknell,OT,,,,2025,HighSchool
5298553,258446,Colton Davis,Bucknell,CB,,,,2025,HighSchool
5301491,258334,Frank McAninch,North Dakota,LB,,,,2025,HighSchool
5301032,258067,Mike Taylor,Sacramento State,LB,,,,2025,HighSchool
5301482,258335,Seth Staloch,North Dakota,WR,,,,2025,HighSchool
5299163,258470,Khalid Campbell,Bryant,RB,,,,2025,HighSchool
5297943,258111,Carter Appl,North Dakota State,LB,,,,2025,HighSchool
5301496,258339,Alex Michels,North Dakota,OT,,,,2025,HighSchool
5301575,258318,Jason Grier Jr.,Austin Peay,EDGE,,,,2025,HighSchool
5301565,258320,Trey Blakeney,Austin Peay,QB,,,,2025,HighSchool
5301487,258332,Zach Schemper,North Dakota,TE,,,,2025,HighSchool
5265531,258049,Jimmy Leon,UTEP,EDGE,,,,2025,HighSchool
5301477,258336,Grant Tylutki,North Dakota,S,,,,2025,HighSchool
5301135,258323,Grant Thompson,Southern Illinois,S,,,,2025,HighSchool
5295323,258023,William Weisberg,USC,P,,,,2025,HighSchool
5300728,258238,Isaac Adams,Northern Arizona,IOL,,,,2025,HighSchool
5265516,258053,RaiShaun McHaney,UCF,OT,,,,2025,HighSchool
5300737,258242,Jayden Baer,Northern Arizona,DL,,,,2025,HighSchool
5212660,258358,Gavin Marks,Mercer,IOL,,,,2025,HighSchool
5293702,258133,Ian Cline,Army,RB,,,,2025,HighSchool
5296214,258035,Hunter Sowell,Iowa State,S,,,,2025,HighSchool
5295933,258052,Justin Watts,Old Dominion,CB,,,,2025,HighSchool
5265501,258069,Landon Tate,Northern Illinois,WR,,,,2025,HighSchool
5300720,258234,Aidan Browder,Northern Arizona,LB,,,,2025,HighSchool
5265651,258222,Blake Ryan,New Mexico,IOL,,,,2025,HighSchool
5293889,258306,Aiden Bui,Charlotte,K,,,,2025,HighSchool
5265471,258225,Carlos Barela,New Mexico,EDGE,,,,2025,HighSchool
5300708,258232,Hayden Fletcher,Northern Arizona,QB,,,,2025,HighSchool
5300730,258240,Joshua Bates,Northern Arizona,IOL,,,,2025,HighSchool
5300736,258237,Nick Harper,Northern Arizona,DL,,,,2025,HighSchool
5294292,258046,Phoenix Derichsweiler,Tulane,LS,,,,2025,HighSchool
5295417,258205,Ethan Long,Navy,S,,,,2025,HighSchool
5300727,258231,Liam Kline,Northern Arizona,IOL,,,,2025,HighSchool
5303207,258352,Devin Amos,Stephen F. Austin,OT,,,,2025,HighSchool
5296580,258268,Jenoa Alford,Massachusetts,WR,,,,2025,HighSchool
5303217,258354,Kylan Darville,Stephen F. Austin,DL,,,,2025,HighSchool
5303215,258353,Riley Ellefson,Stephen F. Austin,TE,,,,2025,HighSchool
5306330,258027,Aumad Edwards,Kentucky,WR,,,,2025,HighSchool
5258290,258075,Malachi Fannin-Render,Liberty,RB,,,,2025,HighSchool
5296343,258272,Jaxson Bowman,Delaware,TE,,,,2025,HighSchool
5297934,258105,Jaylen Archibald,North Dakota State,S,,,,2025,HighSchool
5295614,258030,Kyle Carpenter,Colorado,CB,,,,2025,HighSchool
5300126,258485,Cam'ron Barber,Presbyterian,CB,,,,2025,HighSchool
5265483,258059,Quay Hood,Jacksonville State,DL,,,,2025,HighSchool
5294651,258026,Nathan Tiyce,Mississippi State,P,,,,2025,HighSchool
5306184,258180,Justin Ruffin Jr.,Central Michigan,WR,,,,2025,HighSchool
5300118,258486,Julian Mendez,Presbyterian,LB,,,,2025,HighSchool
5295212,258104,Malakai Sumter,Fresno State,WR,,,,2025,HighSchool
5295248,258219,Kingston Costales,Hawai'i,LB,,,,2025,HighSchool
5258333,258115,Aiden Pedreros,Buffalo,TE,,,,2025,HighSchool
5300543,258415,Sam Pickett III,Samford,WR,,,,2025,HighSchool
5295363,258040,Cameron Mathews,Memphis,RB,,,,2025,HighSchool
5295342,258029,Nolan Akins,SMU,LS,,,,2025,HighSchool
5301678,258399,Christopher Koffi,Towson,LB,,,,2025,HighSchool
5301774,258156,Preston Otter,South Dakota State,QB,,,,2025,HighSchool
5295320,258022,Luke Brown,USC,LS,,,,2025,HighSchool
5295365,258039,Lachlan Carrigan,Memphis,P,,,,2025,HighSchool
5298062,258252,Sam Wulff,Cal Poly,QB,,,,2025,HighSchool
5300679,258147,Brody Johnson,Montana State,LS,,,,2025,HighSchool
5300666,258150,Maxwell Hendrick,Montana State,WR,,,,2025,HighSchool
5300675,258149,Colby Frokjer,Montana State,P,,,,2025,HighSchool
5299316,258469,Bryce Lofton,Campbell,S,,,,2025,HighSchool
5298282,258422,Laden Beckwith,Charleston Southern,ATH,,,,2025,HighSchool
5300671,258148,Marcus Coleman,Montana State,S,,,,2025,HighSchool
5298264,258418,Austin Brown,Charleston Southern,CB,,,,2025,HighSchool
5298273,258421,Ramell Parker,Charleston Southern,IOL,,,,2025,HighSchool
5302669,258473,Seth Slater,Morgan State,RB,,,,2025,HighSchool
5298579,258514,Lane Albright,Davidson,QB,,,,2025,HighSchool
5298740,258459,Vincenzo Gianforte,Drake,QB,,,,2025,HighSchool
5301573,258317,Evan Gober,Austin Peay,TE,,,,2025,HighSchool
5301570,258316,Elijah Daniels,Austin Peay,DL,,,,2025,HighSchool
5301790,258160,Cam Cribari,South Dakota State,S,,,,2025,HighSchool
5298739,258452,Logan Inagawa,Drake,QB,,,,2025,HighSchool
5300318,258364,Kelan Washington,Mercer,IOL,,,,2025,HighSchool
5300316,258366,Braylon Stewart,Mercer,WR,,,,2025,HighSchool
5300313,258362,Mike Polke,Mercer,CB,,,,2025,HighSchool
