athleteId,id,name,committedTo,position,stars,rating,ranking,year,recruitType
,254930,Marques Buford Jr.,Nebraska,CB,3,0.8589,1,2021,HighSchool
,115742,Quinn Ewers,Ohio State,QB,5,1,1,2021,HighSchool
,254944,Lorenz Terry,Virginia,DL,3,0.8444,2,2021,HighSchool
4431274,115743,Korey Foreman,USC,DL,5,0.9992,2,2021,HighSchool
,115744,JC Latham,Alabama,OT,5,0.9989,3,2021,HighSchool
,254952,Da'Shawn Elder,Virginia Tech,S,3,0.8381,3,2021,HighSchool
4566154,115745,J.T. Tuimoloau,Ohio State,DL,5,0.9989,4,2021,HighSchool
,254988,Anthony Simpson,Arizona,ATH,3,0.825,5,2021,HighSchool
4431590,115746,Jack Sawyer,Ohio State,DL,5,0.998,5,2021,HighSchool
,255016,Latrell Fordham,Eastern Michigan,WR,3,0.8244,6,2021,HighSchool
4432667,115747,Tommy Brockermeyer,Alabama,OT,5,0.9977,6,2021,HighSchool
4431611,115748,Caleb Williams,Oklahoma,QB,5,0.9969,7,2021,HighSchool
,255020,Jayden Chalmers,East Carolina,CB,3,0.82,7,2021,HighSchool
,255160,Nate Martey,Princeton,DT,2,0.7956,8,2021,HighSchool
4431571,115749,Amarius Mims,Georgia,OT,5,0.9956,8,2021,HighSchool
4565190,115750,Dallas Turner,Alabama,EDGE,5,0.995,9,2021,HighSchool
4567750,115751,Emeka Egbuka,Ohio State,WR,5,0.9945,10,2021,HighSchool
4431598,115752,Leonard Taylor III,Miami,DL,5,0.9938,11,2021,HighSchool
4567748,115753,Sam Huard,Washington,QB,5,0.9935,12,2021,HighSchool
4431588,115754,Ja'Tavion Sanders,Texas,ATH,5,0.9932,13,2021,HighSchool
4431443,115755,Tristan Leigh,Clemson,OT,5,0.9921,14,2021,HighSchool
4431613,115756,James Williams,Miami,S,5,0.9921,15,2021,HighSchool
4431587,115757,Nolan Rucci,Wisconsin,OT,5,0.9918,16,2021,HighSchool
4432782,115758,Brock Vandagriff,Georgia,QB,5,0.9908,17,2021,HighSchool
4873066,115759,Kool-Aid McKinstry,Alabama,CB,5,0.9906,18,2021,HighSchool
4431553,115760,Donovan Jackson,Ohio State,IOL,5,0.99,19,2021,HighSchool
4431567,115761,Maason Smith,LSU,DL,5,0.9897,20,2021,HighSchool
4431558,115762,Terrence Lewis,Maryland,LB,5,0.9894,21,2021,HighSchool
4432804,115763,Shemar Turner,Texas A&M,DL,5,0.9877,22,2021,HighSchool
4432710,115764,TreVeyon Henderson,Ohio State,RB,5,0.9872,23,2021,HighSchool
4431503,115765,Damon Payne,Alabama,DL,5,0.9872,24,2021,HighSchool
4433970,115766,J.J. McCarthy,Michigan,QB,5,0.9866,25,2021,HighSchool
4431570,115767,Xavian Sorey Jr.,Georgia,LB,5,0.9864,26,2021,HighSchool
4431506,115768,Ja'Corey Brooks,Alabama,WR,5,0.9861,27,2021,HighSchool
4433971,115769,Kyle McCord,Ohio State,QB,5,0.9858,28,2021,HighSchool
4875178,115770,Jason Marshall Jr.,Florida,CB,5,0.9854,29,2021,HighSchool
4431539,115771,Sage Ryan,LSU,S,5,0.9851,30,2021,HighSchool
4432764,115772,Keeshawn Silver,North Carolina,DL,5,0.9841,31,2021,HighSchool
4431545,115773,Will Shipley,Clemson,RB,5,0.9839,32,2021,HighSchool
4431519,115774,Barrett Carter,Clemson,LB,5,0.9835,33,2021,HighSchool
,115775,Camar Wheaton,Alabama,RB,5,0.9834,34,2021,HighSchool
4431573,115776,Smael Mondon Jr.,Georgia,LB,5,0.9834,35,2021,HighSchool
4431595,115777,Kingsley Suamataia,Oregon,OT,4,0.9823,36,2021,HighSchool
4432777,115778,Jeremiah Trotter Jr.,Clemson,LB,4,0.9818,37,2021,HighSchool
4432765,115779,Clayton Smith,Oklahoma,EDGE,4,0.9812,38,2021,HighSchool
4432655,115780,Tunmise Adeleye,Texas A&M,DL,4,0.9811,39,2021,HighSchool
4432774,115781,Ty Thompson,Oregon,QB,4,0.9809,40,2021,HighSchool
4431280,115782,Troy Franklin,Oregon,WR,4,0.9808,41,2021,HighSchool
4431536,115783,Donovan Edwards,Michigan,RB,4,0.9806,42,2021,HighSchool
4431618,115784,Mario Williams,Oklahoma,WR,4,0.9801,43,2021,HighSchool
4431194,115785,Billy Bowman,Oklahoma,ATH,4,0.9799,44,2021,HighSchool
4567774,115786,Agiye Hall,Alabama,WR,4,0.9788,45,2021,HighSchool
4432718,115787,LJ Johnson Jr.,Texas A&M,RB,4,0.9779,46,2021,HighSchool
4432694,115788,JoJo Earle,Alabama,WR,4,0.9762,47,2021,HighSchool
4432703,115789,Jake Garcia,Miami,QB,4,0.9761,48,2021,HighSchool
4431247,115790,Raesjon Davis,USC,LB,4,0.9746,49,2021,HighSchool
5081803,115791,JK Johnson,Ohio State,CB,4,0.9745,50,2021,HighSchool
4592837,115792,Terrion Arnold,Alabama,S,4,0.9745,51,2021,HighSchool
4432725,115793,Deontae Lawson,Alabama,LB,4,0.9744,52,2021,HighSchool
4600415,115794,Michael Hall Jr.,Ohio State,DL,4,0.9742,53,2021,HighSchool
4431578,115795,Landon Tengwall,Penn State,OT,4,0.9739,54,2021,HighSchool
4432699,115796,Blake Fisher,Notre Dame,OT,4,0.9738,55,2021,HighSchool
4431452,115797,Drake Maye,North Carolina,QB,4,0.9724,56,2021,HighSchool
4432775,115798,Dont’e Thornton Jr.,Oregon,WR,4,0.9719,57,2021,HighSchool
4431542,115799,TJ Ferguson,Alabama,IOL,4,0.9719,58,2021,HighSchool
4570039,115800,Keanu Koht,Alabama,EDGE,4,0.9715,59,2021,HighSchool
4431593,115801,Rocco Spindler,Notre Dame,IOL,4,0.9713,60,2021,HighSchool
4431196,115802,Jake Briningstool,Clemson,TE,4,0.9713,61,2021,HighSchool
4683062,115803,Xavier Worthy,Texas,WR,4,0.9712,62,2021,HighSchool
4432729,115804,Tywone Malone Jr.,Ole Miss,DL,4,0.9707,63,2021,HighSchool
4432671,115805,Savion Byrd,Oklahoma,IOL,4,0.9706,64,2021,HighSchool
5095992,115806,Derrick Davis Jr.,LSU,S,4,0.9706,65,2021,HighSchool
4431276,115807,Bryce Foster,Texas A&M,IOL,4,0.9703,66,2021,HighSchool
4432738,115808,Micah Morris,Georgia,OT,4,0.9698,67,2021,HighSchool
4431586,115809,Chop Robinson,Maryland,EDGE,4,0.9698,68,2021,HighSchool
4689114,115810,Jaxson Dart,USC,QB,4,0.9693,69,2021,HighSchool
4873170,115811,Deion Smith,LSU,WR,4,0.969,70,2021,HighSchool
4431513,115812,Tyler Buchner,Notre Dame,QB,4,0.9684,71,2021,HighSchool
4431549,115813,Nyland Green,Georgia,CB,4,0.9682,72,2021,HighSchool
4596480,115814,Jordan Hancock,Ohio State,CB,4,0.968,73,2021,HighSchool
4875181,115815,Scooby Williams,Florida,EDGE,4,0.9678,74,2021,HighSchool
4587702,115816,Christian Leary,Alabama,WR,4,0.9672,75,2021,HighSchool
4431580,115817,Miller Moss,USC,QB,4,0.9663,76,2021,HighSchool
4431508,115818,Dylan Brooks,Auburn,EDGE,4,0.9658,77,2021,HighSchool
4433964,115819,Ethan Calvert,Utah,LB,4,0.9652,78,2021,HighSchool
4431334,115820,Chris Hilton Jr.,LSU,WR,4,0.9646,79,2021,HighSchool
4431619,115821,Ceyair Wright,USC,CB,4,0.9636,80,2021,HighSchool
4431551,115822,Lee Hunter,Auburn,DL,4,0.9633,81,2021,HighSchool
4432734,115823,Jalen Milroe,Alabama,QB,4,0.9631,82,2021,HighSchool
4432757,115824,Evan Pryor,Ohio State,RB,4,0.9628,83,2021,HighSchool
4567747,115825,Garrett Nussmeier,LSU,QB,4,0.9624,84,2021,HighSchool
4432783,115826,Bram Walden,Oregon,OT,4,0.9624,85,2021,HighSchool
4431210,115827,Beaux Collins,Clemson,WR,4,0.9624,86,2021,HighSchool
4432673,115828,Reid Carrico,Ohio State,LB,4,0.9615,87,2021,HighSchool
4431538,115829,Giovanni El-Hadi,Michigan,OT,4,0.9612,88,2021,HighSchool
4873176,115830,Brian Thomas Jr.,LSU,WR,4,0.96,89,2021,HighSchool
4431212,115831,Junior Colson,Michigan,LB,4,0.9597,90,2021,HighSchool
4431252,115832,Garrett Dellinger,LSU,OT,4,0.9595,91,2021,HighSchool
4431288,115833,Monkell Goodwine,Alabama,DL,4,0.9595,92,2021,HighSchool
4590292,115834,Thomas Fidone II,Nebraska,TE,4,0.9593,93,2021,HighSchool
4431582,115835,Payton Page,Clemson,DL,4,0.9585,94,2021,HighSchool
4431286,115836,Armoni Goodwin,LSU,RB,4,0.9584,95,2021,HighSchool
4873113,115837,David Daniel-Sisavanh,Georgia,ATH,4,0.9583,96,2021,HighSchool
4432708,115838,Marvin Harrison Jr.,Ohio State,WR,4,0.9583,97,2021,HighSchool
4646773,115839,Dylan Fairchild,Georgia,IOL,4,0.9582,98,2021,HighSchool
4431498,115840,Jayden Ballard,Ohio State,WR,4,0.958,99,2021,HighSchool
4889957,115841,Tyreak Sapp,Florida,DL,4,0.9578,100,2021,HighSchool
4595343,115842,Kendal Daniels,Oklahoma State,S,4,0.9578,101,2021,HighSchool
4431213,115843,Deion Colzie,Notre Dame,WR,4,0.957,102,2021,HighSchool
4612847,115844,RaRa Dillworth,North Carolina,LB,4,0.9561,103,2021,HighSchool
4567943,115845,Cade Denhoff,Clemson,DL,4,0.9536,104,2021,HighSchool
4432665,115846,Brock Bowers,Georgia,TE,4,0.9531,105,2021,HighSchool
4432681,115847,Corey Collier,Florida,S,4,0.9525,106,2021,HighSchool
4431547,115848,Kelvin Gilliam Jr.,Oklahoma,EDGE,4,0.952,107,2021,HighSchool
5081358,115849,Branden Jennings,Maryland,LB,4,0.9509,108,2021,HighSchool
4431463,115850,Wyatt Milum,West Virginia,OT,4,0.9507,109,2021,HighSchool
4875853,115851,Cody Jackson,Oklahoma,WR,4,0.9505,110,2021,HighSchool
4432767,115852,Preston Stone,SMU,QB,4,0.9497,111,2021,HighSchool
,115853,Shad Banks Jr.,Texas A&M,WR,4,0.9492,112,2021,HighSchool
5150834,115854,Destyn Hill,Florida State,WR,4,0.9482,113,2021,HighSchool
4431200,115855,Keith Brown,Oregon,LB,4,0.9479,114,2021,HighSchool
4432768,115856,Lorenzo Styles Jr.,Notre Dame,WR,4,0.9477,115,2021,HighSchool
4432674,115857,Lovasea Carroll,Georgia,RB,4,0.9474,116,2021,HighSchool
4431533,115858,Gabriel Rubio,Notre Dame,DL,4,0.9472,117,2021,HighSchool
4601278,115859,Nate Wiggins,Clemson,CB,4,0.9451,118,2021,HighSchool
4431528,115860,Elliot Donald,Pittsburgh,DL,4,0.9449,119,2021,HighSchool
4431566,115861,Julien Simon,USC,LB,4,0.9445,120,2021,HighSchool
4432676,115862,Bryce Carter,Virginia,DL,4,0.9442,121,2021,HighSchool
4432693,115863,Avante Dickerson,Oregon,CB,4,0.9442,122,2021,HighSchool
4431273,115864,Jalil Farooq,Oklahoma,WR,4,0.9441,123,2021,HighSchool
4431521,115865,Ben Christman,Ohio State,IOL,4,0.9437,124,2021,HighSchool
,115866,Landon Jackson,LSU,EDGE,4,0.9435,125,2021,HighSchool
5085025,115867,Kyron Hudson,USC,WR,4,0.9421,126,2021,HighSchool
4431576,115868,Marcus Tate,Clemson,IOL,4,0.941,127,2021,HighSchool
4432695,115869,Power Echols,North Carolina,LB,4,0.9408,128,2021,HighSchool
4431393,115870,Jonathan Jefferson,Georgia,DL,4,0.9407,129,2021,HighSchool
4594749,115871,Michael Trigg,USC,TE,4,0.9402,130,2021,HighSchool
4568124,115872,JP Benzschawel,Wisconsin,OT,4,0.9397,131,2021,HighSchool
4431518,115873,Marcus Burris Jr.,Texas A&M,DL,4,0.9396,132,2021,HighSchool
4431584,115874,Jahvaree Ritzie,North Carolina,DL,4,0.9394,133,2021,HighSchool
4432759,115875,Sawyer Robertson,Mississippi State,QB,4,0.9392,134,2021,HighSchool
,115876,Kadarius Calloway,Alabama,ATH,4,0.9392,135,2021,HighSchool
4567802,115877,Drew Kendall,Boston College,IOL,4,0.9392,136,2021,HighSchool
4875201,115878,Aaron Willis,Tennessee,LB,4,0.9392,137,2021,HighSchool
4432698,115879,Reuben Fatheree II,Texas A&M,OT,4,0.9391,138,2021,HighSchool
4569661,115880,Jager Burton,Kentucky,IOL,4,0.9387,139,2021,HighSchool
4362794,115881,Isaiah Johnson,Arizona State,CB,4,0.9381,140,2021,HighSchool
4683815,115882,Trevin Wallace,Kentucky,LB,4,0.938,141,2021,HighSchool
4431448,115883,Riley Mahlman,Wisconsin,OT,4,0.9379,142,2021,HighSchool
,115884,Kaidon Salter,Tennessee,QB,4,0.9375,143,2021,HighSchool
5083971,115885,Quay Davis,Jackson State,WR,4,0.9372,144,2021,HighSchool
4635009,115886,J. Michael Sturdivant,California,WR,4,0.9369,145,2021,HighSchool
4431197,115887,Romello Brinson,Miami,WR,4,0.9368,146,2021,HighSchool
4682989,115888,Prince Kollie,Notre Dame,LB,4,0.9366,147,2021,HighSchool
4875179,115889,Carlos Del Rio-Wilson,Florida,QB,4,0.9357,148,2021,HighSchool
4431465,115890,Behren Morton,Texas Tech,QB,4,0.9356,149,2021,HighSchool
4629149,115891,Tyrion Ingram-Dawkins,Georgia,DL,4,0.9356,150,2021,HighSchool
4433973,115892,Seven McGee,Oregon,RB,4,0.935,151,2021,HighSchool
4432689,115893,Jaylin Davies,Oregon,CB,4,0.935,152,2021,HighSchool
4432688,115894,David Davidkov,Iowa,OT,4,0.9349,153,2021,HighSchool
4685245,115895,Wilfredo Aybar,Stanford,EDGE,4,0.9347,154,2021,HighSchool
4431450,115896,Kaemen Marley,Tennessee,ATH,4,0.9337,155,2021,HighSchool
4432712,115897,Wynden Ho'ohuli,Nebraska,LB,4,0.9335,156,2021,HighSchool
4603189,115898,Sai'vion Jones,LSU,EDGE,4,0.9333,157,2021,HighSchool
4685268,115899,Prophet Brown,USC,CB,4,0.9332,158,2021,HighSchool
4431162,115900,T.J. Bollers,Wisconsin,EDGE,4,0.9325,159,2021,HighSchool
4432731,115901,Moliki Matavao,Oregon,TE,4,0.9324,160,2021,HighSchool
4431208,115902,JD Coffey,Texas,S,4,0.9318,161,2021,HighSchool
4431431,115903,Corey Kiner,LSU,RB,4,0.9317,162,2021,HighSchool
4431546,115904,Ma'a Gaoteote,Michigan State,LB,4,0.9316,163,2021,HighSchool
4432724,115905,Bryce Langston,LSU,DL,4,0.9316,164,2021,HighSchool
4431389,115906,Ketron Jackson,Arkansas,WR,4,0.929,165,2021,HighSchool
4590891,115907,Tyleik Williams,Ohio State,DL,4,0.9288,166,2021,HighSchool
4602197,115908,Andrew Mukuba,Clemson,S,4,0.9278,167,2021,HighSchool
4431500,115909,Kendrick Blackshire,Alabama,LB,4,0.9278,168,2021,HighSchool
4432805,115910,Andre Turrentine,Ohio State,S,4,0.9269,169,2021,HighSchool
,115911,Lonnie White Jr.,Penn State,WR,4,0.9267,170,2021,HighSchool
4431574,115912,Eli Stowers,Texas A&M,QB,4,0.9267,171,2021,HighSchool
4592550,115913,Jantzen Dunn,Ohio State,S,4,0.9267,172,2021,HighSchool
4565177,115914,Isaiah Brevard,Oregon,WR,4,0.9264,173,2021,HighSchool
4431534,115915,Ethan Downs,Oklahoma,EDGE,4,0.9261,174,2021,HighSchool
4567103,115916,Jacolby George,Miami,WR,4,0.9257,175,2021,HighSchool
,115917,Kaine Williams,Alabama,S,4,0.9253,176,2021,HighSchool
4432661,115918,Rayshaun Benny,Michigan,DL,4,0.9253,177,2021,HighSchool
4587722,115919,Troy Stellato,Clemson,WR,4,0.9253,178,2021,HighSchool
4244774,115920,Bralon Brown,Ole Miss,WR,4,0.9251,179,2021,HighSchool
4432670,115921,Clinton Burton Jr.,Boston College,CB,4,0.925,180,2021,HighSchool
4431195,115922,DeAndre Boykins,North Carolina,ATH,4,0.9249,181,2021,HighSchool
4431209,115923,Dacari Collins,Clemson,WR,4,0.9248,182,2021,HighSchool
4432763,115924,Laurence Seymore,Miami,IOL,4,0.9248,183,2021,HighSchool
4431511,115925,Owen Prentice,Washington,IOL,4,0.9246,184,2021,HighSchool
4592832,115926,Marcus Burke,Florida,WR,4,0.9245,185,2021,HighSchool
4431517,115927,Calen Bullock,USC,ATH,4,0.9238,186,2021,HighSchool
4875180,115928,Donovan McMillon,Florida,S,4,0.9237,187,2021,HighSchool
4431562,115929,Phil Mafah,Clemson,RB,4,0.9237,188,2021,HighSchool
4431502,115930,Zaire Patterson,Clemson,EDGE,4,0.9236,189,2021,HighSchool
4596437,115931,AJ Green,Arkansas,ATH,4,0.9235,190,2021,HighSchool
,115932,Jay Toia,USC,DL,4,0.9235,191,2021,HighSchool
4683409,115933,Damarius McGhee,LSU,CB,4,0.9231,192,2021,HighSchool
4433968,115934,Byron Cardwell Jr.,Oregon,RB,4,0.9226,193,2021,HighSchool
4567783,115935,James Brockermeyer,Alabama,IOL,4,0.9224,194,2021,HighSchool
4597005,115936,Marcus Bradley,Vanderbilt,DL,4,0.922,195,2021,HighSchool
4597679,115937,Luke Altmyer,Ole Miss,QB,4,0.9219,196,2021,HighSchool
4875295,115938,Jackson Powers-Johnson,Oregon,IOL,4,0.9216,197,2021,HighSchool
4569680,115939,Jamon Dumas-Johnson,Georgia,LB,4,0.9215,198,2021,HighSchool
4432668,115940,Denzel Burke,Ohio State,ATH,4,0.9213,199,2021,HighSchool
4432697,115941,KaTron Evans,Jackson State,DL,4,0.9212,200,2021,HighSchool
4678006,115942,Elijah Arroyo,Miami,TE,4,0.9212,201,2021,HighSchool
4703064,115943,Micah Crowell,NC State,WR,4,0.921,202,2021,HighSchool
4431552,115944,Ishmael Ibraheem,Texas,CB,4,0.9206,203,2021,HighSchool
4431535,115945,Jake Rubley,Kansas State,QB,4,0.9204,204,2021,HighSchool
4893657,115946,Gavin Wimsatt,Rutgers,QB,4,0.9201,205,2021,HighSchool
4596602,115947,Brashard Smith,Miami,WR,4,0.9198,206,2021,HighSchool
4432772,115948,Jermaine Terry II,California,TE,4,0.9196,207,2021,HighSchool
4432717,115949,Elijah Jeudy,Texas A&M,EDGE,4,0.9193,208,2021,HighSchool
4567804,115950,Hudson Wolfe,Ole Miss,TE,4,0.9193,209,2021,HighSchool
4432664,115951,Gavin Blackwell,North Carolina,WR,4,0.9191,210,2021,HighSchool
4431330,115952,Jahzion Harris,Texas A&M,EDGE,4,0.9185,211,2021,HighSchool
4432789,115953,Hunter Wohler,Wisconsin,S,4,0.9184,212,2021,HighSchool
4431156,115954,Aaron Armitage,Stanford,DL,4,0.9183,213,2021,HighSchool
4596438,115955,Deuce Harmon,Texas A&M,CB,4,0.9183,214,2021,HighSchool
4432658,115956,Raheem Anderson II,Michigan,IOL,4,0.9178,215,2021,HighSchool
4570037,115957,Terrance Ferguson,Oregon,TE,4,0.9178,216,2021,HighSchool
4432701,115958,Travion Ford,Missouri,EDGE,4,0.9177,217,2021,HighSchool
4431594,115959,Gabe Stephens,North Carolina,ATH,4,0.9175,218,2021,HighSchool
4569925,115960,Dietrick Pennington,Clemson,IOL,4,0.9174,219,2021,HighSchool
4432709,115961,Ahmari Harvey,Auburn,S,4,0.9174,220,2021,HighSchool
4431583,115962,Greg Penn III,LSU,LB,4,0.9173,221,2021,HighSchool
4431433,115963,Kalen King,Penn State,CB,4,0.9168,222,2021,HighSchool
4596347,115964,Donaven McCulley,Indiana,QB,4,0.9167,223,2021,HighSchool
4432675,115965,Zavier Carter,LSU,LB,4,0.9165,224,2021,HighSchool
4433972,115966,Latrell McCutchin Sr.,Oklahoma,CB,4,0.9164,225,2021,HighSchool
4431541,115967,Tiaoalii Savea,UCLA,DL,4,0.9161,226,2021,HighSchool
4685247,115968,Braelon Allen,Wisconsin,LB,4,0.9159,227,2021,HighSchool
4432660,115969,Anthony Beavers Jr.,USC,ATH,4,0.9149,228,2021,HighSchool
4432690,115970,Dematrius Davis Jr.,Auburn,QB,4,0.9148,229,2021,HighSchool
4432766,115971,Quintin Somerville,UCLA,DL,4,0.9147,230,2021,HighSchool
4569682,115972,Audric Estime,Notre Dame,RB,4,0.9146,231,2021,HighSchool
4567803,115973,Teddy Prochazka,Nebraska,OT,4,0.9145,232,2021,HighSchool
,115974,Naquan Brown,Pittsburgh,EDGE,4,0.9144,233,2021,HighSchool
4431256,115975,Cristian Dixon,Michigan,WR,4,0.9142,234,2021,HighSchool
4431550,115976,Tommi Hill,Arizona State,ATH,4,0.9141,235,2021,HighSchool
4431523,115977,Connor Colby,Iowa,IOL,4,0.914,236,2021,HighSchool
5081156,115978,John Lewis,Mississippi State,LB,4,0.914,237,2021,HighSchool
4432662,115979,Cane Berrong,Notre Dame,TE,4,0.9137,238,2021,HighSchool
4602699,115980,Kamari Lassiter,Georgia,CB,4,0.9137,239,2021,HighSchool
4432728,115981,Ryan Linthicum,Clemson,IOL,4,0.9135,240,2021,HighSchool
4873637,115982,Cody Brown,Miami,RB,4,0.9134,241,2021,HighSchool
4691828,115983,Daymon David,Oregon,S,4,0.9133,242,2021,HighSchool
4879611,115984,Amari Daniels,Texas A&M,RB,4,0.9131,243,2021,HighSchool
4602970,115985,Jordan Poole,NC State,LB,4,0.9131,244,2021,HighSchool
4431509,115986,Kaden Prather,West Virginia,WR,4,0.9128,245,2021,HighSchool
4592570,115987,Ian Jackson,Alabama,LB,4,0.9127,246,2021,HighSchool
4432762,115988,Shedeur Sanders,Jackson State,QB,4,0.9126,247,2021,HighSchool
4431341,115989,Jabari Ishmael,Miami,EDGE,4,0.912,248,2021,HighSchool
4432769,115990,Eli Sutton,North Carolina,OT,4,0.9119,249,2021,HighSchool
,115991,DeVonta Smith,Alabama,CB,4,0.9114,250,2021,HighSchool
4595348,115992,Malik Nabers,LSU,WR,4,0.9112,251,2021,HighSchool
4429914,115993,Nahki Johnson,Pittsburgh,EDGE,4,0.9111,252,2021,HighSchool
4602926,115994,Devin Kirkwood,UCLA,ATH,4,0.9099,253,2021,HighSchool
4903971,115995,Thad Franklin,Miami,RB,4,0.9098,254,2021,HighSchool
4875270,115996,Ezra Dotson-Oyetade,Arizona State,IOL,4,0.9096,255,2021,HighSchool
4565180,115997,Peter Costelli,Utah,QB,4,0.9095,256,2021,HighSchool
4569727,115998,Louis Hansen,Michigan,TE,4,0.909,257,2021,HighSchool
4603193,115999,Jardin Gilbert,Texas A&M,S,4,0.9089,258,2021,HighSchool
4611768,116000,Jaydon Hood,Michigan,LB,4,0.9088,259,2021,HighSchool
4603749,116001,Nathan Rawlins-Kibonge,Oklahoma,DL,4,0.9088,260,2021,HighSchool
4431601,116002,Hunter Washington,Florida State,CB,4,0.9088,261,2021,HighSchool
4432696,116003,Kamarro Edmonds,North Carolina,RB,4,0.9087,262,2021,HighSchool
4678010,116004,Kyron Drones,Baylor,QB,4,0.9087,263,2021,HighSchool
4595352,116005,Alijah Clark,Rutgers,CB,4,0.9086,264,2021,HighSchool
4431529,116006,Jaeden Roberts,Alabama,IOL,4,0.9084,265,2021,HighSchool
4569922,116007,Khayri Banton,Rutgers,LB,4,0.9084,266,2021,HighSchool
4431557,116008,Teddy Knox,Mississippi State,WR,4,0.9079,267,2021,HighSchool
4431435,116009,Randolph Kpai,Nebraska,LB,4,0.9079,268,2021,HighSchool
4431406,116010,Taizse Johnson,Maryland,DL,4,0.9073,269,2021,HighSchool
4431405,116011,Tysheem Johnson,Ole Miss,S,4,0.9071,270,2021,HighSchool
4431531,116012,George Rooks,Michigan,DL,4,0.907,271,2021,HighSchool
4685721,116013,Raheim Sanders,Arkansas,ATH,4,0.9069,272,2021,HighSchool
4431412,116014,Yanni Karlaftis,Purdue,LB,4,0.9069,273,2021,HighSchool
4433976,116015,Aaron McLaughlin,NC State,QB,4,0.9068,274,2021,HighSchool
4431568,116016,Jaquez Smith,Indiana,WR,4,0.9065,275,2021,HighSchool
4432719,116017,Jamier Johnson,Texas,CB,4,0.9064,276,2021,HighSchool
4683450,116018,Tommy Akingbesote,Maryland,DL,4,0.906,277,2021,HighSchool
4682490,116019,Chase Smith,Miami,ATH,4,0.9059,278,2021,HighSchool
4567785,116020,D.J. Harris Jr.,Texas,EDGE,4,0.9058,279,2021,HighSchool
4596539,116021,Yulkeith Brown,Texas A&M,ATH,4,0.9057,280,2021,HighSchool
4432758,116022,Jaylen Reed,Penn State,S,4,0.9057,281,2021,HighSchool
4431473,116023,Yousef Mugharbil,Florida,IOL,4,0.9057,282,2021,HighSchool
4682509,116024,Malik McClain,Florida State,WR,4,0.9056,283,2021,HighSchool
4432684,116025,Greg Crippen,Michigan,IOL,4,0.9054,284,2021,HighSchool
4431623,116026,Trey Zuhn III,Texas A&M,OT,4,0.9048,285,2021,HighSchool
4432742,116027,Dontavius Nash,North Carolina,S,4,0.9048,286,2021,HighSchool
4594322,116028,Shambre Jackson,Florida State,DL,4,0.9042,287,2021,HighSchool
,116029,Jonah Miller,Oregon,IOL,4,0.904,288,2021,HighSchool
4567706,116030,Omarion Cooper,Florida State,CB,4,0.904,289,2021,HighSchool
4431606,116031,Monte Watkins,TCU,RB,4,0.9035,290,2021,HighSchool
4683230,116032,Philip Riley,Notre Dame,CB,4,0.9033,291,2021,HighSchool
4431497,116033,Mavin Anderson,California,WR,4,0.9031,292,2021,HighSchool
4431514,116034,Daejon Reynolds,Florida,WR,4,0.903,293,2021,HighSchool
4432779,116035,Mason Tufaga,Utah,LB,4,0.9027,294,2021,HighSchool
,116036,Drey Norwood,Texas A&M,CB,4,0.9027,295,2021,HighSchool
4643625,116037,Kai Millner,California,QB,4,0.9024,296,2021,HighSchool
,116038,Jordon Thomas,Texas,DL,4,0.9016,297,2021,HighSchool
4432776,116039,Jabez Tinae,Washington,WR,4,0.9016,298,2021,HighSchool
4581420,116040,Lonyatta Alexander,Arizona State,WR,4,0.9015,299,2021,HighSchool
4431439,116041,Will Latu,Washington,ATH,4,0.9014,300,2021,HighSchool
4432706,116042,Antonio Harmon,Mississippi State,WR,4,0.9014,301,2021,HighSchool
,116043,Ricky Parks,Utah,RB,4,0.9014,302,2021,HighSchool
4597334,116044,Xamarion Gordon,USC,S,4,0.9013,303,2021,HighSchool
4683065,116045,Damond Harmon,Oklahoma,CB,4,0.9013,304,2021,HighSchool
4431501,116046,James BlackStrain,Georgia Tech,WR,4,0.9013,305,2021,HighSchool
4683131,116047,Zen Michalski,Ohio State,OT,4,0.9012,306,2021,HighSchool
4431525,116048,Dekel Crowdus,Kentucky,WR,4,0.9011,307,2021,HighSchool
4431596,116049,Justice Sullivan,Iowa,EDGE,4,0.9008,308,2021,HighSchool
4612202,116050,Aden Kelley,Oklahoma State,DL,4,0.9006,309,2021,HighSchool
4682762,116051,Ke'Travion Hargrove,Mississippi State,RB,4,0.9001,310,2021,HighSchool
,116052,Jonathan Flowe,Oregon,LB,4,0.9,311,2021,HighSchool
,116055,Emeka Megwa,Washington,ATH,4,0.9,312,2021,HighSchool
,116057,Caleb Johnson,Notre Dame,OT,4,0.9,312,2021,HighSchool
4683794,116059,Davon Townley Jr.,Penn State,DL,4,0.9,312,2021,HighSchool
4685585,116053,Keanu Williams,Oregon,DL,4,0.9,312,2021,HighSchool
4710344,116056,Titus Mokiao-Atimalala,UCF,ATH,4,0.9,312,2021,HighSchool
4432751,116054,Steven Ortiz,Minnesota,CB,4,0.9,312,2021,HighSchool
4683093,116058,Josh McCarron,Virginia,EDGE,4,0.9,312,2021,HighSchool
4431468,116060,Jordan Mosley,Northwestern,WR,4,0.8998,319,2021,HighSchool
4596363,116061,Kamren Kinchens,Miami,S,4,0.8994,320,2021,HighSchool
4586313,116062,Terrence Cooks II,Texas,LB,4,0.8994,321,2021,HighSchool
4570043,116063,Mac Uihlein,Northwestern,LB,4,0.8994,322,2021,HighSchool
4594277,116064,Jaylin Smith,USC,ATH,4,0.8993,323,2021,HighSchool
4683158,116065,Arland Bruce IV,Iowa,ATH,4,0.8993,324,2021,HighSchool
4596362,116066,Justus Boone,Florida,DL,4,0.8992,325,2021,HighSchool
4431600,116067,Jayden Thomas,Notre Dame,WR,4,0.8991,326,2021,HighSchool
4913159,116068,Jaylen Anderson,West Virginia,RB,4,0.8991,327,2021,HighSchool
4600388,116069,Chief Borders,Florida,LB,4,0.8989,328,2021,HighSchool
4596679,116070,Patrick Payton,Florida State,LB,4,0.8986,329,2021,HighSchool
4690780,116071,Rod Orr Jr.,Florida State,OT,4,0.8986,330,2021,HighSchool
4596439,116072,Dominic Lovett,Missouri,WR,4,0.8986,331,2021,HighSchool
4432787,116073,Gage Wilcox,Florida,TE,4,0.8985,332,2021,HighSchool
4431537,116074,Trevonte Rucker,Jackson State,WR,4,0.8978,333,2021,HighSchool
4602389,116075,Jeffrey Bassa,Oregon,S,4,0.8978,334,2021,HighSchool
4602969,116077,Bryson Nesbit,North Carolina,TE,4,0.8978,334,2021,HighSchool
4431332,116076,DJ Harvey,Virginia Tech,CB,4,0.8978,334,2021,HighSchool
4433965,116078,Brandon Campbell,USC,RB,4,0.8978,337,2021,HighSchool
4683264,116079,Tate Williams,Baylor,IOL,4,0.8974,338,2021,HighSchool
,116080,Dink Jackson,Ole Miss,S,4,0.8972,339,2021,HighSchool
4596448,116081,Bucky Irving,Minnesota,RB,4,0.8972,340,2021,HighSchool
4683515,116082,Leo Blackburn,Georgia Tech,TE,4,0.8968,341,2021,HighSchool
4603186,116084,Jack Bech,LSU,WR,4,0.8967,342,2021,HighSchool
4596357,116085,Kechaun Bennett,Michigan,DL,4,0.8967,342,2021,HighSchool
4570035,116087,Jaden Alexis,Texas,WR,4,0.8967,342,2021,HighSchool
4873126,116086,Chris Lewis,Kentucky,WR,4,0.8967,342,2021,HighSchool
4569659,116088,Josh Simmons,San Diego State,IOL,4,0.8967,342,2021,HighSchool
4432732,116083,Walker Merrill,Tennessee,WR,4,0.8967,342,2021,HighSchool
4432744,116089,Julian Nixon,Tennessee,WR,4,0.8964,348,2021,HighSchool
4432722,116090,Athan Kaliakmanis,Minnesota,QB,4,0.8964,349,2021,HighSchool
4566384,116091,Zakee Wheatley,Penn State,S,4,0.8962,350,2021,HighSchool
4610011,116092,Tar'Varish Dawson,Auburn,ATH,4,0.8959,351,2021,HighSchool
4431530,116093,Marquis Robinson,Auburn,DL,4,0.8958,352,2021,HighSchool
4592823,116094,Beau Stephens,Iowa,OT,4,0.8956,353,2021,HighSchool
4678008,116097,Jonathon Brooks,Texas,RB,4,0.8956,354,2021,HighSchool
4592836,116095,Caleb Tiernan,Northwestern,OT,4,0.8956,354,2021,HighSchool
4819231,116096,Keagan Johnson,Iowa,ATH,4,0.8956,354,2021,HighSchool
4880312,116098,D'Arco Perkins-McAllister,TCU,S,4,0.8956,354,2021,HighSchool
4609203,116099,Deven Eastern,Minnesota,DL,4,0.8955,358,2021,HighSchool
4682618,116100,Cooper DeJean,Iowa,S,4,0.895,359,2021,HighSchool
4682789,116101,Logan Taylor,Virginia,OT,4,0.8948,360,2021,HighSchool
4683149,116102,Benjamin Perry,Louisville,S,4,0.8945,361,2021,HighSchool
4682747,116103,Jordan Mukes,Oklahoma,S,4,0.8941,362,2021,HighSchool
4570741,116104,Akili Calhoun,California,EDGE,4,0.894,363,2021,HighSchool
4565181,116105,Markevious Brown,Ole Miss,CB,4,0.8938,364,2021,HighSchool
4634711,116106,Michael McLaughlin,Miami,OT,4,0.8938,365,2021,HighSchool
4684967,116107,George Wilson,Florida State,EDGE,4,0.8934,366,2021,HighSchool
5080699,116108,Logan Fano,BYU,EDGE,4,0.8933,367,2021,HighSchool
4431414,116109,Tim Keenan III,Alabama,DL,4,0.8933,367,2021,HighSchool
4875183,116110,Desmond Watson,Florida,DL,4,0.8933,367,2021,HighSchool
4431461,116111,Chamon Metayer,Cincinnati,ATH,4,0.8933,367,2021,HighSchool
4602936,116112,Morice Blackwell Jr.,Texas,LB,4,0.8933,371,2021,HighSchool
4596345,116113,Jamari Buddin,Penn State,LB,4,0.8932,372,2021,HighSchool
4601283,116114,Trey Cooley,Louisville,RB,4,0.8932,373,2021,HighSchool
4874527,116115,Sam Jackson V,TCU,QB,4,0.8929,374,2021,HighSchool
4592573,116116,Michael Jackson III,USC,WR,4,0.8928,375,2021,HighSchool
4603185,116117,Markus Allen,Wisconsin,WR,4,0.8928,376,2021,HighSchool
4596666,116118,Bryce Steele,Boston College,LB,4,0.8926,377,2021,HighSchool
4597241,116119,Derek Wilkins,California,DL,4,0.8926,377,2021,HighSchool
4708089,116121,Jake Ratzlaff,Wisconsin,LB,4,0.8926,377,2021,HighSchool
,116120,Hal Presley,Auburn,WR,4,0.8926,377,2021,HighSchool
4635008,116122,Keon Coleman,Michigan State,WR,4,0.8926,377,2021,HighSchool
4604986,116123,MJ Daniels,Ole Miss,ATH,4,0.8924,382,2021,HighSchool
4597500,116124,Adonai Mitchell,Georgia,WR,4,0.8922,383,2021,HighSchool
4683325,116125,Bubba Chandler,Clemson,QB,4,0.8919,384,2021,HighSchool
4598574,116126,Darryl Peterson III,Wisconsin,LB,4,0.8918,385,2021,HighSchool
4682479,116127,Mason Murphy,USC,OT,4,0.8914,386,2021,HighSchool
4431520,116128,Chaz Chambliss,Georgia,LB,4,0.8914,387,2021,HighSchool
,116131,Khari Gee,Notre Dame,S,4,0.8911,388,2021,HighSchool
4683173,116132,Trenilyas Tatum,Georgia Tech,LB,4,0.8911,388,2021,HighSchool
4570038,116130,Sam Hart,Ohio State,TE,4,0.8911,388,2021,HighSchool
4682565,116129,Tyler Macon,Missouri,QB,4,0.8911,388,2021,HighSchool
4596541,116133,Jordan Young,Florida,CB,4,0.8909,392,2021,HighSchool
4597008,116135,Thomas Cole,UCLA,OT,4,0.8904,393,2021,HighSchool
4612839,116137,Terry Wells,Arkansas,OT,4,0.8904,393,2021,HighSchool
4432756,116136,Travali Price,NC State,EDGE,4,0.8904,393,2021,HighSchool
4570040,116134,Byron Murphy II,Texas,DL,4,0.8904,393,2021,HighSchool
4680604,116139,Jaydon Williams,Arizona State,LB,4,0.8904,393,2021,HighSchool
4596596,116138,J.J. Jones,North Carolina,WR,4,0.8904,393,2021,HighSchool
4595024,116140,Connor Tollison,Missouri,OT,4,0.8903,399,2021,HighSchool
4683487,116141,Joe Alt,Notre Dame,OT,4,0.8901,400,2021,HighSchool
4683138,116142,Voi Tunuufi,Washington,DL,3,0.89,401,2021,HighSchool
4683215,116143,Danny Stutsman,Oklahoma,LB,3,0.89,402,2021,HighSchool
4594984,116144,Tavierre Dunlap,Michigan,RB,3,0.8899,403,2021,HighSchool
4594321,116145,Kaleb Elarms-Orr,California,EDGE,3,0.8896,404,2021,HighSchool
4592531,116146,Ari Patu,Stanford,QB,3,0.8894,405,2021,HighSchool
4596364,116150,Byron Turner Jr.,Florida State,DL,3,0.8893,406,2021,HighSchool
4875593,116147,Jaylen Johnson,Ohio State,S,3,0.8893,406,2021,HighSchool
4682510,116149,Ryan Rodriguez,Miami,IOL,3,0.8893,406,2021,HighSchool
4690781,116148,Will Parker,Tennessee,OT,3,0.8893,406,2021,HighSchool
4682505,116152,De'Shawn Rucker,Tennessee,S,3,0.8893,406,2021,HighSchool
4680018,116151,Alton McCaskill,Houston,RB,3,0.8893,406,2021,HighSchool
4566094,116153,Jacob Rodriguez,Virginia,ATH,3,0.889,412,2021,HighSchool
4569658,116156,Duce Chestnut,Syracuse,CB,3,0.8889,413,2021,HighSchool
4588300,116154,Kobe King,Penn State,LB,3,0.8889,413,2021,HighSchool
4589518,116157,Noah Josey,Virginia,IOL,3,0.8889,413,2021,HighSchool
4612200,116158,Kyndrich Breedlove,Ole Miss,ATH,3,0.8889,413,2021,HighSchool
4599197,116159,Tristan Bounds,Michigan,OT,3,0.8889,413,2021,HighSchool
4668019,116160,Erik Olsen,Colorado,TE,3,0.8889,413,2021,HighSchool
4590298,116155,Remington Strickland,Texas A&M,IOL,3,0.8889,413,2021,HighSchool
4565184,116161,Jerand Bradley,Texas Tech,WR,3,0.8889,420,2021,HighSchool
4682652,116162,Devin Neal,Kansas,RB,3,0.8888,421,2021,HighSchool
4687700,116163,Malachi Holt-Bennett,Indiana,WR,3,0.8881,422,2021,HighSchool
4683446,116165,Josh Moore,UCLA,S,3,0.8881,422,2021,HighSchool
4683417,116166,Miles Campbell,Tennessee,TE,3,0.8881,422,2021,HighSchool
4602696,116164,Christian Burkhalter,UCLA,EDGE,3,0.8881,422,2021,HighSchool
,116168,Damir Collins,Oregon State,RB,3,0.8881,422,2021,HighSchool
4682984,116167,Tevin Williams III,Baylor,CB,3,0.8881,422,2021,HighSchool
4875981,116169,Geno VanDeMark,Michigan State,IOL,3,0.8878,428,2021,HighSchool
4684142,116170,Kaleb Edwards,Georgia Tech,S,3,0.8878,428,2021,HighSchool
4431572,116171,Najee Story,Northwestern,DL,3,0.8877,430,2021,HighSchool
4563007,116172,Nick Elksnis,Florida,TE,3,0.8877,431,2021,HighSchool
4432705,116173,Bryson Green,Oklahoma State,WR,3,0.8875,432,2021,HighSchool
4596597,116174,Kyran Montgomery,Missouri,EDGE,3,0.8874,433,2021,HighSchool
4431214,116175,Hayden Conner,Texas,OT,3,0.8873,434,2021,HighSchool
4710322,116176,Deonte Anderson,Mississippi State,EDGE,3,0.8872,435,2021,HighSchool
4599375,116177,Matthew Wykoff,Texas A&M,OT,3,0.887,436,2021,HighSchool
4683101,116178,Max Llewellyn,Iowa,DL,3,0.887,436,2021,HighSchool
4686693,116179,Kimo Makane'ole,LSU,IOL,3,0.887,436,2021,HighSchool
4683059,116180,Collin Oliver,Oklahoma State,LB,3,0.8867,439,2021,HighSchool
,116181,Roc Taylor,Memphis,ATH,3,0.8867,440,2021,HighSchool
4566153,116182,Blaine Green,Oklahoma State,WR,3,0.8859,441,2021,HighSchool
4432612,116183,Christian Veilleux,Penn State,QB,3,0.8859,441,2021,HighSchool
4431505,116189,Kobe Paysour,North Carolina,WR,3,0.8859,441,2021,HighSchool
4431526,116184,Dametrious Crownover,Texas A&M,TE,3,0.8859,441,2021,HighSchool
4880845,116188,Chuck Montgomery,Marshall,ATH,3,0.8859,441,2021,HighSchool
4433974,116185,Rodney McGraw,Penn State,EDGE,3,0.8859,441,2021,HighSchool
5081939,116186,Ty Williams,Oklahoma State,S,3,0.8859,441,2021,HighSchool
4589439,116187,Chris Thomas,Florida,DL,3,0.8859,441,2021,HighSchool
4708079,116190,Dontae Balfour,North Carolina,CB,3,0.8858,449,2021,HighSchool
4599198,116191,Jared Wilson,Georgia,IOL,3,0.8856,450,2021,HighSchool
4569663,116193,Justin Johnson Jr.,West Virginia,RB,3,0.8856,451,2021,HighSchool
,116192,Javonte Gardner,Jackson State,OT,3,0.8856,451,2021,HighSchool
4602016,116197,Anquin Barnes Jr.,Alabama,DL,3,0.8852,453,2021,HighSchool
4612298,116194,Albert Regis,Texas A&M,DL,3,0.8852,453,2021,HighSchool
,116199,Andrew Jones,Memphis,LB,3,0.8852,453,2021,HighSchool
4432755,116195,Andre Porter,Maryland,DL,3,0.8852,453,2021,HighSchool
4603085,116198,Jack Pugh,Wisconsin,TE,3,0.8852,453,2021,HighSchool
5085888,116196,Easton Mascarenas-Arnold,Oregon State,LB,3,0.8852,453,2021,HighSchool
,116200,Chase Mason,,QB,3,0.885,459,2021,HighSchool
,116201,Chris Murray,TCU,DL,3,0.885,460,2021,HighSchool
4596601,116204,Dakota Mitchell,Florida,S,3,0.8848,461,2021,HighSchool
4594329,116202,Henry Lutovsky,Nebraska,IOL,3,0.8848,461,2021,HighSchool
4603086,116203,Andrew Wilson-Lamp,West Virginia,WR,3,0.8848,461,2021,HighSchool
4601280,116205,Andrew Jones,Duke,OT,3,0.8841,464,2021,HighSchool
4699354,116206,Harrison Wallace III,Penn State,WR,3,0.8841,465,2021,HighSchool
,116207,Bennett Pitcher,,OT,3,0.8839,466,2021,HighSchool
4598577,116208,Dorien Ford,Pittsburgh,DL,3,0.8837,467,2021,HighSchool
4683818,116211,Deshun Murrell,UCLA,RB,3,0.8837,467,2021,HighSchool
4602695,116210,Trinity Bell,Tennessee,ATH,3,0.8837,467,2021,HighSchool
4683176,116213,Connor Heffernan,Baylor,IOL,3,0.8837,467,2021,HighSchool
4687707,116212,Matthew Langlois,LSU,S,3,0.8837,467,2021,HighSchool
4431410,116209,Cooper Jones,Indiana,DL,3,0.8837,467,2021,HighSchool
4587705,116215,Cam'Ron Valdez,Texas Tech,RB,3,0.8833,473,2021,HighSchool
4433967,116214,Daylan Carnell,Missouri,CB,3,0.8833,473,2021,HighSchool
,116216,David Abiara,Texas,DL,3,0.8833,475,2021,HighSchool
4431540,116218,Bryan Sanborn,Wisconsin,LB,3,0.883,476,2021,HighSchool
4431575,116217,Cullen Montgomery,Oklahoma,IOL,3,0.883,476,2021,HighSchool
4700270,116219,Austin Uke,Stanford,OT,3,0.883,476,2021,HighSchool
4432733,116220,Clay Millen,Nevada,QB,3,0.8826,479,2021,HighSchool
4588194,116228,Dyson McCutcheon,Washington,CB,3,0.8826,480,2021,HighSchool
,116226,Victory Vaka,BYU,DL,3,0.8826,480,2021,HighSchool
,116230,Jaylin White,,RB,3,0.8826,480,2021,HighSchool
4566198,116225,Lake McRee,USC,TE,3,0.8826,480,2021,HighSchool
4602193,116227,Lyrik Rawls,Oklahoma State,S,3,0.8826,480,2021,HighSchool
4432788,116221,Brody Wisecarver,Illinois,IOL,3,0.8826,480,2021,HighSchool
4683002,116229,Khristian Zachary,Liberty,EDGE,3,0.8826,480,2021,HighSchool
4596346,116224,Jordan Dingle,Kentucky,TE,3,0.8826,480,2021,HighSchool
4431646,116222,Keontez Lewis,UCLA,WR,3,0.8826,480,2021,HighSchool
4431278,116231,Weston Franklin,Georgia Tech,IOL,3,0.8826,480,2021,HighSchool
4431608,116223,Landyn Watson,TCU,EDGE,3,0.8826,480,2021,HighSchool
4431340,116232,Javion Hunt,Arkansas,RB,3,0.8819,491,2021,HighSchool
,116233,Quenton Barnes,,WR,3,0.8816,492,2021,HighSchool
,232201,Tyler McLaurin,Michigan,LB,3,0.8815,493,2021,HighSchool
4597253,116242,Isaiah Nwokobia,SMU,S,3,0.8815,493,2021,HighSchool
,116243,Breon Pass,,WR,3,0.8815,493,2021,HighSchool
4602189,116235,Terrell Tilmon,Oregon,EDGE,3,0.8815,493,2021,HighSchool
4683243,116240,Mitchell Evans,Notre Dame,TE,3,0.8815,493,2021,HighSchool
4565552,116234,Deacon Hill,Wisconsin,QB,3,0.8815,493,2021,HighSchool
4686569,116241,Shield Taylor,Stanford,TE,3,0.8815,493,2021,HighSchool
4691878,116238,Cameron Ball,Arkansas,DT,3,0.8815,493,2021,HighSchool
4698884,116245,Isaac Vaha,Utah,TE,3,0.8815,493,2021,HighSchool
4602927,116244,Mitch Leigber,Stanford,S,3,0.8815,493,2021,HighSchool
4592826,116236,Victoine Brown,Louisville,DL,3,0.8815,493,2021,HighSchool
4603192,116237,Logan Diggs,Notre Dame,RB,3,0.8815,493,2021,HighSchool
4668088,116239,Marlin Dean,Georgia,DL,3,0.8815,493,2021,HighSchool
4592833,116246,Cameron James,Minnesota,OT,3,0.8807,506,2021,HighSchool
4690476,116248,Noah Pulealii,UCLA,IOL,3,0.8807,506,2021,HighSchool
4603101,116247,Rod Moore,Michigan,S,3,0.8807,506,2021,HighSchool
,116249,Khalil Anderson,Pittsburgh,CB,3,0.8807,506,2021,HighSchool
4683536,116250,JJ Henry,Ole Miss,WR,3,0.8804,510,2021,HighSchool
4602900,116252,Zakhari Spears,Washington,CB,3,0.8804,511,2021,HighSchool
4683489,116259,Saia Mapakaitolo,Minnesota,OT,3,0.8804,511,2021,HighSchool
4589233,116253,Dylan Goffney,SMU,WR,3,0.8804,511,2021,HighSchool
4683318,116256,James Carnie,Nebraska,TE,3,0.8804,511,2021,HighSchool
,116254,Joshua Burrell,Florida State,WR,3,0.8804,511,2021,HighSchool
4683043,116258,Thomas Davis,Miami,LB,3,0.8804,511,2021,HighSchool
,116257,Keithron Lee,Texas,WR,3,0.8804,511,2021,HighSchool
4586334,116255,Bryon Threats,Cincinnati,ATH,3,0.8804,511,2021,HighSchool
4432736,116251,Colin Mobley,USC,DL,3,0.8804,511,2021,HighSchool
4683102,116260,Kuao Peihopa,Washington,DL,3,0.88,520,2021,HighSchool
4431626,116263,Charles Brantley,Michigan State,CB,3,0.88,520,2021,HighSchool
4431632,116262,Caleb Coombs,Marshall,WR,3,0.88,520,2021,HighSchool
4572380,116261,Quincy Skinner Jr.,Vanderbilt,WR,3,0.88,520,2021,HighSchool
,116264,Tobechi Okoli,Auburn,DL,3,0.8796,524,2021,HighSchool
,116265,Enrique Cruz Jr.,Syracuse,OT,3,0.8796,525,2021,HighSchool
,116271,Tyrese Johnson,Memphis,WR,3,0.8793,526,2021,HighSchool
4587701,116268,Andrel Anthony,Michigan,WR,3,0.8793,526,2021,HighSchool
4683128,116270,Jack Dingle,Cincinnati,LB,3,0.8793,526,2021,HighSchool
4587723,116266,Keuan Parker,Arkansas,CB,3,0.8793,526,2021,HighSchool
4600604,116269,Jeffrey Davis Jr.,Penn State,CB,3,0.8793,526,2021,HighSchool
4602895,116267,Makai Cope,Utah,WR,3,0.8793,526,2021,HighSchool
4602984,116272,Diego Pounds,North Carolina,OT,3,0.8789,532,2021,HighSchool
4873431,116273,Larry Smith III,Indiana,S,3,0.8789,533,2021,HighSchool
4431510,116274,Tymir Brown,North Carolina,ATH,3,0.8786,534,2021,HighSchool
4431516,116280,Brandon Buckhaulter,Ole Miss,WR,3,0.8785,535,2021,HighSchool
4431258,116279,Gennings Dunker,Iowa,IOL,3,0.8785,535,2021,HighSchool
,116275,Raider Damuni,BYU,ATH,3,0.8785,535,2021,HighSchool
,116277,Jordan Jenkins,Baylor,RB,3,0.8785,535,2021,HighSchool
4432745,116278,Phillip O'Brien Jr.,Pittsburgh,S,3,0.8785,535,2021,HighSchool
4594337,116276,Liam Clifford,Penn State,WR,3,0.8785,535,2021,HighSchool
4568723,116281,Tyler Johnson,Miami,LB,3,0.8785,535,2021,HighSchool
4431494,116282,Dameon Wilson,Missouri,LB,3,0.8782,542,2021,HighSchool
4598576,116288,Nick Dimitris,UNLV,EDGE,3,0.8781,543,2021,HighSchool
4596663,116283,Jalen Cheek,Boston College,CB,3,0.8781,543,2021,HighSchool
4602899,116284,RJ Regan,Arizona State,CB,3,0.8781,543,2021,HighSchool
,116290,Bralyn Oliver,Louisville,S,3,0.8781,543,2021,HighSchool
4568075,116287,Juan Davis,Texas,ATH,3,0.8781,543,2021,HighSchool
4602021,116286,Ru'Quan Buckley,Nebraska,DL,3,0.8781,543,2021,HighSchool
4683092,116289,Cole Carson,Arkansas,OT,3,0.8781,543,2021,HighSchool
4431647,116285,Chauncey Magwood,Kentucky,WR,3,0.8781,543,2021,HighSchool
4697393,116292,Chase Hattley,NC State,S,3,0.8778,551,2021,HighSchool
4684525,116291,Eli Sanders,Iowa State,ATH,3,0.8778,551,2021,HighSchool
4683119,116294,Tyler Moore,Iowa State,TE,3,0.8774,553,2021,HighSchool
5081785,116293,Jackie Marshall,Baylor,LB,3,0.8774,553,2021,HighSchool
4602191,116295,Mark Wilson,Houston,S,3,0.877,555,2021,HighSchool
4698179,116297,River Helms,Western Kentucky,TE,3,0.877,555,2021,HighSchool
,116296,Ayo Adebogun,Wisconsin,EDGE,3,0.877,555,2021,HighSchool
4683118,116298,Ja'Den McBurrows,Michigan,CB,3,0.877,555,2021,HighSchool
4683096,116301,Caden Fordham,NC State,LB,3,0.8763,559,2021,HighSchool
4683920,116310,Isaiah Newcombe,UCLA,ATH,3,0.8763,559,2021,HighSchool
5081941,116304,Nick Martin,Oklahoma State,ATH,3,0.8763,559,2021,HighSchool
4684421,116302,Simeon Price,Mississippi State,ATH,3,0.8763,559,2021,HighSchool
4680016,116308,Cameron Bonner,Baylor,WR,3,0.8763,559,2021,HighSchool
4431152,116305,Jackson Acker,Wisconsin,ATH,3,0.8763,559,2021,HighSchool
4432726,116299,Zeiqui Lawton,Cincinnati,DL,3,0.8763,559,2021,HighSchool
4751683,116303,Jacobi Moore,Mississippi State,WR,3,0.8763,559,2021,HighSchool
,116300,Nate Bruce,Penn State,IOL,3,0.8763,559,2021,HighSchool
4597310,116306,Austin Barber,Florida,OT,3,0.8763,559,2021,HighSchool
4691282,116309,Caleb Johnson,North Texas,CB,3,0.8763,559,2021,HighSchool
4683717,116307,Ryan Barnes,Notre Dame,CB,3,0.8763,559,2021,HighSchool
,116311,Loyal Crawford,Wisconsin,RB,3,0.8759,571,2021,HighSchool
4568722,116314,Jaden Harrell,Iowa,LB,3,0.8759,571,2021,HighSchool
4596010,116318,Lemeke Brockington,Minnesota,WR,3,0.8759,571,2021,HighSchool
4606193,116315,Bryson Estes,Florida State,IOL,3,0.8759,571,2021,HighSchool
4686218,116316,Chance Tucker,Notre Dame,CB,3,0.8759,571,2021,HighSchool
4586314,116313,Bryce Stephens,Arkansas,WR,3,0.8759,571,2021,HighSchool
4431605,116312,Justin Walters,Notre Dame,S,3,0.8759,571,2021,HighSchool
4431211,116317,Savion Collins,Florida International,DL,3,0.8759,571,2021,HighSchool
4709392,116319,Anthony Tyus III,Northwestern,RB,3,0.8756,579,2021,HighSchool
4709718,116321,Jayden Williams,Ole Miss,OT,3,0.8756,580,2021,HighSchool
4700139,116320,Jacob Schuster,Minnesota,DL,3,0.8756,580,2021,HighSchool
4602946,116322,Jabril McNeill,Oregon,LB,3,0.8753,582,2021,HighSchool
4431328,116327,Rodney Hammond Jr.,Pittsburgh,ATH,3,0.8752,583,2021,HighSchool
4602896,116325,Kaleb Higgins,California,CB,3,0.8752,583,2021,HighSchool
4431336,116323,Jack Hollifield,Virginia Tech,LB,3,0.8752,583,2021,HighSchool
4432723,116331,A.J. Kirk,Michigan State,S,3,0.8752,583,2021,HighSchool
4431418,116324,Ty Keyes,Southern Miss,QB,3,0.8752,583,2021,HighSchool
4597249,116329,Devin Aupiu,Notre Dame,LB,3,0.8752,583,2021,HighSchool
,116326,Alonzo Fontenette,,WR,3,0.8752,583,2021,HighSchool
4602648,116328,Kevin Knowles II,Florida State,CB,3,0.8752,583,2021,HighSchool
,116330,Jayden Johnson,Arkansas,ATH,3,0.8752,583,2021,HighSchool
4682644,116338,Jordan Thompson,Rutgers,ATH,3,0.8748,592,2021,HighSchool
4602192,116333,Landen King,Auburn,TE,3,0.8748,592,2021,HighSchool
4705623,116337,Kahanu Kia,Notre Dame,LB,3,0.8748,592,2021,HighSchool
4592569,116336,Arden Walker,Missouri,DL,3,0.8748,592,2021,HighSchool
4592834,116335,Will Schweitzer,Notre Dame,LB,3,0.8748,592,2021,HighSchool
4592530,116332,Devon Williams,Minnesota,LB,3,0.8748,592,2021,HighSchool
4431338,116334,Ahmari Huggins-Bruce,Louisville,WR,3,0.8748,592,2021,HighSchool
4880150,116339,Jaraye Williams,Louisville,LB,3,0.8744,599,2021,HighSchool
,116340,Ryan Peppins,Utah,WR,3,0.8741,600,2021,HighSchool
4602676,116344,Tyreek Chappell,Texas A&M,CB,3,0.8741,600,2021,HighSchool
4683263,116350,Heinrich Haarberg,Nebraska,DUAL,3,0.8741,600,2021,HighSchool
4683553,232202,Austin Booker,Minnesota,DL,3,0.8741,600,2021,HighSchool
4431556,116342,Cam Jeffery,Arkansas State,ATH,3,0.8741,600,2021,HighSchool
4631068,116347,Carnell Davis,Rutgers,WR,3,0.8741,600,2021,HighSchool
4431663,116341,Jackson West,Florida State,TE,3,0.8741,600,2021,HighSchool
4677280,116346,Julian Gray,NC State,WR,3,0.8741,600,2021,HighSchool
4688754,116349,Sirad Bryant,Georgia Tech,S,3,0.8741,600,2021,HighSchool
4698882,116351,Christian Charles,Tennessee,ATH,3,0.8741,600,2021,HighSchool
4431664,116348,Dante Trader Jr.,Maryland,CB,3,0.8741,600,2021,HighSchool
4586311,116343,Bastian Swinney,California,IOL,3,0.8741,600,2021,HighSchool
4432659,116345,Noah Avinger,San Diego State,CB,3,0.8741,600,2021,HighSchool
4587704,116360,Jaden Slocum,Stanford,S,3,0.8737,613,2021,HighSchool
,116357,Pat Coogan,Notre Dame,IOL,3,0.8737,613,2021,HighSchool
4596710,116358,Joshua Robinson,Georgia Tech,EDGE,3,0.8737,613,2021,HighSchool
4602017,116356,Martez Thrower,Kentucky,LB,3,0.8737,613,2021,HighSchool
4599365,116361,Tyler Maro,Iowa State,OT,3,0.8737,613,2021,HighSchool
4431591,116355,ZionAngelo Shockley,Maryland,EDGE,3,0.8737,613,2021,HighSchool
,116362,John Henry Daley,BYU,ATH,3,0.8737,613,2021,HighSchool
,116363,Armond Scott,,WR,3,0.8737,613,2021,HighSchool
4432713,116364,Anthony Hundley,UCF,DL,3,0.8737,613,2021,HighSchool
4683154,116354,Mikai Gbayor,Nebraska,LB,3,0.8737,613,2021,HighSchool
4431628,116352,Demetrius Cannon,Louisville,WR,3,0.8737,613,2021,HighSchool
4586333,116359,Mekhi Wingo,Missouri,DL,3,0.8737,613,2021,HighSchool
4594319,116353,Brady Boyd,Minnesota,WR,3,0.8737,613,2021,HighSchool
4602937,116365,Colten Gauthier,South Carolina,QB,3,0.8733,626,2021,HighSchool
,116366,Colby Smith,Auburn,OT,3,0.8733,626,2021,HighSchool
,116367,Juwon Gaston,Auburn,S,3,0.8733,626,2021,HighSchool
,116373,J'Marion Gooch,Missouri,OT,3,0.873,629,2021,HighSchool
,116370,Jason Onye,Notre Dame,EDGE,3,0.873,629,2021,HighSchool
4691688,116369,Robbie Ouzts,Alabama,TE,3,0.873,629,2021,HighSchool
,116371,Cisco Caston,Baylor,S,3,0.873,629,2021,HighSchool
4612850,116372,Rob Jackson,Cincinnati,DL,3,0.873,629,2021,HighSchool
4431159,116368,E'maurion Banks,Texas Tech,DL,3,0.873,629,2021,HighSchool
,116374,Malik Newton,Pittsburgh,RB,3,0.8726,635,2021,HighSchool
4873009,116383,Zemarion Harrell,Coastal Carolina,LB,3,0.8726,635,2021,HighSchool
4873929,116381,Terrence Moore,Pittsburgh,OT,3,0.8726,635,2021,HighSchool
,116379,Will Reed,Princeton,OT,3,0.8726,635,2021,HighSchool
4682788,116375,Ryan Keeler,Rutgers,DL,3,0.8726,635,2021,HighSchool
,116378,Zamon Ross,Jacksonville State,S,3,0.8726,635,2021,HighSchool
4603746,116377,Malik Rutherford,Georgia Tech,WR,3,0.8726,635,2021,HighSchool
4588298,116380,Jameson Geers,Minnesota,TE,3,0.8726,635,2021,HighSchool
4431633,116376,Will Crowder,West Virginia,QB,3,0.8726,635,2021,HighSchool
4688930,116382,Javon Bullard,Georgia,CB,3,0.8726,635,2021,HighSchool
4682508,116385,Garner Langlo,Auburn,IOL,3,0.8726,635,2021,HighSchool
4607404,116384,Davonte Pritchard,Kansas State,ATH,3,0.8726,635,2021,HighSchool
4682503,116386,Ricardo Hallman,Wisconsin,CB,3,0.8722,647,2021,HighSchool
4678007,116387,Elijah Bean,Baylor,WR,3,0.8722,648,2021,HighSchool
4700529,116388,Marvin Covington,TCU,CB,3,0.8722,648,2021,HighSchool
4683291,116389,Joe Labas,Iowa,QB,3,0.8719,650,2021,HighSchool
,116392,Tyler Morehead,,ATH,3,0.8719,650,2021,HighSchool
,116391,Trenton Adkins,Toledo,ATH,3,0.8719,650,2021,HighSchool
,116397,Jordyn Williams,Indiana,WR,3,0.8719,650,2021,HighSchool
4683554,116396,Darren Barkins,Oregon,CB,3,0.8719,650,2021,HighSchool
4600418,116393,Kajiya Hollawayne,UCLA,QB,3,0.8719,650,2021,HighSchool
4611993,116395,Joshua Farmer,Florida State,DL,3,0.8719,650,2021,HighSchool
4684069,232203,Maurice Heims,Washington,EDGE,3,0.8719,650,2021,HighSchool
4596604,116390,Griffin Liddle,Iowa,DL,3,0.8719,650,2021,HighSchool
4602928,116394,Ezavier Staples,UCLA,WR,3,0.8719,650,2021,HighSchool
4682745,116403,Jaylen Wright,Tennessee,RB,3,0.8715,660,2021,HighSchool
,116398,Latrell Neville,Nebraska,WR,3,0.8715,660,2021,HighSchool
4587724,116401,West Weeks,Virginia,ATH,3,0.8715,660,2021,HighSchool
4602788,116400,Jackson Meeks,Georgia,WR,3,0.8715,660,2021,HighSchool
,116402,Kanarius Johnson,,WR,3,0.8715,660,2021,HighSchool
,116399,Jai Jones,Boise State,LB,3,0.8715,660,2021,HighSchool
4699678,116405,Khalil Dinkins,Penn State,TE,3,0.8711,666,2021,HighSchool
4686728,116406,Gunnar Helm,Texas,TE,3,0.8711,666,2021,HighSchool
4431327,116404,Kamonte Grimes,Nebraska,ATH,3,0.8711,666,2021,HighSchool
4695860,116407,Je'lin Samuels,SMU,EDGE,3,0.8711,666,2021,HighSchool
4699664,116416,Devin Lee,Vanderbilt,DL,3,0.8707,670,2021,HighSchool
4602898,116408,Chayden Peery,Georgia Tech,QB,3,0.8707,670,2021,HighSchool
4676004,116415,Cole Bishop,Utah,LB,3,0.8707,670,2021,HighSchool
,116410,Hugh Laughlin,Virginia,OT,3,0.8707,670,2021,HighSchool
4682852,116412,Ethan Boyd,Michigan State,OT,3,0.8707,670,2021,HighSchool
4596995,116411,Jeff Bowie,Iowa,DL,3,0.8707,670,2021,HighSchool
,116419,T.J. Sanders,South Carolina,DL,3,0.8707,670,2021,HighSchool
,116420,Ian Mathews,Auburn,DL,3,0.8707,670,2021,HighSchool
,116409,Barylre Davenport,Central Arkansas,EDGE,3,0.8707,670,2021,HighSchool
4683436,116418,Jeremiah Pittman,Iowa,DL,3,0.8707,670,2021,HighSchool
4685257,116417,De'kelvion Beamon,Oklahoma State,S,3,0.8707,670,2021,HighSchool
4612082,116414,Logan Purcell,Minnesota,OT,3,0.8707,670,2021,HighSchool
4597311,116413,Trey Reynolds,Utah,LB,3,0.8707,670,2021,HighSchool
4887226,116424,Gabe Ervin Jr.,Nebraska,RB,3,0.8704,683,2021,HighSchool
4683423,116430,Riley Leonard,Duke,QB,3,0.8704,683,2021,HighSchool
4602935,116425,DJ Justice,UCLA,WR,3,0.8704,683,2021,HighSchool
4689528,116429,Koby Bretz,Nebraska,S,3,0.8704,683,2021,HighSchool
,116423,KeyShawn Spencer,,RB,3,0.8704,683,2021,HighSchool
4710334,116427,Ese Dubre,Stanford,LB,3,0.8704,683,2021,HighSchool
4678012,116422,Jimmy Wyrick,Stanford,CB,3,0.8704,683,2021,HighSchool
4569262,116421,Alex Honig,TCU,QB,3,0.8704,683,2021,HighSchool
4683643,116428,Barryn Sorrell,Texas,DL,3,0.8704,683,2021,HighSchool
4873123,116426,Jamarius Dinkins,Kentucky,DL,3,0.8704,683,2021,HighSchool
4683227,116431,Joseph Manjack IV,USC,WR,3,0.87,693,2021,HighSchool
4682792,116432,Jed Castles,Texas Tech,TE,3,0.87,693,2021,HighSchool
4683058,116433,Brendan Sullivan,Northwestern,QB,3,0.8696,695,2021,HighSchool
4683458,116434,Jordan Lovett,Kentucky,S,3,0.8696,695,2021,HighSchool
4682506,116436,Jake Slaughter,Florida,IOL,3,0.8693,697,2021,HighSchool
4592839,116437,Deshawn Troutman,Miami,ILB,3,0.8693,697,2021,HighSchool
4590293,116435,Brody Brecht,Iowa,WR,3,0.8693,697,2021,HighSchool
4682862,232204,Tyas Martin,Colorado,DL,3,0.8693,697,2021,HighSchool
4611994,116438,Ja'Corey Hammett,West Virginia,LB,3,0.8693,697,2021,HighSchool
,116442,Royce White,Memphis,OT,3,0.8689,702,2021,HighSchool
4595341,116439,Caleb Hood,North Carolina,ATH,3,0.8689,702,2021,HighSchool
,116441,Austin Gentle,Harvard,IOL,3,0.8689,702,2021,HighSchool
4683188,116443,Mike Green,Virginia,WR,3,0.8689,702,2021,HighSchool
4872833,116440,Luke Collinsworth,Cincinnati,OT,3,0.8689,702,2021,HighSchool
4689267,116459,Demarcus Smith,Ole Miss,DL,3,0.8685,707,2021,HighSchool
4602906,116454,Jordan Hornbeak,Fresno State,RB,3,0.8685,707,2021,HighSchool
4680017,116446,Lucas Coley,Arkansas,QB,3,0.8685,707,2021,HighSchool
4684542,116448,Garrett DiGiorgio,UCLA,OT,3,0.8685,707,2021,HighSchool
4700756,116456,Jaden Keller,Virginia Tech,ATH,3,0.8685,707,2021,HighSchool
4684173,116455,O'Mega Blake,South Carolina,WR,3,0.8685,707,2021,HighSchool
4689529,116452,Kenji Christian,Virginia Tech,RB,3,0.8685,707,2021,HighSchool
,116444,JoJo Johnson,Notre Dame,ATH,3,0.8685,707,2021,HighSchool
4691318,116457,Zyun Reeves,NC State,DL,3,0.8685,707,2021,HighSchool
4612836,116458,Darrell Jackson Jr.,Maryland,DL,3,0.8685,707,2021,HighSchool
4600984,116453,Davion Sistrunk,Missouri,CB,3,0.8685,707,2021,HighSchool
4682909,116447,Justin Walley,Minnesota,CB,3,0.8685,707,2021,HighSchool
,116445,Jaedon Wilson,Arkansas,WR,3,0.8685,707,2021,HighSchool
,116460,Jah'von Grigsby,Purdue,S,3,0.8685,707,2021,HighSchool
4431548,116451,Michael Gonzalez,Louisville,IOL,3,0.8685,707,2021,HighSchool
4710341,116449,Jarquez Hunter,Auburn,RB,3,0.8685,707,2021,HighSchool
4687186,116450,Cameron Bergeron,Duke,CB,3,0.8685,707,2021,HighSchool
,116461,Tray Curry,,WR,3,0.8685,707,2021,HighSchool
,116464,Fernando Garza III,Texas A&M,TE,3,0.8681,725,2021,HighSchool
4603088,116463,Mao Glynn II,Cincinnati,IOL,3,0.8681,725,2021,HighSchool
4684433,116462,Tyler Hibbler,Missouri,S,3,0.8681,725,2021,HighSchool
4603089,116465,Aidan Hubbard,Northwestern,LB,3,0.8681,725,2021,HighSchool
4683202,116468,Chase Jackson,TCU,WR,3,0.8678,729,2021,HighSchool
4565553,116467,Elijah Howard,Virginia Tech,RB,3,0.8678,729,2021,HighSchool
4892242,116466,Roderick Daniels Jr.,SMU,WR,3,0.8678,729,2021,HighSchool
4683207,116473,Theran Johnson,Northwestern,CB,3,0.8674,732,2021,HighSchool
4592840,116470,Jack Tucker,Texas Tech,OT,3,0.8674,732,2021,HighSchool
4683155,116474,Jalen Stroman,Virginia Tech,S,3,0.8674,732,2021,HighSchool
4611517,116471,Demarko Williams,Ole Miss,CB,3,0.8674,732,2021,HighSchool
4570645,116475,Owen McGowan,Boston College,LB,3,0.8674,732,2021,HighSchool
4682760,116476,Aaron Steinfeldt,Indiana,TE,3,0.8674,732,2021,HighSchool
4602390,116472,Joshua Sales Jr.,Indiana,OT,3,0.8674,732,2021,HighSchool
4682796,116480,Finn Collins,Arizona State,QB,3,0.8674,732,2021,HighSchool
4683311,116478,Sam Vidlak,Oregon State,QB,3,0.8674,732,2021,HighSchool
4684529,116477,Fred Seabrough,NC State,TE,3,0.8674,732,2021,HighSchool
,116479,Antario Brown,Northern Illinois,RB,3,0.8674,732,2021,HighSchool
,116469,Bam Booker,Maryland,LB,3,0.8674,732,2021,HighSchool
4684636,116481,Malik Verdon,Iowa State,ATH,3,0.867,744,2021,HighSchool
,116484,Tae'Quan Johnson,Coastal Carolina,WR,3,0.867,744,2021,HighSchool
4683004,116483,Tyson Watson,Michigan State,DL,3,0.867,744,2021,HighSchool
4586331,116482,Taj Butts,Missouri,RB,3,0.867,744,2021,HighSchool
4691966,116485,Maddox Kopp,Houston,QB,3,0.867,744,2021,HighSchool
4684454,232205,Jalon Williams,Boston College,CB,3,0.8667,749,2021,HighSchool
4684084,116486,Keli Lawson,Virginia Tech,ATH,3,0.8667,749,2021,HighSchool
4682983,116487,Josaiah Stewart,Coastal Carolina,EDGE,3,0.8667,749,2021,HighSchool
4611355,254934,Javon McIntyre,Pittsburgh,S,3,0.8667,749,2021,HighSchool
4683648,116488,Kolinu'u Faaiu,Utah,IOL,3,0.8667,749,2021,HighSchool
,116489,Zeus Alefosio,,ATH,3,0.8667,754,2021,HighSchool
4890617,116490,Antwain Littleton II,Maryland,RB,3,0.8666,755,2021,HighSchool
,116492,Tim Williams,,DL,3,0.8663,756,2021,HighSchool
4869748,116504,Rara Thomas,Mississippi State,WR,3,0.8663,756,2021,HighSchool
4565186,116498,Shawn Hardy,Nebraska,WR,3,0.8663,756,2021,HighSchool
4568726,116491,Zach Twedt,Iowa,ATH,3,0.8663,756,2021,HighSchool
4687041,116507,JJ Hawkins,Ole Miss,DL,3,0.8663,756,2021,HighSchool
,116500,Brandon Honorable,Western Michigan,OT,3,0.8663,756,2021,HighSchool
,116494,Braezhon Ross,Jackson State,DL,3,0.8663,756,2021,HighSchool
4682935,116503,Jack Leyrer,Stanford,OT,3,0.8663,756,2021,HighSchool
4698910,116505,Cedrick Nicely,Ole Miss,OT,3,0.8663,756,2021,HighSchool
4603092,116493,David Wohlabaugh Jr.,Kentucky,OT,3,0.8663,756,2021,HighSchool
4602907,116499,Jason White,Oregon State,OT,3,0.8663,756,2021,HighSchool
4683926,116497,Tyrell Raby,Memphis,CB,3,0.8663,756,2021,HighSchool
4880608,116506,Juju McDowell,South Carolina,RB,3,0.8663,756,2021,HighSchool
4607403,116501,Noah Bolticoff,TCU,IOL,3,0.8663,756,2021,HighSchool
4594320,116496,Aubrey Burks,West Virginia,S,3,0.8663,756,2021,HighSchool
4684325,116495,Elisha Lloyd,Utah,CB,3,0.8663,756,2021,HighSchool
4595022,116502,Hunter Barth,California,S,3,0.8663,756,2021,HighSchool
4597240,116508,Terrence Enos Jr.,Pittsburgh,OT,3,0.8659,773,2021,HighSchool
4683867,116509,Xavier Ward,Washington State,QB,3,0.8659,773,2021,HighSchool
,116510,Kyree Young,,RB,3,0.8659,773,2021,HighSchool
4683244,116518,Tomas Rimac,West Virginia,OT,3,0.8656,776,2021,HighSchool
4683821,116515,Garfield Lawrence,Houston,DL,3,0.8656,776,2021,HighSchool
,116514,Javon Nelson,Memphis,DL,3,0.8656,776,2021,HighSchool
4682861,116519,Davis Mallinger,West Virginia,WR,3,0.8656,776,2021,HighSchool
,116512,Velltray Jefferson,Utah,ATH,3,0.8656,776,2021,HighSchool
4682853,116517,Howard Brown,Iowa State,DL,3,0.8656,776,2021,HighSchool
4683192,116513,Solomon Wright,Arkansas,DL,3,0.8656,776,2021,HighSchool
4662406,116516,Javon Gipson,Baylor,WR,3,0.8656,776,2021,HighSchool
4602656,116511,Eric Gentry,Arizona State,EDGE,3,0.8656,776,2021,HighSchool
4689074,116534,Andrew Leingang,Kansas State,IOL,3,0.8652,785,2021,HighSchool
4432799,254962,Jasper Lott,TCU,TE,3,0.8652,785,2021,HighSchool
4431609,116525,Jarris Williams,Troy,RB,3,0.8652,785,2021,HighSchool
4874477,116521,Edwin White Schultz,Kansas,S,3,0.8652,785,2021,HighSchool
4683585,116535,Neto Okpala,Boston College,EDGE,3,0.8652,785,2021,HighSchool
4602671,116523,Aaron Gunn,Louisville,IOL,3,0.8652,785,2021,HighSchool
4565187,116527,Jalen Kitna,Florida,QB,3,0.8652,785,2021,HighSchool
4683556,116524,Brandon Buckner,Oregon,LB,3,0.8652,785,2021,HighSchool
4600407,116530,TJ Huggins,Tulane,WR,3,0.8652,785,2021,HighSchool
4708859,116533,Amari McNeill,Tennessee,OT,3,0.8652,785,2021,HighSchool
4602783,116526,Trent Battle,TCU,QB,3,0.8652,785,2021,HighSchool
4600408,116531,Jakiah Leftwich,Georgia Tech,OT,3,0.8652,785,2021,HighSchool
4611385,116532,Kolbe Fields,South Carolina,LB,3,0.8652,785,2021,HighSchool
4686609,232206,Austin Barry,Arizona State,OT,3,0.8652,785,2021,HighSchool
4701308,232207,Zereoue Williams,Utah,OT,3,0.8652,785,2021,HighSchool
4602943,116528,Chris Paul Jr.,Arkansas,LB,3,0.8652,785,2021,HighSchool
4689115,116522,Marvin Martin,Kansas State,S,3,0.8652,785,2021,HighSchool
4603090,116529,Hammond Russell IV,West Virginia,DL,3,0.8652,785,2021,HighSchool
4678009,116520,Montaye Dawson,SMU,RB,3,0.8652,785,2021,HighSchool
4713357,116536,Dillion Williams,North Texas,S,3,0.865,804,2021,HighSchool
4683228,116539,Victor Mullen,Louisville,TE,3,0.8648,805,2021,HighSchool
4874416,116537,Zachary Lovett,Missouri,LB,3,0.8648,805,2021,HighSchool
4875086,116538,John Howse IV,Vanderbilt,CB,3,0.8648,805,2021,HighSchool
4687673,116540,Ty Buchanan,USC,IOL,3,0.8648,805,2021,HighSchool
4683151,116542,Deion Burks,Purdue,WR,3,0.8644,809,2021,HighSchool
4683330,116548,Jaylen Jones,Virginia Tech,WR,3,0.8644,809,2021,HighSchool
4592572,116544,Mason Tharp,Texas Tech,TE,3,0.8644,809,2021,HighSchool
4682634,116547,Shaquan Loyal,Rutgers,CB,3,0.8644,809,2021,HighSchool
,116549,TJ Patu,,LB,3,0.8644,809,2021,HighSchool
4685731,116550,Don Munnerlyn,Rutgers,ATH,3,0.8644,809,2021,HighSchool
4710665,116545,Maurice Freeman III,Indiana,S,3,0.8644,809,2021,HighSchool
4683667,116546,Trent Howland,Indiana,ATH,3,0.8644,809,2021,HighSchool
,116543,Donny Stephens,Oklahoma State,LB,3,0.8644,809,2021,HighSchool
4876057,116541,Oluwafemi Oladejo,California,LB,3,0.8644,809,2021,HighSchool
4597499,116563,Mikey Keene,UCF,QB,3,0.8641,819,2021,HighSchool
4599150,116557,Kahlil Saunders,Kentucky,DL,3,0.8641,819,2021,HighSchool
,116561,Kameron Grays,Middle Tennessee,CB,3,0.8641,819,2021,HighSchool
4874413,116552,BJ Harris,Missouri,RB,3,0.8641,819,2021,HighSchool
4686358,116560,Isaia Glass,Arizona State,OT,3,0.8641,819,2021,HighSchool
4596708,116559,Corey Coley Jr.,Maryland,S,3,0.8641,819,2021,HighSchool
,116554,Elia Migao,,IOL,3,0.8641,819,2021,HighSchool
,116556,Isaac Washington,Tennessee,DL,3,0.8641,819,2021,HighSchool
4611995,116553,Jamal Haynes,Georgia Tech,ATH,3,0.8641,819,2021,HighSchool
4432770,116555,Melvin Swindle II,Eastern Michigan,DL,3,0.8641,819,2021,HighSchool
4432771,116558,Preston Terrell,Purdue,WR,3,0.8641,819,2021,HighSchool
4432666,116551,Kahlil Brantley,Miami,TE,3,0.8641,819,2021,HighSchool
4594748,116562,Grey Carroll,Georgia Tech,DL,3,0.8641,819,2021,HighSchool
,116564,Cortez McKenzie,,LB,3,0.8637,832,2021,HighSchool
4603199,116565,Terrence Williams,Louisiana,RB,3,0.8633,833,2021,HighSchool
4682485,116566,Jacoby Jackson,Texas Tech,OT,3,0.8633,834,2021,HighSchool
4432704,116567,Thornton Gentry,NC State,IOL,3,0.8633,834,2021,HighSchool
,116568,Stephon Hall,Pittsburgh,S,3,0.8633,834,2021,HighSchool
4683234,116572,La'Vell Wright,Kentucky,S,3,0.863,837,2021,HighSchool
4605835,254943,Jay Woolfolk,Virginia,QB,3,0.863,837,2021,HighSchool
,116580,Jayden Williams,Northern Iowa,ATH,3,0.863,837,2021,HighSchool
,116579,Shawn Gates,,CB,3,0.863,837,2021,HighSchool
4687044,116581,Cole Nelson,Virginia Tech,DL,3,0.863,837,2021,HighSchool
4596947,116583,Noah Collins,Georgia Tech,EDGE,3,0.863,837,2021,HighSchool
4682749,116577,Kani Walker,Louisville,CB,3,0.863,837,2021,HighSchool
4688538,116574,Justin Pickett,Duke,IOL,3,0.863,837,2021,HighSchool
4600389,116571,Nate Evans,NC State,CB,3,0.863,837,2021,HighSchool
,116573,Robert Army,,WR,3,0.863,837,2021,HighSchool
4703023,116582,Mike Diatta,Virginia,DL,3,0.863,837,2021,HighSchool
4683645,116575,Mike Jarvis,Wisconsin,DL,3,0.863,837,2021,HighSchool
4683563,232209,Dylan Merrell,Duke,CB,3,0.863,837,2021,HighSchool
,254976,Mason Randolph,Boise State,IOL,3,0.863,837,2021,HighSchool
4600980,116585,Mattheus Carroll,Virginia Tech,EDGE,3,0.863,837,2021,HighSchool
4586312,232208,Jaylin Noel,Iowa State,WR,3,0.863,837,2021,HighSchool
4874514,116569,Brayden Wood,Kansas State,DL,3,0.863,837,2021,HighSchool
4683144,116570,Myles Alston,Pittsburgh,WR,3,0.863,837,2021,HighSchool
4603084,254980,Damon Ollison,Toledo,LB,3,0.863,837,2021,HighSchool
4603091,116578,Paul Rodriguez,Kentucky,OT,3,0.863,837,2021,HighSchool
4690483,116576,AJ Rollins,Nebraska,TE,3,0.863,837,2021,HighSchool
4603190,116584,Casey Cain,Texas,WR,3,0.863,837,2021,HighSchool
4684528,116587,Cedric Seabrough,NC State,TE,3,0.8628,859,2021,HighSchool
,116586,Elijah Davis,,DL,3,0.8628,859,2021,HighSchool
4612411,116588,Chase Penry,Colorado,WR,3,0.8626,861,2021,HighSchool
4570743,116590,Santino Marucci,Wake Forest,QB,3,0.8626,861,2021,HighSchool
4683272,116589,Willie Shaw,Toledo,RB,3,0.8626,861,2021,HighSchool
4431559,116593,Jaden Lindsay,App State,IOL,3,0.8622,864,2021,HighSchool
,116597,JP Martin,Memphis,RB,3,0.8622,864,2021,HighSchool
4687358,116592,J'Dan Burnett,Louisiana Tech,LB,3,0.8622,864,2021,HighSchool
4597252,116591,Chase Lowery,Arkansas,CB,3,0.8622,864,2021,HighSchool
,116594,Taleeq Robbins,Ole Miss,DL,3,0.8622,864,2021,HighSchool
,116600,Raymond Gay,Oklahoma State,CB,3,0.8622,864,2021,HighSchool
4708486,116602,Jimmy Horn Jr.,South Florida,WR,3,0.8622,864,2021,HighSchool
4685822,116595,Michael Myslinski,Iowa,IOL,3,0.8622,864,2021,HighSchool
4682918,116599,Adrian Huey,Kentucky,CB,3,0.8622,864,2021,HighSchool
4705513,116601,Da'Veawn Armstead,TCU,S,3,0.8622,864,2021,HighSchool
4683918,116596,Tyler Needham,Rutgers,OT,3,0.8622,864,2021,HighSchool
4684010,116598,TJ Steele,TCU,WR,3,0.8622,864,2021,HighSchool
4595344,116606,Terion Sugick,Vanderbilt,DL,3,0.8619,876,2021,HighSchool
4432672,116604,Erick Cade,Ole Miss,OT,3,0.8619,876,2021,HighSchool
4612846,116607,Jackson Hamilton,Louisville,LB,3,0.8619,876,2021,HighSchool
,116605,Colin Henrich,,IOL,3,0.8619,876,2021,HighSchool
,116603,Torey Phillips,,DL,3,0.8619,876,2021,HighSchool
,116609,Romario Noel,Baylor,S,3,0.8611,881,2021,HighSchool
4874434,116618,Jon Jones,Missouri,DL,3,0.8611,881,2021,HighSchool
4682757,116611,Marco Avant,Arkansas,LB,3,0.8611,881,2021,HighSchool
4686031,116617,Gharin Stansbury,Arizona State,EDGE,3,0.8611,881,2021,HighSchool
4691315,116615,Umari Hatcher,Syracuse,WR,3,0.8611,881,2021,HighSchool
,116613,Jimmy Valsin III,Oregon State,WR,3,0.8611,881,2021,HighSchool
4566654,116610,Victor Wikstrom,West Virginia,TE,3,0.8611,881,2021,HighSchool
4712462,116614,Keith Cooper Jr.,Tulane,EDGE,3,0.8611,881,2021,HighSchool
,116619,Al-Shadee Salaam,Rutgers,RB,3,0.8611,881,2021,HighSchool
,116612,Rejhan Tatum,Boise State,LB,3,0.8611,881,2021,HighSchool
4683235,116620,Darius Green,Minnesota,S,3,0.8611,881,2021,HighSchool
4663499,116608,Sam Reynolds,South Carolina,WR,3,0.8611,881,2021,HighSchool
4680024,116616,Da'Wain Lofton,Virginia Tech,ATH,3,0.8611,881,2021,HighSchool
4683126,116626,Malik Curtis,Miami,ATH,3,0.8607,894,2021,HighSchool
4595351,116629,Rance Conner,Louisville,CB,3,0.8607,894,2021,HighSchool
4613269,232213,Jim Bonifas,Iowa State,OT,3,0.8607,894,2021,HighSchool
4683502,116627,Nigel Tate,Boston College,DL,3,0.8607,894,2021,HighSchool
4684007,116633,Gavin Barthiel,Washington State,OLB,3,0.8607,894,2021,HighSchool
4573075,116630,Maximus Gibbs,USC,IOL,3,0.8607,894,2021,HighSchool
4688216,116622,Karate Brenson,Ball State,WR,3,0.8607,894,2021,HighSchool
4602982,116624,Jaleel Davis,NC State,OT,3,0.8607,894,2021,HighSchool
4683336,116625,Jaydon Collins,Wake Forest,OT,3,0.8607,894,2021,HighSchool
4596545,232212,CJ Dippre,Maryland,TE,3,0.8607,894,2021,HighSchool
4683127,116634,Ryan Hoerstkamp,Missouri,TE,3,0.8607,894,2021,HighSchool
4682501,116623,OJ Burroughs,Kansas,S,3,0.8607,894,2021,HighSchool
4602199,116621,Charles Wright,Texas,PRO,3,0.8607,894,2021,HighSchool
4683265,232210,Weston Wolff,Maryland,TE,3,0.8607,894,2021,HighSchool
4683582,254961,Lawson Albright,Northwestern,TE,3,0.8607,894,2021,HighSchool
,116628,Iesa Jarmon,Cincinnati,CB,3,0.8607,894,2021,HighSchool
4683014,116632,Armorion Smith,Cincinnati,S,3,0.8607,894,2021,HighSchool
4684625,232211,Montrell Johnson Jr.,Louisiana,RB,3,0.8607,894,2021,HighSchool
,116635,Fred Eaford,Florida Atlantic,WR,3,0.8607,894,2021,HighSchool
4565912,116631,Jay Jones,Southern Miss,CB,3,0.8607,894,2021,HighSchool
4707209,232214,Nick Morris Jr.,Duke,LB,3,0.8607,894,2021,HighSchool
4683145,116637,Branson Yager,Nebraska,OT,3,0.8604,915,2021,HighSchool
,116636,Kiael Kelly,Ball State,QB,3,0.8604,915,2021,HighSchool
4682779,116642,Jermaine Hamilton-Jordan,Arkansas,LB,3,0.86,917,2021,HighSchool
4593005,116643,Cole Joyce,UCF,LB,3,0.86,917,2021,HighSchool
,116638,Kaden McMullen,Alabama A&M,QB,3,0.86,917,2021,HighSchool
,116639,James Bohls,Arizona,RB,3,0.86,917,2021,HighSchool
,116640,Eric McAlister,Boise State,WR,3,0.86,917,2021,HighSchool
4583089,116641,Var'Keyes Gumms,North Texas,TE,3,0.86,917,2021,HighSchool
,116648,Jaden Hicks,Washington State,S,3,0.8596,923,2021,HighSchool
,116646,Jordan Oladokun,Samford,ATH,3,0.8596,923,2021,HighSchool
4682908,116655,Jalen Shead,LSU,TE,3,0.8596,923,2021,HighSchool
4687483,116654,A.J. Campbell,UCLA,EDGE,3,0.8596,923,2021,HighSchool
4682643,116651,Cam'Ron Stewart,Rutgers,DL,3,0.8596,923,2021,HighSchool
4683097,116645,Allan Haye,Miami,DL,3,0.8596,923,2021,HighSchool
4586330,116644,Rico Barfield,Ball State,RB,3,0.8596,923,2021,HighSchool
4684003,116647,Tahj Bullock,Virginia Tech,QB,3,0.8596,923,2021,HighSchool
4619186,116653,Treylan Davis,West Virginia,TE,3,0.8596,923,2021,HighSchool
4682568,116650,Jake Chaney,Wisconsin,LB,3,0.8596,923,2021,HighSchool
4643696,116652,Gunnar Greenwald,South Florida,TE,3,0.8596,923,2021,HighSchool
4682688,116649,Kaiya Sheron,Kentucky,QB,3,0.8596,923,2021,HighSchool
4431154,116657,Deshauwn Alleyne,Morgan State,LB,3,0.8593,935,2021,HighSchool
4432721,116656,Dino Kaliakmanis,Minnesota,WR,3,0.8593,935,2021,HighSchool
4432786,116659,James Wilborn Jr.,Boise State,LB,3,0.8589,937,2021,HighSchool
4680023,232215,Brandon Epton Jr.,SMU,RB,3,0.8589,937,2021,HighSchool
4594444,116662,Jordan Moore,Duke,QB,3,0.8589,937,2021,HighSchool
4683191,116663,Greg Rubin,Memphis,S,3,0.8589,937,2021,HighSchool
4610164,116665,Jaelin Alstott-VanDeVanter,Purdue,OT,3,0.8589,937,2021,HighSchool
4687093,116672,Tsion Nunnally,Washington State,WR,3,0.8589,937,2021,HighSchool
,116667,Javin Burke,Virginia,ATH,3,0.8589,937,2021,HighSchool
4600387,116666,TJ Guy,Michigan,EDGE,3,0.8589,937,2021,HighSchool
,116671,Jesiah Davis,Virginia,WR,3,0.8589,937,2021,HighSchool
,116670,Cyrus Allen,Louisiana Tech,WR,3,0.8589,937,2021,HighSchool
4684502,116661,Justin Lamson,Syracuse,QB,3,0.8589,937,2021,HighSchool
4691367,116664,Jamareeh Jones,Boston College,ATH,3,0.8589,937,2021,HighSchool
4683559,116669,Jordan Eubanks,Florida State,LB,3,0.8589,937,2021,HighSchool
4708795,116660,Jalen Williams,Fresno State,CB,3,0.8589,937,2021,HighSchool
,116668,Canon Boone,Mississippi State,OT,3,0.8589,937,2021,HighSchool
4431507,116658,Colston Powers,App State,OT,3,0.8589,937,2021,HighSchool
4693942,116684,Michael Mincey,Vanderbilt,LB,3,0.8585,953,2021,HighSchool
4683057,116676,Tamarion Crumpley,Pittsburgh,CB,3,0.8585,953,2021,HighSchool
4601081,116677,Jailen Weaver,Nebraska,EDGE,3,0.8585,953,2021,HighSchool
4683314,116673,Xavier Coleman,Boston College,RB,3,0.8585,953,2021,HighSchool
4691879,116687,Al Ashford III,Wisconsin,CB,3,0.8585,953,2021,HighSchool
4690066,116680,Krew Jackson,Kansas State,S,3,0.8585,953,2021,HighSchool
,116685,Andrew Simpson,Boise State,LB,3,0.8585,953,2021,HighSchool
4683222,116686,DJ Sims,Virginia Tech,WR,3,0.8585,953,2021,HighSchool
,116675,K'wan Powell,South Florida,RB,3,0.8585,953,2021,HighSchool
4600983,116674,DJ Stepney,Central Michigan,ATH,3,0.8585,953,2021,HighSchool
4682639,116679,Cameron Junior,Cincinnati,LB,3,0.8585,953,2021,HighSchool
4688931,116682,Maxwell Hairston,Kentucky,CB,3,0.8585,953,2021,HighSchool
4592571,116678,Anthony Rosas,UNLV,IOL,3,0.8585,953,2021,HighSchool
4684011,116683,Garner Wallace,Northwestern,S,3,0.8585,953,2021,HighSchool
4683464,116681,Desmond Igbinosun,Rutgers,S,3,0.8585,953,2021,HighSchool
,116688,Eric McDaniels,,RB,3,0.8581,968,2021,HighSchool
,116707,Bryce Phillips,,CB,3,0.8578,969,2021,HighSchool
4683719,116704,Jaden Bray,Oklahoma State,WR,3,0.8578,969,2021,HighSchool
,116711,Zamajay Duncan,Idaho,CB,3,0.8578,969,2021,HighSchool
,116708,Raheem Roberts,,ATH,3,0.8578,969,2021,HighSchool
4687184,116709,Myles Williams,California,EDGE,3,0.8578,969,2021,HighSchool
,116705,Ty Furnish,Virginia,IOL,3,0.8578,969,2021,HighSchool
,116700,Braylen Jackson,SMU,DL,3,0.8578,969,2021,HighSchool
,116699,Justin Franklin,,ATH,3,0.8578,969,2021,HighSchool
,116696,Marcus Morgan,,ATH,3,0.8578,969,2021,HighSchool
,116689,KJ Liggins,,WR,3,0.8578,969,2021,HighSchool
4598579,116703,TJ Butler,Maryland,EDGE,3,0.8578,969,2021,HighSchool
4600403,116690,Braylon Braxton,Tulsa,QB,3,0.8578,969,2021,HighSchool
4600406,116695,Caleb Berry,Washington,RB,3,0.8578,969,2021,HighSchool
4600603,116691,Drew Carter,Colorado,QB,3,0.8578,969,2021,HighSchool
4602019,116693,Caleb Banks,Louisville,DL,3,0.8578,969,2021,HighSchool
4602194,116698,D'Marion Alexander,Kansas,EDGE,3,0.8578,969,2021,HighSchool
4682980,116694,Derrick Harmon,Michigan State,DL,3,0.8578,969,2021,HighSchool
4682778,116702,Vince Fiacable,Indiana,IOL,3,0.8578,969,2021,HighSchool
4686947,116710,Darell Jones,Kansas State,ATH,3,0.8578,969,2021,HighSchool
4683462,116701,Andrew Edson,Washington State,EDGE,3,0.8578,969,2021,HighSchool
4683153,116697,Skyler Bell,Wisconsin,WR,3,0.8578,969,2021,HighSchool
4683165,116706,Jaden Nixon,Oklahoma State,RB,3,0.8578,969,2021,HighSchool
4432677,116692,Iverson Celestine,Tulane,RB,3,0.8578,969,2021,HighSchool
4688836,116720,Alex Okelo,Michigan State,EDGE,3,0.8574,992,2021,HighSchool
4686786,116719,Trevor Woods,Colorado,S,3,0.8574,992,2021,HighSchool
4683178,116721,David Holloman,Indiana,RB,3,0.8574,992,2021,HighSchool
4684030,116715,TJ Quinn,Louisville,S,3,0.8574,992,2021,HighSchool
4683326,232216,Henry Hughes Jr.,Rutgers,EDGE,3,0.8574,992,2021,HighSchool
4603188,116716,Kenneth Bannister,Louisiana Tech,OT,3,0.8574,992,2021,HighSchool
4682504,116717,Demetrius Hill,Florida International,S,3,0.8574,992,2021,HighSchool
4431654,116712,Erin Outley,Arkansas,TE,3,0.8574,992,2021,HighSchool
4683319,255074,Bill Jackson,Tulsa,RB,3,0.8574,992,2021,HighSchool
,232217,Dylan Flowers,Southern Utah,CB,3,0.8574,992,2021,HighSchool
,116714,Jacob Coleman,East Carolina,ATH,3,0.8574,992,2021,HighSchool
,116713,Baron Hopson,Jackson State,LB,3,0.8574,992,2021,HighSchool
4707203,116718,Shyheim Brown,Florida State,LB,3,0.8574,992,2021,HighSchool
4682915,116723,D.J. Withers,Kansas,DL,3,0.857,1005,2021,HighSchool
,116722,Emile Aime,,LB,3,0.857,1005,2021,HighSchool
4690461,116724,Robert Williams,Louisiana,WR,3,0.857,1005,2021,HighSchool
4602947,116725,Kaci Seegars,Liberty,LB,3,0.857,1005,2021,HighSchool
4602923,116730,Jaylen Henderson,Fresno State,QB,3,0.8567,1009,2021,HighSchool
4683410,116733,Beau Freyler,Iowa State,S,3,0.8567,1009,2021,HighSchool
4565185,116729,Tai Felton,Maryland,WR,3,0.8567,1009,2021,HighSchool
4612346,116731,Devin Lemear,Baylor,S,3,0.8567,1009,2021,HighSchool
4602967,116732,Aaron Hall,Duke,EDGE,3,0.8567,1009,2021,HighSchool
,116726,Tim Burns Jr.,UAB,CB,3,0.8567,1009,2021,HighSchool
4572446,116727,Katravis Geter Jr.,Florida International,RB,3,0.8567,1009,2021,HighSchool
4602203,116728,Carlton Guidry,Houston,WR,3,0.8567,1009,2021,HighSchool
4431565,116734,Walter Simmons III,East Carolina,QB,3,0.8563,1017,2021,HighSchool
,116741,Samari Collier,Illinois,QB,3,0.8563,1017,2021,HighSchool
4683567,116743,Will Towns,Wake Forest,RB,3,0.8563,1017,2021,HighSchool
,116745,Kevin Toth Jr.,Rutgers,OT,3,0.8563,1017,2021,HighSchool
,116742,Charlie Patterson,Virginia,OT,3,0.8563,1017,2021,HighSchool
,116740,Jordan Blackmon,South Florida,S,3,0.8563,1017,2021,HighSchool
,116737,Ethan Mort,UCF,OT,3,0.8563,1017,2021,HighSchool
,116744,Ross Ulugalu-Maseuli,San Diego State,IOL,3,0.8563,1017,2021,HighSchool
4683468,116736,Daniel Edwards Jr.,Illinois,CB,3,0.8563,1017,2021,HighSchool
4595342,116738,Oronde Gadsden II,Syracuse,WR,3,0.8563,1017,2021,HighSchool
4875094,116739,Xavier Castillo,Vanderbilt,IOL,3,0.8563,1017,2021,HighSchool
4431391,116735,George Jackson,Louisiana,OT,3,0.8563,1017,2021,HighSchool
,116747,Winsome Frazier,Florida A&M,S,3,0.8559,1029,2021,HighSchool
4687185,116746,TJ Lewis,Louisville,QB,3,0.8559,1029,2021,HighSchool
,255024,James Gillespie,UL Monroe,DL,3,0.8556,1031,2021,HighSchool
4683543,254965,RJ Garcia II,Kansas State,WR,3,0.8556,1031,2021,HighSchool
,116767,Kason Boston,,EDGE,3,0.8556,1031,2021,HighSchool
,116766,Dorian Singer,,WR,3,0.8556,1031,2021,HighSchool
,232223,JaCorey Hyder,UTSA,LB,3,0.8556,1031,2021,HighSchool
,232218,Kamron Scott,UTSA,IOL,3,0.8556,1031,2021,HighSchool
4683819,116769,Cam Smith,Oklahoma State,ATH,3,0.8556,1031,2021,HighSchool
4687190,116750,Patrick Hisatake,California,LB,3,0.8556,1031,2021,HighSchool
4686709,232220,Placide Djungu-Sungu,Duke,S,3,0.8556,1031,2021,HighSchool
4683984,116765,Devon Manuel,Arkansas,OT,3,0.8556,1031,2021,HighSchool
4683310,254966,Omar Daniels,Kansas State,CB,3,0.8556,1031,2021,HighSchool
,116764,Cameron Brady,Stephen F. Austin,WR,3,0.8556,1031,2021,HighSchool
4873284,232221,Tre Freeman,Duke,LB,3,0.8556,1031,2021,HighSchool
,116756,Mak Pounders,Memphis,OT,3,0.8556,1031,2021,HighSchool
,116748,Mario Love,,CB,3,0.8556,1031,2021,HighSchool
4612589,232222,Gavin McKay,Missouri,TE,3,0.8556,1031,2021,HighSchool
4709386,116772,Josh Kreutz,Illinois,IOL,3,0.8556,1031,2021,HighSchool
4709014,116775,Zion Washington,Boise State,S,3,0.8556,1031,2021,HighSchool
,116753,Javione Carr,Arizona,S,3,0.8556,1031,2021,HighSchool
,254937,Kyle Fugedi,Pittsburgh,OT,3,0.8556,1031,2021,HighSchool
,116770,Enoka Migao,Utah State,EDGE,3,0.8556,1031,2021,HighSchool
4600981,116749,Pat Bryant,Illinois,WR,3,0.8556,1031,2021,HighSchool
4709669,232219,Christian Moss,Virginia Tech,WR,3,0.8556,1031,2021,HighSchool
4600827,116757,Nykelius Johnson,Virginia Tech,ATH,3,0.8556,1031,2021,HighSchool
4602187,116752,Raam Stevenson,Washington State,EDGE,3,0.8556,1031,2021,HighSchool
4686030,116755,Christian Pedersen,Louisville,TE,3,0.8556,1031,2021,HighSchool
4602646,116761,Dylan Hazen,Wake Forest,LB,3,0.8556,1031,2021,HighSchool
,116758,Marcus Mbow,Purdue,OT,3,0.8556,1031,2021,HighSchool
4680021,116759,DJ Arkansas,Rice,LB,3,0.8556,1031,2021,HighSchool
4684277,116771,Jackson Carsello,Northwestern,OT,3,0.8556,1031,2021,HighSchool
4676889,116760,Myles Montgomery,Cincinnati,RB,3,0.8556,1031,2021,HighSchool
4684388,116773,Elijah Sabbatini,Ole Miss,S,3,0.8556,1031,2021,HighSchool
4685826,116774,BJ Adams,UCF,S,3,0.8556,1031,2021,HighSchool
4606188,116762,Noah Biglow,Pittsburgh,CB,3,0.8556,1031,2021,HighSchool
4683463,116754,Matt Gulbin,Wake Forest,IOL,3,0.8556,1031,2021,HighSchool
4683205,116751,Quincy Bryant,Wake Forest,CB,3,0.8556,1031,2021,HighSchool
4683182,116768,Nate Yarnell,Pittsburgh,QB,3,0.8556,1031,2021,HighSchool
4684453,116763,Jatius Geer,Syracuse,DL,3,0.8556,1031,2021,HighSchool
4612605,116776,Carter Evans,Eastern Michigan,TE,3,0.8552,1069,2021,HighSchool
,116778,Jaelin Moss,,DL,3,0.8552,1069,2021,HighSchool
,116777,Zach Richards,Purdue,IOL,3,0.8552,1069,2021,HighSchool
,116779,Lennard Kuhl,Toledo,TE,3,0.855,1072,2021,HighSchool
,116793,Max Merril,Texas,OT,3,0.8544,1073,2021,HighSchool
4602015,116782,Deamikkio Nathan,UNLV,WR,3,0.8544,1073,2021,HighSchool
,116792,Jared Brown,Coastal Carolina,WR,3,0.8544,1073,2021,HighSchool
,116784,Aidan Ryan,Virginia,S,3,0.8544,1073,2021,HighSchool
4596665,116785,Keshon Griffin,Rutgers,EDGE,3,0.8544,1073,2021,HighSchool
4685183,116780,John Paul Richardson,Oklahoma State,WR,3,0.8544,1073,2021,HighSchool
4600405,116781,CJ Baskerville,San Diego State,S,3,0.8544,1073,2021,HighSchool
4597498,116783,Quillen Howze,Buffalo,ATH,3,0.8544,1073,2021,HighSchool
4567707,116787,Grayson James,Florida International,QB,3,0.8544,1073,2021,HighSchool
4682993,116790,Landon Rogers,Arkansas,QB,3,0.8544,1073,2021,HighSchool
4683116,116795,Carston Marshall,Iowa State,LB,3,0.8544,1073,2021,HighSchool
4687592,116796,Jonah Elliss,Utah,LB,3,0.8544,1073,2021,HighSchool
4680601,116789,Darius Jackson,Missouri,CB,3,0.8544,1073,2021,HighSchool
4683537,116791,Brayden Dudley,West Virginia,DL,3,0.8544,1073,2021,HighSchool
4875085,116788,Nick Barrett,South Carolina,DL,3,0.8544,1073,2021,HighSchool
4596450,116786,Jalen Hoyle,Virginia Tech,S,3,0.8544,1073,2021,HighSchool
4683538,116794,Caleb Ellis,Stanford,S,3,0.8544,1073,2021,HighSchool
4593004,116799,Davion Primm,Michigan State,RB,3,0.8541,1090,2021,HighSchool
4682642,116798,DC Tabscott,App State,QB,3,0.8541,1090,2021,HighSchool
,116802,William Whitlow Jr.,Memphis,DL,3,0.8541,1090,2021,HighSchool
,116800,Amaad Foston,Virginia,RB,3,0.8541,1090,2021,HighSchool
4682533,116803,Michael Gravely Jr.,Michigan State,S,3,0.8541,1090,2021,HighSchool
,116801,Micah Gaffney,Virginia,CB,3,0.8541,1090,2021,HighSchool
,116797,Devon Martin,,TE,3,0.8541,1090,2021,HighSchool
4597250,116804,Will Johnson,Virginia Tech,LB,3,0.8537,1097,2021,HighSchool
,116805,Aries Scott,,EDGE,3,0.8533,1098,2021,HighSchool
,116810,Ike Iwunnah,Michigan,DL,3,0.8533,1099,2021,HighSchool
,116819,Dakote Doyle,Baylor,DL,3,0.8533,1099,2021,HighSchool
4599160,116815,Trey Washington,Ole Miss,CB,3,0.8533,1099,2021,HighSchool
,232224,Jawon Odoms,Memphis,CB,3,0.8533,1099,2021,HighSchool
4687327,116821,Bryce Goodner,Virginia Tech,OG,3,0.8533,1099,2021,HighSchool
4602188,116812,Jadarius Thursby,SMU,S,3,0.8533,1099,2021,HighSchool
4682916,116808,Malcolm Folk,Syracuse,S,3,0.8533,1099,2021,HighSchool
4603752,116817,Trent Broadnax,Duke,WR,3,0.8533,1099,2021,HighSchool
4700142,116809,Jace Williams,Miami (OH),WR,3,0.8533,1099,2021,HighSchool
4686223,116822,Malachi Thomas,Virginia Tech,RB,3,0.8533,1099,2021,HighSchool
4683327,116820,Michael Lunz,Tulane,LB,3,0.8533,1099,2021,HighSchool
4594198,116814,Cameron Wright,Memphis,WR,3,0.8533,1099,2021,HighSchool
4683484,116818,Caleb Schmitz,Cincinnati,LB,3,0.8533,1099,2021,HighSchool
4594281,116816,Ty Cooper,Mississippi State,EDGE,3,0.8533,1099,2021,HighSchool
4682486,116811,Hampton Fay,Michigan State,QB,3,0.8533,1099,2021,HighSchool
4680599,116806,De'Anthony Lewis,UTSA,RB,3,0.8533,1099,2021,HighSchool
4586332,116813,Jaylin Mines,Toledo,S,3,0.8533,1099,2021,HighSchool
4602908,116807,Kamren Blanton,UNLV,CB,3,0.8533,1099,2021,HighSchool
4688552,116823,Keleki Latu,California,TE,3,0.853,1117,2021,HighSchool
4683658,116824,Javonte Sherman,Middle Tennessee,WR,3,0.853,1117,2021,HighSchool
,116826,Marceese Yetts,Air Force,RB,3,0.8528,1119,2021,HighSchool
4710348,116825,Zhen-Keith Sotelo,Hawai'i,DL,3,0.8528,1119,2021,HighSchool
,116827,Sam Ofurie,North Carolina A&T,LB,3,0.8526,1121,2021,HighSchool
4686711,116828,Gaven Haselhorst,Kansas State,LB,3,0.8526,1121,2021,HighSchool
4677297,116834,Langston Long,Virginia,S,3,0.8522,1123,2021,HighSchool
4683530,116837,Chance Black,Virginia Tech,RB,3,0.8522,1123,2021,HighSchool
4683516,116843,Luther McCoy,Minnesota,DL,3,0.8522,1123,2021,HighSchool
4576303,116847,RJ Sorensen,Louisville,DL,3,0.8522,1123,2021,HighSchool
4568709,116829,Jayon Venerable,Maryland,ATH,3,0.8522,1123,2021,HighSchool
4684279,116838,Charlie Browder,UCF,TE,3,0.8522,1123,2021,HighSchool
4643729,116844,Joshua Pickett,Duke,CB,3,0.8522,1123,2021,HighSchool
,116836,Timar Rogers,Mississippi State,LB,3,0.8522,1123,2021,HighSchool
,116835,Ronnie Hamrick II,Texas State,CB,3,0.8522,1123,2021,HighSchool
,116832,Gabe Nealy,South Florida,S,3,0.8522,1123,2021,HighSchool
4601078,116830,Derrick Edwards,Louisville,CB,3,0.8522,1123,2021,HighSchool
,116831,Antwan Roberts,Wisconsin,RB,3,0.8522,1123,2021,HighSchool
4683510,116839,Otto Hess,Boston College,OT,3,0.8522,1123,2021,HighSchool
4708494,116833,Mandela Tobin,Duke,DL,3,0.8522,1123,2021,HighSchool
4682748,116841,Max Patterson,Rutgers,WR,3,0.8522,1123,2021,HighSchool
4682754,116840,Jayden Jones,SMU,EDGE,3,0.8522,1123,2021,HighSchool
,116846,Logan Nobles,Oklahoma State,OT,3,0.8522,1123,2021,HighSchool
,116845,Kevon Garcia,Arizona,EDGE,3,0.8522,1123,2021,HighSchool
4685119,116842,Nic Mitchell,Mississippi State,LB,3,0.8522,1123,2021,HighSchool
,116850,Dorian Stephens,Kansas State,WR,3,0.8519,1142,2021,HighSchool
,116855,Erick Smith Jr.,,WR,3,0.8519,1142,2021,HighSchool
,116848,Isaiah Finnie,Marshall,LB,3,0.8519,1142,2021,HighSchool
,116854,Elijah Hawk,Western Michigan,DL,3,0.8519,1142,2021,HighSchool
4611996,116856,Braylen Nelson,Fresno State,OT,3,0.8519,1142,2021,HighSchool
4588193,116851,Brye Lighon,UNLV,ATH,3,0.8519,1142,2021,HighSchool
,255032,Brylan Lanier,Georgia State,CB,3,0.8519,1142,2021,HighSchool
4592873,116853,Corey Ellington,Mississippi State,S,3,0.8519,1142,2021,HighSchool
4688537,116849,Jacques Hunter,Vanderbilt,DL,3,0.8519,1142,2021,HighSchool
4683437,232225,Xavier Young,Washington State,DL,3,0.8519,1142,2021,HighSchool
4682676,116852,Terry Lockett Jr.,Syracuse,DL,3,0.8519,1142,2021,HighSchool
,116857,Shakari Denson,Ohio,ATH,3,0.8517,1153,2021,HighSchool
,116858,Marquael Parks,,ATH,3,0.8515,1154,2021,HighSchool
4677281,116860,Kyonte Hamilton,Rutgers,ATH,3,0.8515,1154,2021,HighSchool
4432727,116859,Solo Lewis,Louisiana Tech,WR,3,0.8515,1154,2021,HighSchool
4587703,116863,Ivan Shultz,Troy,IOL,3,0.8511,1157,2021,HighSchool
,116866,Josh Hough,Syracuse,RB,3,0.8511,1157,2021,HighSchool
,116868,DJ Fryar,Arizona,LB,3,0.8511,1157,2021,HighSchool
4702539,116878,Isiah Cox,Cincinnati,ATH,3,0.8511,1157,2021,HighSchool
,116862,Ja'Quez Harvey,Fresno State,DL,3,0.8511,1157,2021,HighSchool
4567790,116867,Artez Hooker,Florida International,WR,3,0.8511,1157,2021,HighSchool
4587720,116873,Tristan Michaud,Iowa State,WR,3,0.8511,1157,2021,HighSchool
4709678,116885,Devonte Ross,Kentucky,ATH,3,0.8511,1157,2021,HighSchool
4602201,116864,Brenen Hawkins,Kansas State,WR,3,0.8511,1157,2021,HighSchool
4683159,116876,Lewis Bond,Boston College,RB,3,0.8511,1157,2021,HighSchool
4710673,116883,Calvin Johnson II,Northwestern,ATH,3,0.8511,1157,2021,HighSchool
4684524,116879,Bernard Gooden,Wake Forest,DL,3,0.8511,1157,2021,HighSchool
,116884,La'Dareyen Craig,South Carolina,CB,3,0.8511,1157,2021,HighSchool
,116880,Malachi Lawrence,UCF,DL,3,0.8511,1157,2021,HighSchool
,116877,Malik Matthew,Syracuse,LB,3,0.8511,1157,2021,HighSchool
,116872,Jalen Clyatt,East Carolina,S,3,0.8511,1157,2021,HighSchool
4684551,116871,Jake Renda,Pittsburgh,TE,3,0.8511,1157,2021,HighSchool
4684389,116882,Myzel Williams,Georgia Southern,S,3,0.8511,1157,2021,HighSchool
4701177,116865,Myles Purchase,Iowa State,CB,3,0.8511,1157,2021,HighSchool
4689690,116875,Trent Davis,Duke,RB,3,0.8511,1157,2021,HighSchool
4684091,116886,Jamari Gassett,Buffalo,WR,3,0.8511,1157,2021,HighSchool
4683114,116870,Will Pauling,Cincinnati,WR,3,0.8511,1157,2021,HighSchool
4683963,116869,Austin Weiner,Kansas State,OT,3,0.8511,1157,2021,HighSchool
4602924,116861,Ryan Lange,California,OT,3,0.8511,1157,2021,HighSchool
4606195,116874,Demie Sumo-Karngbaye,NC State,RB,3,0.8511,1157,2021,HighSchool
4875632,116881,Samuel Green,UNLV,RB,3,0.8511,1157,2021,HighSchool
4602940,116890,Derwin Burgess Jr.,Georgia Southern,WR,3,0.8507,1183,2021,HighSchool
4683506,116891,Albert Reese IV,Mississippi State,OT,3,0.8507,1183,2021,HighSchool
4898827,116887,Corey Cuascut-Palmer,Temple,WR,3,0.8507,1183,2021,HighSchool
4612210,116888,Joseph McKay,East Carolina,RB,3,0.8507,1183,2021,HighSchool
4683056,116889,Antoine Booth,Michigan State,CB,3,0.8507,1183,2021,HighSchool
4687188,116892,KC Ossai,Louisiana,LB,3,0.85,1188,2021,HighSchool
,232230,Ieremia Moore,California,DL,3,0.85,1188,2021,HighSchool
,116907,Eric Randall,Memphis,S,3,0.85,1188,2021,HighSchool
4686360,116912,Jordan Grier,Indiana,ATH,3,0.85,1188,2021,HighSchool
4612606,116897,Kevon Ivy,UNLV,DL,3,0.85,1188,2021,HighSchool
4588200,116894,Colby McDonald,Maryland,RB,3,0.85,1188,2021,HighSchool
4683914,116906,Cole Batson,Boston College,ATH,3,0.85,1188,2021,HighSchool
,116904,Leander Wiegand,UCF,OT,3,0.85,1188,2021,HighSchool
4602966,116896,Jacob Gill,Northwestern,WR,3,0.85,1188,2021,HighSchool
4691881,254941,Darrien Stewart,Utah,S,3,0.85,1188,2021,HighSchool
4602659,116905,Zephaniah Maea,Colorado,LB,3,0.85,1188,2021,HighSchool
,116908,Amariyon Howard,,RB,3,0.85,1188,2021,HighSchool
4684536,116902,Da'Shawn Brown,App State,WR,3,0.85,1188,2021,HighSchool
4602981,232231,Jakolbe Baldwin,NC State,WR,3,0.85,1188,2021,HighSchool
4683459,232233,Sedarius McConnell,Illinois,DL,3,0.85,1188,2021,HighSchool
4600739,232232,Izaiah Kelley,SMU,LB,3,0.85,1188,2021,HighSchool
4686063,232234,Lyndon Cooper,NC State,IOL,3,0.85,1188,2021,HighSchool
4689618,116911,Ozzie Hoffler,Kansas State,EDGE,3,0.85,1188,2021,HighSchool
4595349,232227,Carson Walker,Houston,IOL,3,0.85,1188,2021,HighSchool
4606194,116910,Seth Henigan,Memphis,QB,3,0.85,1188,2021,HighSchool
4643649,116895,Kaden Dudley,Boise State,ATH,3,0.85,1188,2021,HighSchool
4649323,232226,LeRon Husbands,Maryland,TE,3,0.85,1188,2021,HighSchool
4680603,116893,Ben Postma,Georgia Tech,TE,3,0.85,1188,2021,HighSchool
4680600,232228,Charles Esters,Texas Tech,DL,3,0.85,1188,2021,HighSchool
4683105,116901,De'Kedrick Sterns,Kansas,OT,3,0.85,1188,2021,HighSchool
4683460,116909,Benjamin Roy,UCLA,OC,3,0.85,1188,2021,HighSchool
4684961,116900,Jayhvion Gipson,TCU,LB,3,0.85,1188,2021,HighSchool
4686656,232229,Ja'Marian Peterson,Louisiana,DL,3,0.85,1188,2021,HighSchool
4689266,116898,Drew Donley,Cincinnati,WR,3,0.85,1188,2021,HighSchool
4875091,116903,CJ Taylor,Vanderbilt,S,3,0.85,1188,2021,HighSchool
4710274,116899,Michael Mokofisi,Utah,DL,3,0.85,1188,2021,HighSchool
4683724,116913,Zyrus Fiaseu,San Diego State,LB,3,0.8496,1219,2021,HighSchool
4872458,116914,Malik Williams,Nebraska,CB,3,0.8496,1219,2021,HighSchool
,116915,Jared Behrens,Navy,LB,3,0.8496,1219,2021,HighSchool
,116916,Kenard Snyder,UL Monroe,LB,3,0.8496,1219,2021,HighSchool
4684031,116917,Devrin Weathers,Kansas State,ATH,3,0.8496,1219,2021,HighSchool
4602644,116919,Brendon Barrow,Stanford,RB,3,0.8493,1224,2021,HighSchool
4431325,116918,Taylen Green,Boise State,QB,3,0.8493,1224,2021,HighSchool
4682858,116920,Jaelen Stokes,South Florida,CB,3,0.8493,1224,2021,HighSchool
4590294,116922,Brady Lichtenberg,Cincinnati,QB,3,0.8489,1227,2021,HighSchool
4875095,116927,James Ziglor III,Vanderbilt,WR,3,0.8489,1227,2021,HighSchool
4602672,116923,Saint McLeod,West Virginia,S,3,0.8489,1227,2021,HighSchool
4612212,116932,Joriell Washington,Illinois,S,3,0.8489,1227,2021,HighSchool
,116926,Kaden Meredith,Air Force,RB,3,0.8489,1227,2021,HighSchool
,116933,JonDarius Morgan,South Carolina,OT,3,0.8489,1227,2021,HighSchool
4696315,116929,Will Taylor,Clemson,ATH,3,0.8489,1227,2021,HighSchool
4689721,116925,Ty Robinson,Colorado,ATH,3,0.8489,1227,2021,HighSchool
4682484,116928,Stone Eby,SMU,DL,3,0.8489,1227,2021,HighSchool
4875608,116924,Kamron Beachem,Fresno State,ATH,3,0.8489,1227,2021,HighSchool
4683386,116921,William Haskell,San Diego State,QB,3,0.8489,1227,2021,HighSchool
4602934,116930,David Gusta,Washington State,DL,3,0.8489,1227,2021,HighSchool
4594445,116931,Leroy Bowers,Cincinnati,S,3,0.8489,1227,2021,HighSchool
,116940,Mahamane Moussa,Purdue,OT,3,0.8485,1240,2021,HighSchool
4683848,116941,Donovan Ezeiruaku,Boston College,LB,3,0.8485,1240,2021,HighSchool
,116935,James Stewart,Memphis,DL,3,0.8485,1240,2021,HighSchool
4602650,116934,Gaethan Bernadel,Florida International,LB,3,0.8485,1240,2021,HighSchool
4683285,116938,Erik Russell,Wake Forest,OT,3,0.8485,1240,2021,HighSchool
4693394,116937,Zach Buckey,Stanford,EDGE,3,0.8485,1240,2021,HighSchool
4590299,116936,Armon Bethea,Arizona State,IOL,3,0.8485,1240,2021,HighSchool
4683111,116939,Jaden Bradley,Pittsburgh,WR,3,0.8485,1240,2021,HighSchool
4713159,116942,Dennard Flowers,Arkansas State,EDGE,3,0.8483,1248,2021,HighSchool
4685795,116943,Kendrell Williams,Louisiana,RB,3,0.8481,1249,2021,HighSchool
4685824,116960,Johnathan Arceneaux,Fresno State,RB,3,0.8478,1250,2021,HighSchool
4602791,116954,Micah Pettus,Ole Miss,OT,3,0.8478,1250,2021,HighSchool
4683206,116946,Orion Peters,Washington State,WR,3,0.8478,1250,2021,HighSchool
4875383,116948,Dylan McGill,Minnesota,ATH,3,0.8478,1250,2021,HighSchool
4684702,116963,Kolby Phillips,Tulane,CB,3,0.8478,1250,2021,HighSchool
4710331,116973,Lamondre Brooks,South Alabama,DL,3,0.8478,1250,2021,HighSchool
4612198,116945,Kameron Allen,Michigan State,TE,3,0.8478,1250,2021,HighSchool
4710422,116972,Ahmed Hassanein,Boise State,DL,3,0.8478,1250,2021,HighSchool
4612623,116958,Prince Green,Illinois,CB,3,0.8478,1250,2021,HighSchool
4592835,116956,Dalton Stroman,App State,WR,3,0.8478,1250,2021,HighSchool
4688932,116965,Ethan Hassler,Arkansas State,EDGE,3,0.8478,1250,2021,HighSchool
,116950,Andrew Canelas,Lehigh,OT,3,0.8478,1250,2021,HighSchool
,116951,Jack Witmer,Virginia,TE,3,0.8478,1250,2021,HighSchool
,116952,Aramoni Rhone,Ohio,WR,3,0.8478,1250,2021,HighSchool
,116955,Jackson Bailey,Arizona,LB,3,0.8478,1250,2021,HighSchool
,116957,Amari Wansley,Florida Atlantic,S,3,0.8478,1250,2021,HighSchool
,116961,Cameron Garnett,,ATH,3,0.8478,1250,2021,HighSchool
,116962,Damon Owens,UL Monroe,LB,3,0.8478,1250,2021,HighSchool
,116964,Bruno Zandamela,Jackson State,OT,3,0.8478,1250,2021,HighSchool
,116966,Derrveron Maxwell-Black,,LB,3,0.8478,1250,2021,HighSchool
4687326,116967,Jalen Garner,Houston,LB,3,0.8478,1250,2021,HighSchool
,116968,Kolbe Cage,Arizona,LB,3,0.8478,1250,2021,HighSchool
,116969,Bentley Redden,BYU,ATH,3,0.8478,1250,2021,HighSchool
,116971,Gabe Cavazos,Mississippi State,OT,3,0.8478,1250,2021,HighSchool
4431504,116947,Jeremiah Bodwin,Nevada,LB,3,0.8478,1250,2021,HighSchool
4596709,116953,Aalah Brown,Jackson State,WR,3,0.8478,1250,2021,HighSchool
4682772,116949,Casey Phinney,Boston College,LB,3,0.8478,1250,2021,HighSchool
4683813,116970,Jonas Sanker,Virginia,S,3,0.8478,1250,2021,HighSchool
4698455,116959,Gabe Blair,North Texas,IOL,3,0.8478,1250,2021,HighSchool
4683214,116944,Hayden Nelson,UCLA,EDGE,3,0.8478,1250,2021,HighSchool
4431499,116974,Sieh Bangura,Ohio,RB,3,0.8474,1280,2021,HighSchool
4612246,116975,Sahmir Hagans,Duke,WR,3,0.847,1281,2021,HighSchool
4684432,116976,Ashton Gillotte,Louisville,EDGE,3,0.847,1281,2021,HighSchool
4683324,116977,Jordan Jones,Georgia State,LB,3,0.847,1281,2021,HighSchool
4585727,232235,Cale Sanders,Fresno State,ATH,3,0.8467,1284,2021,HighSchool
4682692,116984,Josh Thompson,Northwestern,IOL,3,0.8467,1284,2021,HighSchool
4683495,116982,Tyler Kiehne,UCLA,DL,3,0.8467,1284,2021,HighSchool
4872830,254954,Landon Fickell,Cincinnati,OG,3,0.8467,1284,2021,HighSchool
4875972,116978,Dedrick Smith,Memphis,LB,3,0.8467,1284,2021,HighSchool
4587721,116986,Daniel Greek,Mississippi State,QB,3,0.8467,1284,2021,HighSchool
4568725,232236,Trevion Sneed,SMU,LB,3,0.8467,1284,2021,HighSchool
4683507,116992,Owen Stoudmire,Boston College,DL,3,0.8467,1284,2021,HighSchool
,116980,Charlie Dixon,North Carolina A&T,RB,3,0.8467,1284,2021,HighSchool
,116981,Lathan Adams,Colorado State,CB,3,0.8467,1284,2021,HighSchool
,116985,Marco Notarainni,Boise State,LB,3,0.8467,1284,2021,HighSchool
,116987,Charles Armstrong,Jackson State,OT,3,0.8467,1284,2021,HighSchool
4708067,232237,Kai Horton,Tulane,QB,3,0.8467,1284,2021,HighSchool
,116988,Dalen Stovall,Toledo,WR,3,0.8467,1284,2021,HighSchool
4566320,116979,Majik Rector,Kansas,WR,3,0.8467,1284,2021,HighSchool
,116989,Garrett Gillette,,TE,3,0.8467,1284,2021,HighSchool
4708487,116993,Jaquez Moore,Duke,ATH,3,0.8467,1284,2021,HighSchool
4589232,116983,Jalen McCain,Old Dominion,CB,3,0.8467,1284,2021,HighSchool
,116994,Francisco Mauigoa,Washington State,OLB,3,0.8467,1284,2021,HighSchool
4685113,116991,Jaylin Alderman,Louisville,LB,3,0.8467,1284,2021,HighSchool
,116990,Adrein Strickland,South Alabama,OT,3,0.8467,1284,2021,HighSchool
,116995,Jaden Mosley,,S,3,0.8467,1305,2021,HighSchool
,116996,Jode McDuffie,,WR,3,0.8467,1305,2021,HighSchool
,116997,Patrick Tukes,,DL,3,0.8467,1305,2021,HighSchool
,116998,Micheal Tucker,,CB,3,0.8467,1305,2021,HighSchool
4713277,116999,Eric Rivers,Memphis,ATH,3,0.8467,1305,2021,HighSchool
4683669,117002,Jordan Laudato,Temple,DL,3,0.8463,1310,2021,HighSchool
4683850,117001,Seth Malcom,Nebraska,LB,3,0.8463,1310,2021,HighSchool
,117006,Ryan Lengyel,Baylor,OT,3,0.8463,1310,2021,HighSchool
4683671,117005,Eli Richey,UAB,IOL,3,0.8463,1310,2021,HighSchool
4685828,117003,Stevie Rocker Jr.,Arizona,RB,3,0.8463,1310,2021,HighSchool
4683451,117004,Cameron Friel,UNLV,QB,3,0.8463,1310,2021,HighSchool
4433969,117000,Timmy McClain,South Florida,QB,3,0.8463,1310,2021,HighSchool
,117012,J.T. Byrne,Oregon State,TE,3,0.8459,1317,2021,HighSchool
,117014,Phillippe Wesley,San Diego State,WR,3,0.8459,1317,2021,HighSchool
,117010,Cooper Lanz,Baylor,DL,3,0.8459,1317,2021,HighSchool
4701592,117011,Jordon Vaughn,Wyoming,ATH,3,0.8459,1317,2021,HighSchool
4590302,117007,Deon Silas,Iowa State,RB,3,0.8459,1317,2021,HighSchool
4684830,117009,Cejae Ceasar,Louisiana,S,3,0.8459,1317,2021,HighSchool
4683160,117008,Brad Kemayou,Kent State,CB,3,0.8459,1317,2021,HighSchool
4684281,117013,Jairus Mack,Charlotte,WR,3,0.8459,1317,2021,HighSchool
4875092,117018,Errington Truesdell,Vanderbilt,LB,3,0.8456,1325,2021,HighSchool
4596336,117016,Chandler Pittman,Southern Miss,ATH,3,0.8456,1325,2021,HighSchool
4710706,117024,Jadon Canady,Tulane,CB,3,0.8456,1325,2021,HighSchool
4708049,117025,Gavin Bartholomew,Pittsburgh,TE,3,0.8456,1325,2021,HighSchool
4683296,117021,Tay Lanier,New Mexico,ATH,3,0.8456,1325,2021,HighSchool
4683218,117017,Zy McDonald,Louisiana,QB,3,0.8456,1325,2021,HighSchool
,117023,Troy Everett,App State,IOL,3,0.8456,1325,2021,HighSchool
,117019,Dylan Rollins,BYU,OT,3,0.8456,1325,2021,HighSchool
4709649,117022,Scottie Alexander,Tulsa,WR,3,0.8456,1325,2021,HighSchool
4684639,117020,DD Snyder,Illinois,S,3,0.8456,1325,2021,HighSchool
,117015,Luis Chavarria,Prairie View A&M,IOL,3,0.8456,1325,2021,HighSchool
,117026,Colby Powers,Arizona,TE,3,0.8452,1336,2021,HighSchool
,117027,James Smith,UL Monroe,EDGE,3,0.8452,1336,2021,HighSchool
,117028,Tonga Lolohea,Lamar,DL,3,0.845,1338,2021,HighSchool
4683248,117029,Deshawn McKnight,App State,LB,3,0.845,1338,2021,HighSchool
,117033,Karson Sharar,Iowa,ATH,3,0.8448,1340,2021,HighSchool
,117031,Austin Roon,Syracuse,LB,3,0.8448,1340,2021,HighSchool
4682996,117032,Sam Carrell,Washington State,DL,3,0.8448,1340,2021,HighSchool
4594323,117030,Jalen Monrrow,Cincinnati,DL,3,0.8448,1340,2021,HighSchool
4683195,117058,Edgar Amaya,Colorado,IOL,3,0.8444,1344,2021,HighSchool
4684141,117060,Shawn Asbury II,Boston College,CB,3,0.8444,1344,2021,HighSchool
4592886,117045,Brandon Williams,Wake Forest,TE,3,0.8444,1344,2021,HighSchool
4875087,117034,Jake Ketschek,Vanderbilt,OT,3,0.8444,1344,2021,HighSchool
4432663,254960,Dylan Betts-Pauley,Vanderbilt,RB,3,0.8444,1344,2021,HighSchool
4585726,117063,Cam Smith,Eastern Michigan,S,3,0.8444,1344,2021,HighSchool
4602929,117041,Vance Jefferson,San Diego,WR,3,0.8444,1344,2021,HighSchool
4571879,117049,Tyrone Brown,Baylor,LB,3,0.8444,1344,2021,HighSchool
4875342,117039,Vincent Nunley,Washington,S,3,0.8444,1344,2021,HighSchool
4682483,117055,Joseph Amos,Boise State,OT,3,0.8444,1344,2021,HighSchool
4687586,117059,New Zealand Williams,San Diego State,S,3,0.8444,1344,2021,HighSchool
383510,117057,Jah-Mal Williams,Cincinnati,DL,3,0.8444,1344,2021,HighSchool
4684009,117051,Ty Marsh,Hawai'i,S,3,0.8444,1344,2021,HighSchool
4691042,117042,Jayson Raines,Stanford,WR,3,0.8444,1344,2021,HighSchool
,117043,Viliami Po'uha,BYU,EDGE,3,0.8444,1344,2021,HighSchool
4683723,117062,Kale Smith,Oklahoma State,ATH,3,0.8444,1344,2021,HighSchool
4612242,254974,Davon Hicks,South Florida,OLB,3,0.8444,1344,2021,HighSchool
4572341,254959,Tyson Russell,Vanderbilt,CB,3,0.8444,1344,2021,HighSchool
4612835,117044,Tyler Bence,Vanderbilt,DL,3,0.8444,1344,2021,HighSchool
,117048,Dodge Sauser,Iowa State,OT,3,0.8444,1344,2021,HighSchool
,117064,Lardarius Webb Jr.,,CB,3,0.8444,1344,2021,HighSchool
4686028,117061,James Jackson,Virginia,ATH,3,0.8444,1344,2021,HighSchool
,117040,Scott Giuliano,Harvard,TE,3,0.8444,1344,2021,HighSchool
,117056,Jaylen Martin,,CB,3,0.8444,1344,2021,HighSchool
4602784,117046,Armani Diamond,Auburn,CB,3,0.8444,1344,2021,HighSchool
4686366,117054,Kalan Ellis,Syracuse,IOL,3,0.8444,1344,2021,HighSchool
4604008,117047,Kelan Robinson,Kansas,WR,3,0.8444,1344,2021,HighSchool
,117037,Zaire Angoy,Rutgers,DL,3,0.8444,1344,2021,HighSchool
4683046,117038,Marlon Dawson,Miami (OH),LB,3,0.8444,1344,2021,HighSchool
,117036,Nathan Boerboom,UCF,TE,3,0.8444,1344,2021,HighSchool
,117050,Kaylin Moore,Colorado,ATH,3,0.8444,1344,2021,HighSchool
4683670,117053,Zxaequan Reeves,Missouri,CB,3,0.8444,1344,2021,HighSchool
4682488,117035,Dalton Johnson,Arizona,S,3,0.8444,1344,2021,HighSchool
4709393,117052,Edward Vesterinen,West Virginia,DL,3,0.8444,1344,2021,HighSchool
4683181,117065,Robert Wyrsch,Washington,OT,3,0.8441,1378,2021,HighSchool
4687533,117068,Jaylen Lane,UNLV,S,3,0.8437,1379,2021,HighSchool
4683630,117066,Corey Platt Jr.,Tulane,ATH,3,0.8437,1379,2021,HighSchool
4683247,117067,Julius Lewis,Fresno State,DL,3,0.8437,1379,2021,HighSchool
4683109,117069,Myles Mendeszoon,Iowa State,EDGE,3,0.8437,1379,2021,HighSchool
4700267,117070,Jayson Gilliom,Kansas,S,3,0.8437,1379,2021,HighSchool
4687485,117073,Lu-Magia Hearns,California,CB,3,0.8433,1384,2021,HighSchool
,117075,Jalin Shephard,,CB,3,0.8433,1384,2021,HighSchool
,117074,Tank Young,,RB,3,0.8433,1384,2021,HighSchool
4682820,117071,Tristan Cox,Purdue,LB,3,0.8433,1384,2021,HighSchool
4682770,117078,Jayden Gray,Iowa State,EDGE,3,0.8433,1384,2021,HighSchool
,117077,Jaylen Hughey,,ATH,3,0.8433,1384,2021,HighSchool
,117076,Keenan Landry,,DL,3,0.8433,1384,2021,HighSchool
4602645,117072,Jalen Emery,Houston,CB,3,0.8433,1384,2021,HighSchool
4682640,117079,Josh McCray,Illinois,RB,3,0.843,1392,2021,HighSchool
4689617,117080,Cam'Ron Dabney,Kansas,ATH,3,0.843,1392,2021,HighSchool
,117081,Kelly Loiseau,,ATH,3,0.8428,1394,2021,HighSchool
4683830,117090,Jared Nedd,Memphis,LB,3,0.8426,1395,2021,HighSchool
4683660,117082,Tyler Quinn,Colorado State,DL,3,0.8426,1395,2021,HighSchool
4566399,117083,Kobe Walton,Northern Arizona,S,3,0.8426,1395,2021,HighSchool
,117084,Brandon Johnson,Duke,CB,3,0.8426,1395,2021,HighSchool
4612213,117091,Tyler Gaskin,Navy,CB,3,0.8426,1395,2021,HighSchool
,117088,Justin Bradford,,CB,3,0.8426,1395,2021,HighSchool
4683136,117087,Tae'Shaun Johnson,Bowling Green,WR,3,0.8426,1395,2021,HighSchool
4683132,117085,William Simpkins III,Virginia,CB,3,0.8426,1395,2021,HighSchool
4683958,117086,Jackson Anderson,Colorado,IOL,3,0.8426,1395,2021,HighSchool
4684280,117089,Kadeem Leonard,UCF,LB,3,0.8426,1395,2021,HighSchool
4683535,117098,Tyler Onyedim,Iowa State,DL,3,0.8422,1405,2021,HighSchool
4683141,117099,Kevin Wigenton II,Michigan State,IOL,3,0.8422,1405,2021,HighSchool
4683161,117093,Dante Reynolds,Boston College,WR,3,0.8422,1405,2021,HighSchool
4701176,117100,Zion Magalei,Colorado,LB,3,0.8422,1405,2021,HighSchool
,117101,Devean Deal,Tulane,TE,3,0.8422,1405,2021,HighSchool
4689355,117095,Jalil Muhammad,Arkansas State,IOL,3,0.8422,1405,2021,HighSchool
4709683,117092,Anthony Williams,UCF,RB,3,0.8422,1405,2021,HighSchool
,117097,Weston Jones,BYU,OT,3,0.8422,1405,2021,HighSchool
4709977,117094,Brayden Schager,Hawai'i,QB,3,0.8422,1405,2021,HighSchool
4712464,117096,Conrad Hawley,Kansas,QB,3,0.8422,1405,2021,HighSchool
4698083,117102,Chris Adams,Old Dominion,OT,3,0.8422,1405,2021,HighSchool
,117104,Antonio Outler,South Dakota,RB,3,0.8419,1416,2021,HighSchool
4682863,117103,Brayden Fox,Rutgers,WR,3,0.8419,1416,2021,HighSchool
,117112,Donovan Smith,,QB,3,0.8417,1418,2021,HighSchool
,117108,Terrance Anthony,,WR,3,0.8417,1418,2021,HighSchool
4879286,117109,Joshua Rudolph,Austin Peay,LB,3,0.8417,1418,2021,HighSchool
4430229,117111,Michael Murray,Sam Houston,WR,3,0.8417,1418,2021,HighSchool
,117107,Josh Long,,LB,3,0.8417,1418,2021,HighSchool
,117110,Jay Hampton,Mississippi State,CB,3,0.8417,1418,2021,HighSchool
,117105,Reece Jesse,Louisville,WR,3,0.8417,1418,2021,HighSchool
4875335,117106,Bryson Reeves,Utah,ATH,3,0.8417,1418,2021,HighSchool
4682641,117115,Marlen Sewell,Vanderbilt,CB,3,0.8415,1426,2021,HighSchool
4683452,117119,Herman Smith III,Jackson State,ATH,3,0.8415,1426,2021,HighSchool
4912262,117121,Brandon Schabert,Florida Atlantic,WR,3,0.8415,1426,2021,HighSchool
4683174,117117,Drew Biber,Purdue,WR,3,0.8415,1426,2021,HighSchool
4699437,117122,Ore Adeyi,Northwestern,CB,3,0.8415,1426,2021,HighSchool
4694149,117120,Walker Eget,San José State,QB,3,0.8415,1426,2021,HighSchool
4613268,117118,Joey Bearns III,Maryland,TE,3,0.8415,1426,2021,HighSchool
4600602,117114,Wyatt Begeal,Arkansas State,QB,3,0.8415,1426,2021,HighSchool
4705978,117125,Desmond Purnell,Kansas State,ATH,3,0.8415,1426,2021,HighSchool
4693396,117116,Harold West,North Texas,S,3,0.8415,1426,2021,HighSchool
4687486,117124,Matt Lauter,Boise State,TE,3,0.8415,1426,2021,HighSchool
4710010,117123,Benji Johnson,New Mexico,ATH,3,0.8415,1426,2021,HighSchool
4589218,117113,Aaron Dumas,New Mexico,RB,3,0.8415,1426,2021,HighSchool
4705395,117133,Coco Lukrich,Stanford,IOL,3,0.8411,1439,2021,HighSchool
4698181,117145,Quintayvious Hutchins,Boston College,EDGE,3,0.8411,1439,2021,HighSchool
4683012,117135,Eddie Lee Marburger,UTSA,QB,3,0.8411,1439,2021,HighSchool
4709808,117128,Kylen Austin,Liberty,WR,3,0.8411,1439,2021,HighSchool
4683644,117130,Alan Wright,Vanderbilt,S,3,0.8411,1439,2021,HighSchool
4602787,117127,Luke McAllister,Colorado State,QB,3,0.8411,1439,2021,HighSchool
4683224,117141,Derek McDonald,Syracuse,TE,3,0.8411,1439,2021,HighSchool
4685116,117131,DJ Herman,San Diego State,LB,3,0.8411,1439,2021,HighSchool
,117129,Ilaisa Gonebure,San Diego State,DL,3,0.8411,1439,2021,HighSchool
4683256,117132,Evan Slocum,Wake Forest,S,3,0.8411,1439,2021,HighSchool
,117137,Trey Staley,Kansas,LB,3,0.8411,1439,2021,HighSchool
,117138,Kareem Harden,Florida International,OT,3,0.8411,1439,2021,HighSchool
,117143,Isaiah Pipkin,Toledo,LB,3,0.8411,1439,2021,HighSchool
4683486,117144,Brandon Warner,Memphis,S,3,0.8411,1439,2021,HighSchool
4570740,117134,Bryce Butler,Ohio,TE,3,0.8411,1439,2021,HighSchool
4684374,117139,Gage Pitchford,Vanderbilt,OT,3,0.8411,1439,2021,HighSchool
4683544,117140,Zay Franks,Southern Miss,WR,3,0.8411,1439,2021,HighSchool
4683129,117136,Khordae Sydnor,Purdue,DL,3,0.8411,1439,2021,HighSchool
3892791,117142,Devonte Wilson,Kansas,CB,3,0.8411,1439,2021,HighSchool
4431259,117126,Deandrae McCray,Austin Peay,RB,3,0.8411,1439,2021,HighSchool
4873016,117147,Rakim Cooper,Coastal Carolina,DL,3,0.8407,1459,2021,HighSchool
4682518,117148,Nicholas Vattiato,Middle Tennessee,QB,3,0.8407,1459,2021,HighSchool
4877645,117146,Darius Hale,Central Arkansas,RB,3,0.8407,1459,2021,HighSchool
,117149,William Thomas,,DL,3,0.8406,1462,2021,HighSchool
4683886,117155,Jahmal Edrine,Florida Atlantic,WR,3,0.8404,1463,2021,HighSchool
4683225,117153,Dominic Eldridge,Nevada,OT,3,0.8404,1463,2021,HighSchool
,117151,Zyquez Perryman,,QB,3,0.8404,1463,2021,HighSchool
4700811,117154,Ja'Quez Cross,Purdue,ATH,3,0.8404,1463,2021,HighSchool
4701541,117157,Ty Clemons,Boston College,EDGE,3,0.8404,1463,2021,HighSchool
4581502,117150,Jamarion Ellis,Georgia State,LB,3,0.8404,1463,2021,HighSchool
4685823,117152,Rolan Fullwood,Fresno State,IOL,3,0.8404,1463,2021,HighSchool
4683194,117156,Ethan Onianwa,Rice,IOL,3,0.8404,1463,2021,HighSchool
4680029,117164,BK Jackson,North Texas,RB,3,0.84,1471,2021,HighSchool
4682517,117160,Irone Jackson,Central Michigan,ATH,3,0.84,1471,2021,HighSchool
4431634,117158,Brock Dieu,Washington State,IOL,3,0.84,1471,2021,HighSchool
4683465,117166,Desmond Mamudi,Virginia Tech,DL,3,0.84,1471,2021,HighSchool
4880012,117162,DJ Johnson,Illinois,LB,3,0.84,1471,2021,HighSchool
4591106,117163,Jaylen Smith,Bowling Green,WR,3,0.84,1471,2021,HighSchool
,117161,Rickey Smith,Purdue,LB,3,0.84,1471,2021,HighSchool
,117168,Tre'von Marshall,Mississippi State,EDGE,3,0.84,1471,2021,HighSchool
4683287,117165,Brendan Toles,Southern Miss,CB,3,0.84,1471,2021,HighSchool
,117167,Reginald Davis,,RB,3,0.84,1471,2021,HighSchool
,117159,Jaddai Henry,,WR,3,0.84,1471,2021,HighSchool
4683217,117169,Ryheem Craig,Louisville,EDGE,3,0.8396,1482,2021,HighSchool
,117170,Shafeek Smith,,CB,3,0.8396,1483,2021,HighSchool
4683531,117171,Aaron Turner,UConn,RB,3,0.8396,1483,2021,HighSchool
4699540,117176,Jonah Lytle,Cincinnati,CB,3,0.8393,1485,2021,HighSchool
4683448,117174,Zy Brockington,Memphis,DL,3,0.8393,1485,2021,HighSchool
4877881,117173,Sebastian Sagar,Rhode Island,LB,3,0.8393,1485,2021,HighSchool
,117175,Isi Etute,Virginia Tech,LB,3,0.8393,1485,2021,HighSchool
4687189,117177,Josh Meredith,Washington State,WR,3,0.8393,1485,2021,HighSchool
4686064,117172,Dylan Jemtegaard,California,IOL,3,0.8393,1485,2021,HighSchool
4683282,117189,Justin Lynch,Temple,QB,3,0.8389,1491,2021,HighSchool
4612209,117193,Jaquan Lowman,App State,S,3,0.8389,1491,2021,HighSchool
4710009,117197,Mike Edwards III,Georgia Southern,LB,3,0.8389,1491,2021,HighSchool
4685309,117194,Jordan Davis,South Carolina,OT,3,0.8389,1491,2021,HighSchool
4687373,117186,Jordan Bly,Old Dominion,WR,3,0.8389,1491,2021,HighSchool
,117180,Orion Maile-Kaufusi,Oregon State,ATH,3,0.8389,1491,2021,HighSchool
,117184,Omarion Fa’amoe,Oregon State,EDGE,3,0.8389,1491,2021,HighSchool
5084124,117185,Peter Manuma,Hawai'i,ATH,3,0.8389,1491,2021,HighSchool
,117191,Tevita Mafileo,,ATH,3,0.8389,1491,2021,HighSchool
4684086,117200,Phillip Lee,Troy,EDGE,3,0.8389,1491,2021,HighSchool
4683729,117196,Kyjuan Phillips,East Carolina,IOL,3,0.8389,1491,2021,HighSchool
4683306,117201,Landon Morris,Syracuse,TE,3,0.8389,1491,2021,HighSchool
4683913,117188,Fatuvalu Iosefa,California,S,3,0.8389,1491,2021,HighSchool
4702726,117199,Ryan O'Hair,Miami (OH),OT,3,0.8389,1491,2021,HighSchool
4875068,117183,Jaden Handy,Ole Miss,RB,3,0.8389,1491,2021,HighSchool
4683133,117178,Errington McRae,Memphis,TE,3,0.8389,1491,2021,HighSchool
4683094,117179,Mason Brotherton,Kansas,TE,3,0.8389,1491,2021,HighSchool
4682487,117181,Cam Davis,San Diego State,RB,3,0.8389,1491,2021,HighSchool
4684178,117195,Matthew Weerts,Arizona,LB,3,0.8389,1491,2021,HighSchool
4689191,117198,Gunnar Hansen,Vanderbilt,IOL,3,0.8389,1491,2021,HighSchool
4570644,117192,Peyton Todd,LSU,P,3,0.8389,1491,2021,HighSchool
4684372,117190,Tobias Fletcher,Coastal Carolina,CB,3,0.8389,1491,2021,HighSchool
4684975,117202,Max Balthazar,Coastal Carolina,RB,3,0.8389,1491,2021,HighSchool
4687708,117187,Dominic Oliver,San Diego State,LB,3,0.8389,1491,2021,HighSchool
4602790,117182,Justin Parks,Arkansas State,CB,3,0.8389,1491,2021,HighSchool
4683827,117203,Christian Greene,Wake Forest,WR,3,0.8385,1516,2021,HighSchool
4705717,117205,Chris Davis Jr.,Georgia State,LB,3,0.8383,1517,2021,HighSchool
4603093,117204,Ian Kipp,Kent State,QB,3,0.8383,1517,2021,HighSchool
4679957,117206,Joshua Sosanya,Wake Forest,S,3,0.8381,1519,2021,HighSchool
4592838,117208,Floyd Dozier,Buffalo,DL,3,0.8381,1519,2021,HighSchool
4683166,117212,Jeremiah Peters,Toledo,EDGE,3,0.8381,1519,2021,HighSchool
4683148,117207,Allan Baugh,Colorado,DL,3,0.8381,1519,2021,HighSchool
4683010,117209,Bryce Drummond,North Texas,QB,3,0.8381,1519,2021,HighSchool
4597254,117210,Seyi Oladipo,Boise State,S,3,0.8381,1519,2021,HighSchool
4686996,117213,Richard Pearce,East Carolina,IOL,3,0.8381,1519,2021,HighSchool
4683286,117211,Isaac Smith,Texas Tech,EDGE,3,0.8381,1519,2021,HighSchool
,117216,Ari Allen,,WR,3,0.8378,1527,2021,HighSchool
4686361,117220,Cam Little,Arkansas,K,3,0.8378,1527,2021,HighSchool
,117217,Preston Lavant,Pittsburgh,LB,3,0.8378,1527,2021,HighSchool
4684531,117219,Nickolas Tshivuadi,South Florida,WR,3,0.8378,1527,2021,HighSchool
4599158,117218,Aljay Henderson,Buffalo,RB,3,0.8378,1527,2021,HighSchool
4879235,117215,Malachi McNeal,North Dakota,LB,3,0.8378,1527,2021,HighSchool
,117221,Johnny Martin,,RB,3,0.8378,1527,2021,HighSchool
4683110,117214,Caden Jumper,Washington,ATH,3,0.8378,1527,2021,HighSchool
4684061,117234,TJ Lockley,East Carolina,ATH,3,0.837,1535,2021,HighSchool
4602983,117224,Ty Lyles,Coastal Carolina,QB,3,0.837,1535,2021,HighSchool
4701216,117227,Jacques Badolato-Birdsell,Nevada,RB,3,0.837,1535,2021,HighSchool
4683412,117230,Marquis Shoulders,Tulsa,RB,3,0.837,1535,2021,HighSchool
4682480,117223,Kenny Seymour Jr.,Rice,LB,3,0.837,1535,2021,HighSchool
4683498,117237,Ilija Krajnovic,Boston College,OT,3,0.837,1535,2021,HighSchool
4696541,117232,Emari Pait,Fresno State,ATH,3,0.837,1535,2021,HighSchool
4683257,117222,Davion Weatherspoon,Ohio,IOL,3,0.837,1535,2021,HighSchool
4708106,117235,William Wells,UCF,CB,3,0.837,1535,2021,HighSchool
4686564,117236,Tyler Strain,Illinois,CB,3,0.837,1535,2021,HighSchool
,117225,Rajon Hill,Toledo,CB,3,0.837,1535,2021,HighSchool
,117226,Cardrece Mobley,South Florida,WR,3,0.837,1535,2021,HighSchool
4709671,117229,Steven Parker,Charlotte,S,3,0.837,1535,2021,HighSchool
4709380,117233,Lawrence Falatea,Washington State,LB,3,0.837,1535,2021,HighSchool
4683226,117228,Kendall Long,Syracuse,WR,3,0.837,1535,2021,HighSchool
4682756,117231,Corban Hondru,Miami (OH),LB,3,0.837,1535,2021,HighSchool
4689364,117238,Tommy Dunn Jr.,Kansas,DL,3,0.8367,1551,2021,HighSchool
4686079,117239,Henry Wilson,Western Michigan,ATH,3,0.8367,1551,2021,HighSchool
4705561,117242,Corey Robinson II,Kansas,OT,3,0.8367,1551,2021,HighSchool
,117248,Kameren Epps,,OT,3,0.8367,1551,2021,HighSchool
4687331,117243,Jalen Herring,South Florida,ATH,3,0.8367,1551,2021,HighSchool
4683524,117246,DaShawn Jones,Wake Forest,CB,3,0.8367,1551,2021,HighSchool
5081537,117245,Brody Crane,Navy,IOL,3,0.8367,1551,2021,HighSchool
4592879,117240,Tyrin Taylor,Colorado,S,3,0.8367,1551,2021,HighSchool
4685896,117247,Martin Lucas,William & Mary,RB,3,0.8367,1551,2021,HighSchool
4685821,117241,ZaBrien Harden,Middle Tennessee,LB,3,0.8367,1551,2021,HighSchool
4683500,117244,James Wright,Kansas,ATH,3,0.8367,1551,2021,HighSchool
4875322,117264,Aristotle Taylor,Stanford,DL,3,0.8367,1562,2021,HighSchool
,117263,Caron Richards,,DL,3,0.8367,1562,2021,HighSchool
,117251,Lamarcus Brown,,QB,3,0.8367,1562,2021,HighSchool
4883672,117252,Dillon Simon,McNeese,QB,3,0.8367,1562,2021,HighSchool
,117258,Christian Jackson,Incarnate Word,S,3,0.8367,1562,2021,HighSchool
,117260,Jaden Jones,,DL,3,0.8367,1562,2021,HighSchool
,117254,Jay Allen,,ATH,3,0.8367,1562,2021,HighSchool
4708062,117249,Cole Lourd,Texas,QB,3,0.8367,1562,2021,HighSchool
,117253,Lamont Vaz,,IOL,3,0.8367,1562,2021,HighSchool
,117255,Ken'Daylon Wilson,,ATH,3,0.8367,1562,2021,HighSchool
,117257,Ariyon Paige,,CB,3,0.8367,1562,2021,HighSchool
4708100,117259,Sergio Morancy,Northern Iowa,WR,3,0.8367,1562,2021,HighSchool
4701270,117261,Deuce Blades ll,Florida International,CB,3,0.8367,1562,2021,HighSchool
4712326,117250,Isaiah Taylor,Arizona,S,3,0.8367,1562,2021,HighSchool
4708065,117262,Clay Petry,Pennsylvania,WR,3,0.8367,1562,2021,HighSchool
,117256,Keontae Pittman,,RB,3,0.8367,1562,2021,HighSchool
4708127,117267,Monaray Baldwin,Baylor,WR,3,0.8363,1578,2021,HighSchool
4683814,117265,Dequan Stanley,South Florida,ATH,3,0.8363,1578,2021,HighSchool
4875640,117266,Anton Ambuehl,UNLV,OT,3,0.8363,1578,2021,HighSchool
4684088,117274,KaRon White,App State,DL,3,0.8359,1581,2021,HighSchool
4594336,117271,Miles Capers,Vanderbilt,EDGE,3,0.8359,1581,2021,HighSchool
4683425,117269,PJ Johnson III,New Mexico State,WR,3,0.8359,1581,2021,HighSchool
4683013,117270,Doran Ray,Toledo,DL,3,0.8359,1581,2021,HighSchool
4612838,117273,Nick Sharpe,Wake Forest,DL,3,0.8359,1581,2021,HighSchool
4875978,117272,Steffan Johnson,Michigan State,CB,3,0.8359,1581,2021,HighSchool
4602186,117268,Jaymond Jackson,Lamar,LB,3,0.8359,1581,2021,HighSchool
,117275,Jerrell Boykins Jr.,Louisiana Tech,DL,3,0.8356,1588,2021,HighSchool
4683558,117289,Jibrahn Claude,Buffalo,S,3,0.8356,1589,2021,HighSchool
4694814,117277,Anthony Franklin,Stanford,EDGE,3,0.8356,1589,2021,HighSchool
4612837,117288,CJ Ross,South Florida,LB,3,0.8356,1589,2021,HighSchool
4700137,117286,Tanaka Scott,Kansas,WR,3,0.8356,1589,2021,HighSchool
4431564,117276,George Miki-Han,Colorado State,IOL,3,0.8356,1589,2021,HighSchool
4872999,117278,Cam'Ron Ransom,Georgia Southern,QB,3,0.8356,1589,2021,HighSchool
4603751,117279,Bryce McMorris,SMU,S,3,0.8356,1589,2021,HighSchool
4682787,117287,Quayde Hawkins,Troy,QB,3,0.8356,1589,2021,HighSchool
4682758,117292,Tommy Doman,Michigan,P,3,0.8356,1589,2021,HighSchool
,117280,Boaz Saint-Vil,UAB,DL,3,0.8356,1589,2021,HighSchool
4683501,117284,Emmett Morehead,Boston College,QB,3,0.8356,1589,2021,HighSchool
4683328,117291,Malik Rainey,Cincinnati,CB,3,0.8356,1589,2021,HighSchool
4682622,117290,Caleb Tubbs,Miami (OH),CB,3,0.8356,1589,2021,HighSchool
4570042,117281,Ikenna Ugbaja,Yale,DL,3,0.8356,1589,2021,HighSchool
4592532,117283,Billy Edwards Jr.,Wake Forest,QB,3,0.8356,1589,2021,HighSchool
4683095,117285,Ronnie Garza,UTSA,OT,3,0.8356,1589,2021,HighSchool
4684429,117282,Matthew Alexander,UCF,DL,3,0.8356,1589,2021,HighSchool
4893783,117293,Nick Patterson,Princeton,TE,3,0.8352,1606,2021,HighSchool
4714115,117294,Jordan Palmer,UAB,WR,3,0.835,1607,2021,HighSchool
4683271,117301,Jayleen Record,SMU,WR,3,0.8348,1608,2021,HighSchool
,117308,Zyin Thomas,UCF,DL,3,0.8348,1608,2021,HighSchool
,117303,Jaali Parker,Western Michigan,S,3,0.8348,1608,2021,HighSchool
4684543,117305,Julian Neal,Fresno State,ATH,3,0.8348,1608,2021,HighSchool
,117296,Chavion Smith,Charlotte,RB,3,0.8348,1608,2021,HighSchool
4709391,117304,Adrian Shepherd,Washington State,S,3,0.8348,1608,2021,HighSchool
4683045,117299,Zhighlil McMillan,North Texas,WR,3,0.8348,1608,2021,HighSchool
4683831,117307,Cruz Temple,East Carolina,S,3,0.8348,1608,2021,HighSchool
4682777,117306,Key'Savalyn Barnes,Louisiana,CB,3,0.8348,1608,2021,HighSchool
4875782,117297,Dominik Calhoun,Louisiana Tech,LB,3,0.8348,1608,2021,HighSchool
4684004,117302,Dylan Rosiek,Illinois,LB,3,0.8348,1608,2021,HighSchool
4682647,117298,Carson Briggs,Western Michigan,OT,3,0.8348,1608,2021,HighSchool
4690591,117309,Cole Best,South Florida,IOL,3,0.8348,1608,2021,HighSchool
4603198,117295,Caleb Spann,Central Michigan,S,3,0.8348,1608,2021,HighSchool
4684217,117300,Bryun Parham,San José State,LB,3,0.8348,1608,2021,HighSchool
4686357,117311,Gamarion Carter,Vanderbilt,WR,3,0.8344,1623,2021,HighSchool
4879280,117312,Brandon Calloway,Purdue,CB,3,0.8344,1623,2021,HighSchool
4575215,117310,Ben Easters,Kansas,QB,3,0.8344,1623,2021,HighSchool
4683167,117313,Sander Sahaydak,Penn State,K,3,0.8344,1623,2021,HighSchool
4597312,117314,Eli Blakey,Miami (OH),ATH,3,0.8341,1627,2021,HighSchool
4912360,117331,Jacquez Williams,South Florida,DL,3,0.8337,1628,2021,HighSchool
4684431,117327,Julius Barfield,Florida Atlantic,DL,3,0.8337,1628,2021,HighSchool
4683329,117316,Elijah Rikard,Central Michigan,S,3,0.8337,1628,2021,HighSchool
4684332,117323,Evan Graham,Georgia State,LB,3,0.8337,1628,2021,HighSchool
4685783,117321,Daniel Pilgrim,Florida International,TE,3,0.8337,1628,2021,HighSchool
4683924,117326,Andrew Madrigal,Nevada,IOL,3,0.8337,1628,2021,HighSchool
4875623,117317,Bo Maile,Utah State,EDGE,3,0.8337,1628,2021,HighSchool
4683320,117318,Trevor Moffitt,App State,LB,3,0.8337,1628,2021,HighSchool
4683923,117330,Banks Pope,Clemson,TE,3,0.8337,1628,2021,HighSchool
4676565,117324,Keeon Terrell,South Florida,DL,3,0.8337,1628,2021,HighSchool
4682649,117315,Conor Easthope,Harvard,QB,3,0.8337,1628,2021,HighSchool
4682999,117329,Makilan Thomas,Arkansas State,IOL,3,0.8337,1628,2021,HighSchool
,117325,Marco Fugar,Pittsburgh,IOL,3,0.8337,1628,2021,HighSchool
4683280,117332,Christian Hilborn,Washington State,OT,3,0.8337,1628,2021,HighSchool
4700140,117320,Bryce Biggs,West Virginia,OT,3,0.8337,1628,2021,HighSchool
4612621,117322,Josh Atkins,Houston,OT,3,0.8337,1628,2021,HighSchool
4710856,117328,Travonte O'Neal,Florida International,DL,3,0.8337,1628,2021,HighSchool
4683590,117319,Chris King,Buffalo,EDGE,3,0.8337,1628,2021,HighSchool
,117335,Jaden Williams,,WR,3,0.8333,1646,2021,HighSchool
4712883,117340,Terrell Pack,Middle Tennessee,WR,3,0.8333,1646,2021,HighSchool
,117336,Dwight Dassaw,Florida Atlantic,DL,3,0.8333,1646,2021,HighSchool
,117339,Legend Doggett,,CB,3,0.8333,1646,2021,HighSchool
,117338,Jayden Bodison,,S,3,0.8333,1646,2021,HighSchool
4610132,117333,Jack Brandon,Boston College,QB,3,0.8333,1646,2021,HighSchool
4698829,117337,Jaden Gaines,Eastern Michigan,EDGE,3,0.8333,1646,2021,HighSchool
5094668,117334,Aaron Jones,Coastal Carolina,RB,3,0.8333,1646,2021,HighSchool
4602968,117344,Nate Hampton,Liberty,QB,3,0.8333,1654,2021,HighSchool
4683922,117350,Caden Sullivan,App State,S,3,0.8333,1654,2021,HighSchool
4572264,117343,Coleman Jeffcoat,Temple,WR,3,0.8333,1654,2021,HighSchool
4688551,117354,Gavin Ellis,Wake Forest,TE,3,0.8333,1654,2021,HighSchool
4572267,117341,Elijah Spencer,Charlotte,WR,3,0.8333,1654,2021,HighSchool
4431651,117342,Elijah Metcalf,Middle Tennessee,WR,3,0.8333,1654,2021,HighSchool
5080697,117349,Isaiah Glasker,BYU,ATH,3,0.8333,1654,2021,HighSchool
,117346,Michael Maginnis,Samford,QB,3,0.8333,1654,2021,HighSchool
4682866,117347,Tajheem Lawson,Northern Illinois,RB,3,0.8333,1654,2021,HighSchool
4569923,117356,Andres Borregales,Miami,K,3,0.8333,1654,2021,HighSchool
4683791,117351,Jaden Coffen,Temple,ATH,3,0.8333,1654,2021,HighSchool
4602647,117355,Christopher Johnson,UConn,ATH,3,0.8333,1654,2021,HighSchool
,117352,Christien Hawks,Air Force,OT,3,0.8333,1654,2021,HighSchool
,117353,Arnez Madison,Oregon State,CB,3,0.8333,1654,2021,HighSchool
4708099,117348,Gus McGee,San Diego State,TE,3,0.8333,1654,2021,HighSchool
,117345,Bobby Ezzard,,WR,3,0.8333,1654,2021,HighSchool
4710765,117357,Jameson Tucker,Coastal Carolina,WR,3,0.833,1670,2021,HighSchool
,117363,Donovan Dreighton,Incarnate Word,S,3,0.8326,1671,2021,HighSchool
4683279,117360,Jared Gibble,Virginia Tech,TE,3,0.8326,1671,2021,HighSchool
4686080,117367,Larson Workman,Kansas,OT,3,0.8326,1671,2021,HighSchool
,117358,Chris Phillips,,RB,3,0.8326,1671,2021,HighSchool
,117366,Xavier Evans,,RB,3,0.8326,1671,2021,HighSchool
4687409,117362,Josh Bertholotte,Hawai'i,LB,3,0.8326,1671,2021,HighSchool
4693395,117368,Peyton Stevenson,Rice,ATH,3,0.8326,1671,2021,HighSchool
4875848,117365,Parker Petersen,Tulane,DL,3,0.8326,1671,2021,HighSchool
4683456,117364,Max Modeste,UConn,RB,3,0.8326,1671,2021,HighSchool
4685792,117361,Zach Vode,Western Michigan,ATH,3,0.8326,1671,2021,HighSchool
4594205,117359,Dontay Corleone,Cincinnati,DL,3,0.8326,1671,2021,HighSchool
5084965,117372,Isaiah World,Nevada,OT,3,0.8322,1682,2021,HighSchool
4709668,117371,Jacob Merrifield,Florida Atlantic,DL,3,0.8322,1682,2021,HighSchool
,117370,Matt Marshall,,CB,3,0.8322,1682,2021,HighSchool
,117369,Jalen Jones,,LB,3,0.8322,1682,2021,HighSchool
4590295,117373,Thomas Zsiros,Toledo,WR,3,0.8319,1686,2021,HighSchool
,117388,Jadai Smith,,S,3,0.8317,1687,2021,HighSchool
4710791,117387,Curtis Nixon,Old Dominion,TE,3,0.8317,1687,2021,HighSchool
4708098,117377,Kionte Curry,Illinois,S,3,0.8317,1687,2021,HighSchool
,117386,Rashaun Ramsey,,WR,3,0.8317,1687,2021,HighSchool
,117384,Daine Hanson,,DL,3,0.8317,1687,2021,HighSchool
,117383,Caleb Anderson,,WR,3,0.8317,1687,2021,HighSchool
,117380,Jakob Foss,,QB,3,0.8317,1687,2021,HighSchool
,117379,Josiah Perryman,,LB,3,0.8317,1687,2021,HighSchool
,117378,Isaiah Henderson,Air Force,EDGE,3,0.8317,1687,2021,HighSchool
4710635,117385,J.B. Mitchell,Eastern Michigan,WR,3,0.8317,1687,2021,HighSchool
,117376,Jaden McGill,,ATH,3,0.8317,1687,2021,HighSchool
,117389,Roscoe Gibson,Tennessee State,WR,3,0.8317,1687,2021,HighSchool
,117374,Jonah Carnell,Northern Arizona,WR,3,0.8317,1687,2021,HighSchool
4710767,117390,Corey Walker,Western Michigan,TE,3,0.8317,1687,2021,HighSchool
4879920,117375,Jordan Burrell,Army,S,3,0.8317,1687,2021,HighSchool
4877814,117381,Skylar Martin,James Madison,LB,3,0.8317,1687,2021,HighSchool
4878271,117382,Nick Ostlund,Pennsylvania,EDGE,3,0.8317,1687,2021,HighSchool
4431631,117406,Tyrell Davis,Georgia Southern,S,3,0.8315,1704,2021,HighSchool
4690606,117420,Al'zillion Hamilton,Fresno State,CB,3,0.8315,1704,2021,HighSchool
4687594,117403,Akanimo Asuquo,Northern Illinois,LB,3,0.8315,1704,2021,HighSchool
4683915,117394,Jatavious Magee,San Diego State,S,3,0.8315,1704,2021,HighSchool
4684373,117426,Jeremiah Brown,Jackson State,LB,3,0.8315,1704,2021,HighSchool
4892106,117424,Marlon Crockett,Memphis,WR,3,0.8315,1704,2021,HighSchool
4685895,117392,Tylon Dunlap,Georgia State,DL,3,0.8315,1704,2021,HighSchool
4690360,117405,Trey Brown,Duke,LB,3,0.8315,1704,2021,HighSchool
4688595,117429,Kevorian Barnes,UTSA,RB,3,0.8315,1704,2021,HighSchool
4618083,117404,Ethan Hampton,Northern Illinois,QB,3,0.8315,1704,2021,HighSchool
4684387,117427,Siaosi Finau,Washington,DL,3,0.8315,1704,2021,HighSchool
4683916,117417,Austyn Kauhi,Syracuse,OT,3,0.8315,1704,2021,HighSchool
4683912,117409,Hunter Herring,Louisiana,QB,3,0.8315,1704,2021,HighSchool
4683646,117402,Ezra McAllister,Vanderbilt,ATH,3,0.8315,1704,2021,HighSchool
4683911,117414,Damir Abdullah,Colorado State,WR,3,0.8315,1704,2021,HighSchool
4684526,117407,Jahaad Scales,Old Dominion,S,3,0.8315,1704,2021,HighSchool
4683557,117396,Dalton Dueweke,Western Michigan,IOL,3,0.8315,1704,2021,HighSchool
4686359,117401,Shaun Grayson,UNLV,TE,3,0.8315,1704,2021,HighSchool
4683252,117416,Justin Michael,Colorado State,OT,3,0.8315,1704,2021,HighSchool
4683241,117423,Micah Young,Wyoming,LB,3,0.8315,1704,2021,HighSchool
4687329,117393,Marsel McDuffie,UNLV,LB,3,0.8315,1704,2021,HighSchool
4687398,117412,Jalen Rainey,UTSA,S,3,0.8315,1704,2021,HighSchool
4693393,117425,Javon Batten,Massachusetts,ATH,3,0.8315,1704,2021,HighSchool
4698454,117391,Knox Boyd,Charlotte,OT,3,0.8315,1704,2021,HighSchool
4682914,117395,Trevion Stevenson,North Carolina,EDGE,3,0.8315,1704,2021,HighSchool
4708558,117419,Carson Casteel,Michigan State,LB,3,0.8315,1704,2021,HighSchool
4709776,117422,Dominic Schofield,Massachusetts,LB,3,0.8315,1704,2021,HighSchool
4709652,117399,Mandel Eugene,Tulane,LB,3,0.8315,1704,2021,HighSchool
4602216,117398,Omari Walker,Arkansas State,WR,3,0.8315,1704,2021,HighSchool
4714019,117430,Deavin Hilson,Iowa,ATH,3,0.8315,1704,2021,HighSchool
4880249,117418,Tyler Magnuson,Syracuse,OT,3,0.8315,1704,2021,HighSchool
4708238,117400,George Gumbs Jr.,Northern Illinois,WR,3,0.8315,1704,2021,HighSchool
5081769,117410,Jhalin Hobbs,South Florida,DL,3,0.8315,1704,2021,HighSchool
,117411,Pius Odjugo,Central Michigan,DL,3,0.8315,1704,2021,HighSchool
,117413,Nate Lewis,San José State,ATH,3,0.8315,1704,2021,HighSchool
,117415,Donald Lee,Grambling,CB,3,0.8315,1704,2021,HighSchool
,117421,Logan Kraut,Arizona,ATH,3,0.8315,1704,2021,HighSchool
,117428,Nathan Hoke,BYU,LB,3,0.8315,1704,2021,HighSchool
4683572,117397,JT Hand,Arizona,IOL,3,0.8315,1704,2021,HighSchool
4689360,117408,Elijah Fuentes-Cundiff,Syracuse,DL,3,0.8315,1704,2021,HighSchool
4694148,117434,Rayvon Crum,North Texas,OT,3,0.8311,1744,2021,HighSchool
4686692,117431,Carlton Brown,Nevada,TE,3,0.8311,1744,2021,HighSchool
4700609,117433,Fernando Sanchez,Central Michigan,LB,3,0.8311,1744,2021,HighSchool
4713275,117435,Cayden Bridges,Auburn,S,3,0.8311,1744,2021,HighSchool
,117432,Renard Gwynn,,EDGE,3,0.8311,1744,2021,HighSchool
,117436,Cole Essek,App State,OT,3,0.8307,1749,2021,HighSchool
,117438,Jamarian Samuel,,RB,3,0.8306,1750,2021,HighSchool
4714290,117439,Fred Farrier II,UAB,WR,3,0.8306,1750,2021,HighSchool
,117437,Derek Coombs,,RB,3,0.8306,1750,2021,HighSchool
4686032,117443,Trent Ward,North Texas,DL,3,0.8304,1753,2021,HighSchool
,117442,Nasir Kemper,Oklahoma,LB,3,0.8304,1753,2021,HighSchool
4682780,117444,Jaggar Hebeisen,Rice,TE,3,0.8304,1753,2021,HighSchool
4683470,117441,Chance McDonald,Western Kentucky,QB,3,0.8304,1753,2021,HighSchool
4683137,117440,Drake Martinez,Colorado State,TE,3,0.8304,1753,2021,HighSchool
4684977,117445,Dre Pinckney,Coastal Carolina,S,3,0.83,1758,2021,HighSchool
,117449,Jarrett Lucombe,Western Kentucky,DL,3,0.83,1758,2021,HighSchool
,117447,Turner Hilburn,Army,IOL,3,0.83,1758,2021,HighSchool
4714242,117446,Gerard Joseph,UTEP,DL,3,0.83,1758,2021,HighSchool
5082475,117448,Caymen Mills,UL Monroe,CB,3,0.83,1758,2021,HighSchool
4258419,117450,Hunter Smith,UL Monroe,ATH,3,0.8296,1763,2021,HighSchool
4682648,117451,Malachi Fields,Virginia,ATH,3,0.8296,1763,2021,HighSchool
4686934,117453,Damian Ilalio,Kansas State,DL,3,0.8296,1765,2021,HighSchool
,117452,Christian Abraham,,ATH,3,0.8296,1765,2021,HighSchool
,117468,Dru Polidore Jr.,Air Force,CB,3,0.8293,1767,2021,HighSchool
,117471,Drayton Charlton-Perrin,Ball State,TE,3,0.8293,1767,2021,HighSchool
,117477,Robert Johnson,North Texas,S,3,0.8293,1767,2021,HighSchool
4682698,117463,Dominick Giudice,Michigan,EDGE,3,0.8293,1767,2021,HighSchool
4685794,117475,Fuches Lewis,Georgia State,DL,3,0.8293,1767,2021,HighSchool
4685644,117472,Jordan Johnson,Hawai'i,RB,3,0.8293,1767,2021,HighSchool
4684883,117476,Toler Keigley,Western Carolina,WR,3,0.8293,1767,2021,HighSchool
4685234,117464,Tony McCray,Georgia State,CB,3,0.8293,1767,2021,HighSchool
4684469,117457,Jaymar Mundy,Miami (OH),CB,3,0.8293,1767,2021,HighSchool
4684533,117466,Zach Barlev,Illinois,IOL,3,0.8293,1767,2021,HighSchool
4612845,117467,Malik Cooper,Temple,WR,3,0.8293,1767,2021,HighSchool
4710001,117454,CJ Montes,New Mexico,QB,3,0.8293,1767,2021,HighSchool
4682775,117460,DQ James,Wyoming,RB,3,0.8293,1767,2021,HighSchool
4705595,117479,Bryce Bohanon,Tulane,WR,3,0.8293,1767,2021,HighSchool
4682982,117461,Justin Macias Jr.,UL Monroe,S,3,0.8293,1767,2021,HighSchool
4700456,117473,Jaden Williams,Boston College,WR,3,0.8293,1767,2021,HighSchool
4709774,117478,Quentavius Scandrett,Eastern Michigan,S,3,0.8293,1767,2021,HighSchool
4691317,117465,Cord Kringlen,Boise State,OT,3,0.8293,1767,2021,HighSchool
,117458,Ryan Kershaw,Washington State,LB,3,0.8293,1767,2021,HighSchool
4684419,117474,Kavon Baptiste,San José State,CB,3,0.8293,1767,2021,HighSchool
4679958,117469,Willie Jones,Bowling Green,S,3,0.8293,1767,2021,HighSchool
4877875,117459,Tyrese Baptiste,Maine,ATH,3,0.8293,1767,2021,HighSchool
4431644,117462,Makkah Jordan,Georgia State,S,3,0.8293,1767,2021,HighSchool
4684973,117470,Canaan Clark,East Carolina,OT,3,0.8293,1767,2021,HighSchool
4688835,117455,Roman Hemby,Maryland,RB,3,0.8293,1767,2021,HighSchool
4711408,117480,Horatio Fields,Wake Forest,WR,3,0.8293,1767,2021,HighSchool
4432740,117456,Tony Muse,Boston College,ATH,3,0.8293,1767,2021,HighSchool
4708163,117481,Jorden McDonald,Virginia Tech,CB,3,0.8289,1794,2021,HighSchool
4683266,117483,Jalen Riven,Toledo,LB,3,0.8285,1795,2021,HighSchool
,117482,Dequaveon Fuller,,LB,3,0.8285,1795,2021,HighSchool
5081064,117484,Cash Jones,Georgia,RB,3,0.8285,1795,2021,HighSchool
4685829,117497,Dre Washington,Louisiana,RB,3,0.8281,1798,2021,HighSchool
4432798,117485,Hutson Lillibridge,Tulane,IOL,3,0.8281,1798,2021,HighSchool
,117486,Henry Buckles,Oregon State,IOL,3,0.8281,1798,2021,HighSchool
4682822,117489,Jayden Ramsey,App State,OT,3,0.8281,1798,2021,HighSchool
4683721,117494,Jordan Sandlin,Florida Atlantic,OT,3,0.8281,1798,2021,HighSchool
4590562,117490,Austin Dean,Rutgers,LB,3,0.8281,1798,2021,HighSchool
4710859,117491,Isaiah Rogers,Central Michigan,DL,3,0.8281,1798,2021,HighSchool
4683255,117487,Demarco Cuffey,Buffalo,CB,3,0.8281,1798,2021,HighSchool
,117492,Shawn Chappell Jr.,North Carolina A&T,S,3,0.8281,1798,2021,HighSchool
4700135,117496,Cam Fancher,Marshall,QB,3,0.8281,1798,2021,HighSchool
4711686,117495,Caiden Woullard,Miami (OH),LB,3,0.8281,1798,2021,HighSchool
4684139,117493,Sean Brown,NC State,S,3,0.8281,1798,2021,HighSchool
5092198,117488,Kyson Hall,BYU,WR,3,0.8281,1798,2021,HighSchool
4912241,117505,Jahbari Hill,Florida Atlantic,CB,3,0.8278,1811,2021,HighSchool
4684970,117506,Jimto Obidegwu,Temple,OT,3,0.8278,1811,2021,HighSchool
4682525,117502,Aidan Siano,Rice,LB,3,0.8278,1811,2021,HighSchool
4587719,117500,Esean Carter,Toledo,DL,3,0.8278,1811,2021,HighSchool
,117499,Tre Roberson,Air Force,WR,3,0.8278,1811,2021,HighSchool
4709970,117503,Montae Maxwell,Georgia Southern,ATH,3,0.8278,1811,2021,HighSchool
,117498,Carson Cota,Arizona,TE,3,0.8278,1811,2021,HighSchool
4683727,117507,Langston Hardy,UConn,DL,3,0.8278,1811,2021,HighSchool
,117504,Yakiri Walker,UConn,IOL,3,0.8278,1811,2021,HighSchool
,117501,Patrick Turner,Navy,LB,3,0.8278,1811,2021,HighSchool
4683208,117508,Branden Alvarez,San José State,WR,3,0.8274,1821,2021,HighSchool
,117509,"Omar Simpson, Jr.",,CB,3,0.8274,1821,2021,HighSchool
4708068,117510,Jathan Caldwell,Louisiana,TE,3,0.8274,1821,2021,HighSchool
4684534,117513,Marquez Bargman,Georgia State,IOL,3,0.8274,1821,2021,HighSchool
4880841,117511,Jeremiah McClendon,Marshall,S,3,0.8274,1821,2021,HighSchool
4694150,117512,Kai Jessie,New Mexico,WR,3,0.8274,1821,2021,HighSchool
4691965,117518,Drew Cornelius,South Florida,IOL,3,0.827,1827,2021,HighSchool
4683275,117516,Erron Bean,Louisiana Tech,DL,3,0.827,1827,2021,HighSchool
,117514,Jalen Richmond,Boise State,WR,3,0.827,1827,2021,HighSchool
,117515,Malik Franklin,,CB,3,0.827,1827,2021,HighSchool
4685132,117517,Kevin Greene,North Texas,DL,3,0.827,1827,2021,HighSchool
,117522,Rae'quin Lee,Ball State,RB,3,0.8267,1832,2021,HighSchool
4700134,117519,Marquise Brunson,Liberty,DL,3,0.8267,1832,2021,HighSchool
4684082,117521,Almarion Crim,Houston,OT,3,0.8267,1832,2021,HighSchool
4683164,117520,Shakhi Carson,Kent State,RB,3,0.8267,1832,2021,HighSchool
5081515,117523,Roderic Lewis,Navy,ATH,3,0.8267,1832,2021,HighSchool
4684070,117524,Wes Hoeh,Syracuse,IOL,3,0.8267,1832,2021,HighSchool
4879312,117533,Christian Wingfield,Austin Peay,OT,3,0.8267,1838,2021,HighSchool
4708105,117534,Levi McAffee,Southern Illinois,CB,3,0.8267,1838,2021,HighSchool
,117528,Jamarion McDougle,,WR,3,0.8267,1838,2021,HighSchool
4874350,117540,Will Jones,Virginia Tech,OT,3,0.8267,1838,2021,HighSchool
5084765,117527,Alani Ma'afu,Northern Arizona,DL,3,0.8267,1838,2021,HighSchool
,117526,Griffin Duggan,Virginia,OT,3,0.8267,1838,2021,HighSchool
,117525,Hunter Rice,Army,RB,3,0.8267,1838,2021,HighSchool
4600410,117529,Tre Shackelford,Austin Peay,WR,3,0.8267,1838,2021,HighSchool
,117531,Joseph Bray,,RB,3,0.8267,1838,2021,HighSchool
,117535,Tristyn Flores,Idaho,CB,3,0.8267,1838,2021,HighSchool
,117532,Zach Myers,Air Force,DL,3,0.8267,1838,2021,HighSchool
,117536,Bryce Fleetwood,,WR,3,0.8267,1838,2021,HighSchool
,117537,Jamari Sirmons,,RB,3,0.8267,1838,2021,HighSchool
,117538,Tyler Curtis,,RB,3,0.8267,1838,2021,HighSchool
,117539,Harlan Obioha,,OT,3,0.8267,1838,2021,HighSchool
,117530,Dawson Rivers,,DL,3,0.8267,1838,2021,HighSchool
4683983,117541,Shawqi Itraish,Rice,QB,3,0.8263,1854,2021,HighSchool
4682651,117554,Diego Neri,Bowling Green,LB,3,0.8259,1855,2021,HighSchool
4872942,117550,Trevor Appelman,New Mexico State,QB,3,0.8259,1855,2021,HighSchool
4683175,117555,Malik Brooks,Fresno State,S,3,0.8259,1855,2021,HighSchool
4686731,117544,Jordan Stringer,Troy,LB,3,0.8259,1855,2021,HighSchool
4683449,117553,Amahri McCray,Florida International,LB,3,0.8259,1855,2021,HighSchool
4603195,117547,Kaden Rogers,Ohio,IOL,3,0.8259,1855,2021,HighSchool
4697843,117563,Brendan Jones,Princeton,EDGE,3,0.8259,1855,2021,HighSchool
4683104,117542,Isaiah Sillemon,New Mexico,IOL,3,0.8259,1855,2021,HighSchool
4683344,117559,Charles Arnold Jr.,Coastal Carolina,CB,3,0.8259,1855,2021,HighSchool
4602785,117545,Peyton Higgins,Troy,WR,3,0.8259,1855,2021,HighSchool
4683052,117557,Nasir Washington,Miami (OH),EDGE,3,0.8259,1855,2021,HighSchool
4711115,117562,J.J. Dervil,New Mexico State,ATH,3,0.8259,1855,2021,HighSchool
4683889,117564,Damien Taylor,Troy,RB,3,0.8259,1855,2021,HighSchool
,117566,Sione Hingano,BYU,OT,3,0.8259,1855,2021,HighSchool
,117565,Lawson Chandler,Troy,OT,3,0.8259,1855,2021,HighSchool
,117552,Eric Reese,Central Michigan,CB,3,0.8259,1855,2021,HighSchool
,117549,Dallin Havea,BYU,ATH,3,0.8259,1855,2021,HighSchool
4683564,117548,Caiden Miles,Northern Arizona,OT,3,0.8259,1855,2021,HighSchool
4683720,117551,Caleb Cook,Georgia Southern,IOL,3,0.8259,1855,2021,HighSchool
4709997,117543,Jaiden Brown,San Diego State,CB,3,0.8259,1855,2021,HighSchool
4683309,117558,Grady Kelly,Colorado State,DL,3,0.8259,1855,2021,HighSchool
4682924,117546,Angelo Butts,Miami (OH),WR,3,0.8259,1855,2021,HighSchool
4709673,117560,Jacob Pasley,Florida Atlantic,TE,3,0.8259,1855,2021,HighSchool
4687374,117556,Andrew Kilfoyl,South Florida,OT,3,0.8259,1855,2021,HighSchool
4683292,117561,Alex Padgett,Bowling Green,OT,3,0.8259,1855,2021,HighSchool
,117568,JoJo Blackmon,,WR,3,0.8256,1880,2021,HighSchool
,117572,Martavien Johnson,,ATH,3,0.8256,1880,2021,HighSchool
4683259,117569,Jordan Favors,App State,S,3,0.8256,1880,2021,HighSchool
4684552,117571,Taevion Clarke,Old Dominion,LB,3,0.8256,1880,2021,HighSchool
4879453,117567,DeMarco Roberts,Lamar,ATH,3,0.8256,1880,2021,HighSchool
4594447,117570,Donnie Gray,Northwestern,ATH,3,0.8256,1880,2021,HighSchool
4683283,117575,Connor Lytton,Boston College,K,3,0.8256,1886,2021,HighSchool
4713655,117573,Imari Jones,Texas Tech,CB,3,0.8256,1886,2021,HighSchool
4875419,117574,Joe McFadden,UConn,K,3,0.8256,1886,2021,HighSchool
4880167,117578,Jackson Wiegold,Ball State,LB,3,0.8252,1889,2021,HighSchool
4691369,117577,Alec Palella,Central Michigan,TE,3,0.8252,1889,2021,HighSchool
4683852,117576,Dez Williams,Wake Forest,WR,3,0.8252,1889,2021,HighSchool
4710804,117581,Josh Trice,Georgia Southern,CB,3,0.825,1892,2021,HighSchool
4705855,117579,Mason Fletcher,Cincinnati,P,3,0.825,1892,2021,HighSchool
4705927,117580,Jevon Jackson,Austin Peay,RB,3,0.825,1892,2021,HighSchool
4683278,117590,Carson Bruno,Louisiana Tech,DL,3,0.8248,1895,2021,HighSchool
4683885,117582,Justice Cross,Florida Atlantic,LB,3,0.8248,1895,2021,HighSchool
4683044,117588,BJ Mayes,Incarnate Word,CB,3,0.8248,1895,2021,HighSchool
4683003,117586,Kybo Jamerson,UAB,LB,3,0.8248,1895,2021,HighSchool
4683647,117583,Danijel Miletic,Virginia Tech,IOL,3,0.8248,1895,2021,HighSchool
,117592,Tharon Davis,Memphis,RB,3,0.8248,1895,2021,HighSchool
4709685,117591,Marcus Williams,Rice,S,3,0.8248,1895,2021,HighSchool
4875090,117589,Patrick Smith,Vanderbilt,RB,3,0.8248,1895,2021,HighSchool
4689249,117584,Ollie Finch,Troy,WR,3,0.8248,1895,2021,HighSchool
4683472,117585,Gus Zilinskas,Rutgers,IOL,3,0.8248,1895,2021,HighSchool
4890184,117587,Malichi Lowery,Duquesne,CB,3,0.8248,1895,2021,HighSchool
4432800,117593,Luke Pinnick,Northern Illinois,OT,3,0.8244,1906,2021,HighSchool
4683223,117597,Chris Wright,North Texas,EDGE,3,0.8244,1906,2021,HighSchool
,117594,Shawn Williams,,DL,3,0.8244,1906,2021,HighSchool
,117595,Darius Chester,,RB,3,0.8244,1906,2021,HighSchool
4713657,117596,Dre Spriggs,UTSA,WR,3,0.8244,1906,2021,HighSchool
4687706,117598,Josh Gesky,Illinois,OT,3,0.8244,1906,2021,HighSchool
4684964,117599,Kalen Villanueva,Illinois,LB,3,0.8241,1912,2021,HighSchool
4682687,117602,Aidan Ralph,Iowa State,LB,3,0.8241,1912,2021,HighSchool
,117605,Tito Chikere,Fresno State,DL,3,0.8241,1912,2021,HighSchool
4687396,117603,Aaron Holloway,UNLV,WR,3,0.8241,1912,2021,HighSchool
4603191,117601,David Larkins,App State,TE,3,0.8241,1912,2021,HighSchool
4709985,117604,Nick Mercer,Georgia Southern,EDGE,3,0.8241,1912,2021,HighSchool
4684878,117600,Jason Brooks,South Alabama,ATH,3,0.8241,1912,2021,HighSchool
,117618,Levontre Daniels,Florida International,IOL,3,0.8237,1919,2021,HighSchool
4912248,117615,Okino King,Florida Atlantic,IOL,3,0.8237,1919,2021,HighSchool
4687183,117611,Nace Washington,Texas State,LB,3,0.8237,1919,2021,HighSchool
4709800,117607,Michael Fitzgerald II,Massachusetts,WR,3,0.8237,1919,2021,HighSchool
4684638,117610,Ali Fisher,Buffalo,WR,3,0.8237,1919,2021,HighSchool
,117617,Jeremiah Robinson,Southern Miss,WR,3,0.8237,1919,2021,HighSchool
4709012,117612,Jase Bauer,Central Michigan,QB,3,0.8237,1919,2021,HighSchool
4698883,117609,John Long,Rice,IOL,3,0.8237,1919,2021,HighSchool
4710843,117613,Jasaiah Gathings,Akron,WR,3,0.8237,1919,2021,HighSchool
4686657,117608,Fatafehi Vailea II,North Texas,DL,3,0.8237,1919,2021,HighSchool
4683122,117616,Elroyal Morris,Rice,DL,3,0.8237,1919,2021,HighSchool
4686151,117614,Charlotin Charles,Fresno State,S,3,0.8237,1919,2021,HighSchool
4683321,117606,Cinque Williams,North Texas,S,3,0.8237,1919,2021,HighSchool
4710842,117619,Dakota Cochran,Central Michigan,LB,3,0.8233,1932,2021,HighSchool
4685825,117620,Kyle Arnholt,App State,LB,3,0.8233,1933,2021,HighSchool
,117621,Cole Daniels,South Alabama,DL,3,0.823,1934,2021,HighSchool
4683589,117623,Jalonnie Williams,Northern Illinois,DL,3,0.823,1934,2021,HighSchool
4686963,117622,BJ Ragland,Charlotte,OT,3,0.823,1934,2021,HighSchool
,117624,Caleb Kwalalon,,RB,3,0.8228,1937,2021,HighSchool
,117625,Marseille Taylor,,CB,3,0.8228,1937,2021,HighSchool
5081552,117626,Jake Lusk,Navy,EDGE,3,0.8228,1937,2021,HighSchool
,117627,Will Lee III,,WR,3,0.8228,1937,2021,HighSchool
4684676,117636,Luke Lapeze,UTSA,IOL,3,0.8226,1941,2021,HighSchool
,117637,Edwin Smith,,WR,3,0.8226,1941,2021,HighSchool
4574084,117631,Miles Cross,Ohio,WR,3,0.8226,1941,2021,HighSchool
,117635,Willie Simmons,North Texas,LB,3,0.8226,1941,2021,HighSchool
,117633,Jaden Sandlin,Florida Atlantic,IOL,3,0.8226,1941,2021,HighSchool
4684068,117634,Cameron Harpole,San Diego State,TE,3,0.8226,1941,2021,HighSchool
4709847,117640,Jeff Nwankwo,Tulane,WR,3,0.8226,1941,2021,HighSchool
4687325,117638,Josh Bryan,Notre Dame,K,3,0.8226,1941,2021,HighSchool
4686368,117630,Christian Jones,San Diego State,OT,3,0.8226,1941,2021,HighSchool
4686997,117639,Connor Weselman,Stanford,P,3,0.8226,1941,2021,HighSchool
4691043,117628,Nikko Reed,Colorado,ATH,3,0.8226,1941,2021,HighSchool
4875609,117629,Tre Watson,Fresno State,TE,3,0.8226,1941,2021,HighSchool
4592872,117632,Bryce Edmondson,Memphis,LB,3,0.8226,1941,2021,HighSchool
4709661,117641,Jason Henderson,Old Dominion,LB,3,0.8222,1954,2021,HighSchool
4684701,117642,Troy Lewis,East Carolina,WR,3,0.8222,1954,2021,HighSchool
4688563,117643,Jonathan Streeter,App State,ATH,3,0.8222,1954,2021,HighSchool
4698771,117644,Chase Whatton,Bowling Green,DL,3,0.8222,1957,2021,HighSchool
4712465,117645,Owen Ostroski,Tulsa,DL,3,0.8222,1957,2021,HighSchool
4694151,117648,Aedan Seiuli,Nevada,S,3,0.8219,1959,2021,HighSchool
4683832,117647,Carson Williams,Buffalo,TE,3,0.8219,1959,2021,HighSchool
4879547,117646,Nowlin Ewaliko,San Diego State,DL,3,0.8219,1959,2021,HighSchool
,117652,Trey Higgins,,ATH,3,0.8217,1962,2021,HighSchool
,117649,Omega Williams,,EDGE,3,0.8217,1962,2021,HighSchool
4877543,117655,Zion Rucker,UT Martin,DL,3,0.8217,1962,2021,HighSchool
4612560,117658,Chas Collins,Georgia Southern,OT,3,0.8217,1962,2021,HighSchool
,117656,Jamarian Henderson,,LB,3,0.8217,1962,2021,HighSchool
,117653,Delvon Fegans,,CB,3,0.8217,1962,2021,HighSchool
,117651,Jacoby Leatherwood,East Tennessee State,LB,3,0.8217,1962,2021,HighSchool
4432780,117650,Austin Tutas,Yale,QB,3,0.8217,1962,2021,HighSchool
4430513,117657,Seth Smith,Marshall,QB,3,0.8217,1962,2021,HighSchool
4877023,117654,Demetrius Coleman,Chattanooga,CB,3,0.8217,1962,2021,HighSchool
4880258,117664,Andrew Kulick,Colorado State,LB,3,0.8215,1972,2021,HighSchool
4696500,117661,Silas Barr,Oklahoma State,DL,3,0.8215,1972,2021,HighSchool
4683179,117659,Jacob Trussell,New Mexico,TE,3,0.8215,1972,2021,HighSchool
4710789,117663,Carlos Dunovant,Louisiana Tech,S,3,0.8215,1972,2021,HighSchool
4689354,117660,Kilinahe Mendiola-Jensen,UNLV,CB,3,0.8215,1972,2021,HighSchool
,117662,MJ Singleton,Rice,WR,3,0.8215,1972,2021,HighSchool
4705851,117665,Caden Costa,Ole Miss,K,3,0.8211,1978,2021,HighSchool
4612211,117666,Jaison Patterson,Bowling Green,RB,3,0.8207,1979,2021,HighSchool
4682823,117667,Elijah Wesley,Toledo,QB,3,0.8207,1979,2021,HighSchool
,117673,Chamor Price,,WR,3,0.8206,1981,2021,HighSchool
4710848,117674,Connor Jones,Toledo,LB,3,0.8206,1981,2021,HighSchool
,117671,Jamal Marshall,Air Force,S,3,0.8206,1981,2021,HighSchool
,117669,Terrod Kearse,,LB,3,0.8206,1981,2021,HighSchool
,117668,Trace Campbell,,ATH,3,0.8206,1981,2021,HighSchool
2027902,117677,Michael Marshall,Florida A&M,DL,3,0.8206,1981,2021,HighSchool
4710714,117670,De'Zhaun Stribling,Washington State,WR,3,0.8206,1981,2021,HighSchool
4709980,117675,Johnathan Baldwin,UNLV,S,3,0.8206,1981,2021,HighSchool
5081551,117672,Tyler Narayan,Navy,DL,3,0.8206,1981,2021,HighSchool
4878263,117676,Nick Fryhoff,Pennsylvania,DL,3,0.8206,1981,2021,HighSchool
4683539,117699,Isaac Pearson,Texas,P,3,0.8204,1991,2021,HighSchool
4684080,117685,Reid Gavin,South Alabama,OT,3,0.8204,1991,2021,HighSchool
4683180,117690,Ronald Wilson,New Mexico,S,3,0.8204,1991,2021,HighSchool
4683424,117688,Chance Harris,Colorado State,QB,3,0.8204,1991,2021,HighSchool
4688553,117689,Assani Berkeley,San José State,ATH,3,0.8204,1991,2021,HighSchool
,117683,Kendric Rhymes,,RB,3,0.8204,1991,2021,HighSchool
4709677,117682,Caleb Rodkey,Texas Tech,IOL,3,0.8204,1991,2021,HighSchool
,117681,Andrew Garwo,Temple,CB,3,0.8204,1991,2021,HighSchool
,117679,Maurice Jamison,UNLV,LB,3,0.8204,1991,2021,HighSchool
4687091,117702,Joshua Williams,Rice,S,3,0.8204,1991,2021,HighSchool
4686563,117693,Ryan Williams,Colorado,DL,3,0.8204,1991,2021,HighSchool
4686943,117701,David Kemp,Memphis,K,3,0.8204,1991,2021,HighSchool
4686369,117694,Dwight Togiola,Nevada,EDGE,3,0.8204,1991,2021,HighSchool
4683851,117698,Jesse Mirco,Ohio State,P,3,0.8204,1991,2021,HighSchool
4686071,117680,Cameron Oliver,UNLV,CB,3,0.8204,1991,2021,HighSchool
4877475,117692,Cam'Ron Silmon,Jackson State,S,3,0.8204,1991,2021,HighSchool
4709975,117700,Langston Williams,Colorado State,CB,3,0.8204,1991,2021,HighSchool
4709974,117703,Mukendi Wa-Kalonji,Colorado State,EDGE,3,0.8204,1991,2021,HighSchool
4683050,117696,Dayton Robinson,Incarnate Word,IOL,3,0.8204,1991,2021,HighSchool
4683584,117678,JP Murphy,San Diego State,TE,3,0.8204,1991,2021,HighSchool
4683627,117686,Bailey Despanie,Tulane,CB,3,0.8204,1991,2021,HighSchool
4710741,117695,DJ Brown,Charlotte,LB,3,0.8204,1991,2021,HighSchool
4683565,117691,Ryan Mosesso,Massachusetts,TE,3,0.8204,1991,2021,HighSchool
,117697,Braylon Fowler,Air Force,WR,3,0.8204,1991,2021,HighSchool
,117687,Carl Chester,,WR,3,0.8204,1991,2021,HighSchool
,117684,Kenjuan Manuel,Towson,DL,3,0.8204,1991,2021,HighSchool
4714256,117706,Ammon Allen,Arizona,LB,3,0.82,2017,2021,HighSchool
4713276,117711,Torren Coppage-El,Arkansas State,DL,3,0.82,2017,2021,HighSchool
4710713,117709,Nason Simmons,Arkansas State,OT,3,0.82,2017,2021,HighSchool
4683254,117708,Mark Vassett,Louisville,P,3,0.82,2017,2021,HighSchool
4710679,117710,Jordan Guerad,Florida International,DL,3,0.82,2017,2021,HighSchool
4685781,117707,William Ford,Florida Atlantic,TE,3,0.82,2017,2021,HighSchool
4684390,117705,Sterling Roberts,Troy,S,3,0.82,2017,2021,HighSchool
4692859,117704,Cameron George,Louisiana,EDGE,3,0.82,2017,2021,HighSchool
4684978,117712,Keshaun Jones,Temple,OT,3,0.8196,2025,2021,HighSchool
5082336,117713,CJ Wilson Jr.,Toledo,DL,3,0.8193,2026,2021,HighSchool
4682621,117717,Tyren Mason,Western Michigan,WR,3,0.8193,2026,2021,HighSchool
4709809,117714,Andrew Adair,Liberty,IOL,3,0.8193,2026,2021,HighSchool
,117715,Aiden Logan,,OT,3,0.8193,2026,2021,HighSchool
4708490,117719,John Michael Gyllenborg,Wyoming,TE,3,0.8193,2026,2021,HighSchool
4709798,117716,Brian Plummer,Buffalo,QB,3,0.8193,2026,2021,HighSchool
,117718,Ty Collins,Nevada,RB,3,0.8193,2026,2021,HighSchool
4709982,117721,Joshua Nicholson,San Diego State,WR,3,0.8189,2033,2021,HighSchool
4698184,117722,Xavier Williams,Charlotte,QB,3,0.8189,2033,2021,HighSchool
,117720,Jovesa Damuni,BYU,CB,3,0.8189,2033,2021,HighSchool
4710012,117728,Julian Peterson,Troy,DL,3,0.8189,2036,2021,HighSchool
4709665,117723,Devin Manigault,UAB,DL,3,0.8189,2036,2021,HighSchool
4686154,117727,Mason Bundy,Liberty,OT,3,0.8189,2036,2021,HighSchool
4682619,117724,Will Jados,Miami (OH),OT,3,0.8189,2036,2021,HighSchool
4684965,117726,Ahmad Walker,Liberty,LB,3,0.8189,2036,2021,HighSchool
4663498,117725,JaVaughn Byrd,Northern Illinois,CB,3,0.8189,2036,2021,HighSchool
5082597,117732,Kai Peterson-Davison,San José State,IOL,3,0.8185,2042,2021,HighSchool
4698180,117730,Andrew Johnson,Wyoming,ATH,3,0.8185,2042,2021,HighSchool
4709783,117733,Torrie Cox Jr.,Ohio,CB,3,0.8185,2042,2021,HighSchool
4710019,117734,Dalton Hughes,South Alabama,LB,3,0.8185,2042,2021,HighSchool
4683308,117731,Tanner Arkin,Colorado State,TE,3,0.8185,2042,2021,HighSchool
4709810,117729,Joshua Nobles,Western Michigan,EDGE,3,0.8185,2042,2021,HighSchool
4712749,117736,Harrison Hamsley,Georgia Southern,DL,3,0.8183,2048,2021,HighSchool
4710865,117737,Jakobe Thomas,Middle Tennessee,S,3,0.8183,2048,2021,HighSchool
,117735,Emmanual Stevenson,Arkansas State,TE,3,0.8183,2048,2021,HighSchool
,117740,Jacory Jordan,,QB,3,0.8181,2051,2021,HighSchool
4709787,117743,Darius Peterson,New Mexico State,S,3,0.8181,2051,2021,HighSchool
4700138,117741,Samuel Scott,Wyoming,LB,3,0.8181,2051,2021,HighSchool
4683362,117742,Tyson Clawson,Charlotte,DL,3,0.8181,2051,2021,HighSchool
4686710,117739,Frankco Gratton,Fresno State,LB,3,0.8181,2051,2021,HighSchool
4701307,117738,Henry Hesson,Miami (OH),QB,3,0.8181,2051,2021,HighSchool
4708164,117748,Jayden McDonald,Virginia Tech,CB,3,0.8178,2057,2021,HighSchool
,117745,Jacobi Myers,,QB,3,0.8178,2057,2021,HighSchool
,117746,Josh Baka,,CB,3,0.8178,2057,2021,HighSchool
,117747,Noah Bodden,Grambling,QB,3,0.8178,2057,2021,HighSchool
4682904,117744,Zahir Abdus-Salaam,Western Michigan,RB,3,0.8178,2057,2021,HighSchool
4612188,117754,Vontrell Chairse,Toledo,EDGE,3,0.817,2062,2021,HighSchool
4683011,117767,Caden Holt,UTSA,LB,3,0.817,2062,2021,HighSchool
4379523,117757,Zach Lewis,Nevada,ATH,3,0.817,2062,2021,HighSchool
4683233,117756,Jaillen Howze,Buffalo,LB,3,0.817,2062,2021,HighSchool
,117749,Dalton Allen,,TE,3,0.817,2062,2021,HighSchool
,117763,Kolbey Taylor,Wyoming,S,3,0.817,2062,2021,HighSchool
,117766,Luke Eckardt,Arizona,OT,3,0.817,2062,2021,HighSchool
4682927,117751,Billy Wiles,Clemson,QB,3,0.817,2062,2021,HighSchool
4708878,117753,Trace Bruckler,New Mexico,WR,3,0.817,2062,2021,HighSchool
4683268,117760,Mason Jolley,SMU,LB,3,0.817,2062,2021,HighSchool
4709984,117765,Damon Gentry Jr.,New Mexico,CB,3,0.817,2062,2021,HighSchool
4710007,117758,Tariq Jones,Hawai'i,EDGE,3,0.817,2062,2021,HighSchool
4709972,117771,Tyce Westland,Wyoming,EDGE,3,0.817,2062,2021,HighSchool
4683802,117762,Nolan Gorczyca,Buffalo,OT,3,0.817,2062,2021,HighSchool
4710021,117768,Marcel Sanders,San José State,DL,3,0.817,2062,2021,HighSchool
4683221,117755,Chris Parker,Central Michigan,WR,3,0.817,2062,2021,HighSchool
4875598,117764,Zeke Branham,Fresno State,ATH,3,0.817,2062,2021,HighSchool
4687675,117750,Brady Anderson,San Diego State,LB,3,0.817,2062,2021,HighSchool
4683170,117752,Macyo Williams,Kent State,DL,3,0.817,2062,2021,HighSchool
4684966,117761,Amarian Williams,Liberty,CB,3,0.817,2062,2021,HighSchool
4683917,117759,River Gordon,UTSA,IOL,3,0.817,2062,2021,HighSchool
4683337,117769,Pryce Yates,UConn,DL,3,0.817,2062,2021,HighSchool
4683348,117770,David Shanahan,Georgia Tech,P,3,0.817,2062,2021,HighSchool
4602939,117772,Xavier Hailey,New Mexico,CB,3,0.8167,2085,2021,HighSchool
4683986,117774,Tariq Sims,Old Dominion,WR,3,0.8167,2085,2021,HighSchool
4705631,117776,Chase Simmons,Syracuse,DL,3,0.8167,2085,2021,HighSchool
4687355,117773,Thai Baldwin,Ball State,CB,3,0.8167,2085,2021,HighSchool
4709667,117775,Courtney McBride Jr.,Florida Atlantic,EDGE,3,0.8167,2085,2021,HighSchool
,117785,Tyler Williams,UTEP,CB,3,0.8167,2090,2021,HighSchool
,117786,O’Shae Pollard,,CB,3,0.8167,2090,2021,HighSchool
,117790,LJ Tufele,,IOL,3,0.8167,2090,2021,HighSchool
4601941,117787,Ike Larsen,Utah State,CB,3,0.8167,2090,2021,HighSchool
4875266,117782,BJ Green,Arizona State,LB,3,0.8167,2090,2021,HighSchool
,117784,Charlie Sims,,IOL,3,0.8167,2090,2021,HighSchool
,117788,Earnest McDaniel,,WR,3,0.8167,2090,2021,HighSchool
,117779,Parker Bates,,OT,3,0.8167,2090,2021,HighSchool
,117780,Jaelon Brown,,IOL,3,0.8167,2090,2021,HighSchool
,117777,Roddrell Freeman,,LB,3,0.8167,2090,2021,HighSchool
4877824,117789,Zach Horton,James Madison,TE,3,0.8167,2090,2021,HighSchool
4875319,117781,Jason Amsler,Stanford,IOL,3,0.8167,2090,2021,HighSchool
4685793,117783,Andrew Weisz,Yale,OT,3,0.8167,2090,2021,HighSchool
4877499,117778,Logan Weedman,Tennessee Tech,OT,3,0.8167,2090,2021,HighSchool
4683588,117792,Darrion Dalton,San Diego State,DL,3,0.8163,2104,2021,HighSchool
5082163,117793,Zac Daher,Army,DL,3,0.8163,2104,2021,HighSchool
4709813,117795,Jelani Willis,Western Michigan,ATH,3,0.8163,2104,2021,HighSchool
4710000,117796,Fernando Carmona,San José State,TE,3,0.8163,2104,2021,HighSchool
,117791,Ricky Wolfgramm,BYU,LB,3,0.8163,2104,2021,HighSchool
4683112,117794,Trevor Jones,Central Michigan,IOL,3,0.8163,2104,2021,HighSchool
4701175,117804,Graham Keating,UNLV,OT,3,0.8159,2110,2021,HighSchool
4432801,117797,Ron Powlus III,Notre Dame,QB,3,0.8159,2110,2021,HighSchool
5082491,117801,Brett Drillette,UL Monroe,LB,3,0.8159,2110,2021,HighSchool
,117800,Jaylen Blackwell,Boston College,S,3,0.8159,2110,2021,HighSchool
,117798,Darion Dearinger,Marshall,DL,3,0.8159,2110,2021,HighSchool
4917292,117799,Austin Smith,Eastern Michigan,QB,3,0.8159,2110,2021,HighSchool
4709983,117802,Caden Barnett,Wyoming,OT,3,0.8159,2110,2021,HighSchool
5081778,117803,Balansama Kamara,Temple,LB,3,0.8159,2110,2021,HighSchool
,117805,Tylan Hines,Air Force,RB,3,0.8156,2118,2021,HighSchool
4887689,117806,Duce Taylor,Morgan State,QB,3,0.8156,2118,2021,HighSchool
5081542,117808,Nasir Robinson,Navy,RB,3,0.8156,2118,2021,HighSchool
4686065,117811,Devin Mockobee,Purdue,ATH,3,0.8156,2118,2021,HighSchool
,117807,Isaiah Bunn,,IOL,3,0.8156,2118,2021,HighSchool
,117810,Andre Goodman,App State,ATH,3,0.8156,2118,2021,HighSchool
,117812,Jalik Thomas,,ATH,3,0.8156,2118,2021,HighSchool
4878871,117809,Earl Miller Jr.,South Dakota,DL,3,0.8156,2118,2021,HighSchool
4687039,117813,Kriston Esnard,Tulane,K,3,0.8152,2126,2021,HighSchool
,117815,Tillman Weaver,Ohio,DL,3,0.815,2127,2021,HighSchool
,117814,Brian Pinkney,Old Dominion,S,3,0.815,2127,2021,HighSchool
4683910,117818,Matthew Geeting,UNLV,QB,3,0.8148,2129,2021,HighSchool
4709804,117829,Cole Rusk,Eastern Michigan,TE,3,0.8148,2129,2021,HighSchool
4709786,117821,Malcolm Bell,UConn,CB,3,0.8148,2129,2021,HighSchool
4698183,117834,Anthony Tocchini,New Mexico State,IOL,3,0.8148,2129,2021,HighSchool
,117838,Drew Scolari,Nevada,QB,3,0.8148,2129,2021,HighSchool
4683273,117833,Zion Burns,Nevada,S,3,0.8148,2129,2021,HighSchool
,117816,Navell Chopin,,WR,3,0.8148,2129,2021,HighSchool
,117835,Travis Crum,,WR,3,0.8148,2129,2021,HighSchool
,117820,Jordan Marshall,Ball State,S,3,0.8148,2129,2021,HighSchool
,117828,Wilburn Smallwood,Stephen F. Austin,EDGE,3,0.8148,2129,2021,HighSchool
,117832,Nathan Linkous,,IOL,3,0.8148,2129,2021,HighSchool
4683718,117817,Evan Branch-Haynes,Arizona,DL,3,0.8148,2129,2021,HighSchool
4710735,117825,Jaden Moore,Tulsa,LB,3,0.8148,2129,2021,HighSchool
4683828,117840,Justin Isler,App State,EDGE,3,0.8148,2129,2021,HighSchool
4688588,117837,Dylan Mehrotra,UAB,QB,3,0.8148,2129,2021,HighSchool
4683494,117831,Rishad Hence,Akron,CB,3,0.8148,2129,2021,HighSchool
4688609,117836,Alec Marenco,New Mexico,LB,3,0.8148,2129,2021,HighSchool
4686748,117819,Charles Daniels,UAB,LB,3,0.8148,2129,2021,HighSchool
4683960,117830,Jack Howell,Colorado State,ATH,3,0.8148,2129,2021,HighSchool
4683545,117827,Anton Ricumstrict,Buffalo,ATH,3,0.8148,2129,2021,HighSchool
4685043,117822,Brendan Hall,SMU,K,3,0.8148,2129,2021,HighSchool
4684329,117839,Phil Jeffs,Massachusetts,OT,3,0.8148,2129,2021,HighSchool
4873240,117841,Zion Hopes,Tulsa,S,3,0.8148,2129,2021,HighSchool
4701173,117826,Javien Clemmer,New Mexico State,ATH,3,0.8148,2129,2021,HighSchool
4684393,117823,Justin Kimber,UL Monroe,WR,3,0.8148,2129,2021,HighSchool
4683561,117824,Mareyohn Hrabowski,Western Michigan,QB,3,0.8148,2129,2021,HighSchool
4686566,117843,Rocco Underwood,Florida,TE,3,0.8144,2155,2021,HighSchool
4709790,117845,Bradley Weaver,Ohio,DL,3,0.8144,2155,2021,HighSchool
4710772,117846,Kris Caine,Old Dominion,EDGE,3,0.8144,2155,2021,HighSchool
4710634,117842,Clay Nanke,Colorado State,EDGE,3,0.8144,2155,2021,HighSchool
4709849,117844,Cal Varner,Rice,DL,3,0.8144,2155,2021,HighSchool
5082144,117847,Hayden Reed,Army,ATH,3,0.8144,2160,2021,HighSchool
4685559,117848,Austin Smith,Colorado,TE,3,0.8144,2160,2021,HighSchool
4710752,117850,Cashius Howell,Bowling Green,ATH,3,0.8141,2162,2021,HighSchool
,117849,Anthony Earle,Florida Atlantic,OT,3,0.8141,2162,2021,HighSchool
4687703,117852,Drew Hoth,Northern Illinois,OT,3,0.8141,2162,2021,HighSchool
4611330,117851,Brian Whitsey,Northern Illinois,S,3,0.8141,2162,2021,HighSchool
4683211,117853,Mason Pierre-Antoine,Northern Illinois,WR,3,0.8137,2166,2021,HighSchool
,117859,Corey Barnes,,WR,3,0.8137,2166,2021,HighSchool
,117858,TJ Spradley,Kent State,CB,3,0.8137,2166,2021,HighSchool
4572449,117857,Travis McNichols,App State,CB,3,0.8137,2166,2021,HighSchool
4612607,117854,Giovonni Scales,Ohio,S,3,0.8137,2166,2021,HighSchool
4709770,117856,Wetu Kalomo,Northern Illinois,CB,3,0.8137,2166,2021,HighSchool
,117855,Riley Starnes,Toledo,OT,3,0.8137,2166,2021,HighSchool
4705858,117860,Brenden Segovia,Maryland,P,3,0.8133,2173,2021,HighSchool
,117861,Tom Weston,,P,3,0.8133,2173,2021,HighSchool
4683728,117862,Antwan Massie,UAB,CB,3,0.8133,2175,2021,HighSchool
4710704,117863,Lezeric Bailey,New Mexico State,LB,3,0.8133,2175,2021,HighSchool
,117869,Jackson Andrews,,OT,3,0.813,2177,2021,HighSchool
,117868,Jamarcus Jones,,WR,3,0.813,2177,2021,HighSchool
4699353,117870,Cole Becker,Colorado,K,3,0.813,2177,2021,HighSchool
4682620,117864,Matt Reardon,Miami (OH),ATH,3,0.813,2177,2021,HighSchool
4682650,117865,John Hofer,Western Michigan,OT,3,0.813,2177,2021,HighSchool
4689193,117867,Nick Mosley,Bowling Green,RB,3,0.813,2177,2021,HighSchool
4683196,117866,Alex Branch,Kent State,CB,3,0.813,2177,2021,HighSchool
4876713,117871,Dorian Nowell,Georgetown,QB,3,0.8128,2184,2021,HighSchool
4875902,117872,Jayden Folmar,Rice,WR,3,0.8126,2185,2021,HighSchool
4701178,117873,Chris Rhone,Coastal Carolina,ATH,3,0.8122,2186,2021,HighSchool
,117874,Charlie Ely,Ball State,LB,3,0.8122,2187,2021,HighSchool
4683583,117875,Naahlyee Bryant,Western Michigan,LB,3,0.8122,2187,2021,HighSchool
4683251,117879,Kyle Long,Maryland,OT,3,0.8119,2189,2021,HighSchool
4705926,117878,Michael Heldman,Central Michigan,DL,3,0.8119,2189,2021,HighSchool
4708104,117876,Will Evans,Wyoming,DL,3,0.8119,2189,2021,HighSchool
4682741,117877,Blake Boenisch,Rice,DL,3,0.8119,2189,2021,HighSchool
4689691,117880,Zaire Jackson,Wyoming,CB,3,0.8119,2189,2021,HighSchool
4878248,117895,Davis McKenna,Harvard,OT,3,0.8117,2194,2021,HighSchool
4894114,117897,Edward Bobino,Stephen F. Austin,DL,3,0.8117,2194,2021,HighSchool
,117882,Blake Nelson,Louisville,TE,3,0.8117,2194,2021,HighSchool
,117885,Abdul Jabbaar,,DL,3,0.8117,2194,2021,HighSchool
4712956,117896,Evan Lester,Georgia Southern,ATH,3,0.8117,2194,2021,HighSchool
4875203,117883,Lucien Brunetti,Tennessee,WR,3,0.8117,2194,2021,HighSchool
,117887,Quincy Thompson,,RB,3,0.8117,2194,2021,HighSchool
,117888,Arendez Fedd,Kennesaw State,QB,3,0.8117,2194,2021,HighSchool
,117889,Savone Tutt,,RB,3,0.8117,2194,2021,HighSchool
,117890,Matt Binkowski,James Madison,LB,3,0.8117,2194,2021,HighSchool
,117891,Jason Davis,,LB,3,0.8117,2194,2021,HighSchool
,117893,James Burnett,Eastern Michigan,LB,3,0.8117,2194,2021,HighSchool
,117900,Tony Evans Jr.,Wyoming,ATH,3,0.8117,2194,2021,HighSchool
4705000,117899,Muhammed Jammeh,Northern Illinois,CB,3,0.8117,2194,2021,HighSchool
4880086,117892,DJ Harden,Arkansas State,IOL,3,0.8117,2194,2021,HighSchool
4710718,117901,Andreas Paaske,Eastern Michigan,TE,3,0.8117,2194,2021,HighSchool
4880233,117898,Isaiah Davis,Ohio,WR,3,0.8117,2194,2021,HighSchool
5082921,117884,Myles Mooyoung,Miami,CB,3,0.8117,2194,2021,HighSchool
4877831,117886,Josh Toner,James Madison,IOL,3,0.8117,2194,2021,HighSchool
,117881,Antonio Robinson,,WR,3,0.8117,2194,2021,HighSchool
4883103,117894,Luke Foster,Yale,TE,3,0.8117,2194,2021,HighSchool
4709805,117917,Femi Sakiri,UConn,IOL,3,0.8115,2215,2021,HighSchool
4684881,117907,Rylan Green,UL Monroe,TE,3,0.8115,2215,2021,HighSchool
4602702,117903,Jon-Luke Peaker,Old Dominion,RB,3,0.8115,2215,2021,HighSchool
4709981,117918,Jared Morrow,Coastal Carolina,OT,3,0.8115,2215,2021,HighSchool
4687043,117913,Mackey Maillho,Louisiana,IOL,3,0.8115,2215,2021,HighSchool
4710750,117922,Rocco Hicks,Bowling Green,DL,3,0.8115,2215,2021,HighSchool
4687187,117904,Marquis Crosby,Louisiana Tech,RB,3,0.8115,2215,2021,HighSchool
4687316,117906,Jovan Marsh,Wyoming,ATH,3,0.8115,2215,2021,HighSchool
4701542,117911,Coryon Francis,New Mexico,S,3,0.8115,2215,2021,HighSchool
4702893,117916,Richard Toney Jr.,Nevada,S,3,0.8115,2215,2021,HighSchool
4683812,117908,Nate Pabst,Bowling Green,EDGE,3,0.8115,2215,2021,HighSchool
5085163,117921,Kaleb Tompkins,Air Force,DL,3,0.8115,2215,2021,HighSchool
5082474,117919,Zach Shaw,UL Monroe,QB,3,0.8115,2215,2021,HighSchool
,117905,Nahamani Harris,,CB,3,0.8115,2215,2021,HighSchool
,117920,Hunter Marcom,Central Michigan,TE,3,0.8115,2215,2021,HighSchool
4890323,117914,Dion Daniels,Houston Christian,IOL,3,0.8115,2215,2021,HighSchool
4687414,117912,Stephon Dubose,Old Dominion,IOL,3,0.8115,2215,2021,HighSchool
4684278,117915,Jakolby Longino,UTEP,QB,3,0.8115,2215,2021,HighSchool
4683108,117909,Parker Buchanan,Utah State,ATH,3,0.8115,2215,2021,HighSchool
4682675,117910,Drew Beckenhaupt,Toledo,IOL,3,0.8115,2215,2021,HighSchool
4684083,117902,Tyler Phommachanh,UConn,QB,3,0.8115,2215,2021,HighSchool
4684140,117923,Matthew Pajuste,Buffalo,IOL,3,0.8111,2236,2021,HighSchool
4710774,117931,Montavious Cunningham,Georgia State,OT,3,0.8111,2236,2021,HighSchool
4710742,117932,Cam Burden,Charlotte,LB,3,0.8111,2236,2021,HighSchool
4683665,117925,Zuberi Mobley,Florida Atlantic,RB,3,0.8111,2236,2021,HighSchool
,117929,Tyriek Bell,Marshall,LB,3,0.8111,2236,2021,HighSchool
4684960,117928,Chris Boti,Liberty,DL,3,0.8111,2236,2021,HighSchool
4697263,117926,Cameron Whitfield,Louisiana,DL,3,0.8111,2236,2021,HighSchool
4709684,117927,Jayden Williams,Florida Atlantic,CB,3,0.8111,2236,2021,HighSchool
4683276,117924,Zeek Biggers,Georgia Tech,DL,3,0.8111,2236,2021,HighSchool
4710022,117930,Drue Watts,Nevada,LB,3,0.8111,2236,2021,HighSchool
4683461,117933,Tyson Davis,Central Michigan,WR,3,0.8107,2246,2021,HighSchool
5081557,117942,Matteo Bianchi,Navy,LB,3,0.8106,2247,2021,HighSchool
4688424,117937,Jékob Jones,Cal Poly,LB,3,0.8106,2247,2021,HighSchool
4876140,117941,Kekoa Visperas,Eastern Washington,QB,3,0.8106,2247,2021,HighSchool
4887162,117934,Mikeviun Titus,Texas Southern,ATH,3,0.8106,2247,2021,HighSchool
,117938,Leroy Watson Jr.,Army,CB,3,0.8106,2247,2021,HighSchool
,117936,Shepherd Bowling,Army,LB,3,0.8106,2247,2021,HighSchool
,117935,Shoes Brinkley,,ATH,3,0.8106,2247,2021,HighSchool
4880195,117940,Colt Fulton,Boise State,QB,3,0.8106,2247,2021,HighSchool
,117943,Nick Sawyer,Kennesaw State,ATH,3,0.8106,2247,2021,HighSchool
,117939,Nathan Roach,Navy,IOL,3,0.8106,2247,2021,HighSchool
4431640,117944,Emon Hill,Kent State,CB,3,0.8104,2257,2021,HighSchool
4705085,117945,Louce Julien,Massachusetts,EDGE,3,0.81,2258,2021,HighSchool
4710849,117946,Wyatt Lawson,Florida International,IOL,3,0.81,2258,2021,HighSchool
4684530,117947,Bear Milacek,New Mexico,QB,3,0.8096,2260,2021,HighSchool
4683297,117948,Gerick Robinson,Colorado State,ATH,3,0.8096,2260,2021,HighSchool
4691368,117950,Brandon MacKinnon,Northern Illinois,OT,3,0.8096,2260,2021,HighSchool
4687704,117949,Makhi Nelson-Douglas,Northern Illinois,LB,3,0.8096,2260,2021,HighSchool
4876117,117951,Tommy Griffin,Cal Poly,ATH,3,0.8094,2264,2021,HighSchool
4709789,117952,Quintell Quinn,Ohio,RB,3,0.8094,2264,2021,HighSchool
,117953,Javon Murphy,Cal Poly,LB,3,0.8094,2264,2021,HighSchool
4709803,117955,Calvin Muraski,Western Michigan,OT,3,0.8093,2267,2021,HighSchool
4710068,117956,Colin Weber,Charlotte,TE,3,0.8093,2267,2021,HighSchool
4685892,117954,Shane Slattery,Kent State,LB,3,0.8093,2267,2021,HighSchool
4709973,117960,Malakai Grant,Colorado State,LB,3,0.8089,2270,2021,HighSchool
4700455,117957,David Patterson,Ohio,DL,3,0.8089,2270,2021,HighSchool
4683792,117958,Evan Olaes,Colorado State,QB,3,0.8089,2270,2021,HighSchool
4709840,117959,Liam Rempel,Northern Illinois,EDGE,3,0.8089,2270,2021,HighSchool
4712321,117961,Nate Adams,Hawai'i,OT,3,0.8085,2274,2021,HighSchool
,117964,Jack Burnett,Air Force,IOL,3,0.8083,2275,2021,HighSchool
,117966,Logan Seibert,Akron,K,3,0.8083,2275,2021,HighSchool
,117962,Nickel Fields,,RB,3,0.8083,2275,2021,HighSchool
4714341,117963,Ben Ford,Boise State,ATH,3,0.8083,2275,2021,HighSchool
4709651,117965,Brody Dalton,UAB,TE,3,0.8083,2275,2021,HighSchool
4682521,117979,Evan Azzara,Miami (OH),OT,3,0.8081,2280,2021,HighSchool
4682626,117967,Pete Nygra,Northern Illinois,IOL,3,0.8081,2280,2021,HighSchool
3821571,117977,Jakelyn Morgan,Arizona,CB,3,0.8081,2280,2021,HighSchool
4677308,117978,Faaeanuu Pepe,Rice,OT,3,0.8081,2280,2021,HighSchool
4683482,117983,Josh Tracey,UConn,WR,3,0.8081,2280,2021,HighSchool
4696475,117972,Trey Urwiler,Northern Illinois,ATH,3,0.8081,2280,2021,HighSchool
4683169,117982,Leon Williams,Kent State,LB,3,0.8081,2280,2021,HighSchool
4683471,117976,Brady Olson,Massachusetts,QB,3,0.8081,2280,2021,HighSchool
4683455,117975,Jalen McMurray,Temple,CB,3,0.8081,2280,2021,HighSchool
,117973,Joey Petersen,Iowa State,EDGE,3,0.8081,2280,2021,HighSchool
4890891,117968,D'Juan Grant,UL Monroe,CB,3,0.8081,2280,2021,HighSchool
4687397,117969,Richard Mays,Southern Miss,WR,3,0.8081,2280,2021,HighSchool
4599374,117970,Cort Bradley,Auburn,IOL,3,0.8081,2280,2021,HighSchool
4682761,117980,Luke Wysong,New Mexico,WR,3,0.8081,2280,2021,HighSchool
4683562,117974,Drew Hughes,Ball State,DL,3,0.8081,2280,2021,HighSchool
4572906,117984,Jaquan Toney,Middle Tennessee,IOL,3,0.8081,2280,2021,HighSchool
4683250,117981,Marcus Harris,Kent State,WR,3,0.8081,2280,2021,HighSchool
4684963,117971,Wayne Matthews III,Old Dominion,LB,3,0.8081,2280,2021,HighSchool
4710717,117986,Bobby Mcmillian,Arkansas State,RB,3,0.8081,2280,2021,HighSchool
4432796,117985,DeTerias Glover,Austin Peay,DL,3,0.8081,2280,2021,HighSchool
,117987,Lysander Moeolo,Nevada,OT,3,0.8078,2300,2021,HighSchool
4710862,117988,Rey'Noi Summersett,Akron,LB,3,0.8078,2300,2021,HighSchool
,117989,Jaret Frantz,Ball State,WR,3,0.8074,2302,2021,HighSchool
4713156,117991,Sioeli Helu,New Mexico State,DL,3,0.8074,2302,2021,HighSchool
4684216,117993,Andrell Barney Jr.,New Mexico,CB,3,0.8074,2302,2021,HighSchool
4684962,117992,Ja'Shon Lowery,New Mexico,EDGE,3,0.8074,2302,2021,HighSchool
4690607,117995,J.J. Uphold,Wyoming,TE,3,0.8074,2302,2021,HighSchool
4683925,117997,Gage Michael,Kent State,QB,3,0.8074,2302,2021,HighSchool
4684330,117990,Daniel Warnsman,Eastern Michigan,OT,3,0.8074,2302,2021,HighSchool
4683346,117996,Jaden Phillips,New Mexico,DL,3,0.8074,2302,2021,HighSchool
4683466,117994,Jamir Roberts,Massachusetts,WR,3,0.8074,2302,2021,HighSchool
,117998,Trey Lubin,Tennessee Tech,S,3,0.807,2311,2021,HighSchool
4705853,117999,Eddie Czaplicki,Arizona State,K,3,0.8067,2312,2021,HighSchool
,118000,Trevyn Heil,Nevada,IOL,3,0.8067,2312,2021,HighSchool
4709801,118001,Elijah Hamm,Northern Illinois,S,3,0.8067,2312,2021,HighSchool
5082000,118003,Theo Grabill,West Virginia,WR,3,0.8067,2315,2021,HighSchool
4714289,118013,Cameron Dye,Georgia State,OT,3,0.8067,2315,2021,HighSchool
4882113,118011,Jonathan Cannon,North Carolina A&T,EDGE,3,0.8067,2315,2021,HighSchool
4875582,118007,Toby Wilson,Ohio State,IOL,3,0.8067,2315,2021,HighSchool
,118014,Rick Mua'e,,EDGE,3,0.8067,2315,2021,HighSchool
,118010,Wahkeem Roman,,IOL,3,0.8067,2315,2021,HighSchool
,118009,Eric O'Neill,Long Island University,DL,3,0.8067,2315,2021,HighSchool
,118006,Jaxon McBride,Arizona,OT,3,0.8067,2315,2021,HighSchool
,118004,Xavier Copening,,QB,3,0.8067,2315,2021,HighSchool
,118002,Corey Walker,,LB,3,0.8067,2315,2021,HighSchool
4878251,118005,Michael Entwistle,Harvard,IOL,3,0.8067,2315,2021,HighSchool
4881352,118015,Jack Shields,Old Dominion,QB,3,0.8067,2315,2021,HighSchool
4917395,118012,Phil Gunn,Ball State,IOL,3,0.8067,2315,2021,HighSchool
5082627,118008,NyNy Davis,Utah State,ATH,3,0.8067,2315,2021,HighSchool
4683457,118021,Andrew Stokes,South Florida,P,3,0.8063,2329,2021,HighSchool
4688839,118016,Bryson Moss,Eastern Michigan,RB,3,0.8063,2329,2021,HighSchool
4688756,118020,Omarion Hammond,Georgia State,DL,3,0.8063,2329,2021,HighSchool
4682928,118019,Dierre Kelly,Bowling Green,DL,3,0.8063,2329,2021,HighSchool
4683290,118017,DeAnthony Becton,Central Michigan,S,3,0.8063,2329,2021,HighSchool
4705928,118022,Brayden Swartout,Central Michigan,OT,3,0.8063,2329,2021,HighSchool
4708491,118018,Zavier Leonard,San Diego State,OT,3,0.8063,2329,2021,HighSchool
4612189,118024,Kadinn Morris,Western Michigan,TE,3,0.8059,2336,2021,HighSchool
,118023,Larry Harris,Ball State,DL,3,0.8059,2336,2021,HighSchool
4710790,118028,LJ McCloud,Georgia Southern,DL,3,0.8059,2336,2021,HighSchool
4878142,118027,Mason Woods,Towson,LB,3,0.8059,2336,2021,HighSchool
4683293,118025,Brett Coleman,Miami (OH),S,3,0.8059,2336,2021,HighSchool
4684971,118026,Carlos Peoples,New Mexico State,IOL,3,0.8059,2336,2021,HighSchool
4877892,118044,Angelo Rankin Jr.,Richmond,ATH,3,0.8056,2342,2021,HighSchool
4896147,118043,Zequarrius Rhone,Northwestern State,CB,3,0.8056,2342,2021,HighSchool
4595345,118033,Isaac Walker,Georgia Southern,LB,3,0.8056,2342,2021,HighSchool
4878788,118039,AJ Johnson,Villanova,TE,3,0.8056,2342,2021,HighSchool
4876157,118038,Shane Schwake,Eastern Washington,OT,3,0.8056,2342,2021,HighSchool
5082148,118032,Eric Ford,Army,LB,3,0.8056,2342,2021,HighSchool
4700804,118050,Kamell Smith,Miami (OH),QB,3,0.8056,2342,2021,HighSchool
4879291,118035,Brodie Williams,Austin Peay,CB,3,0.8056,2342,2021,HighSchool
5087331,118034,Isaiah Perkins,Towson,WR,3,0.8056,2342,2021,HighSchool
4714293,118051,Caleb Lewis,UTSA,EDGE,3,0.8056,2342,2021,HighSchool
4775224,118042,Xander Werner,Northern Arizona,ATH,3,0.8056,2342,2021,HighSchool
4710759,118052,Jaedyn McKinstry,Bowling Green,TE,3,0.8056,2342,2021,HighSchool
5082128,118030,Jaydan Mayes,Army,CB,3,0.8056,2342,2021,HighSchool
4710017,118046,Caleb Manson,Nevada,DL,3,0.8056,2342,2021,HighSchool
,118029,Branden McDonald,,RB,3,0.8056,2342,2021,HighSchool
,118031,Elijah Muhammad,Colorado State,LB,3,0.8056,2342,2021,HighSchool
,118041,Jake Harrington,,WR,3,0.8056,2342,2021,HighSchool
,118045,Jamal Hill,,WR,3,0.8056,2342,2021,HighSchool
,118048,Niquan Williams,,ATH,3,0.8056,2342,2021,HighSchool
,118049,Caleb Bryan,,OT,3,0.8056,2342,2021,HighSchool
4710002,118037,Kiylan Miller,Coastal Carolina,ATH,3,0.8056,2342,2021,HighSchool
4710755,118036,Matt Kordas,Bowling Green,S,3,0.8056,2342,2021,HighSchool
4701590,118040,Vinson Davis III,Charleston Southern,ATH,3,0.8056,2342,2021,HighSchool
4710006,118047,D.J. Bryant,San Diego State,QB,3,0.8056,2342,2021,HighSchool
4710838,118055,Bennett Adler,Akron,DL,3,0.8052,2366,2021,HighSchool
4700266,118053,Trevor Timmons,Charlotte,IOL,3,0.8052,2366,2021,HighSchool
4685791,118054,Jakovi Bryant,Florida International,CB,3,0.8052,2366,2021,HighSchool
4687038,118056,Jalen Clark,Louisiana,ATH,3,0.805,2369,2021,HighSchool
4709806,118061,Zachary Russell,Bowling Green,TE,3,0.8048,2370,2021,HighSchool
4710636,118057,Tristan Shorter,Arkansas State,LB,3,0.8048,2370,2021,HighSchool
4709767,118060,Kaleb Anthony,UConn,CB,3,0.8048,2370,2021,HighSchool
4682759,118058,Daylan Long,Miami (OH),LB,3,0.8048,2370,2021,HighSchool
4683107,118059,Cade Haberman,Northern Illinois,DL,3,0.8048,2370,2021,HighSchool
4684087,118064,Noel Roach,Akron,S,3,0.8044,2375,2021,HighSchool
4683363,118062,Luke Miller,Kent State,LB,3,0.8044,2375,2021,HighSchool
4709676,118063,Isaiah Potts,Charlotte,DL,3,0.8044,2375,2021,HighSchool
,118066,Omar Aigbedion,Army,IOL,3,0.8044,2378,2021,HighSchool
4876144,118065,Tuna Altahir,Eastern Washington,RB,3,0.8044,2378,2021,HighSchool
4875765,118069,Trevon Jordan,Northern Illinois,EDGE,3,0.8041,2380,2021,HighSchool
4702549,118068,Julius Sims,Bowling Green,S,3,0.8041,2380,2021,HighSchool
4683168,118071,Aaron Wofford,Western Michigan,ATH,3,0.8041,2380,2021,HighSchool
4683921,118070,Jalen Satchell,Temple,DL,3,0.8041,2380,2021,HighSchool
4700141,118067,Eric Meeks,Marshall,IOL,3,0.8041,2380,2021,HighSchool
4709664,118074,Jack Loew,Kent State,DL,3,0.8033,2385,2021,HighSchool
4873005,118075,Seaburn Hines,Georgia Southern,OT,3,0.8033,2385,2021,HighSchool
,118072,Alex Reese,Akron,DL,3,0.8033,2385,2021,HighSchool
4879653,118073,Shyhiem Scotland,Charlotte,LB,3,0.8033,2385,2021,HighSchool
,118077,Daniel Ogundipe,Old Dominion,OT,3,0.8033,2389,2021,HighSchool
4684703,118076,Coen Sutton,App State,WR,3,0.8033,2389,2021,HighSchool
4710779,118078,Skyler Grant,Old Dominion,IOL,3,0.8033,2389,2021,HighSchool
4683294,118079,Peyton Price,Eastern Michigan,DL,3,0.8026,2392,2021,HighSchool
4710400,118080,Dylan Early,New Mexico State,S,3,0.8026,2392,2021,HighSchool
,118083,Gavin Malott,Akron,OT,3,0.8026,2392,2021,HighSchool
4431658,118081,Jack Tannehill,Southern Miss,K,3,0.8026,2392,2021,HighSchool
4686655,118084,Jonathan Martin,Massachusetts,DL,3,0.8026,2392,2021,HighSchool
4690482,118082,Justin Morris,Ball State,TE,3,0.8026,2392,2021,HighSchool
4685233,118086,Migo Jackson,Charlotte,EDGE,3,0.8022,2398,2021,HighSchool
4682523,118085,Deavion Pierce,Miami (OH),S,3,0.8022,2398,2021,HighSchool
4683967,118091,Wilson Berry,Kentucky,P,3,0.8022,2398,2021,HighSchool
4643646,118087,Matthew Dennis,Wake Forest,K,3,0.8022,2398,2021,HighSchool
4907919,118092,Oran Singleton Jr.,Akron,WR,3,0.8022,2398,2021,HighSchool
,118089,Larry Luna,New Mexico,OT,3,0.8022,2398,2021,HighSchool
4683849,118090,Nick Haberer,Washington State,P,3,0.8022,2398,2021,HighSchool
4710014,118088,Jayjuan Townsend,South Alabama,ATH,3,0.8022,2398,2021,HighSchool
4684434,118096,Joey Stemler,Ball State,LB,3,0.8019,2406,2021,HighSchool
,118095,Raheem Toombs,New Mexico,RB,3,0.8019,2406,2021,HighSchool
4683130,118093,Jalen Johnson,Ball State,IOL,3,0.8019,2406,2021,HighSchool
4682627,118094,Darez Snider,Miami (OH),RB,3,0.8019,2406,2021,HighSchool
4705560,118098,Hank Pepper,Michigan State,LS,3,0.8019,2406,2021,HighSchool
4709781,118097,Myles Walker,Akron,WR,3,0.8019,2406,2021,HighSchool
4879072,118100,Cam McNair,Holy Cross,OT,3,0.8017,2412,2021,HighSchool
4713648,118101,John Burris III,UTEP,CB,3,0.8017,2412,2021,HighSchool
4710027,118102,Ed Smith IV,South Alabama,DL,3,0.8017,2412,2021,HighSchool
4877782,118099,Ah-Shaun Davis,Lafayette,QB,3,0.8017,2412,2021,HighSchool
4688596,118103,Jack Walsh,Wyoming,IOL,3,0.8007,2416,2021,HighSchool
4709777,118104,Deondrick Speight,UConn,LB,3,0.8007,2416,2021,HighSchool
4890892,118105,David Godsey,UL Monroe,WR,3,0.8007,2416,2021,HighSchool
,118117,Cole Kirkpatrick,Texas Tech,WR,3,0.8006,2419,2021,HighSchool
5081559,118125,Dylan Spelios,Navy,EDGE,3,0.8006,2419,2021,HighSchool
,118118,Cade Anders,Army,TE,3,0.8006,2419,2021,HighSchool
,118119,Aidan Swartz,Air Force,DL,3,0.8006,2419,2021,HighSchool
,118121,Thurman Rayborn,,DL,3,0.8006,2419,2021,HighSchool
,118122,Marcus Dickey,Army,EDGE,3,0.8006,2419,2021,HighSchool
,118108,Simeon Evans,Army,QB,3,0.8006,2419,2021,HighSchool
,118123,Dillon Gilbert,Air Force,IOL,3,0.8006,2419,2021,HighSchool
,118126,Gabriel Thompson,Army,ATH,3,0.8006,2419,2021,HighSchool
,118110,Jayden Truesdale,,LB,3,0.8006,2419,2021,HighSchool
,118106,Cortland Dicks,,QB,3,0.8006,2419,2021,HighSchool
4710818,118120,Dazure Paggett,Nevada,WR,3,0.8006,2419,2021,HighSchool
4709998,118124,Wrook Brown,Wyoming,S,3,0.8006,2419,2021,HighSchool
,118111,Brandon Castro,Army,RB,3,0.8006,2419,2021,HighSchool
,118113,Trey Longstreet,,TE,3,0.8006,2419,2021,HighSchool
,118114,Tanner Krevokuch,,TE,3,0.8006,2419,2021,HighSchool
,118115,Beau Shugarts,,DL,3,0.8006,2419,2021,HighSchool
5081507,118127,Jaxson Campbell,Navy,ATH,3,0.8006,2419,2021,HighSchool
4682654,118112,Jeremiah Ballard,UTEP,WR,3,0.8006,2419,2021,HighSchool
4877818,118116,Kye Holmes,James Madison,S,3,0.8006,2419,2021,HighSchool
4881835,118107,Logan Johnson,Georgia,WR,3,0.8006,2419,2021,HighSchool
5081511,118109,Jace Washington,Navy,WR,3,0.8006,2419,2021,HighSchool
4912159,118132,Ashton Logan,Colorado,P,3,0.8,2441,2021,HighSchool
4603750,118128,Davion Rhodes,Georgia Southern,DL,3,0.8,2441,2021,HighSchool
4686078,118138,Rowan McGwin,Buffalo,OT,3,0.8,2441,2021,HighSchool
4701768,118131,Jaquan Dixon,Georgia State,RB,3,0.8,2441,2021,HighSchool
4710840,118140,Julius Bolden,Northern Illinois,RB,3,0.8,2441,2021,HighSchool
,118141,Andrew Vaught,Toledo,IOL,3,0.8,2441,2021,HighSchool
4682981,118135,Harrison Hayes,Liberty,OT,3,0.8,2441,2021,HighSchool
4683220,118136,Alex Berrouet,Colorado State,RB,3,0.8,2441,2021,HighSchool
4705934,118139,Jaylen Sargent,Wyoming,WR,3,0.8,2441,2021,HighSchool
4683571,118133,Eni Falayi,Massachusetts,WR,3,0.8,2441,2021,HighSchool
4684541,118130,Keegan Davis,Florida International,ATH,3,0.8,2441,2021,HighSchool
4702546,118137,Damarcus Ellis-Dennard,New Mexico State,S,3,0.8,2441,2021,HighSchool
4687395,118134,JD Roberts,New Mexico,LB,3,0.8,2441,2021,HighSchool
4687535,118142,Quenton Rice,BYU,WR,3,0.8,2441,2021,HighSchool
5084126,118129,Sonny Semeatu,Hawai'i,EDGE,3,0.8,2441,2021,HighSchool
4709796,118144,Bruno Guberinich,Central Michigan,DL,3,0.7996,2456,2021,HighSchool
,118143,Gary Clinton,,TE,3,0.7996,2456,2021,HighSchool
4261090,118145,Terrell Jackson,Air Force,CB,3,0.7994,2458,2021,HighSchool
,118146,Colt Musgrave,Idaho,LB,3,0.7994,2458,2021,HighSchool
5082173,118148,Bailey Meek,Army,DL,3,0.7994,2458,2021,HighSchool
4878277,118147,Justin Cayenne,Pennsylvania,TE,3,0.7994,2458,2021,HighSchool
4691591,118149,Robert Rigsby,UTSA,IOL,3,0.7993,2462,2021,HighSchool
4709663,118152,D'moir Jean-Baptiste,Florida International,S,3,0.7989,2463,2021,HighSchool
4710738,118153,Tom Bambrick,Coastal Carolina,IOL,3,0.7989,2463,2021,HighSchool
238567,118151,James Evans,Indiana,P,3,0.7989,2463,2021,HighSchool
4685889,118150,Malachi Taylor,Coastal Carolina,WR,3,0.7989,2463,2021,HighSchool
4709978,118158,Tommy Wroblewski,Wyoming,S,3,0.7985,2467,2021,HighSchool
4879950,118156,Bo Kite,Army,ATH,3,0.7985,2467,2021,HighSchool
4710672,118159,Ivan Escobar,New Mexico State,DL,3,0.7985,2467,2021,HighSchool
4683253,118155,Jonah Pace,Central Michigan,DL,3,0.7985,2467,2021,HighSchool
4686034,118154,Ronde Worrels,Northern Illinois,LB,3,0.7985,2467,2021,HighSchool
4710816,118157,Deon McLean,UConn,S,3,0.7985,2467,2021,HighSchool
,118160,Avery Shunneson,Princeton,LB,3,0.7983,2473,2021,HighSchool
4708847,118162,Mitchell Tomasek,Eastern Michigan,K,3,0.7983,2473,2021,HighSchool
4710011,118161,Brett Johnson,UAB,OT,3,0.7983,2473,2021,HighSchool
4710853,118166,Cyrus McGarrell,Northern Illinois,CB,3,0.7978,2476,2021,HighSchool
4708970,118165,Jaylin Tolbert,Georgia State,ATH,3,0.7978,2476,2021,HighSchool
4687092,118163,Myles Winslow,Georgia Southern,EDGE,3,0.7978,2476,2021,HighSchool
,118164,Kenny Dudley Jr,Massachusetts,S,3,0.7978,2476,2021,HighSchool
4706680,118171,Jez Janvier,Eastern Michigan,OT,3,0.7974,2480,2021,HighSchool
,118168,Clinton Roberson,Central Michigan,WR,3,0.7974,2480,2021,HighSchool
4684884,118170,Ty Myles,Northern Illinois,CB,3,0.7974,2480,2021,HighSchool
4682819,118167,Tyson Lee,Western Michigan,DL,3,0.7974,2480,2021,HighSchool
4684181,118169,Ibri Harrell,Georgetown,EDGE,3,0.7974,2480,2021,HighSchool
4683347,118175,Caleb Ransaw,Troy,CB,2,0.7967,2485,2021,HighSchool
4710776,118180,Tahj Ra-El,Old Dominion,S,2,0.7967,2485,2021,HighSchool
4710015,118176,Dion Washington,Nevada,EDGE,2,0.7967,2485,2021,HighSchool
4710751,118179,Dawson Hildebrand,Bowling Green,IOL,2,0.7967,2485,2021,HighSchool
4683229,118173,Naran Buntin,Kent State,WR,2,0.7967,2485,2021,HighSchool
,118177,Jackson Ray,Colorado State,P,2,0.7967,2485,2021,HighSchool
,118178,Mykal McLeod,Southern Miss,OT,2,0.7967,2485,2021,HighSchool
5098563,118174,Jonathan Jean,Rice,CB,2,0.7967,2485,2021,HighSchool
4709672,118172,Ethan Payne,Marshall,RB,2,0.7967,2485,2021,HighSchool
,118195,Joshua Williams,,DL,2,0.7956,2494,2021,HighSchool
,118197,Jabari Parker,Virginia Tech,S,2,0.7956,2494,2021,HighSchool
4686658,118198,Mike Washington Jr.,Buffalo,RB,2,0.7956,2494,2021,HighSchool
5082191,118204,Justin Weaver,Army,ATH,2,0.7956,2494,2021,HighSchool
4873018,118201,Kenneth Walton,Coastal Carolina,OT,2,0.7956,2494,2021,HighSchool
5082188,118183,Jacob Smith,Army,IOL,2,0.7956,2494,2021,HighSchool
4879951,118205,Gavyn Lewis,Army,OT,2,0.7956,2494,2021,HighSchool
4879573,118194,Carter Neuman,Oregon State,ATH,2,0.7956,2494,2021,HighSchool
,118184,MarQeese Dietz,,WR,2,0.7956,2494,2021,HighSchool
,118187,Jayon Carter,,ATH,2,0.7956,2494,2021,HighSchool
,118188,TJ Urban,Air Force,QB,2,0.7956,2494,2021,HighSchool
,118189,Alex Moore,Air Force,OT,2,0.7956,2494,2021,HighSchool
,118190,Parker Menefee,Air Force,TE,2,0.7956,2494,2021,HighSchool
,118191,Keshawn Wheeler,,RB,2,0.7956,2494,2021,HighSchool
,118192,Taelen Brooks,,RB,2,0.7956,2494,2021,HighSchool
,118193,Aldyn Bradley,,ATH,2,0.7956,2494,2021,HighSchool
,118206,Nick Yagodich,,DL,2,0.7956,2494,2021,HighSchool
,118202,Demitray Fields,,S,2,0.7956,2494,2021,HighSchool
,118200,Sam Graham,,S,2,0.7956,2494,2021,HighSchool
4876855,118196,Kyrik Mason,Monmouth,OT,2,0.7956,2494,2021,HighSchool
4876763,118199,Jordan Love,Kennesaw State,DL,2,0.7956,2494,2021,HighSchool
4875070,118186,Rayf Vinson,Ole Miss,WR,2,0.7956,2494,2021,HighSchool
4878811,118182,Richie Ilarraza,Howard,WR,2,0.7956,2494,2021,HighSchool
4907788,118203,Ethan Schlundt,Air Force,OT,2,0.7956,2494,2021,HighSchool
5082143,118207,Walker Lyles,Army,S,2,0.7956,2494,2021,HighSchool
5082146,118185,Noah Alexander,Army,RB,2,0.7956,2494,2021,HighSchool
5082150,118181,Casey Shorter,Army,RB,2,0.7956,2494,2021,HighSchool
5082332,118209,Ethan Spoth,Toledo,IOL,2,0.7952,2521,2021,HighSchool
4688564,118208,Terran Hearn,Miami (OH),DL,2,0.7952,2521,2021,HighSchool
4705856,118211,John McConnell,Marshall,P,2,0.7944,2523,2021,HighSchool
,118210,Zaire McLaurin,Central Michigan,S,2,0.7944,2523,2021,HighSchool
5082197,118214,Roderick Brown,North Texas,DL,2,0.7944,2525,2021,HighSchool
,118218,Ty Reasoner,Air Force,QB,2,0.7944,2525,2021,HighSchool
,118215,Danny Joiner,Army,TE,2,0.7944,2525,2021,HighSchool
,118213,Judah Holtzclaw,Youngstown State,ATH,2,0.7944,2525,2021,HighSchool
,118220,Harrison Unger,Air Force,DL,2,0.7944,2525,2021,HighSchool
,118212,Antwan Brown,Air Force,EDGE,2,0.7944,2525,2021,HighSchool
4876250,118219,Brady Shough,Northern Arizona,ATH,2,0.7944,2525,2021,HighSchool
4876150,118217,Daniel Taumoepeau,Eastern Washington,LB,2,0.7944,2525,2021,HighSchool
5082151,118216,Tyler Deleon,Army,LB,2,0.7944,2525,2021,HighSchool
4880191,118222,Dajhon Smith,Central Michigan,CB,2,0.7937,2534,2021,HighSchool
4684072,118221,Jayden Tate,NC State,LS,2,0.7937,2534,2021,HighSchool
4876498,118225,Hayden McDonald,Columbia,CB,2,0.7933,2536,2021,HighSchool
5084119,118228,Matagi Thompson,Hawai'i,S,2,0.7933,2536,2021,HighSchool
,118223,Kekona Tinajero,San Diego,ATH,2,0.7933,2536,2021,HighSchool
4876352,118226,Jessie Campbell,Southern Utah,WR,2,0.7933,2536,2021,HighSchool
4876127,118227,Thomas Bouda,Cal Poly,DL,2,0.7933,2536,2021,HighSchool
,118224,Sam Whitney,,QB,2,0.7933,2536,2021,HighSchool
4710782,118235,Douglas Newsome,Charlotte,CB,2,0.7933,2542,2021,HighSchool
4709694,118229,Dorian Helm,Massachusetts,S,2,0.7933,2542,2021,HighSchool
4683210,118230,Brady Hunt,Ball State,QB,2,0.7933,2542,2021,HighSchool
4708240,118232,Jordan Mahoney,Massachusetts,CB,2,0.7933,2542,2021,HighSchool
4710762,118236,Jordan Riley,Ball State,CB,2,0.7933,2542,2021,HighSchool
4691041,118233,Raiheem Olalekan,Massachusetts,ATH,2,0.7933,2542,2021,HighSchool
4686741,118231,Miles Posey,Charlotte,EDGE,2,0.7933,2542,2021,HighSchool
4692893,118234,Michael Hughes,App State,K,2,0.7933,2542,2021,HighSchool
4685827,118238,Jamal Johnson,Bowling Green,WR,2,0.793,2550,2021,HighSchool
4683623,118237,Xavier Black,Toledo,WR,2,0.793,2550,2021,HighSchool
4709802,118239,John Motton,Ohio,CB,2,0.793,2550,2021,HighSchool
4705930,118240,Hahsaun Wilson,Charlotte,RB,2,0.7922,2553,2021,HighSchool
4701769,118242,Ryan Stewart,San José State,OT,2,0.7919,2554,2021,HighSchool
4683295,118241,Jackson Schott,Miami (OH),LB,2,0.7919,2554,2021,HighSchool
4710851,118243,Darrian Lewis,Akron,S,2,0.7919,2554,2021,HighSchool
,118245,Roscoe Burton,,RB,2,0.7917,2557,2021,HighSchool
,118244,Nicholas Steinacker,,DL,2,0.7917,2557,2021,HighSchool
4896022,118246,Tyler McMillan,Mississippi Valley State,IOL,2,0.7917,2557,2021,HighSchool
4696540,118247,Grant Oberheu,New Mexico State,TE,2,0.7911,2560,2021,HighSchool
4709771,118250,Colin Lyons,Akron,IOL,2,0.7911,2560,2021,HighSchool
5082425,118248,Khian'Dre Harris,Old Dominion,ATH,2,0.7911,2560,2021,HighSchool
4686363,118249,Aquan Robinson,Massachusetts,DL,2,0.7911,2560,2021,HighSchool
4612827,118251,Blake Kosin,Northern Illinois,TE,2,0.7907,2564,2021,HighSchool
5082153,118259,Braden Bartosh,Army,IOL,2,0.7906,2565,2021,HighSchool
4876600,118256,Laron Davis,Charleston Southern,DL,2,0.7906,2565,2021,HighSchool
4871707,118255,Andrew Butler,Boston College,QB,2,0.7906,2565,2021,HighSchool
5087324,118252,Curtis Miller,Howard,DL,2,0.7906,2565,2021,HighSchool
,118253,Da'Veon Turner,Army,CB,2,0.7906,2565,2021,HighSchool
,118262,Michael Cerniauskas,Army,S,2,0.7906,2565,2021,HighSchool
,118258,Steve Smith,,ATH,2,0.7906,2565,2021,HighSchool
,118257,Angelo Vokolos,,LB,2,0.7906,2565,2021,HighSchool
4876708,118254,Ethan Hunt,Georgetown,DL,2,0.7906,2565,2021,HighSchool
4878822,118260,Jaylon Tolbert,Howard,QB,2,0.7906,2565,2021,HighSchool
4876513,118261,Patrick Colicchio,Columbia,OT,2,0.7906,2565,2021,HighSchool
4710764,118263,Shay Taylor,Ohio,LB,2,0.7904,2576,2021,HighSchool
4876695,118264,Jaden Allen,Fordham,TE,2,0.79,2577,2021,HighSchool
4893718,118265,Xavier Leigh,Sacred Heart,RB,2,0.79,2577,2021,HighSchool
,118266,Daylen Morgan,Akron,LB,2,0.7896,2579,2021,HighSchool
,118271,Anthony Giansante,Western Kentucky,OT,2,0.7894,2580,2021,HighSchool
,118269,JJ Mckinley,Rhode Island,LB,2,0.7894,2580,2021,HighSchool
4880709,118274,David Hixon,Navy,OT,2,0.7894,2580,2021,HighSchool
4876358,118270,Porter Connors,UC Davis,LB,2,0.7894,2580,2021,HighSchool
,118273,Ethan Sturgeon,Air Force,IOL,2,0.7894,2580,2021,HighSchool
4876643,118268,Donovan Jones,Gardner-Webb,RB,2,0.7894,2580,2021,HighSchool
,118272,Braxton Cannon,Air Force,ATH,2,0.7894,2580,2021,HighSchool
,118267,Ryan Wills,Penn State,OT,2,0.7894,2580,2021,HighSchool
4683213,118275,Zack Taylor,Rutgers,LS,2,0.7889,2588,2021,HighSchool
4892327,118276,Andre Proffitt,Akron,DL,2,0.7885,2589,2021,HighSchool
4876310,118277,Dorian Hale,Sacramento State,QB,2,0.7883,2590,2021,HighSchool
4876220,118278,Kenneth Eiden IV,Montana State,ATH,2,0.7883,2590,2021,HighSchool
5085142,118279,Jacob Tafoya,Air Force,LB,2,0.7883,2590,2021,HighSchool
4876125,118281,Jake Trachtman,Cal Poly,OT,2,0.7883,2590,2021,HighSchool
4709052,118280,Nathan Mejia,Sacramento State,IOL,2,0.7883,2590,2021,HighSchool
4691316,118282,Justin Meyers,Georgia Southern,ATH,2,0.7878,2595,2021,HighSchool
4917436,118283,Nick Presley,Ball State,WR,2,0.7867,2596,2021,HighSchool
4872964,118284,Scott Renfroe,Troy,K,2,0.7867,2596,2021,HighSchool
4873599,118286,Zane Smith,Florida State,P,2,0.7867,2598,2021,HighSchool
,118285,Khamari Brown,,DL,2,0.7867,2598,2021,HighSchool
,118287,Robert Simmons,,CB,2,0.7867,2598,2021,HighSchool
4710655,118289,Jalen Burton,Bowling Green,WR,2,0.7863,2601,2021,HighSchool
4711114,118288,Zavier Simpson,Wake Forest,WR,2,0.7863,2601,2021,HighSchool
4917427,118290,Tanner Koziol,Ball State,WR,2,0.7859,2603,2021,HighSchool
4880697,118297,Daba Fofana,Navy,RB,2,0.7856,2604,2021,HighSchool
,118295,Wendell McClain,,CB,2,0.7856,2604,2021,HighSchool
5082118,118294,Zach Mundell,Army,QB,2,0.7856,2604,2021,HighSchool
4709782,118292,Luke Bauer,Akron,LB,2,0.7856,2604,2021,HighSchool
4709659,118298,Jalen Hargrove,Rice,DL,2,0.7856,2604,2021,HighSchool
,118291,Sam Floysand,Air Force,IOL,2,0.7856,2604,2021,HighSchool
,118293,Ralph Williams,,RB,2,0.7856,2604,2021,HighSchool
,118296,Gary Phillips,Army,QB,2,0.7856,2604,2021,HighSchool
4709807,118299,Jake Skelly,Ohio,OT,2,0.7852,2612,2021,HighSchool
,118310,Camden Hardy,Air Force,S,2,0.7844,2613,2021,HighSchool
,118300,AJ Snow,Air Force,QB,2,0.7844,2613,2021,HighSchool
,118308,Curt Evangelister,Air Force,CB,2,0.7844,2613,2021,HighSchool
,118307,Mo Vanderwiel,,ATH,2,0.7844,2613,2021,HighSchool
4876014,118303,Collyn Hopkins,San Diego State,K,2,0.7844,2613,2021,HighSchool
,118301,Matthew Brown,Air Force,EDGE,2,0.7844,2613,2021,HighSchool
5082142,118309,Noah Short,Army,ATH,2,0.7844,2613,2021,HighSchool
4880698,118305,RJ Davis,Navy,EDGE,2,0.7844,2613,2021,HighSchool
4876133,118302,Michael Otterstedt,Cal Poly,LB,2,0.7844,2613,2021,HighSchool
5082149,118304,Clev Lubin,Army,EDGE,2,0.7844,2613,2021,HighSchool
5100433,118306,Jaylen Collins,Air Force,CB,2,0.7844,2613,2021,HighSchool
4714362,118324,Eldrick Robinson II,Georgia Southern,LB,2,0.7833,2624,2021,HighSchool
4876362,118312,Darien Langley,UC Davis,ATH,2,0.7833,2624,2021,HighSchool
4883100,118314,Nate Denney,Yale,RB,2,0.7833,2624,2021,HighSchool
4712463,118323,William Hardrick,Mississippi State,CB,2,0.7833,2624,2021,HighSchool
5085140,118321,Cameron Breier,Air Force,LB,2,0.7833,2624,2021,HighSchool
4876279,118316,Wilson Clark,Northern Colorado,IOL,2,0.7833,2624,2021,HighSchool
,118313,Kevin Thompson,,RB,2,0.7833,2624,2021,HighSchool
,118322,Trevor Faulkner,Air Force,TE,2,0.7833,2624,2021,HighSchool
4247804,118315,Andrew Patterson,Montana State,WR,2,0.7833,2624,2021,HighSchool
4876160,118311,Messiah Jones,Eastern Washington,ATH,2,0.7833,2624,2021,HighSchool
4876249,118318,Jake Schmitt,Northern Arizona,LB,2,0.7833,2624,2021,HighSchool
4876466,118319,Tim Malo,Brown,S,2,0.7833,2624,2021,HighSchool
4880674,118320,Elias Larry,Navy,CB,2,0.7833,2624,2021,HighSchool
5083186,118317,Jacob Graves,Idaho,IOL,2,0.7833,2624,2021,HighSchool
4677307,118325,Kolby Borders,Miami (OH),IOL,2,0.783,2638,2021,HighSchool
4689194,118326,Jack Reynolds,Charlotte,WR,2,0.7811,2639,2021,HighSchool
,118327,Tajaun Curry,,WR,2,0.7806,2640,2021,HighSchool
4684882,118330,Terrance Kamara,Northern Iowa,RB,2,0.7794,2641,2021,HighSchool
,118333,Steven Carter,Army,LB,2,0.7794,2641,2021,HighSchool
,118335,Aquavious Hunter,,ATH,2,0.7794,2641,2021,HighSchool
5082140,118334,Liam Fortner,Army,WR,2,0.7794,2641,2021,HighSchool
4877042,118329,Javonte Graves-Billips,The Citadel,WR,2,0.7794,2641,2021,HighSchool
4880708,118331,Evan Brown,Navy,OT,2,0.7794,2641,2021,HighSchool
,118328,Rhoody Jean-Louis,,LB,2,0.7794,2641,2021,HighSchool
,118332,Malcolm Seaborn,Navy,WR,2,0.7794,2641,2021,HighSchool
4709788,118336,Vaughn Pemberton,Ball State,RB,2,0.7785,2649,2021,HighSchool
,118351,Kyle Orr,Air Force,LB,2,0.7783,2650,2021,HighSchool
4710728,118356,Cade Zimmerly,Bowling Green,IOL,2,0.7783,2650,2021,HighSchool
,118352,Daxon Lindholm,Army,RB,2,0.7783,2650,2021,HighSchool
,118355,Liam Hoffmeyer,Air Force,TE,2,0.7783,2650,2021,HighSchool
,118340,Nico Estrada,Idaho,RB,2,0.7783,2650,2021,HighSchool
,118342,Nahjee Adams,,RB,2,0.7783,2650,2021,HighSchool
,118345,Jackson Kohal,Air Force,IOL,2,0.7783,2650,2021,HighSchool
,118348,Robbie Sanders,Army,QB,2,0.7783,2650,2021,HighSchool
,118349,Michael Schneider,Air Force,S,2,0.7783,2650,2021,HighSchool
4883137,118339,Connor Smith,Yale,OT,2,0.7783,2650,2021,HighSchool
4879944,118353,Gregory Johnson,Army,LB,2,0.7783,2650,2021,HighSchool
,118350,Tafao Amataga,Southern Utah,DL,2,0.7783,2650,2021,HighSchool
,118346,Zach Blackwood,Northern Arizona,DL,2,0.7783,2650,2021,HighSchool
,118347,Jared Roznos,Air Force,ATH,2,0.7783,2650,2021,HighSchool
5081516,118338,Jacob Rooks,Navy,CB,2,0.7783,2650,2021,HighSchool
5081561,118344,Max Smith,Navy,ATH,2,0.7783,2650,2021,HighSchool
5081521,118354,TK Kocak,Navy,ATH,2,0.7783,2650,2021,HighSchool
4877776,118343,Donovan Everette,Elon,EDGE,2,0.7783,2650,2021,HighSchool
4876224,118341,Sean Austin,Montana State,QB,2,0.7783,2650,2021,HighSchool
4878239,118337,Marcus Alexander,Harvard,LB,2,0.7783,2650,2021,HighSchool
,118357,Zatrell Garrett,,DL,2,0.7767,2670,2021,HighSchool
,118358,Samari Allen,Tulsa,DL,2,0.7767,2670,2021,HighSchool
,118360,Joseph Stellmach,Air Force,RB,2,0.7744,2672,2021,HighSchool
,118361,Lincoln Parker,Army,RB,2,0.7744,2672,2021,HighSchool
,118359,Tyrese Green,,S,2,0.7744,2672,2021,HighSchool
4876364,118373,Matteo Perez,UC Davis,RB,2,0.7733,2675,2021,HighSchool
4714376,118382,Joseph Immediato,UTEP,IOL,2,0.7733,2675,2021,HighSchool
4876356,118370,Christian Calhoun,UC Davis,CB,2,0.7733,2675,2021,HighSchool
4775237,118371,Mason Packer,Portland State,ATH,2,0.7733,2675,2021,HighSchool
4710854,118379,Matthew Monaghan,Akron,TE,2,0.7733,2675,2021,HighSchool
4710811,118380,Arrison Cole,New Mexico,OT,2,0.7733,2675,2021,HighSchool
4879948,118381,Bill Katsigiannis,Army,IOL,2,0.7733,2675,2021,HighSchool
4890380,118372,Kristen McAdams,UAlbany,WR,2,0.7733,2675,2021,HighSchool
,118362,Jj Jelsing,Air Force,RB,2,0.7733,2675,2021,HighSchool
4876315,118367,Kenndel Riley,Sacramento State,DL,2,0.7733,2675,2021,HighSchool
,118363,Campbell McHarg,Cal Poly,IOL,2,0.7733,2675,2021,HighSchool
,118364,Jaiden Hill,,CB,2,0.7733,2675,2021,HighSchool
,118365,Kobe Muasau,Navy,QB,2,0.7733,2675,2021,HighSchool
,118366,Jadon Furubotten,Air Force,OT,2,0.7733,2675,2021,HighSchool
,118368,Jahmir Dooley,,RB,2,0.7733,2675,2021,HighSchool
,118369,Miles Mitchell,,LB,2,0.7733,2675,2021,HighSchool
,118377,Marion Lotulelei,Air Force,DL,2,0.7733,2675,2021,HighSchool
4718540,118375,Ja'Shon Williams,Idaho,CB,2,0.7733,2675,2021,HighSchool
4876199,118374,Daniel Britt,Montana,QB,2,0.7733,2675,2021,HighSchool
5081541,118378,Elijah Oatsvall,Navy,LB,2,0.7733,2675,2021,HighSchool
4876472,118376,Jack Whitten,Brown,CB,2,0.7733,2675,2021,HighSchool
,118384,Charlie Rolenc,Army,DL,2,0.7694,2696,2021,HighSchool
5082165,118383,Kenyatta Brannon,Army,IOL,2,0.7694,2696,2021,HighSchool
,118387,Enrique Lopez,Air Force,DL,2,0.7683,2698,2021,HighSchool
5082172,118391,Kemari Copeland,Army,EDGE,2,0.7683,2698,2021,HighSchool
4876711,118385,Naieem Kearney,Georgetown,RB,2,0.7683,2698,2021,HighSchool
5085137,118386,Cade Harris,Air Force,WR,2,0.7683,2698,2021,HighSchool
4876544,118390,CJ Tillman,Campbell,LB,2,0.7683,2698,2021,HighSchool
4714418,118394,Carter Gilbert,Eastern Michigan,DL,2,0.7683,2698,2021,HighSchool
,118388,Michael Rhodes,,DL,2,0.7683,2698,2021,HighSchool
,118392,Troy dela Vega,Utah State,ATH,2,0.7683,2698,2021,HighSchool
5082154,118393,Kalib Fortner,Army,LB,2,0.7683,2698,2021,HighSchool
4879914,118389,Josiah Banks,Army,LB,2,0.7683,2698,2021,HighSchool
5081533,118395,Andrew Threatt,Navy,OT,2,0.7633,2708,2021,HighSchool
4710850,118397,Benjamin Lisk,Toledo,LS,2,0.7633,2708,2021,HighSchool
4710758,118396,Casey Magyar,Kent State,K,2,0.7633,2708,2021,HighSchool
,118398,Gavin Hardeman,Air Force,S,2,0.7583,2711,2021,HighSchool
4877589,118399,Camden Gray,Wofford,LB,2,0.7583,2711,2021,HighSchool
4696710,118400,Jake Marion,Georgia State,K,2,0.7583,2711,2021,HighSchool
,118401,James Reddick II,Jackson State,IOL,2,0.7556,2714,2021,HighSchool
,118402,Terrell Dillworth,Air Force,WR,2,0.7533,2715,2021,HighSchool
4714425,118405,Zach Zoglio,Eastern Michigan,LS,2,0.7533,2715,2021,HighSchool
4714421,118404,Tanner Luther,Eastern Michigan,K,2,0.7533,2715,2021,HighSchool
5085451,118403,Britton Williams,Georgia Southern,K,2,0.7533,2715,2021,HighSchool
5082120,118406,Jabril Williams,Army,ATH,2,0.7494,2719,2021,HighSchool
4887438,118407,Elisha Cummings,Idaho,RB,2,0.7444,2720,2021,HighSchool
4875755,255005,Mason King,Northern Illinois,RB,,,,2021,HighSchool
4879561,255050,Skyler Thomas,Oregon State,CB,,,,2021,HighSchool
4889984,255075,Seth Bullock,Tulsa,LB,,,,2021,HighSchool
4875604,254984,Phoenix Jackson,Fresno State,LB,,,,2021,HighSchool
4887430,255308,Robert Jones III,Howard,WR,,,,2021,HighSchool
4877357,255517,Eddie Walls III,Bethune-Cookman,EDGE,,,,2021,HighSchool
4873319,254985,Kenenna Odeluga,Illinois,ATH,,,,2021,HighSchool
4886005,255483,Rodney Dansby,Houston Christian,LB,,,,2021,HighSchool
4885986,255485,Charles King,Houston Christian,WR,,,,2021,HighSchool
4725514,255182,Reggie Branch,Incarnate Word,ATH,,,,2021,HighSchool
4383350,255293,Bryson Williams,Samford,TE,,,,2021,HighSchool
4427748,255086,Richard Kwete,Northern Arizona,EDGE,,,,2021,HighSchool
4872845,255021,Carson Smith,East Carolina,K,,,,2021,HighSchool
4876244,255078,RJ Martinez,Northern Arizona,QB,,,,2021,HighSchool
4876138,255144,Joshua Ngaluafe,Cal Poly,DL,,,,2021,HighSchool
4876752,255269,Garland Benyard,Kennesaw State,LB,,,,2021,HighSchool
4876751,255271,Deontre Morris,Kennesaw State,S,,,,2021,HighSchool
4877393,255294,Johnny Chaney Jr.,Florida A&M,LB,,,,2021,HighSchool
4877652,255282,Jake Golday,Central Arkansas,LB,,,,2021,HighSchool
4877563,255457,Andreas Keaton,Western Carolina,S,,,,2021,HighSchool
4877582,255575,Amir Annoor,Wofford,ATH,,,,2021,HighSchool
4875810,255070,Taharin Sudderth,Middle Tennessee,DL,,,,2021,HighSchool
4875788,255071,Jalen Walthall,Hawai'i,WR,,,,2021,HighSchool
4875787,255072,Michael Graham,Hawai'i,S,,,,2021,HighSchool
4877862,255451,Kahzir Brown,Maine,CB,,,,2021,HighSchool
4875625,255073,D'Andre Randolph,Utah State,WR,,,,2021,HighSchool
4875611,254992,Jay Barry Jr.,Florida International,WR,,,,2021,HighSchool
4875341,254940,Andrew Sirmon,Washington,QB,,,,2021,HighSchool
4875300,254920,Von Reames,Oregon,WR,,,,2021,HighSchool
4878785,255501,Bryce Ganious,Villanova,OC,,,,2021,HighSchool
4878809,255301,CJ Hoffman,Howard,ILB,,,,2021,HighSchool
4878814,255304,Undre Lindsay,Howard,DUAL,,,,2021,HighSchool
4878817,255310,Robert Morgan IV,Howard,RB,,,,2021,HighSchool
4878819,255306,Xavier Robiou,Howard,WR,,,,2021,HighSchool
4878820,255315,Jamel Stewart,Howard,SDE,,,,2021,HighSchool
4878982,255523,Luke Hensley,Youngstown State,WR,,,,2021,HighSchool
4879326,255091,Maddux Trujillo,Austin Peay,K,,,,2021,HighSchool
4879445,255216,Antorius Hambric Jr.,Lamar,CB,,,,2021,HighSchool
4879451,255218,Damian Alexander,Lamar,CB,,,,2021,HighSchool
4879458,255215,Adrian Owens,Lamar,ILB,,,,2021,HighSchool
4879488,255212,VJ Bronson,Lamar,DL,,,,2021,HighSchool
4880253,255002,Robert Floyd Jr.,Colorado State,WR,,,,2021,HighSchool
4874509,254967,DJ Giddens,Kansas State,RB,,,,2021,HighSchool
4428884,255217,Jase Williams,Lamar,WDE,,,,2021,HighSchool
4880638,255175,Kye Robichaux,Western Kentucky,RB,,,,2021,HighSchool
4880675,255034,Rayuan Lane III,Navy,S,,,,2021,HighSchool
4880686,255035,Jianni Woodson-Brooks,Navy,LB,,,,2021,HighSchool
4881431,254922,Nelson Foley,Miami,P,,,,2021,HighSchool
4883680,255444,Alijah Hamilton,McNeese,CB,,,,2021,HighSchool
4887160,255489,Kedric Williams,Texas Southern,OT,,,,2021,HighSchool
4887164,255491,Calvin Henderson,Texas Southern,WR,,,,2021,HighSchool
4886015,255493,Kristos Fernandez,Long Island University,OT,,,,2021,HighSchool
4887151,255492,Andrew Body,Texas Southern,PRO,,,,2021,HighSchool
4888142,255327,Jalen Thomas,Grambling,DL,,,,2021,HighSchool
4574833,254955,Devonta Davis,Jackson State,DL,,,,2021,HighSchool
4698308,255129,Brett Tommasini,Idaho,LB,,,,2021,HighSchool
4695038,255381,Junious Johnson,Tennessee Tech,WR,,,,2021,HighSchool
4694209,255385,Seth Anderson,Charleston Southern,WR,,,,2021,HighSchool
5091793,255221,Charles Demmings,Stephen F. Austin,CB,,,,2021,HighSchool
,254939,Jake Jennings,Washington,LB,,,,2021,HighSchool
,255268,George Ramirez,Southern Utah,ATH,,,,2021,HighSchool
,254936,Thomas Aden,Pittsburgh,IOL,,,,2021,HighSchool
,254935,Akâ€™Bar Shabazz II,Pittsburgh,CB,,,,2021,HighSchool
,254931,Ben Chizmar,Penn State,LB,,,,2021,HighSchool
,255270,Chance Gamble,Kennesaw State,S,,,,2021,HighSchool
,254928,Keyshawn Lawrence,Ole Miss,LB,,,,2021,HighSchool
,254926,Kellan Hood,North Carolina,WR,,,,2021,HighSchool
,254921,Theo Bravos,USC,LB,,,,2021,HighSchool
,254919,Tavion Faulk,LSU,QB,,,,2021,HighSchool
,254918,Damian Ramos,LSU,K,,,,2021,HighSchool
,254916,Mason Arnold,Ohio State,LS,,,,2021,HighSchool
,255273,Tykeem Wallace,Kennesaw State,RB,,,,2021,HighSchool
,255274,Austin Eldred,Kennesaw State,S,,,,2021,HighSchool
,255275,Anthony Ferguson,Kennesaw State,APB,,,,2021,HighSchool
,255276,Landon Kardian,Kennesaw State,ATH,,,,2021,HighSchool
,255277,Rex Connors,UC Davis,S,,,,2021,HighSchool
,255278,Jake Parsons,UC Davis,OG,,,,2021,HighSchool
,255279,Winston Williams,UC Davis,TE,,,,2021,HighSchool
,255280,Jayden Stanley,UC Davis,ATH,,,,2021,HighSchool
,255281,Kylin James,Central Arkansas,RB,,,,2021,HighSchool
,255283,Myles Butler,Central Arkansas,WR,,,,2021,HighSchool
,255284,Bradley Clark,Central Arkansas,DL,,,,2021,HighSchool
,255285,Khristian Scott,Central Arkansas,WR,,,,2021,HighSchool
,255286,Sean Smith,Central Arkansas,S,,,,2021,HighSchool
,255287,Brett Lynch,Central Arkansas,S,,,,2021,HighSchool
,255288,Montrell Smith,Central Arkansas,TE,,,,2021,HighSchool
,255289,Tyler Gee,Central Arkansas,PRO,,,,2021,HighSchool
,255290,Jalin Moore,Central Arkansas,WR,,,,2021,HighSchool
,255291,Devin Steen,Central Arkansas,ILB,,,,2021,HighSchool
,255292,Kobe Stewart,Samford,EDGE,,,,2021,HighSchool
,255295,Jordan White,Florida A&M,OG,,,,2021,HighSchool
,255296,Jermaine Hawkins,Florida A&M,WR,,,,2021,HighSchool
,255297,Taylor Kendrick,Florida A&M,ILB,,,,2021,HighSchool
,255298,Chance Moore,Morgan State,OT,,,,2021,HighSchool
,255299,Josh Graham,Morgan State,S,,,,2021,HighSchool
,255300,Da'Metrius Weatherspoon,Howard,IOL,,,,2021,HighSchool
,255302,Amir Renwick,Howard,ATH,,,,2021,HighSchool
,255305,Nahshawn Hezekiah,Howard,WR,,,,2021,HighSchool
,255307,Adrian Chandler,Howard,WR,,,,2021,HighSchool
,255309,Jabari Knighten,Howard,CB,,,,2021,HighSchool
,255312,Xavier Ricks,Howard,OG,,,,2021,HighSchool
,255313,Darius Fox,Howard,OG,,,,2021,HighSchool
,255314,Jamal Hines,Howard,OG,,,,2021,HighSchool
,255316,Emerson Martin,Howard,SDE,,,,2021,HighSchool
,255317,Kaden Jernigan,Howard,S,,,,2021,HighSchool
,255318,Jacolby Thomas Jr.,Howard,TE,,,,2021,HighSchool
,255319,Jack Clougherty,South Dakota,QB,,,,2021,HighSchool
,255320,Shahid Barros,South Dakota,ATH,,,,2021,HighSchool
,255321,Dominic Caggiano,South Dakota,SDE,,,,2021,HighSchool
,255322,JJ Galbreath,South Dakota,TE,,,,2021,HighSchool
,255323,Makai Lovett,South Dakota,WR,,,,2021,HighSchool
,255324,Javion Phelps,South Dakota,WR,,,,2021,HighSchool
,255325,Matteo Bonnin,South Dakota,WR,,,,2021,HighSchool
,255326,Gerrit Poncius,South Dakota,OT,,,,2021,HighSchool
,255328,Rod Green,Grambling,OG,,,,2021,HighSchool
,255329,Antonio Jones,Grambling,WR,,,,2021,HighSchool
,255330,Elijah Tau-Tolliver,Sacramento State,ATH,,,,2021,HighSchool
,255331,Jackson Slater,Sacramento State,IOL,,,,2021,HighSchool
,255332,Gabe Panikowski,Sacramento State,K,,,,2021,HighSchool
,255333,Mason Brosseau,Sacramento State,DT,,,,2021,HighSchool
,255334,Gary Morrison,Sacramento State,TE,,,,2021,HighSchool
,255335,Aidan Meek,Sacramento State,OT,,,,2021,HighSchool
,255336,Sawyer Hays,Sacramento State,WDE,,,,2021,HighSchool
,255337,Oge Feo,Sacramento State,ILB,,,,2021,HighSchool
,255338,Junior Bergen,,WR,,,,2021,HighSchool
,255339,Titan Fleischmann,Montana State,TE,,,,2021,HighSchool
,255340,Sebastian Valdez,Montana State,DL,,,,2021,HighSchool
,255341,Neil Daily,Montana State,LB,,,,2021,HighSchool
,255342,Eli Aby,Montana State,ATH,,,,2021,HighSchool
,255343,Zack Black,Montana State,WDE,,,,2021,HighSchool
,255344,Luke Fedyk,Montana State,LB,,,,2021,HighSchool
,255345,Hunter Parsons,Montana State,OLB,,,,2021,HighSchool
,255346,Aaron Gerle,Montana State,DT,,,,2021,HighSchool
,255348,Simeon Woodard,Montana State,CB,,,,2021,HighSchool
,255349,Jace Fisher,Montana State,DL,,,,2021,HighSchool
,255350,Jackson Harmon,Montana State,CB,,,,2021,HighSchool
,255351,Giulio Fernandes,San Diego,LB,,,,2021,HighSchool
,255352,Justus Del Rio,San Diego,CB,,,,2021,HighSchool
,255353,Kyle Ecker,San Diego,OT,,,,2021,HighSchool
,255354,Josh Heverly,San Diego,ATH,,,,2021,HighSchool
,255394,Raleigh Erwin,Columbia,SDE,,,,2021,HighSchool
,255395,Augustus Rice,Columbia,OG,,,,2021,HighSchool
,255396,Nicolas Nesbitt,Columbia,RB,,,,2021,HighSchool
,255355,Nick Murray,San Diego,CB,,,,2021,HighSchool
,255397,Omar Sims,Jacksonville State,DL,,,,2021,HighSchool
,255356,Marcus Powe,San Diego,S,,,,2021,HighSchool
,255398,Jarod Bowie,Jacksonville State,WR,,,,2021,HighSchool
,255357,Eli Swope,San Diego,TE,,,,2021,HighSchool
,255399,Derek Carter Jr.,Jacksonville State,CB,,,,2021,HighSchool
,255358,Trey Ortega,San Diego,S,,,,2021,HighSchool
,255400,Matthew Caldwell,Jacksonville State,QB,,,,2021,HighSchool
,255359,Jack Giguire,San Diego,OLB,,,,2021,HighSchool
,255401,Mekhian Jackson,Jacksonville State,LB,,,,2021,HighSchool
,255402,Pedro Carter,Alabama A&M,DUAL,,,,2021,HighSchool
,255360,Malcolm Williams,San Diego,ILB,,,,2021,HighSchool
,255403,Isaiah Reed,Brown,CB,,,,2021,HighSchool
,255361,Gianni Walsh,San Diego,OC,,,,2021,HighSchool
,255404,Mike Bumpus,Brown,DL,,,,2021,HighSchool
,255362,Jalon Jackson,San Diego,WR,,,,2021,HighSchool
,255405,Nic Jones,Brown,TE,,,,2021,HighSchool
,255363,James Jaquint,San Diego,CB,,,,2021,HighSchool
,255406,Jordan McIntyre,Brown,WR,,,,2021,HighSchool
,255407,Kaleb Ross,Brown,LB,,,,2021,HighSchool
,255364,Evans Bowling,San Diego,OT,,,,2021,HighSchool
,255408,CJ Hankins,Brown,ILB,,,,2021,HighSchool
,255365,Landon Toll,San Diego,LB,,,,2021,HighSchool
,255409,Christian Curatolo,Lehigh,IOL,,,,2021,HighSchool
,255366,Jerry Riggins,San Diego,ILB,,,,2021,HighSchool
,255410,Logan Jones,Lehigh,S,,,,2021,HighSchool
,255412,Jamin Godwin-Ali,Prairie View A&M,WR,,,,2021,HighSchool
,255367,Jaseem Reed,San Diego,WR,,,,2021,HighSchool
,255413,Matthew Aribisala,Sam Houston,EDGE,,,,2021,HighSchool
,255368,Justin Aletor,San Diego,SDE,,,,2021,HighSchool
,255414,Jadon Cardell,Sam Houston,K,,,,2021,HighSchool
,255369,Brian Coburn,San Diego,EDGE,,,,2021,HighSchool
,255415,David Fisher,Sam Houston,CB,,,,2021,HighSchool
,255416,Zach Hrbacek,Sam Houston,RB,,,,2021,HighSchool
,255370,Malachi Cooper,San Diego,SDE,,,,2021,HighSchool
,255417,Kamren Washington,Sam Houston,DL,,,,2021,HighSchool
,255371,Aidan Lehman,San Diego,K,,,,2021,HighSchool
,255418,KeSean Raven,Sam Houston,WR,,,,2021,HighSchool
,255419,Kavian Gaither,Sam Houston,S,,,,2021,HighSchool
,255372,Christian Gaeta,San Diego,OG,,,,2021,HighSchool
,255420,John Mathis,Sam Houston,DT,,,,2021,HighSchool
,255373,Adrian Aguirre,San Diego,WDE,,,,2021,HighSchool
,255421,Shane Johnson,Sam Houston,WR,,,,2021,HighSchool
,255374,Logan Gingg,San Diego,RB,,,,2021,HighSchool
,255422,Maize Washington,Sam Houston,DT,,,,2021,HighSchool
,255375,Tanner Jellison,San Diego,PRO,,,,2021,HighSchool
,255423,Donovan Adkins,Sam Houston,ATH,,,,2021,HighSchool
,255376,A.J. Pena,Rhode Island,LB,,,,2021,HighSchool
,255424,Cameron Plummer,Sam Houston,EDGE,,,,2021,HighSchool
,255377,Jacob Otts,Rhode Island,OT,,,,2021,HighSchool
,255425,Emon Allen,Sam Houston,CB,,,,2021,HighSchool
,255378,Elijah Jackson,Rhode Island,DT,,,,2021,HighSchool
,255426,Marcus Collins,Sam Houston,TE,,,,2021,HighSchool
,255379,Jackson Burkhalter,Rhode Island,PRO,,,,2021,HighSchool
,255427,Christian Williams,Sam Houston,S,,,,2021,HighSchool
,255380,Lem Wash,Tennessee Tech,RB,,,,2021,HighSchool
,255428,Ryder Wall,Sam Houston,IOL,,,,2021,HighSchool
,255387,Rocco Milia,Columbia,S,,,,2021,HighSchool
,255429,Weston Stephens,Sam Houston,RB,,,,2021,HighSchool
,255430,CJ Marsh,Sam Houston,OT,,,,2021,HighSchool
,255431,Sam Hagen,North Dakota,OT,,,,2021,HighSchool
,255432,Jaden Norby,North Dakota,TE,,,,2021,HighSchool
,255388,Bryson Canty,Columbia,WR,,,,2021,HighSchool
,255433,Gaven Ziebarth,North Dakota,RB,,,,2021,HighSchool
,255389,John Iannuzzi,Columbia,IOL,,,,2021,HighSchool
,255434,Trey Feeney,North Dakota,DUAL,,,,2021,HighSchool
,255390,Justin Townsend,Columbia,LB,,,,2021,HighSchool
,255391,John Martin,Columbia,OG,,,,2021,HighSchool
,255392,Terrell Long,Columbia,ATH,,,,2021,HighSchool
,255393,Judge Niland,Columbia,OG,,,,2021,HighSchool
,255470,Jamario Clements,Duquesne,RB,,,,2021,HighSchool
,255471,Abdul Janneh,Duquesne,WR,,,,2021,HighSchool
,255472,Ayden Garnes,Duquesne,S,,,,2021,HighSchool
,255473,Javin Whatley,Chattanooga,WR,,,,2021,HighSchool
,255474,Christian Anderson,Chattanooga,OT,,,,2021,HighSchool
,255475,Josh Battle,Chattanooga,S,,,,2021,HighSchool
,255435,Damien Owens,North Dakota,WR,,,,2021,HighSchool
,255476,Sam Phillips,Chattanooga,WR,,,,2021,HighSchool
,255436,Casey Schultz,North Dakota,SDE,,,,2021,HighSchool
,255477,Davion Hood,East Tennessee State,EDGE,,,,2021,HighSchool
,255437,Edmund Ocansey,North Dakota,CB,,,,2021,HighSchool
,255478,Adriel Clark,East Tennessee State,WR,,,,2021,HighSchool
,255438,Momen Zahid,William & Mary,DL,,,,2021,HighSchool
,255479,Sam Franklin,UT Martin,RB,,,,2021,HighSchool
,255439,Davin Dzidzienyo,William & Mary,DT,,,,2021,HighSchool
,255480,JaMichael McGoy,UT Martin,CB,,,,2021,HighSchool
,255440,Keaton Altman,McNeese,OT,,,,2021,HighSchool
,255481,Andrew Alvarado,Houston Christian,OT,,,,2021,HighSchool
,255482,Alpha Khan,Houston Christian,CB,,,,2021,HighSchool
,255441,Micah Davey,McNeese,LB,,,,2021,HighSchool
,255484,Zae Smith,Houston Christian,DL,,,,2021,HighSchool
,255442,Eli Goss,McNeese,SDE,,,,2021,HighSchool
,255486,Tristin Drones-Mouton,Houston Christian,SDE,,,,2021,HighSchool
,255443,Travis Walker Jr.,McNeese,CB,,,,2021,HighSchool
,255487,Orion Olivas,Houston Christian,PRO,,,,2021,HighSchool
,255488,Kelton Wright,Texas Southern,WR,,,,2021,HighSchool
,255445,Jeremiah Frazier,Tennessee State,IOL,,,,2021,HighSchool
,255490,Caleb Arnold,Texas Southern,WR,,,,2021,HighSchool
,255494,Ara Rauls,Northwestern State,S,,,,2021,HighSchool
,255447,Sincere Littles,Tennessee State,DT,,,,2021,HighSchool
,255495,Waymon Smith,Northwestern State,DL,,,,2021,HighSchool
,255496,Dylan Fluellen,Northwestern State,WR,,,,2021,HighSchool
,255448,Torey Morrison,Tennessee State,DUAL,,,,2021,HighSchool
,255497,Donovan Hoilette Jr.,Richmond,LB,,,,2021,HighSchool
,255498,Keith Gouveia,Richmond,IOL,,,,2021,HighSchool
,255449,Darius Bell,Maine,OT,,,,2021,HighSchool
,255499,Bryson Parker,Richmond,S,,,,2021,HighSchool
,255452,Darius McKenzie,Maine,LB,,,,2021,HighSchool
,255453,Shymell Davis,Maine,DL,,,,2021,HighSchool
,255500,Kyle Wickersham,Richmond,PRO,,,,2021,HighSchool
,255454,Xavier Holmes,Maine,DL,,,,2021,HighSchool
,255502,Chantz Harley,Villanova,ATH,,,,2021,HighSchool
,255455,Antonio Corsi,Maine,TE,,,,2021,HighSchool
,255456,Dramarian McNulty,Western Carolina,CB,,,,2021,HighSchool
,255503,Stephane Voltaire,Villanova,OT,,,,2021,HighSchool
,255458,Brandon Smiley,Western Carolina,DL,,,,2021,HighSchool
,255504,Irene Ngabonziza,Villanova,WR,,,,2021,HighSchool
,255459,Davis Ridings,Western Carolina,ILB,,,,2021,HighSchool
,255460,Ethan Tyla,Southern Illinois,IOL,,,,2021,HighSchool
,255505,Shane Hartzell,Villanova,ILB,,,,2021,HighSchool
,255461,Jalen Bates,Southern Illinois,CB,,,,2021,HighSchool
,255506,Ryan Ruane,Holy Cross,ATH,,,,2021,HighSchool
,255462,Caden Reeves,Southern Illinois,DL,,,,2021,HighSchool
,255463,Jon Nalley,Southern Illinois,OT,,,,2021,HighSchool
,255507,Jacob Petersen,Holy Cross,TE,,,,2021,HighSchool
,255464,Bullet Pryor,Southern Illinois,CB,,,,2021,HighSchool
,255508,Jake Jarmolowich,Holy Cross,ATH,,,,2021,HighSchool
,255465,TyJuan Atkins,Southern Illinois,WR,,,,2021,HighSchool
,255509,Jordan Fuller,Holy Cross,RB,,,,2021,HighSchool
,255466,Kaniji Chandler,Southern Illinois,LB,,,,2021,HighSchool
,255510,Curtis Harris-Lopez,Holy Cross,CB,,,,2021,HighSchool
,255467,Hunter Simmons,Southern Illinois,QB,,,,2021,HighSchool
,255511,Joe Pesansky,Holy Cross,QB,,,,2021,HighSchool
,255468,Cejai Parson,Southern Illinois,S,,,,2021,HighSchool
,255469,Keshawn Brown,Duquesne,ATH,,,,2021,HighSchool
,255512,Eddy Cachon,Holy Cross,OG,,,,2021,HighSchool
,255513,Mark Gorbatenko,Lafayette,SDE,,,,2021,HighSchool
,255514,Ryder Langsdale,Lafayette,OT,,,,2021,HighSchool
,255515,Dallas Holmes,Lafayette,TE,,,,2021,HighSchool
,255516,Tyler Roberts,Lafayette,ATH,,,,2021,HighSchool
,255518,Jayden Loving,Bethune-Cookman,DL,,,,2021,HighSchool
,255520,Jaylen Dotson,Monmouth,CB,,,,2021,HighSchool
,255521,John England,Monmouth,S,,,,2021,HighSchool
,255522,Da'Shun Tanner,Youngstown State,S,,,,2021,HighSchool
,255524,Chris Victor,Mississippi Valley State,EDGE,,,,2021,HighSchool
,255525,Lucas Banks,Mississippi Valley State,DL,,,,2021,HighSchool
,255526,Chuck Bradley,Mississippi Valley State,WR,,,,2021,HighSchool
,255527,Julius Loughridge,Fordham,RB,,,,2021,HighSchool
,255528,David Evbomenya,Fordham,OT,,,,2021,HighSchool
,255529,Nate Summerville,Fordham,WR,,,,2021,HighSchool
,255530,Elizjah Lewis,Sacred Heart,WR,,,,2021,HighSchool
,255565,Jessie Brown,Portland State,DT,,,,2021,HighSchool
,255566,Ryan Young,Campbell,IOL,,,,2021,HighSchool
,255531,Ethan Rodriguez,Sacred Heart,ATH,,,,2021,HighSchool
,255567,Quincy Pugh,Campbell,WDE,,,,2021,HighSchool
,255532,Blaise Heshler,Sacred Heart,OT,,,,2021,HighSchool
,255568,Joshua Lyles,Campbell,DL,,,,2021,HighSchool
,255533,Travis Burke,Gardner-Webb,OT,,,,2021,HighSchool
,255569,Greyson Houchins,Campbell,OT,,,,2021,HighSchool
,255535,Amare Bryant,Gardner-Webb,S,,,,2021,HighSchool
,255536,Kendall McKoy,Gardner-Webb,QB,,,,2021,HighSchool
,255537,Jamari Nelson,Gardner-Webb,S,,,,2021,HighSchool
,255538,TJ Jones,Gardner-Webb,ATH,,,,2021,HighSchool
,255570,Antonio McFadden,Campbell,TE,,,,2021,HighSchool
,255539,Devin Bale,Northern Colorado,P,,,,2021,HighSchool
,255572,Tavoris Miller,Campbell,ATH,,,,2021,HighSchool
,255540,L'Cier Luter,Northern Colorado,DL,,,,2021,HighSchool
,255573,Hunter Gfell,Wofford,OG,,,,2021,HighSchool
,255541,Jax Brown,Northern Colorado,DT,,,,2021,HighSchool
,255574,Austin Drinkwater,Wofford,OT,,,,2021,HighSchool
,255542,Jaylen Byrd,Northern Colorado,CB,,,,2021,HighSchool
,255576,Kyle Watkins,Wofford,ATH,,,,2021,HighSchool
,255543,Jacquez Robertson,Northern Colorado,RB,,,,2021,HighSchool
,255544,Varney Farhnbullah,The Citadel,DUAL,,,,2021,HighSchool
,255545,Ian Adams,The Citadel,OG,,,,2021,HighSchool
,255546,Andrew Oliver,The Citadel,ATH,,,,2021,HighSchool
,255547,Caleb Curtain,Elon,WR,,,,2021,HighSchool
,255548,Johncarlos Miller II,Elon,TE,,,,2021,HighSchool
,255549,Luke Duska,Elon,IOL,,,,2021,HighSchool
,255550,ZyMere Reddick,Elon,OLB,,,,2021,HighSchool
,255551,Jamarien Dalton,Elon,WR,,,,2021,HighSchool
,255553,T.J. Young,Elon,ILB,,,,2021,HighSchool
,255554,Elijah Hills,UAlbany,DL,,,,2021,HighSchool
,255555,Amara Yobouet,UAlbany,DT,,,,2021,HighSchool
,255556,Jace Klucewich,Montana,ATH,,,,2021,HighSchool
,255557,Kellen Detrick,Montana,LB,,,,2021,HighSchool
,255559,Liam Brown,Montana,OT,,,,2021,HighSchool
,255560,T.J. Rausch,Montana,WR,,,,2021,HighSchool
,255561,Padraig Lang,Montana,S,,,,2021,HighSchool
,255562,Brady Lang,Montana,S,,,,2021,HighSchool
,255563,Geno Leonard,Montana,LB,,,,2021,HighSchool
,255564,Zac Evans,Montana,ATH,,,,2021,HighSchool
4882128,255125,Henry Daniel,North Carolina A&T,SDE,,,,2021,HighSchool
4882093,255117,Bhayshul Tuten,North Carolina A&T,RB,,,,2021,HighSchool
4882086,255126,Zach Yeager,North Carolina A&T,DUAL,,,,2021,HighSchool
4882122,255119,Sterling Berkhalter,North Carolina A&T,WR,,,,2021,HighSchool
4880799,255014,Ernesto Acuna,New Mexico,LB,,,,2021,HighSchool
4880724,255037,Riley Riethman,Navy,K,,,,2021,HighSchool
4880212,254998,Graham Nicholson,Miami (OH),K,,,,2021,HighSchool
4880235,255028,Bralen Henderson,Ohio,DL,,,,2021,HighSchool
4880173,255023,Solomanie Bambara,Buffalo,TE,,,,2021,HighSchool
4880129,255065,Josh Bryant,Akron,RB,,,,2021,HighSchool
4879961,255054,Cade Patton,Army,CB,,,,2021,HighSchool
4879298,255094,Trey Goodman,Austin Peay,WR,,,,2021,HighSchool
4879292,255092,Kam Thomas,Austin Peay,WR,,,,2021,HighSchool
4879204,254951,Isaiah Hankins,Baylor,K,,,,2021,HighSchool
4879293,255105,Jaheim Ward,Austin Peay,S,,,,2021,HighSchool
4877511,255411,Jaden Stewart,Prairie View A&M,RB,,,,2021,HighSchool
4877476,255383,Jayvian Allen,Tennessee Tech,S,,,,2021,HighSchool
4876649,255534,Tyler Arrington,Gardner-Webb,S,,,,2021,HighSchool
4876577,255386,TJ Ruff,Charleston Southern,ATH,,,,2021,HighSchool
4876566,255571,R.J. Jackson,Campbell,WR,,,,2021,HighSchool
4876120,255146,Adam Garwood,Cal Poly,ATH,,,,2021,HighSchool
4875904,255011,Connor Welsh,Rice,TE,,,,2021,HighSchool
4875742,255060,Aeden Holler,Kent State,EDGE,,,,2021,HighSchool
4875452,254978,Trayv'on Culbert,Louisiana,WR,,,,2021,HighSchool
4873687,254927,Cole Maynard,North Carolina,P,,,,2021,HighSchool
4873683,254925,Carter Kulka,North Carolina,IOL,,,,2021,HighSchool
4873680,254924,Cyrus Rogers,North Carolina,WR,,,,2021,HighSchool
4873679,254923,Brooks Miller,North Carolina,ATH,,,,2021,HighSchool
4873084,254933,Jon Hill,Arkansas,EDGE,,,,2021,HighSchool
4873079,254932,Zach Lee,Arkansas,TE,,,,2021,HighSchool
4775270,255519,Jaden Shirden,Monmouth,RB,,,,2021,HighSchool
4731633,255083,Draycen Hall,Northern Arizona,APB,,,,2021,HighSchool
4725519,255183,Jalen Mann,Incarnate Word,CB,,,,2021,HighSchool
4714365,255012,Carson Steele,Ball State,RB,,,,2021,HighSchool
4714379,255029,Seydou Traore,Arkansas State,WR,,,,2021,HighSchool
4714294,255069,Damonte Smith,Middle Tennessee,DL,,,,2021,HighSchool
4713157,254987,Jack Ansell,Purdue,P,,,,2021,HighSchool
4711056,255003,Nathan Tillman,Georgia Southern,LS,,,,2021,HighSchool
4710794,255057,Xander Echols,UAB,LS,,,,2021,HighSchool
4710814,255058,Haydn Kerr,UConn,P,,,,2021,HighSchool
4710857,255022,Janik Ogunlade,Buffalo,IOL,,,,2021,HighSchool
4710761,255045,Bailey Rice,Charlotte,P,,,,2021,HighSchool
4710780,255030,Denzel Lowry,Old Dominion,DL,,,,2021,HighSchool
4709779,255017,Christian Smith,Eastern Michigan,WR,,,,2021,HighSchool
4701591,255384,Boogsie Silvera,Charleston Southern,S,,,,2021,HighSchool
4697543,255303,Broadus Brown,Howard,DT,,,,2021,HighSchool
4696107,255272,Quandarius Smith,Kennesaw State,RB,,,,2021,HighSchool
4696094,255450,Dorian Royal,Maine,DL,,,,2021,HighSchool
4571228,255382,Devin Miller,Tennessee Tech,WR,,,,2021,HighSchool
4570917,255558,Ben McGourin,Montana,ILB,,,,2021,HighSchool
4373396,255025,Abraham Alce,UL Monroe,RB,,,,2021,HighSchool
4247812,255347,Lance McCutcheon,Montana State,WR,,,,2021,HighSchool
4247737,255311,Montrell Walker,Howard,TE,,,,2021,HighSchool
4240478,255093,Brennan Smith,Austin Peay,IOL,,,,2021,HighSchool
4877778,255552,Jeff Yurk,Elon,P,,,,2021,HighSchool
4875108,254929,Jack Howes,Maryland,K,,,,2021,HighSchool
4880171,255041,Victor Vazquez,Bowling Green,WR,,,,2021,HighSchool
4893878,255446,Jalen McClendon,Tennessee State,CB,,,,2021,HighSchool
4875583,254917,Reis Stocksdale,Ohio State,WR,,,,2021,HighSchool
4875340,254938,Davon Banks,Washington,CB,,,,2021,HighSchool
,255257,Chad Tasi,Southern Utah,IOL,,,,2021,HighSchool
,255258,Jonah Wright,Southern Utah,OT,,,,2021,HighSchool
,255256,Trevor Moser,Southern Utah,SDE,,,,2021,HighSchool
,255255,Keilen Washington,Southern Utah,CB,,,,2021,HighSchool
,255254,Nathan Suaste,Southern Utah,TE,,,,2021,HighSchool
,255253,David Spjut,Southern Utah,WR,,,,2021,HighSchool
,255252,Judah Ezinwa,Southern Utah,TE,,,,2021,HighSchool
,255251,Mata'ava Ta'ase,Southern Utah,TE,,,,2021,HighSchool
,255250,Kyle Sfarcioc,Southern Utah,IOL,,,,2021,HighSchool
,255249,Jordan Barnett,Southern Utah,LB,,,,2021,HighSchool
,255248,Wyatt Dawe,Southern Utah,DT,,,,2021,HighSchool
,255247,Evan Rutkowski,Towson,LB,,,,2021,HighSchool
,255246,Kaysen Mahuka-Kaawa,Georgetown,OG,,,,2021,HighSchool
,255245,Myles Jones,Georgetown,ILB,,,,2021,HighSchool
,255244,VeRon Garrison,Georgetown,DT,,,,2021,HighSchool
,255243,Kenneth Borders,Georgetown,OLB,,,,2021,HighSchool
,255242,Braxton Turner,Georgetown,IOL,,,,2021,HighSchool
,255241,Mitchell Duea,Georgetown,TE,,,,2021,HighSchool
,255240,Ben Fewel,Georgetown,ATH,,,,2021,HighSchool
,255239,Dontae Owens,Georgetown,APB,,,,2021,HighSchool
,255238,Kamren Watkins-Hunter,Georgetown,CB,,,,2021,HighSchool
,255237,Carson Petlon,Northern Iowa,DT,,,,2021,HighSchool
,255236,Michael Olowo,Northern Iowa,CB,,,,2021,HighSchool
,255235,Ethan George,Northern Iowa,DT,,,,2021,HighSchool
,255234,Dionysius Hogan,Northern Iowa,ATH,,,,2021,HighSchool
,255233,Tucker Langenberg,Northern Iowa,OLB,,,,2021,HighSchool
,255232,Caleb Frazer,Northern Iowa,RB,,,,2021,HighSchool
,255231,Drew Clausen,Northern Iowa,LS,,,,2021,HighSchool
,255230,Carter Hewitt,Northern Iowa,DL,,,,2021,HighSchool
,255229,Bronya Todd,Stephen F. Austin,ATH,,,,2021,HighSchool
,255228,Isaiah Smith,Stephen F. Austin,WR,,,,2021,HighSchool
,255227,Rylan Wilcox,Stephen F. Austin,S,,,,2021,HighSchool
,255226,Davin Lemmons,Stephen F. Austin,WR,,,,2021,HighSchool
,255225,Luke Watson,Stephen F. Austin,OLB,,,,2021,HighSchool
,255224,Griffin Edwards,Stephen F. Austin,TE,,,,2021,HighSchool
,255223,Dave Babalola,Stephen F. Austin,WDE,,,,2021,HighSchool
,255222,Donnie Moody,Stephen F. Austin,ILB,,,,2021,HighSchool
,255220,Dozie Ifeadi,Lamar,WR,,,,2021,HighSchool
,255219,Daelyn Williams,Lamar,ATH,,,,2021,HighSchool
,255214,Dane Jentsch,Lamar,ATH,,,,2021,HighSchool
,255213,Jacob Bayer,Lamar,IOL,,,,2021,HighSchool
,255211,Breylon Charles,Lamar,EDGE,,,,2021,HighSchool
,255210,Drew Moss,Lamar,IOL,,,,2021,HighSchool
,255209,Damashja Harris,Lamar,RB,,,,2021,HighSchool
,255208,Blake Gotcher,Lamar,LB,,,,2021,HighSchool
,255207,Aidan Sayin,Pennsylvania,PRO,,,,2021,HighSchool
,255206,Davis Ellis,Pennsylvania,WR,,,,2021,HighSchool
,255205,Devin Spencer,Pennsylvania,OG,,,,2021,HighSchool
,255204,Jake Peterson,Pennsylvania,OLB,,,,2021,HighSchool
,255203,Julien Stokes,Pennsylvania,RB,,,,2021,HighSchool
,255202,Bo Sprague,Pennsylvania,TE,,,,2021,HighSchool
,255201,Julian Talley,Pennsylvania,CB,,,,2021,HighSchool
,255200,Bryce Myers,Pennsylvania,TE,,,,2021,HighSchool
,255199,Armani Orange,Eastern Washington,CB,,,,2021,HighSchool
,255198,Joseph Obeto,Eastern Washington,CB,,,,2021,HighSchool
,255197,Kentrell Williams,Eastern Washington,CB,,,,2021,HighSchool
,255196,Chad Vidican,Eastern Washington,DT,,,,2021,HighSchool
,255195,Emilio Veater,Eastern Washington,OLB,,,,2021,HighSchool
,255194,Shane Aleaga,Eastern Washington,ILB,,,,2021,HighSchool
,255193,Davante Smith,Eastern Washington,WR,,,,2021,HighSchool
,255192,Desmian Licon,Eastern Washington,CB,,,,2021,HighSchool
,255191,Isaiah Howard,Eastern Washington,WR,,,,2021,HighSchool
,255190,Joshua Johnson,Eastern Washington,ATH,,,,2021,HighSchool
,255189,Woodley Downard,Eastern Washington,WR,,,,2021,HighSchool
,255188,Sean Skladany,Eastern Washington,RB,,,,2021,HighSchool
,255187,Javen Ware,Texas State,S,,,,2021,HighSchool
,255186,Jimmy Lee,Incarnate Word,OT,,,,2021,HighSchool
,255185,Darius Sanders,Incarnate Word,OLB,,,,2021,HighSchool
,255184,Joshua Gonzalez,Incarnate Word,DT,,,,2021,HighSchool
,255181,Kannon Williams,Incarnate Word,DUAL,,,,2021,HighSchool
,255180,Rayden Campbell,Incarnate Word,S,,,,2021,HighSchool
,255179,Emeka Obigbo,Incarnate Word,IOL,,,,2021,HighSchool
,255178,Jimeto Obigbo,Incarnate Word,OT,,,,2021,HighSchool
,255177,Dorion Strawn,Incarnate Word,IOL,,,,2021,HighSchool
,255176,Marshall Jackson,Western Kentucky,IOL,,,,2021,HighSchool
,255174,Jaelin Montgomery,James Madison,OG,,,,2021,HighSchool
,255173,Matei Fitz,James Madison,SDE,,,,2021,HighSchool
,255172,Ali Abbasi,James Madison,DL,,,,2021,HighSchool
,255171,Jailin Walker,James Madison,LB,,,,2021,HighSchool
,255170,Samy Lamothe,Princeton,ATH,,,,2021,HighSchool
,255169,Nasir Cook,Princeton,CB,,,,2021,HighSchool
,255168,Carson Irons,Princeton,OLB,,,,2021,HighSchool
,255167,Dyami Rios,Princeton,ATH,,,,2021,HighSchool
,255166,Connor Hulstein,Princeton,TE,,,,2021,HighSchool
,255165,Christopher Paige,Princeton,WR,,,,2021,HighSchool
,255164,Aidan Kingsbury,Princeton,OT,,,,2021,HighSchool
,255163,Ja'Derris Carr,Princeton,RB,,,,2021,HighSchool
,255162,Matthew Mahoney,Princeton,WR,,,,2021,HighSchool
,255161,Collin Taylor,Princeton,SDE,,,,2021,HighSchool
,255259,Jackson Berry,Southern Utah,PRO,,,,2021,HighSchool
,255159,Tommy Matheson,Princeton,IOL,,,,2021,HighSchool
,255158,John Volker,Princeton,RB,,,,2021,HighSchool
,255157,Jalen Newman,Princeton,CB,,,,2021,HighSchool
,255156,Joseph Nash,Yale,OLB,,,,2021,HighSchool
,255155,Dominic Zepherin,Yale,CB,,,,2021,HighSchool
,255154,Aaron Session,Yale,OT,,,,2021,HighSchool
,255153,Kevin Jourdain Jr,Yale,SDE,,,,2021,HighSchool
,255152,Tamatoa McDonough,Yale,EDGE,,,,2021,HighSchool
,255151,Alvin Gulley Jr.,Yale,DL,,,,2021,HighSchool
,255150,Inumidun Ayo-Durojaiye,Yale,S,,,,2021,HighSchool
,255149,Mason Shipp,Yale,WR,,,,2021,HighSchool
,255148,David Pantelis,Yale,WR,,,,2021,HighSchool
,255147,Sean Sullivan,Yale,OT,,,,2021,HighSchool
,255145,Bryce Weiner,Cal Poly,PRO,,,,2021,HighSchool
,255143,Elijah Satcher,Cal Poly,TE,,,,2021,HighSchool
,255142,Zion Hall,Cal Poly,ATH,,,,2021,HighSchool
,255141,Jalen Grable,Idaho,WR,,,,2021,HighSchool
,255140,Jona Turagavou,Idaho,TE,,,,2021,HighSchool
,255139,Tommy Hauser,Idaho,ATH,,,,2021,HighSchool
,255138,Luke Borchardt,Idaho,WR,,,,2021,HighSchool
,255137,Tyler Webb,Idaho,PRO,,,,2021,HighSchool
,255136,Logan Harris,Idaho,OT,,,,2021,HighSchool
,255135,Isiah King,Idaho,ATH,,,,2021,HighSchool
,255134,Gabe Benton,Idaho,RB,,,,2021,HighSchool
,255133,Tyler Skinner,Idaho,SDE,,,,2021,HighSchool
,255132,Keison Evans,Idaho,WR,,,,2021,HighSchool
,255131,Aamarii Notice,Idaho,DL,,,,2021,HighSchool
,255130,Gevani McCoy,Idaho,QB,,,,2021,HighSchool
,255128,Kevin Hamilton,North Carolina A&T,WR,,,,2021,HighSchool
,255127,Eli Brickhandler,North Carolina A&T,QB,,,,2021,HighSchool
,255124,Terrell Spicer,North Carolina A&T,S,,,,2021,HighSchool
,255123,Jamison Warren,North Carolina A&T,WR,,,,2021,HighSchool
,255122,Quinton Hill,North Carolina A&T,EDGE,,,,2021,HighSchool
,255121,Damien Jackson,North Carolina A&T,LS,,,,2021,HighSchool
,255120,Nathaniel Spindle,North Carolina A&T,CB,,,,2021,HighSchool
,255118,Avarion Cole,North Carolina A&T,S,,,,2021,HighSchool
,255116,Korion Sharpe,North Carolina A&T,IOL,,,,2021,HighSchool
,255115,A'tiq Muhammad,UTEP,CB,,,,2021,HighSchool
,255114,Sterling Scott,Harvard,CB,,,,2021,HighSchool
,255113,Caden Woodall,Harvard,RB,,,,2021,HighSchool
,255112,Ameer Dudley,Harvard,ATH,,,,2021,HighSchool
,255111,Jack Gentle,Harvard,OC,,,,2021,HighSchool
,255110,Ledger Hatch,Harvard,WR,,,,2021,HighSchool
,255109,Gavin Shipman,Harvard,CB,,,,2021,HighSchool
,255108,Brandon Svets,Harvard,DL,,,,2021,HighSchool
,255107,Jacob Psyk,Harvard,DL,,,,2021,HighSchool
,255106,Charles DePrima,Harvard,QB,,,,2021,HighSchool
,255104,Neyland Jean,Austin Peay,PRO,,,,2021,HighSchool
,255103,Harrison Wilkes,Austin Peay,OG,,,,2021,HighSchool
,255102,Denver Parker,Austin Peay,CB,,,,2021,HighSchool
,255101,Kobe Nash,Austin Peay,OG,,,,2021,HighSchool
,255100,Jackson Griner,Austin Peay,LB,,,,2021,HighSchool
,255099,Tae Gayden,Austin Peay,WR,,,,2021,HighSchool
,255098,Tyree Pharr,Austin Peay,DL,,,,2021,HighSchool
,255097,Anietie Ntekop,Austin Peay,OT,,,,2021,HighSchool
,255096,Chandler Kirton,Austin Peay,IOL,,,,2021,HighSchool
,255095,Alexander Whitmore,Austin Peay,DL,,,,2021,HighSchool
,255090,Will Spain,Austin Peay,LS,,,,2021,HighSchool
,255089,Kellen Stewart,Austin Peay,WR,,,,2021,HighSchool
,255088,Malachi Williams,Northern Arizona,CB,,,,2021,HighSchool
,255087,Diallo Williams,Northern Arizona,ATH,,,,2021,HighSchool
,255085,Andrew Mason,Northern Arizona,OT,,,,2021,HighSchool
,255084,Marzion Cosby,Northern Arizona,ATH,,,,2021,HighSchool
,255082,Holden Whipple,Northern Arizona,OT,,,,2021,HighSchool
,255081,Dante Smith Jr.,Northern Arizona,IOL,,,,2021,HighSchool
,255080,Joe MaQatish,Northern Arizona,TE,,,,2021,HighSchool
,255079,Quinn Carolan,Northern Arizona,TE,,,,2021,HighSchool
,255077,Seth Smith,Northern Arizona,OT,,,,2021,HighSchool
,255076,Walter Young Bear,Tulsa,IOL,,,,2021,HighSchool
,255068,Bennie Garner,Southern Miss,LB,,,,2021,HighSchool
,255067,Drew Lawson,Southern Miss,IOL,,,,2021,HighSchool
,255066,Dontae Pollard,Akron,CB,,,,2021,HighSchool
,255064,Anthony Richard Jr.,Marshall,CB,,,,2021,HighSchool
,255063,Zane Porter,Marshall,LB,,,,2021,HighSchool
,255062,Cade Cunningham,Marshall,QB,,,,2021,HighSchool
,255061,Andrew Glass,Kent State,K,,,,2021,HighSchool
,255059,John Adams,Temple,WR,,,,2021,HighSchool
,255056,Paolo Gennarelli,Army,IOL,,,,2021,HighSchool
,255055,Max Didomenico,Army,PRO,,,,2021,HighSchool
,255053,Cody Bradford,Army,OT,,,,2021,HighSchool
,255052,Donavon Platt,Army,CB,,,,2021,HighSchool
,255051,Josiah Johnson,Oregon State,S,,,,2021,HighSchool
,255049,Gabe Milbourn,Oregon State,TE,,,,2021,HighSchool
,255048,Jordan Brown,Charlotte,IOL,,,,2021,HighSchool
,255047,Freddie Felton,Charlotte,WR,,,,2021,HighSchool
,255046,JD Therrell,Charlotte,OT,,,,2021,HighSchool
,255044,John Anderson,Charlotte,S,,,,2021,HighSchool
,255043,Zach Long,Troy,K,,,,2021,HighSchool
,255042,Denver Warren,Bowling Green,DL,,,,2021,HighSchool
,255040,Shamoun Duncan-Niusulu,Bowling Green,ATH,,,,2021,HighSchool
,255039,Sam Knipe,Navy,S,,,,2021,HighSchool
,255038,Bryan Graves,Navy,CB,,,,2021,HighSchool
,255036,Preston Carr,Navy,DL,,,,2021,HighSchool
,255033,Landon Robinson,Navy,DL,,,,2021,HighSchool
,255260,Joe Tongamoa,Southern Utah,ILB,,,,2021,HighSchool
,255031,Keshawn Lynch,Old Dominion,EDGE,,,,2021,HighSchool
,255027,Will Kacmarek,Ohio,DL,,,,2021,HighSchool
,255026,Antonio Spencer,UL Monroe,WR,,,,2021,HighSchool
,255261,Bracken Schumann,Southern Utah,OT,,,,2021,HighSchool
,255262,Mason Thueson,Southern Utah,TE,,,,2021,HighSchool
,255019,Jesus Gomez,Eastern Michigan,K,,,,2021,HighSchool
,255018,Jalik Yancey,Eastern Michigan,CB,,,,2021,HighSchool
,255263,Bodee Blackett,Southern Utah,S,,,,2021,HighSchool
,255015,Shancco Matautia,New Mexico,IOL,,,,2021,HighSchool
,255013,Colin Blazek,Ball State,PRO,,,,2021,HighSchool
,255010,Branson Tita-Nwa,Air Force,S,,,,2021,HighSchool
,255009,Aidan Plate,Air Force,S,,,,2021,HighSchool
,255008,Tre Horner,Air Force,WR,,,,2021,HighSchool
,255007,Jarius Stewart,Air Force,CB,,,,2021,HighSchool
,255006,Joshua Sauickie,Air Force,OG,,,,2021,HighSchool
,255004,Chris Crouch,Georgia Southern,S,,,,2021,HighSchool
,255001,Cole Feinauer,Colorado State,OT,,,,2021,HighSchool
,255000,Carson Voss,Western Michigan,P,,,,2021,HighSchool
,254999,Malique Dieudonne,Western Michigan,WR,,,,2021,HighSchool
,254997,Cade Conley,Central Michigan,TE,,,,2021,HighSchool
,254996,Finn Hogan,Central Michigan,WR,,,,2021,HighSchool
,254995,Travis Ward,Nevada,TE,,,,2021,HighSchool
,254994,Victor Snow,Nevada,WR,,,,2021,HighSchool
,254993,Justin Goodwin,Florida Atlantic,DL,,,,2021,HighSchool
,254991,Trey Moore,UTSA,EDGE,,,,2021,HighSchool
,254990,John Leglue,Tulane,IOL,,,,2021,HighSchool
,254989,Sifa Leota,North Texas,EDGE,,,,2021,HighSchool
,255264,Kam Cullimore,Southern Utah,ILB,,,,2021,HighSchool
,254986,Joshua Singh,BYU,DL,,,,2021,HighSchool
,254983,Donovan Williams,Fresno State,WR,,,,2021,HighSchool
,254982,Pedro Timoteo,Fresno State,OT,,,,2021,HighSchool
,254981,Jonathon Batzke,Toledo,P,,,,2021,HighSchool
,254979,Kamryn Waites,Louisiana,OT,,,,2021,HighSchool
,254977,Colton Fitzgerald,Boise State,QB,,,,2021,HighSchool
,255265,Braxton Hickman,Southern Utah,S,,,,2021,HighSchool
,254975,De'Juan Sease,South Florida,DL,,,,2021,HighSchool
,254973,Katin Surprenant,Colorado,LB,,,,2021,HighSchool
,254972,Will Gavin,Kansas,CB,,,,2021,HighSchool
,254971,Reece Thomas,Kansas,WR,,,,2021,HighSchool
,254970,Avory Hart,San Diego State,SDE,,,,2021,HighSchool
,254969,Evan Ladwig,Iowa State,IOL,,,,2021,HighSchool
,254968,Keegan Shackford,Iowa State,K,,,,2021,HighSchool
,254964,Ryan Quintanar,TCU,LB,,,,2021,HighSchool
,254963,Andrew McIlquham,TCU,LS,,,,2021,HighSchool
,254958,Jeremiah Williams,Jackson State,DL,,,,2021,HighSchool
,254957,Jacob Politte,Jackson State,LS,,,,2021,HighSchool
,254956,Kevin May,Jackson State,RB,,,,2021,HighSchool
,254953,Kyle Lowe,Virginia Tech,K,,,,2021,HighSchool
,255266,Dukari Glover,Southern Utah,RB,,,,2021,HighSchool
,254950,CJ Rogers,Baylor,QB,,,,2021,HighSchool
,254949,Josh Cameron,Baylor,WR,,,,2021,HighSchool
,254948,Caden Biser,West Virginia,LB,,,,2021,HighSchool
,254947,Dylan Ray,West Virginia,IOL,,,,2021,HighSchool
,254946,Gabe Krug,Louisville,DUAL,,,,2021,HighSchool
,254945,Jarard Mosely,Kentucky,S,,,,2021,HighSchool
,255267,Devon Sa-Chisholm,Southern Utah,WR,,,,2021,HighSchool
,254942,Noah Bennee,Utah,TE,,,,2021,HighSchool
