athleteId,id,name,committedTo,position,stars,rating,ranking,year,recruitType
5079720,108699,Jeremiah Smith,Ohio State,WR,5,0.9997,1,2024,HighSchool
5079698,108700,Ellis Robinson IV,Georgia,CB,5,0.9994,2,2024,HighSchool
5079376,108701,Cam Coleman,Auburn,WR,5,0.9985,3,2024,HighSchool
5141711,108702,Ryan Coleman-Williams,Alabama,WR,5,0.9982,4,2024,HighSchool
5079767,108703,Justin Williams,Georgia,LB,5,0.9969,5,2024,HighSchool
5079712,108704,Julian Sayin,Alabama,QB,5,0.9966,6,2024,HighSchool
5079555,108705,DJ Lagway,Florida,QB,5,0.9964,7,2024,HighSchool
5079639,108706,Williams Nwaneri,Missouri,DL,5,0.996,8,2024,HighSchool
5079711,108707,David Stone,Oklahoma,DL,5,0.9952,9,2024,HighSchool
5079678,108708,Justin Scott,Miami,DL,5,0.9945,10,2024,HighSchool
5079326,108709,Terry Bussey,Texas A&M,ATH,5,0.9945,11,2024,HighSchool
5079515,108710,Jaylen Mbakwe,Alabama,CB,5,0.9943,12,2024,HighSchool
5079334,108711,KJ Bolden,Georgia,S,5,0.994,13,2024,HighSchool
5127935,108712,Dominick McKinley,LSU,DL,5,0.9939,14,2024,HighSchool
5079709,108713,Dylan Stewart,South Carolina,EDGE,5,0.9939,15,2024,HighSchool
5079492,108714,Micah Hudson,Texas Tech,WR,5,0.9934,16,2024,HighSchool
5079682,108715,Jordan Seaton,Colorado,OT,5,0.9934,17,2024,HighSchool
5079689,108716,Colin Simmons,Texas,EDGE,5,0.9932,18,2024,HighSchool
5079342,108717,Sammy Brown,Clemson,LB,5,0.9929,19,2024,HighSchool
5079521,108718,LJ McCray,Florida,DL,5,0.9928,20,2024,HighSchool
5079572,108719,Dylan Raiola,Nebraska,QB,5,0.9926,21,2024,HighSchool
5112647,108720,Jordan Ross,Tennessee,EDGE,5,0.9924,22,2024,HighSchool
5218753,108721,T.J. Moore,Clemson,WR,5,0.9887,23,2024,HighSchool
5079580,108722,Mike Matthews,Tennessee,WR,5,0.9882,24,2024,HighSchool
5138756,108723,Joseph Jonah-Ajonye,Georgia,DL,5,0.9881,25,2024,HighSchool
5079485,108724,Eddrick Houston,Ohio State,DL,5,0.9879,26,2024,HighSchool
5079593,108725,Zavier Mincey,Alabama,CB,5,0.9876,27,2024,HighSchool
5141370,108726,Armondo Blount,Miami,DL,5,0.9875,28,2024,HighSchool
5145410,108727,Chris Cole,Georgia,LB,5,0.9866,29,2024,HighSchool
5079344,108728,Zabien Brown,Alabama,CB,5,0.9864,30,2024,HighSchool
5126999,108729,Marquise Lightfoot,Miami,EDGE,5,0.9855,31,2024,HighSchool
5079314,108730,Brandon Baker,Texas,OT,5,0.985,32,2024,HighSchool
5079444,108731,Mylan Graham,Ohio State,WR,5,0.9845,33,2024,HighSchool
5079331,108732,Kobe Black,Texas,CB,5,0.9841,34,2024,HighSchool
5079724,108733,Josiah Thompson,South Carolina,OT,5,0.9839,35,2024,HighSchool
5079680,108734,Aaron Scott Jr.,Ohio State,CB,5,0.9835,36,2024,HighSchool
5079391,108735,Xavier Filsaime,Texas,S,5,0.9835,37,2024,HighSchool
5079719,108736,Taylor Tatum,Oklahoma,RB,4,0.9823,38,2024,HighSchool
5218633,108737,Ryan Wingo,Texas,WR,4,0.9819,39,2024,HighSchool
5079420,108738,Trey'Dez Green,LSU,TE,4,0.9814,40,2024,HighSchool
5079748,108739,Kyngstonn Viliamu-Asa,Notre Dame,LB,4,0.981,41,2024,HighSchool
5079745,108740,Joshisa Trader,Miami,WR,4,0.9803,42,2024,HighSchool
,108741,Gatlin Bair,Oregon,WR,4,0.98,43,2024,HighSchool
5079743,108742,Perry Thompson,Auburn,WR,4,0.9799,44,2024,HighSchool
5079710,108743,Elijah Rushing,Oregon,EDGE,4,0.9792,45,2024,HighSchool
5079559,108744,Guerby Lambert,Notre Dame,OT,4,0.9785,46,2024,HighSchool
5079645,108745,Cam Williams,Notre Dame,WR,4,0.9783,47,2024,HighSchool
5112674,108746,Bryant Wesco Jr.,Clemson,WR,4,0.9782,48,2024,HighSchool
5084047,108747,Nate Frazier,Georgia,RB,4,0.9777,49,2024,HighSchool
5122447,108748,Demello Jones,Georgia,S,4,0.9763,50,2024,HighSchool
5079480,108749,Myles Graham,Florida,LB,4,0.9754,51,2024,HighSchool
5079551,108750,Ify Obidegwu,Oregon,CB,4,0.9753,52,2024,HighSchool
5079647,108751,Caleb Odom,Alabama,TE,4,0.9753,53,2024,HighSchool
5079566,108752,Charles Lester III,Florida State,CB,4,0.9748,54,2024,HighSchool
5110168,108753,Carter Nelson,Nebraska,TE,4,0.9745,55,2024,HighSchool
5079548,108754,Air Noland,Ohio State,QB,4,0.9743,56,2024,HighSchool
5079388,108755,Cooper Cousins,Penn State,IOL,4,0.9731,57,2024,HighSchool
5079310,108756,Aydin Breland,Oregon,DL,4,0.9719,58,2024,HighSchool
5079542,108757,Luke Kromenhoek,Florida State,QB,4,0.9718,59,2024,HighSchool
5079428,108758,Aaron Flowers,Oregon,S,4,0.9717,60,2024,HighSchool
5079340,108759,Aaron Chiles,Florida,LB,4,0.971,61,2024,HighSchool
5139139,108760,Amaris Williams,Auburn,EDGE,4,0.9706,62,2024,HighSchool
5079688,108761,Demarcus Riddick,Auburn,LB,4,0.9699,63,2024,HighSchool
5079737,108762,Bryce West,Ohio State,CB,4,0.969,64,2024,HighSchool
5079519,108763,Jeremiah McClellan,Oregon,WR,4,0.9687,65,2024,HighSchool
5132218,108764,Kameryn Crawford,USC,DL,4,0.9687,66,2024,HighSchool
5079374,108765,Ny Carr,Miami,WR,4,0.9686,67,2024,HighSchool
5079369,108766,CJ Carr,Notre Dame,QB,4,0.9685,68,2024,HighSchool
5218582,108767,Jaden Reddell,Georgia,TE,4,0.9678,69,2024,HighSchool
5142588,108768,Koi Perich,Minnesota,S,4,0.9673,70,2024,HighSchool
5138451,108769,Luke Reynolds,Penn State,TE,4,0.9659,71,2024,HighSchool
5079565,108770,Booker Pickett Jr.,Miami,EDGE,4,0.9657,72,2024,HighSchool
5112630,108771,Bryce Young,Notre Dame,DL,4,0.9646,73,2024,HighSchool
5079324,108772,Christian Bentancur,Clemson,TE,4,0.964,74,2024,HighSchool
5110500,108773,Kevin Riley,Alabama,RB,4,0.9617,75,2024,HighSchool
5079672,108774,Casey Poe,Alabama,IOL,4,0.9617,76,2024,HighSchool
5141476,108775,Tarrion Grant,Purdue,CB,4,0.9612,77,2024,HighSchool
5079574,108776,Jordan Marshall,Michigan,RB,4,0.9606,78,2024,HighSchool
5079400,108777,Kam Franklin,Ole Miss,DL,4,0.9602,79,2024,HighSchool
5079415,108778,Corian Gipson,Clemson,CB,4,0.9596,80,2024,HighSchool
5079317,108779,Jeremiah Beaman,Alabama,DL,4,0.9592,81,2024,HighSchool
5079380,108780,Charlie Collins,Arkansas,DL,4,0.9582,82,2024,HighSchool
5110447,108781,Grant Brix,Nebraska,OT,4,0.9577,83,2024,HighSchool
5123193,108782,DJ Jordan,USC,WR,4,0.9573,84,2024,HighSchool
5084046,108783,Ondre Evans,Georgia,CB,4,0.9566,85,2024,HighSchool
5110459,108784,Kevin Heywood,Wisconsin,OT,4,0.9558,86,2024,HighSchool
5139093,108785,Amir Jackson,Florida,TE,4,0.9556,87,2024,HighSchool
5079379,108786,Caden Durham,LSU,RB,4,0.9555,88,2024,HighSchool
5079577,108787,Quinton Martin Jr.,Penn State,RB,4,0.955,89,2024,HighSchool
5079447,108788,Dakoda Fields,Oregon,CB,4,0.9549,90,2024,HighSchool
5079535,108789,Zion Kearney,Oklahoma,WR,4,0.9548,91,2024,HighSchool
5084664,108790,Cai Bates,Florida State,CB,4,0.9547,92,2024,HighSchool
5079557,108791,Zaquan Patterson,Miami,S,4,0.954,93,2024,HighSchool
5079617,108792,Michael Uini,Georgia,OT,4,0.9534,94,2024,HighSchool
5127811,108793,Jamonta Waller,Auburn,EDGE,4,0.9532,95,2024,HighSchool
5218723,108794,Dashawn Spears,LSU,S,4,0.9528,96,2024,HighSchool
5126563,108795,Eugene Brooks,Oklahoma,IOL,4,0.9523,97,2024,HighSchool
5079364,108796,Kam Davis,Florida State,RB,4,0.9523,98,2024,HighSchool
5079694,108797,Brian Robinson,Kentucky,DL,4,0.9519,99,2024,HighSchool
5123477,108798,Courtney Crutchfield,Missouri,WR,4,0.9518,100,2024,HighSchool
5079612,108799,Dre'lon Miller,Colorado,WR,4,0.9516,101,2024,HighSchool
5130792,108800,Nitro Tuggle,Georgia,WR,4,0.951,102,2024,HighSchool
5079738,108801,Landen Thomas,Florida State,TE,4,0.951,103,2024,HighSchool
5079659,108802,Jonathan Paylor,NC State,ATH,4,0.9505,104,2024,HighSchool
5144078,108803,Ethan Grunkemeyer,Penn State,QB,4,0.9505,105,2024,HighSchool
5132629,108804,Braylon Staley,Tennessee,WR,4,0.9501,106,2024,HighSchool
5079764,108805,Walker White,Auburn,QB,4,0.9497,107,2024,HighSchool
5146898,108806,Nasir Johnson,Georgia,DL,4,0.9496,108,2024,HighSchool
5139096,108807,Noah Carter,Alabama,EDGE,4,0.9495,109,2024,HighSchool
5079488,108808,Jamari Howard,Florida State,CB,4,0.9495,110,2024,HighSchool
5110446,108809,Weston Davis,LSU,OT,4,0.9493,111,2024,HighSchool
5079367,108810,Jadyn Davis,Michigan,QB,4,0.9492,112,2024,HighSchool
5079366,108811,Daniel Calhoun,Georgia,OT,4,0.9491,113,2024,HighSchool
5079679,108812,Ryan Puglisi,Georgia,QB,4,0.9487,114,2024,HighSchool
5110454,108813,James Peoples,Ohio State,RB,4,0.9484,115,2024,HighSchool
5079753,108814,Peyton Woodyard,Alabama,S,4,0.9476,116,2024,HighSchool
5079410,108815,Jerrick Gibson,Texas,RB,4,0.9475,117,2024,HighSchool
5079687,108816,Jordan Shipp,North Carolina,WR,4,0.947,118,2024,HighSchool
5106301,108817,Kedren Young,Notre Dame,RB,4,0.9469,119,2024,HighSchool
5079721,108818,Jordan Thomas,Georgia,DL,4,0.9463,120,2024,HighSchool
5079536,108819,Kam Mikell,Colorado,ATH,4,0.9447,121,2024,HighSchool
5079729,108820,Andrew Sprague,Michigan,OT,4,0.9447,122,2024,HighSchool
5079440,108821,Adarius Hayes,Miami,LB,4,0.9441,123,2024,HighSchool
5149495,108822,DJ Warner,Kansas,EDGE,4,0.9438,124,2024,HighSchool
5079302,108823,Liam Andrews,Penn State,DL,4,0.9435,125,2024,HighSchool
5222233,108824,Jason Zandamela,USC,IOL,4,0.9433,126,2024,HighSchool
5086452,108825,Koy Beasley,Purdue,S,4,0.9419,127,2024,HighSchool
5079598,108826,Jon Mitchell,Penn State,CB,4,0.9419,128,2024,HighSchool
5079381,108827,Boo Carter,Tennessee,ATH,4,0.9409,129,2024,HighSchool
5079630,108828,Brady Prieskorn,Michigan,TE,4,0.9407,130,2024,HighSchool
5132630,108829,Joe Phillips,Auburn,EDGE,4,0.9405,131,2024,HighSchool
5079477,108830,Kris Jones,Georgia,LB,4,0.9405,132,2024,HighSchool
5079591,108831,Jordan Lyle,Miami,RB,4,0.9403,133,2024,HighSchool
5084658,108832,Terrell Anderson,NC State,WR,4,0.94,134,2024,HighSchool
5218778,108833,Will Echoles,Ole Miss,DL,4,0.9397,135,2024,HighSchool
5122553,108834,Peyton Lewis,Tennessee,RB,4,0.9396,136,2024,HighSchool
5107937,108835,Selman Bridges,Arkansas,CB,4,0.9396,137,2024,HighSchool
5079357,108836,Aaron Butler,Texas,WR,4,0.9389,138,2024,HighSchool
5147373,108837,Kylan Billiot,LSU,WR,4,0.9386,139,2024,HighSchool
5139133,108838,Bennett Warren,Tennessee,OT,4,0.9385,140,2024,HighSchool
5110453,108839,Danny Okoye,Oklahoma,EDGE,4,0.9381,141,2024,HighSchool
5079603,108840,Garrett Stover,Ohio State,LB,4,0.9374,142,2024,HighSchool
5079597,108841,Nigel Smith II,Oklahoma,DL,4,0.9372,143,2024,HighSchool
5079453,108842,Blake Ivy,Texas A&M,OT,4,0.937,144,2024,HighSchool
5079558,108843,Ryan Pellum,Oregon,WR,4,0.9367,145,2024,HighSchool
5079482,108844,Dilin Jones,Wisconsin,RB,4,0.9364,146,2024,HighSchool
5079592,108845,Michael Smith,South Carolina,TE,4,0.9361,147,2024,HighSchool
5079739,108846,Marcelles Williams,USC,CB,4,0.9357,148,2024,HighSchool
5079567,108847,Wardell Mack,Texas,CB,4,0.9354,149,2024,HighSchool
5079506,108848,Daniel Hill,Alabama,RB,4,0.9348,150,2024,HighSchool
5079693,108849,Tylen Singleton,LSU,LB,4,0.9348,151,2024,HighSchool
5168274,108850,Lugard Edokpayi,Michigan,EDGE,4,0.9344,152,2024,HighSchool
5079544,108851,Ricardo Jones,Clemson,S,4,0.9343,153,2024,HighSchool
5141558,108852,Davon Mitchell,Oklahoma,TE,4,0.9341,154,2024,HighSchool
5079430,108853,Dealyn Evans,Texas A&M,DL,4,0.9339,155,2024,HighSchool
5079586,108854,JacQawn McRoy,Oregon,OT,4,0.9335,156,2024,HighSchool
5139059,108855,Benedict Umeh,Stanford,DL,4,0.9334,157,2024,HighSchool
5084045,108856,Jo'Ziah Edmond,Michigan,CB,4,0.9309,158,2024,HighSchool
5079321,108857,Kaleb Beasley,Tennessee,CB,4,0.9306,159,2024,HighSchool
5079531,108858,Jake Merklinger,Tennessee,QB,4,0.9306,160,2024,HighSchool
5126998,108859,Jericho Johnson,Oregon,DL,4,0.9305,161,2024,HighSchool
5110461,108860,Gekyle Baker,TCU,WR,4,0.9304,162,2024,HighSchool
5145736,108861,Dominic Kirks,Ohio State,DL,4,0.9297,163,2024,HighSchool
,108862,Jamroc Grimsley,Alabama,CB,4,0.9296,164,2024,HighSchool
5079732,108863,Zina Umeozulu,Texas,EDGE,4,0.9294,165,2024,HighSchool
5147216,108864,Dontae Carter,Vanderbilt,S,4,0.9292,166,2024,HighSchool
5079759,108865,Jelani Watkins,LSU,WR,4,0.9291,167,2024,HighSchool
5079606,108866,Ian Moore,Ohio State,IOL,4,0.929,168,2024,HighSchool
5110462,108867,Blake Frazier,Michigan,OT,4,0.9289,169,2024,HighSchool
5079291,108868,Isendre Ahfua,Texas A&M,IOL,4,0.9286,170,2024,HighSchool
5127019,108869,Darien Mayo,Clemson,DL,4,0.9285,171,2024,HighSchool
5079539,108870,Elijah Moore,Florida State,WR,4,0.9285,172,2024,HighSchool
5220775,108871,Ernest Willor Jr.,Wisconsin,DL,4,0.9283,173,2024,HighSchool
5079702,108872,Jayshawn Ross,Alabama,EDGE,4,0.9282,174,2024,HighSchool
5141973,108873,Trajen Greco,Missouri,S,4,0.928,175,2024,HighSchool
5079600,108874,Nick Marsh,Michigan State,WR,4,0.928,176,2024,HighSchool
5086096,108875,Lawayne McCoy,Florida State,ATH,4,0.9268,177,2024,HighSchool
5086388,108876,Kewan Lacy,Missouri,RB,4,0.9268,178,2024,HighSchool
5079426,108877,Wendell Gregory,South Carolina,EDGE,4,0.9262,179,2024,HighSchool
5079677,108878,Kam Pringle,South Carolina,OT,4,0.9261,180,2024,HighSchool
5079661,108879,Chance Robinson,Miami,WR,4,0.926,181,2024,HighSchool
5079543,108880,Terhyon Nichols,Kentucky,CB,4,0.9257,182,2024,HighSchool
5110450,108881,Nathan Roy,Minnesota,IOL,4,0.9256,183,2024,HighSchool
5079423,108882,Justin Greene,Georgia,DL,4,0.9255,184,2024,HighSchool
5079510,108883,Walter Matthews,USC,TE,4,0.9251,185,2024,HighSchool
5146857,108884,Elijah Newby,USC,LB,4,0.9247,186,2024,HighSchool
5143274,108885,Reggie Powers III,Oklahoma,S,4,0.9246,187,2024,HighSchool
5079362,108886,Jonathan Daniels,Florida State,IOL,4,0.9239,188,2024,HighSchool
5219163,108887,Malcolm Ziglar,North Carolina,S,4,0.9239,189,2024,HighSchool
5079670,108888,Brayden Platt,Oregon,LB,4,0.9239,190,2024,HighSchool
5146771,108889,Emerson Mandell,Wisconsin,IOL,4,0.9237,191,2024,HighSchool
5145207,108890,Bryce Cain,Auburn,WR,4,0.9237,192,2024,HighSchool
5139099,108891,Artavius Jones,Miami,DL,4,0.9235,193,2024,HighSchool
5132253,108892,Isiah Canion,Georgia Tech,WR,4,0.9234,194,2024,HighSchool
5079697,108893,Jerod Smith II,Kentucky,EDGE,4,0.9231,195,2024,HighSchool
5079484,108894,Dillon Gresham,Oregon,WR,4,0.9226,196,2024,HighSchool
5079333,108895,DeAndre Carter,Auburn,IOL,4,0.9225,197,2024,HighSchool
5218506,108896,Tae Johnson,Notre Dame,S,4,0.9221,198,2024,HighSchool
5079642,108897,Dylan Williams,Oregon,LB,4,0.922,199,2024,HighSchool
5139098,108898,Ellis Davis,Texas Tech,OT,4,0.9213,200,2024,HighSchool
5146839,108899,Elyjah Thurmon,Clemson,IOL,4,0.9213,201,2024,HighSchool
5079411,108900,Sterling Dixon,Alabama,EDGE,4,0.9213,202,2024,HighSchool
5222223,108901,KD Daniels,Florida,RB,4,0.9211,203,2024,HighSchool
5079667,108902,Payton Pierce,Ohio State,LB,4,0.921,204,2024,HighSchool
,108903,Demond Williams Jr.,Arizona,QB,4,0.9208,205,2024,HighSchool
5079540,108904,Jordon Johnson-Rubell,Texas,S,4,0.9203,206,2024,HighSchool
5140254,108905,Cheta Ofili,Texas Tech,EDGE,4,0.9201,207,2024,HighSchool
5087950,108906,Kingston Lopa,Oregon,S,4,0.9201,208,2024,HighSchool
5141763,108907,Amaree Williams,Florida State,ATH,4,0.9201,209,2024,HighSchool
5132642,108908,Garrett Sexton,Penn State,OT,4,0.9191,210,2024,HighSchool
5126574,108909,William Satterwhite II,Tennessee,IOL,4,0.9188,211,2024,HighSchool
,108910,Amari Jefferson,Alabama,WR,4,0.9183,212,2024,HighSchool
5079703,108911,Jalewis Solomon,South Carolina,ATH,4,0.9183,213,2024,HighSchool
5079763,108912,Fletcher Westphal,Florida,OT,4,0.9182,214,2024,HighSchool
5110496,108913,Kamar Mothudi,Oregon,LB,4,0.9182,215,2024,HighSchool
5079723,108914,Loghan Thomas,Notre Dame,EDGE,4,0.9181,216,2024,HighSchool
5127805,108915,JJ Harrell,Mississippi State,WR,4,0.9181,217,2024,HighSchool
5110451,108916,Peyton Morgan,Texas Tech,S,4,0.9181,218,2024,HighSchool
5139058,108917,Kamron Beavers,Ole Miss,DL,4,0.9181,219,2024,HighSchool
5127001,108918,Solomon Williams,Texas A&M,EDGE,4,0.918,220,2024,HighSchool
5079695,108919,Jacob Smith,Kentucky,EDGE,4,0.918,221,2024,HighSchool
5079290,108920,Keylen Adams,Virginia Tech,WR,4,0.9178,222,2024,HighSchool
5079354,108921,Stonka Burnside,Mississippi State,ATH,4,0.9177,223,2024,HighSchool
5146862,108922,Gabriel Reliford,LSU,DL,4,0.9176,224,2024,HighSchool
5079335,108923,Chauncey Bowens,Georgia,RB,4,0.9174,225,2024,HighSchool
5126468,108924,Will Hammond,Texas Tech,QB,4,0.9173,226,2024,HighSchool
5218168,108925,Aeryn Hampton,Alabama,ATH,4,0.9169,227,2024,HighSchool
5079676,108926,Jordan Pride,Texas A&M,S,4,0.9168,228,2024,HighSchool
5139057,108927,Ashton Bethel-Roman,Texas A&M,WR,4,0.9167,229,2024,HighSchool
5079691,108928,Malcolm Simmons,Auburn,WR,4,0.9166,230,2024,HighSchool
5127877,108929,Peyton Waters,Washington,S,4,0.9162,231,2024,HighSchool
5079502,108930,Jaylen Heyward,UCF,S,4,0.916,232,2024,HighSchool
5147146,108931,Fred Johnson,South Carolina,LB,4,0.9158,233,2024,HighSchool
5145553,108932,Tyler Cherry,Indiana,QB,4,0.9158,234,2024,HighSchool
5119663,108933,Gus Hawkins,Kansas State,OT,4,0.9157,235,2024,HighSchool
5079715,108934,Bradley Shaw,Arkansas,LB,4,0.915,236,2024,HighSchool
5127885,108935,Kwazi Gilmer,UCLA,WR,4,0.915,237,2024,HighSchool
5088153,108936,Micahi Danzy,Florida State,ATH,4,0.9149,238,2024,HighSchool
5079620,108937,Michael Van Buren Jr.,Mississippi State,QB,4,0.9148,239,2024,HighSchool
5079398,108938,Brandon Davis-Swain,Colorado,DL,4,0.9148,240,2024,HighSchool
5130412,108939,CJ Jackson,LSU,EDGE,4,0.9148,241,2024,HighSchool
5079347,108940,Jalyn Crawford,Auburn,CB,4,0.9147,242,2024,HighSchool
5079561,108941,Dwight Phillips Jr.,Georgia,RB,4,0.9147,243,2024,HighSchool
5079718,108942,Xadavien Sims,Oregon,DL,4,0.9141,244,2024,HighSchool
5079475,108943,Micah Gilbert,Notre Dame,WR,4,0.914,245,2024,HighSchool
5146899,108944,Carlon Jones,USC,DL,4,0.9136,246,2024,HighSchool
5079318,108945,Elijah Brown,Stanford,QB,4,0.9133,247,2024,HighSchool
5144447,108946,Will Nolan,Iowa,OT,4,0.9131,248,2024,HighSchool
5114593,108947,Ivan Carreon,Oklahoma,WR,4,0.913,249,2024,HighSchool
5079707,108948,Jeffery Rush,Ole Miss,DL,4,0.913,250,2024,HighSchool
5079742,108949,Aneyas Williams,Notre Dame,RB,4,0.9126,251,2024,HighSchool
5126536,108950,Ryner Swanson,BYU,TE,4,0.9125,252,2024,HighSchool
,108951,Jordan Anderson,Oregon State,WR,4,0.9125,253,2024,HighSchool
5126565,108952,Marques Easley,Georgia,OT,4,0.9119,254,2024,HighSchool
5079436,108953,Jaydan Hardy,Oklahoma,S,4,0.9117,255,2024,HighSchool
5146829,108954,Coen Echols,LSU,IOL,4,0.9116,256,2024,HighSchool
5113181,108955,Ashton Funk,Texas A&M,OT,4,0.9116,257,2024,HighSchool
5116115,108956,Maxence LeBlanc,Ohio State,TE,4,0.9114,258,2024,HighSchool
5079312,108957,TJ Banks,Ole Miss,S,4,0.9111,259,2024,HighSchool
5124002,108958,Joel Rogers,LSU,S,4,0.9111,260,2024,HighSchool
,108959,Elias Williams,Missouri,DL,4,0.911,261,2024,HighSchool
,108960,D'Antre Robinson,Florida,DL,4,0.911,262,2024,HighSchool
5147144,108961,Elijah Groves,NC State,LB,4,0.9106,263,2024,HighSchool
5079464,108962,Isaiah Garcia,Utah,OT,4,0.9104,264,2024,HighSchool
5079704,108963,Emanuel Ross,Syracuse,WR,4,0.9102,265,2024,HighSchool
5079329,108964,Mazeo Bennett Jr.,South Carolina,WR,4,0.9102,266,2024,HighSchool
,108965,Andrew Dennis,Illinois,IOL,4,0.9101,267,2024,HighSchool
5079382,108966,Jonathan Echols,South Florida,TE,4,0.9101,268,2024,HighSchool
5079668,108967,Eddy Pierre-Louis,Oklahoma,IOL,4,0.9101,269,2024,HighSchool
5079556,108968,Parker Livingstone,Texas,WR,4,0.9101,270,2024,HighSchool
5139097,108969,Nyier Daniels,Georgia,OT,4,0.91,271,2024,HighSchool
5079479,108970,Cayden Jones,Alabama,LB,4,0.9099,272,2024,HighSchool
5110438,108971,Preston Taumua,Nebraska,IOL,4,0.9099,273,2024,HighSchool
5079503,108972,Elija Lofton,Miami,TE,4,0.9094,274,2024,HighSchool
5079425,108973,Tavoy Feagin,Clemson,CB,4,0.9094,275,2024,HighSchool
5222221,108974,Tank Hawkins,Florida,WR,4,0.9093,276,2024,HighSchool
5149008,108975,Gavin Hoffman,Iowa,TE,4,0.9093,277,2024,HighSchool
5139060,108976,Santana Wilson,Texas,CB,4,0.9093,278,2024,HighSchool
,108977,Dermaricus Davis,Washington,QB,4,0.9092,279,2024,HighSchool
5079771,108978,Isaac Wilson,Utah,QB,4,0.9091,280,2024,HighSchool
,108979,Mylachi Williams,Penn State,EDGE,4,0.9091,281,2024,HighSchool
5193504,108980,Jaylen Brown,Missouri,DL,4,0.909,282,2024,HighSchool
,108981,Gabe VanSickle,Ohio State,IOL,4,0.9087,283,2024,HighSchool
5079294,108982,Max Anderson,Tennessee,IOL,4,0.9087,284,2024,HighSchool
5147089,108983,Jaden Smith,Kentucky,ATH,4,0.9087,285,2024,HighSchool
5079451,108984,Paki Finau,Washington,IOL,4,0.9086,286,2024,HighSchool
5079655,108985,Joey Olsen,USC,TE,4,0.9085,287,2024,HighSchool
5136504,108986,Jaiden Patterson,North Carolina,S,4,0.9084,288,2024,HighSchool
5144965,108987,Cole Sullivan,Michigan,LB,4,0.9084,289,2024,HighSchool
5079375,108988,Noah Dixon,Clemson,S,4,0.9083,290,2024,HighSchool
5079705,108989,Grant Stec,Wisconsin,TE,4,0.9076,291,2024,HighSchool
5079348,108990,Jason Brown Jr.,Arizona State,RB,4,0.9076,292,2024,HighSchool
5079644,108991,Jacob Oden,Michigan,S,4,0.9076,293,2024,HighSchool
5136836,108992,Red Morgan,Alabama,S,4,0.9075,294,2024,HighSchool
5079443,108993,Hauss Hejny,TCU,QB,4,0.9075,295,2024,HighSchool
5084771,108994,KJ Duff,Rutgers,TE,4,0.9073,296,2024,HighSchool
5079465,108995,Michael Hawkins Jr.,Oklahoma,QB,4,0.9073,297,2024,HighSchool
5079481,108996,Caleb Holmes,Pittsburgh,IOL,4,0.9073,298,2024,HighSchool
5123665,108997,Trey Owens,Texas,QB,4,0.9069,299,2024,HighSchool
5079462,108998,Kylan Fox,UCF,TE,4,0.9069,300,2024,HighSchool
5139087,108999,Myles Davis,Texas A&M,S,4,0.9067,301,2024,HighSchool
5079323,109000,Hevin Brown-Shuler,Clemson,DL,4,0.9065,302,2024,HighSchool
5079714,109001,Rico Scott,Alabama,WR,4,0.9063,303,2024,HighSchool
5110449,109002,Ethan Calloway,LSU,OT,4,0.9062,304,2024,HighSchool
,109003,Gabe Williams,Virginia Tech,LB,4,0.9061,305,2024,HighSchool
5141483,109004,Max Granville,Penn State,EDGE,4,0.906,306,2024,HighSchool
5146755,109005,Jamie Tremble,Syracuse,ATH,4,0.9057,307,2024,HighSchool
5145396,109006,Miles O'Neill,Texas A&M,QB,4,0.9057,308,2024,HighSchool
5079345,109007,Mario Craver,Mississippi State,WR,4,0.9056,309,2024,HighSchool
5079731,109008,I'Marion Stewart,Michigan,WR,4,0.9056,310,2024,HighSchool
5079392,109009,Mason Curtis,Michigan,LB,4,0.9055,311,2024,HighSchool
5110445,109010,Daniel Cruz,Texas,IOL,4,0.9054,312,2024,HighSchool
5153092,109011,William Sanders,Alabama,IOL,4,0.9053,313,2024,HighSchool
5079372,109012,Anthony Carrie,Georgia Tech,RB,4,0.9053,314,2024,HighSchool
5079769,109013,Izaiah Williams,Texas A&M,WR,4,0.9053,315,2024,HighSchool
5079476,109014,Kavion Henderson,Arkansas,DL,4,0.9052,316,2024,HighSchool
5141471,109015,Hardley Gilmore IV,Kentucky,WR,4,0.9052,317,2024,HighSchool
5147100,109016,Marcellus Barnes Jr.,Syracuse,CB,4,0.905,318,2024,HighSchool
5079643,109017,Zion Ragins,Oklahoma,WR,4,0.9049,319,2024,HighSchool
5181309,109018,Greg Smith,Florida,ATH,4,0.9049,320,2024,HighSchool
5079459,109019,Brandon Jacob Jr.,Maryland,S,4,0.9044,321,2024,HighSchool
5149513,109020,Cam Dooley,Kentucky,ATH,4,0.9044,322,2024,HighSchool
5079346,109021,Dakyus Brinkley,Kansas,EDGE,4,0.9043,323,2024,HighSchool
5127035,109022,TJ Lindsey,Auburn,DL,4,0.9043,324,2024,HighSchool
5079483,109023,Dejuan Lane,Penn State,S,4,0.9041,325,2024,HighSchool
5079384,109024,Kolaj Cobbins,LSU,LB,4,0.904,326,2024,HighSchool
5132635,109025,Jayden Jackson,Oklahoma,DL,4,0.9039,327,2024,HighSchool
5079421,109026,Freddie Dubose,Texas,WR,4,0.9038,328,2024,HighSchool
5079450,109027,DD Holmes,Florida State,DL,4,0.9036,329,2024,HighSchool
5146756,109028,Jordan Washington,Texas,TE,4,0.9036,330,2024,HighSchool
5079564,109029,Ryan Mack,Miami,CB,4,0.9035,331,2024,HighSchool
5139001,109030,Anthonie Knapp,Notre Dame,OT,4,0.9031,332,2024,HighSchool
5079289,109031,TJ Abrams,Florida,WR,4,0.9025,333,2024,HighSchool
5079309,109032,Xavier Atkins,LSU,LB,4,0.9025,334,2024,HighSchool
5079438,109033,David Eziomume,Clemson,RB,4,0.9025,335,2024,HighSchool
5130606,109034,Kellen Lindstrom,Tennessee,DL,4,0.9022,336,2024,HighSchool
5084295,109035,AJ Maddox,Ole Miss,QB,4,0.9021,337,2024,HighSchool
5139094,109036,Devon Baxter,Michigan,EDGE,4,0.902,338,2024,HighSchool
5127724,109037,Christian Clark,Texas,RB,4,0.9019,339,2024,HighSchool
,109038,Justice Williams,Washington,WR,4,0.9019,340,2024,HighSchool
5110497,109039,Styles Prescod,Notre Dame,OT,4,0.9017,341,2024,HighSchool
,109040,Jordan Washington,Arizona,RB,4,0.9016,342,2024,HighSchool
5139102,109041,Mark Schroller,UCLA,OT,4,0.9014,343,2024,HighSchool
5141378,109042,Cutter Boley,Kentucky,QB,4,0.9014,344,2024,HighSchool
5147239,109043,Faletau Satuala,BYU,LB,4,0.9014,345,2024,HighSchool
5141511,109044,Kevyn Humes,Maryland,CB,4,0.9013,346,2024,HighSchool
5146843,109045,Rustin Young,Michigan State,OT,4,0.9012,347,2024,HighSchool
5079494,109046,Hogan Hansen,Michigan,TE,4,0.9012,348,2024,HighSchool
5221318,109047,Fox Crader,Oregon,OT,4,0.9007,349,2024,HighSchool
5218635,109048,Ty'Anthony Smith,Texas,LB,4,0.9007,350,2024,HighSchool
5138455,109049,Jide Abasiri,USC,DL,4,0.9004,351,2024,HighSchool
5079768,109050,Luke Williams,Purdue,ATH,4,0.9004,352,2024,HighSchool
5079599,109051,Dylan Stephenson,Stanford,EDGE,4,0.9004,353,2024,HighSchool
5079589,109052,Braylen Russell,Arkansas,RB,4,0.9004,354,2024,HighSchool
,109053,Steve Bolo Mboumoua,Alabama,DL,4,0.9004,355,2024,HighSchool
5079537,109054,Ju'Juan Johnson,LSU,S,4,0.9002,356,2024,HighSchool
5079632,109056,Noreel White,Ole Miss,ATH,4,0.9,357,2024,HighSchool
5110531,109058,Austin Alexander,Kansas,CB,4,0.9,357,2024,HighSchool
,237881,Beau Baker,South Dakota State,TE,4,0.9,357,2024,HighSchool
5111768,109057,Colin Hurley,LSU,QB,4,0.9,357,2024,HighSchool
,237880,Sam Thomas,Northern Iowa,IOL,4,0.9,357,2024,HighSchool
,109055,Edwin Spillman,Tennessee,LB,4,0.9,357,2024,HighSchool
5128063,109059,Ricky Knight III,Florida State,ATH,4,0.9,363,2024,HighSchool
5079588,109060,Elias Rudolph,Miami,EDGE,4,0.8999,364,2024,HighSchool
5079320,109061,Josiah Brown,Penn State,WR,4,0.8998,365,2024,HighSchool
5110495,109062,Kelvin Hunter,South Carolina,S,4,0.8996,366,2024,HighSchool
5147345,109063,Antonio White Jr.,Rutgers,S,4,0.8992,367,2024,HighSchool
5146897,109064,Quintavius Johnson,Georgia,EDGE,4,0.8991,368,2024,HighSchool
5079686,109065,Bredell Richardson,UCF,WR,4,0.8991,369,2024,HighSchool
5079560,109066,Jordan Lockhart,Texas A&M,LB,4,0.899,370,2024,HighSchool
5145652,109067,Marcus Harrison,Georgia,OT,4,0.8989,371,2024,HighSchool
5136856,109068,Brian Huff,Missouri,LB,4,0.8988,372,2024,HighSchool
5147337,109069,Witt Edwards,Vanderbilt,ATH,4,0.8988,373,2024,HighSchool
5127735,109070,Xavier Lucas,Wisconsin,S,4,0.8988,374,2024,HighSchool
5079518,109071,Jaylen McClain,Ohio State,S,4,0.8988,375,2024,HighSchool
5079699,109072,Corey Smith,Penn State,RB,4,0.8988,376,2024,HighSchool
5079496,109073,Donnie Harbour,Penn State,IOL,4,0.8987,377,2024,HighSchool
5079611,109074,Vaboue Toure,Penn State,S,4,0.8986,378,2024,HighSchool
5079407,109075,Marquis Gallegos,USC,S,4,0.8985,379,2024,HighSchool
5110463,109076,Manasse Itete,Florida State,IOL,4,0.8985,380,2024,HighSchool
5079322,109077,Jadan Baugh,Florida,ATH,4,0.8984,381,2024,HighSchool
5136049,109079,Duke Watson,Louisville,RB,4,0.8983,382,2024,HighSchool
,109078,Jeremiah Beasley,Michigan,LB,4,0.8983,382,2024,HighSchool
,109080,Eric Karner,Texas A&M,TE,4,0.8983,382,2024,HighSchool
5144440,109081,Jacob Ponton,Texas Tech,OT,4,0.8978,385,2024,HighSchool
5079736,109082,Alex Taylor,North Carolina,WR,4,0.8978,386,2024,HighSchool
5079397,109083,Waltclaire Flynn Jr.,UCF,IOL,4,0.8977,387,2024,HighSchool
5079554,109087,Jimothy Lewis Jr.,Mississippi State,OT,4,0.8975,388,2024,HighSchool
5079360,109086,J'Marion Burnette,Houston,RB,4,0.8975,388,2024,HighSchool
5110498,109084,Desman Stephens II,USC,LB,4,0.8975,388,2024,HighSchool
5110493,109085,Deontae Armstrong,Ohio State,OT,4,0.8975,388,2024,HighSchool
5146166,109088,Michael Turner Jr.,LSU,ATH,4,0.8972,392,2024,HighSchool
5126470,109089,Trever Jackson,Florida State,QB,4,0.8972,393,2024,HighSchool
5079378,109090,Darrion Dupree,Wisconsin,RB,4,0.897,394,2024,HighSchool
5079358,109091,Mario Buford,Nebraska,CB,4,0.8967,395,2024,HighSchool
5219024,109092,A'mon Lane-Ganus,Auburn,CB,4,0.8967,396,2024,HighSchool
5110460,109093,Keonde Henry,Memphis,WR,4,0.8967,397,2024,HighSchool
5079353,109094,Cam Buffington,Iowa,LB,4,0.8966,398,2024,HighSchool
5079761,109095,Derek Weisskopf,Iowa,LB,4,0.8964,399,2024,HighSchool
5102583,109096,Jaxson Jones,Oregon,EDGE,4,0.8961,400,2024,HighSchool
5079633,109097,Jeremiah Newcombe,Oklahoma,CB,4,0.896,401,2024,HighSchool
5079638,109101,Maurice Williams II,Houston,LB,4,0.8958,402,2024,HighSchool
5079583,109099,Miles Lockhart,Ohio State,CB,4,0.8958,402,2024,HighSchool
5079550,109100,Davhon Keys,LSU,LB,4,0.8958,402,2024,HighSchool
5110494,109098,Marcos Davila,Purdue,QB,4,0.8958,402,2024,HighSchool
5079663,109102,Jeremy Payne,TCU,RB,4,0.8957,406,2024,HighSchool
5079493,109103,Braydon Lee,Maryland,CB,4,0.8954,407,2024,HighSchool
5157626,109104,Trae Davis III,Kansas State,WR,4,0.8953,408,2024,HighSchool
5079708,109110,Troy Stevenson IV,Georgia Tech,CB,4,0.895,409,2024,HighSchool
5079413,109113,BJ Gibson,Florida State,ATH,4,0.895,409,2024,HighSchool
5079432,109105,Dae'vonn Hall,Nebraska,WR,4,0.895,409,2024,HighSchool
5079439,109111,Jaylen Harvey,Penn State,EDGE,4,0.895,409,2024,HighSchool
5079458,109106,Cody Fox,Iowa,IOL,4,0.895,409,2024,HighSchool
5146164,109107,Logan Saldate,Notre Dame,WR,4,0.895,409,2024,HighSchool
5079766,109109,Chanz Wiggins,Virginia Tech,WR,4,0.895,409,2024,HighSchool
5079327,109108,Qua Birdsong,UCF,LB,4,0.895,409,2024,HighSchool
5079386,109116,Ric'Darious Farmer,West Virginia,WR,4,0.895,409,2024,HighSchool
5079487,109112,Luke Hamilton,Michigan,IOL,4,0.895,409,2024,HighSchool
5106299,109114,Ca'Lil Valentine,Illinois,RB,4,0.895,409,2024,HighSchool
5147141,109115,Jordan Burns,Tennessee,LB,4,0.895,409,2024,HighSchool
5079717,109117,AJ Surace,Rutgers,QB,4,0.8949,421,2024,HighSchool
5127031,109118,Tionne Gray,Oregon,DL,4,0.8948,422,2024,HighSchool
5079295,109119,Omillio Agard,Wisconsin,CB,4,0.8947,423,2024,HighSchool
5079300,109120,Frankie Arthur Jr.,UTSA,RB,4,0.8944,424,2024,HighSchool
5127737,109121,Roger Gradney,Nebraska,ATH,4,0.8944,424,2024,HighSchool
5219162,109122,Ty White,North Carolina,S,4,0.8944,426,2024,HighSchool
5146765,109123,Robert Bourdon,Texas A&M,OT,4,0.8943,427,2024,HighSchool
5079435,109124,Tayvion Galloway,Purdue,TE,4,0.8942,428,2024,HighSchool
5127032,109125,Kendall Jackson,Texas A&M,DL,4,0.8942,429,2024,HighSchool
5130410,109126,Jakob Gude,UCF,S,4,0.8942,429,2024,HighSchool
5079383,109127,KingJoseph Edwards,Syracuse,EDGE,4,0.894,431,2024,HighSchool
5079629,109128,Leonard Moore,Notre Dame,CB,4,0.894,432,2024,HighSchool
5079747,109129,Ory Williams,LSU,OT,4,0.8935,433,2024,HighSchool
5127027,109133,Malik Blocton,Auburn,DL,4,0.8933,434,2024,HighSchool
5079590,109130,Dylan Mesman,Louisville,TE,4,0.8933,434,2024,HighSchool
5079370,109136,Ernest Campbell,Texas A&M,WR,4,0.8933,434,2024,HighSchool
5089325,109135,Ted Hammond,Michigan,DL,4,0.8933,434,2024,HighSchool
5079671,109134,Kaj Sanders,Rutgers,S,4,0.8933,434,2024,HighSchool
5144963,109137,Tobias Steppes,TCU,OT,4,0.8933,434,2024,HighSchool
5142741,109132,Travis Jackson,TCU,EDGE,4,0.8933,434,2024,HighSchool
5079301,109131,CJ Bailey,NC State,QB,4,0.8933,434,2024,HighSchool
5146425,109138,Quentin Reddish,Virginia Tech,S,4,0.8933,442,2024,HighSchool
5079445,109139,Zion Ferguson,North Carolina,CB,4,0.8933,443,2024,HighSchool
5105269,109140,Sacovie White-Helton,Georgia,ATH,4,0.8933,444,2024,HighSchool
5126541,109141,Devin Brooks,Oregon,IOL,4,0.8931,445,2024,HighSchool
5147151,109142,James Nesta,Oklahoma,LB,4,0.8929,446,2024,HighSchool
5079306,109146,Devontae Armstrong,Ohio State,IOL,4,0.8925,447,2024,HighSchool
5079752,109145,Owen Wafle,Michigan,DL,4,0.8925,447,2024,HighSchool
5079706,109147,Isaiah Rubin,USC,CB,4,0.8925,447,2024,HighSchool
5079571,109144,James Madison II,Missouri,WR,4,0.8925,447,2024,HighSchool
5079666,109143,Ronnie Royal III,NC State,ATH,4,0.8925,447,2024,HighSchool
5141794,109148,Riley Sunram,Minnesota,DL,4,0.8924,452,2024,HighSchool
5079526,109149,Peter Jones,Notre Dame,IOL,4,0.8924,453,2024,HighSchool
5115243,109150,Trevor Rogers,California,WR,4,0.8923,454,2024,HighSchool
5146788,109151,Marcus Mascoll,Florida,OT,4,0.8921,455,2024,HighSchool
5079570,109152,Jayden Lewis,Tulane,CB,4,0.8919,456,2024,HighSchool
5079523,109153,Derrick McFall,SMU,ATH,4,0.8919,456,2024,HighSchool
5079553,109154,Nate Kibble,Texas,IOL,4,0.8918,458,2024,HighSchool
5083370,109157,Jacory Barney Jr.,Nebraska,ATH,4,0.8917,459,2024,HighSchool
5147203,109159,Chase Tyler,Duke,ATH,4,0.8917,459,2024,HighSchool
5079516,109156,KJ Jackson,Arkansas,QB,4,0.8917,459,2024,HighSchool
5219025,109155,Kensley Louidor-Faustin,Auburn,S,4,0.8917,459,2024,HighSchool
5130407,109158,Roger Saleapaga II,Oregon,TE,4,0.8917,459,2024,HighSchool
5079533,109160,Mabrey Mettauer,Wisconsin,QB,4,0.8911,464,2024,HighSchool
5140697,109161,Thomas Heiberger,Wisconsin,LB,4,0.8911,465,2024,HighSchool
5146845,109162,Joseph Anderson,Iowa,EDGE,4,0.891,466,2024,HighSchool
5079725,109164,Anthony Speca,Penn State,LB,4,0.8908,467,2024,HighSchool
5147138,109166,Michael Boganowski,Oklahoma,LB,4,0.8908,467,2024,HighSchool
5219703,109163,Omar White,UAB,DL,4,0.8908,467,2024,HighSchool
5147178,109167,Devon Jordan,Oklahoma,CB,4,0.8908,467,2024,HighSchool
5079772,109165,Damarion Witten,Ohio State,TE,4,0.8908,467,2024,HighSchool
5127010,109168,Julius Pope,Arkansas,LB,4,0.8908,467,2024,HighSchool
5145223,109169,Dillan Johnson,Wisconsin,DL,4,0.8908,473,2024,HighSchool
5089327,109170,Samaj Jones,Cincinnati,QB,4,0.8906,474,2024,HighSchool
5145737,109171,Matt Fuller,South Carolina,RB,4,0.8904,475,2024,HighSchool
5124585,109172,Brady Pretzlaff,Michigan State,LB,4,0.8904,476,2024,HighSchool
5146984,109173,Alex Foster,Baylor,DL,4,0.8904,477,2024,HighSchool
5146781,109174,Xavier Gayten,Mississippi State,RB,4,0.8904,478,2024,HighSchool
5088809,109175,Makai Saina,USC,IOL,4,0.8903,479,2024,HighSchool
5149215,109176,Wyatt Gilmore,Oklahoma,DL,4,0.8903,480,2024,HighSchool
5079585,109181,Jordan Ross,Colorado State,WR,3,0.89,481,2024,HighSchool
5218514,109179,Jack Larsen,Notre Dame,TE,3,0.89,481,2024,HighSchool
5079608,109178,Champ Thompson,Clemson,DL,3,0.89,481,2024,HighSchool
5127899,109182,Terrance Hibbler Jr.,Mississippi State,DL,3,0.89,481,2024,HighSchool
5079403,109177,Camdon Frier,Florida State,WR,3,0.89,481,2024,HighSchool
,109180,Eli Bowen,Oklahoma,CB,3,0.89,481,2024,HighSchool
5136784,109183,Francis Brewu,Pittsburgh,DL,3,0.89,481,2024,HighSchool
5218907,109184,Luke Harpring,Georgia Tech,TE,3,0.89,488,2024,HighSchool
,109185,Cameron Jones,UCLA,RB,3,0.8896,489,2024,HighSchool
5110452,109186,Paul Mencke Jr.,Washington,S,3,0.8896,490,2024,HighSchool
,109187,Gerard Johnson III,Virginia Tech,EDGE,3,0.8895,491,2024,HighSchool
5132631,109189,Cam Pruitt,Miami,S,3,0.8894,492,2024,HighSchool
5079650,109188,DeJuan Williams,Maryland,RB,3,0.8894,492,2024,HighSchool
5145122,109191,Bodie Kahoun,Notre Dame,LB,3,0.8892,494,2024,HighSchool
5084662,109190,Mekhai White,Maryland,ATH,3,0.8892,494,2024,HighSchool
5147367,109194,Joseph McVay,Vanderbilt,WR,3,0.8886,496,2024,HighSchool
5079504,109192,Alex January,Texas,DL,3,0.8886,496,2024,HighSchool
5135202,109193,Tristan Jernigan,Texas A&M,LB,3,0.8886,496,2024,HighSchool
5147184,109195,Devondre McGee,TCU,CB,3,0.8885,499,2024,HighSchool
5126567,237882,Blake Franks,South Carolina,OT,3,0.8883,500,2024,HighSchool
5079613,109197,Emmett Mosley V,Stanford,WR,3,0.8883,500,2024,HighSchool
5079692,237883,Jason Robinson Jr.,Washington,WR,3,0.8883,500,2024,HighSchool
5079405,109198,Stacy Gage,UCF,RB,3,0.8883,500,2024,HighSchool
,109196,Naki Tuakoi,BYU,EDGE,3,0.8883,500,2024,HighSchool
5123048,109199,Jason Patterson,Kentucky,RB,3,0.8881,505,2024,HighSchool
5147354,109200,PJ Woodland,LSU,CB,3,0.888,506,2024,HighSchool
5141800,109201,Isaia Faga,Alabama,DL,3,0.8879,507,2024,HighSchool
5079594,109205,Eddy Smith,Texas Tech,DL,3,0.8878,508,2024,HighSchool
5125596,109209,Andrew Rosinski,North Carolina,OT,3,0.8878,508,2024,HighSchool
5110448,109207,Johann Cardenas,Vanderbilt,RB,3,0.8878,508,2024,HighSchool
5079552,109203,Nate Palmer,TCU,RB,3,0.8878,508,2024,HighSchool
5119869,109208,Justin Okoronkwo,Alabama,LB,3,0.8878,508,2024,HighSchool
5147231,109206,Josh Lair,Baylor,S,3,0.8878,508,2024,HighSchool
5086393,109204,J'Koby Williams,Texas Tech,RB,3,0.8878,508,2024,HighSchool
5079452,109202,Jake Guarnera,Michigan,IOL,3,0.8878,508,2024,HighSchool
5145453,109210,Jeremiah Melvin,Wake Forest,WR,3,0.8877,516,2024,HighSchool
5079657,109211,Gabe Winowich,Rutgers,ATH,3,0.8877,517,2024,HighSchool
5147201,109216,Jalen Todd,Kansas,CB,3,0.8875,518,2024,HighSchool
5079683,109212,Dante Reno,South Carolina,QB,3,0.8875,518,2024,HighSchool
5127033,109215,Emmett Laws,Virginia Tech,DL,3,0.8875,518,2024,HighSchool
5079579,109214,Cameron Lindsey,Pittsburgh,LB,3,0.8875,518,2024,HighSchool
5079468,109213,Davion Gause,North Carolina,RB,3,0.8875,518,2024,HighSchool
5122887,109217,Luke Moga,Oregon,QB,3,0.8875,518,2024,HighSchool
5079527,109218,Daniel James,Cincinnati,CB,3,0.8873,524,2024,HighSchool
5079749,109219,Yasin Willis,Syracuse,RB,3,0.8872,525,2024,HighSchool
5079325,109222,Jamir Benjamin,UCLA,CB,3,0.8869,526,2024,HighSchool
5079349,109221,Isaac Brown,Louisville,RB,3,0.8869,526,2024,HighSchool
5079563,109223,Josh Philostin,Indiana,CB,3,0.8869,526,2024,HighSchool
5146748,109220,Tre' Griffiths,Oklahoma State,WR,3,0.8869,526,2024,HighSchool
5146728,109230,Koby Young,Houston,WR,3,0.8867,530,2024,HighSchool
5079448,109225,Tysean Griffin,Illinois,ATH,3,0.8867,530,2024,HighSchool
5146165,109226,Sean Sevillano Jr.,Notre Dame,DL,3,0.8867,530,2024,HighSchool
5083703,109228,Jarvis Boatwright Jr.,USC,S,3,0.8867,530,2024,HighSchool
5079514,109227,Derek Jensen,Wisconsin,IOL,3,0.8867,530,2024,HighSchool
5110458,109229,Justin Tauanuu,USC,IOL,3,0.8867,530,2024,HighSchool
5079402,109224,Tyseer Denmark,Penn State,WR,3,0.8867,530,2024,HighSchool
5109866,109231,Cameron Keys,Missouri,CB,3,0.8864,537,2024,HighSchool
5146846,109232,Chima Chineke,Iowa,DL,3,0.8862,538,2024,HighSchool
5127804,109233,Marcus Goree Jr.,Tennessee,CB,3,0.8861,539,2024,HighSchool
5147234,109235,Oliver Miles III,Texas Tech,S,3,0.8861,539,2024,HighSchool
5146747,109234,Javarius Green,North Carolina,WR,3,0.8861,539,2024,HighSchool
5079634,109237,A.J. Pugliano,Oregon,TE,3,0.8858,542,2024,HighSchool
5086138,109239,Dylan Tapley,Arizona,ATH,3,0.8858,542,2024,HighSchool
5079700,109238,Ben Roebuck,Michigan,OT,3,0.8858,542,2024,HighSchool
5079441,109236,Debron Gatling,South Carolina,WR,3,0.8858,542,2024,HighSchool
5218988,109240,JoJo Stone,Louisville,WR,3,0.8858,542,2024,HighSchool
5079293,109241,Kyle Altuner,West Virginia,IOL,3,0.8857,547,2024,HighSchool
5125969,109242,Aba Selm,Kentucky,IOL,3,0.8855,548,2024,HighSchool
5219514,109247,Maealiuaki Smith,Oklahoma State,QB,3,0.8853,549,2024,HighSchool
5145556,109248,Marquise Thorpe-Taylor,UCLA,OT,3,0.8853,549,2024,HighSchool
5147351,109250,Anthony Robinson III,Ole Miss,ATH,3,0.8853,549,2024,HighSchool
5138654,109252,Josiah Davis,Florida,S,3,0.8853,549,2024,HighSchool
5079501,109254,Zycarl Lewis,Tulane,WR,3,0.8853,549,2024,HighSchool
5079616,109253,Jason Mitchell,San Diego State,S,3,0.8853,549,2024,HighSchool
5147153,109246,Wyatt Simmons,Arkansas,LB,3,0.8853,549,2024,HighSchool
5079343,257324,Rahshawn Clark,Washington,S,3,0.8853,549,2024,HighSchool
5126540,109249,Robby Martin,NC State,IOL,3,0.8853,549,2024,HighSchool
5079437,109243,Fred Gaskin III,South Florida,S,3,0.8853,549,2024,HighSchool
5102980,109245,Jacorey Whitted,Mississippi State,TE,3,0.8853,549,2024,HighSchool
5079636,109244,Dominic Nichols,Michigan,EDGE,3,0.8853,549,2024,HighSchool
5146768,109251,Kaedin Massey,Kansas State,OT,3,0.8853,549,2024,HighSchool
5146723,237884,Isaiah McMorris,Nebraska,WR,3,0.8853,549,2024,HighSchool
5132628,109256,DJ Barber,Auburn,LB,3,0.885,563,2024,HighSchool
5127046,109255,Ashton Woods,North Carolina,LB,3,0.885,563,2024,HighSchool
5079765,109257,Jahsear Whittington,Pittsburgh,DL,3,0.8849,565,2024,HighSchool
5079456,109258,Kari Jackson,Penn State,LB,3,0.8848,566,2024,HighSchool
5147221,109261,Malik Esquerra,Texas Tech,S,3,0.8844,567,2024,HighSchool
5079546,109259,Micah Ka'apana,Michigan,RB,3,0.8844,567,2024,HighSchool
,109260,Adam Kissayi,Clemson,EDGE,3,0.8844,567,2024,HighSchool
5126569,109262,Joseph Ionata,Alabama,IOL,3,0.8844,570,2024,HighSchool
5124584,109267,Blake Barnett,Kansas State,QB,3,0.8842,571,2024,HighSchool
5127041,109269,Vincent Shavers Jr.,Nebraska,LB,3,0.8842,571,2024,HighSchool
5079746,109266,Eddie Tuerk,Illinois,DL,3,0.8842,571,2024,HighSchool
5079755,109264,Kenny Woseley Jr.,Penn State,CB,3,0.8842,571,2024,HighSchool
5136837,109268,John Wayne Oliver,Ole Miss,OT,3,0.8842,571,2024,HighSchool
5079427,109265,Sincere Edwards,Pittsburgh,DL,3,0.8842,571,2024,HighSchool
,109263,Hunter Moddon,,ATH,3,0.8842,571,2024,HighSchool
5079534,109270,De'Myrion Johnson,LSU,DL,3,0.884,578,2024,HighSchool
5079674,109271,Navarro Schunke,Kansas State,IOL,3,0.8839,579,2024,HighSchool
5193580,109272,Cameron Dickey,Texas Tech,ATH,3,0.8838,580,2024,HighSchool
5218765,109274,Isaiah Dent,Oklahoma,OT,3,0.8836,581,2024,HighSchool
5138042,109278,Zechariah Sample,Arizona State,WR,3,0.8836,581,2024,HighSchool
5219149,109279,Chris Johnson II,Arizona State,CB,3,0.8836,581,2024,HighSchool
5130565,109281,Keyshawn Flowers,Maryland,LB,3,0.8836,581,2024,HighSchool
5079417,109273,Channing Goodwin,Michigan,WR,3,0.8836,581,2024,HighSchool
5147148,109280,Justin Logan,Arkansas,LB,3,0.8836,581,2024,HighSchool
5146836,109277,Clinton Richard,Wake Forest,IOL,3,0.8836,581,2024,HighSchool
5084905,109275,Jaylan Hornsby,Syracuse,WR,3,0.8836,581,2024,HighSchool
5143220,109276,Eagan Boyer,Penn State,OT,3,0.8836,581,2024,HighSchool
5079498,109282,Kevin Levy,Rutgers,ATH,3,0.8835,590,2024,HighSchool
5126513,109283,Duke Scott,NC State,RB,3,0.8834,591,2024,HighSchool
5127726,109285,Braylon Conley,USC,CB,3,0.8833,592,2024,HighSchool
5079316,109284,Asaad Brown Jr.,NC State,CB,3,0.8833,592,2024,HighSchool
5101128,109287,Edrees Farooq,Tennessee,S,3,0.8833,592,2024,HighSchool
5147145,109286,Khmori House,Washington,LB,3,0.8833,592,2024,HighSchool
5128062,109290,Kai Greer,Georgia Tech,IOL,3,0.8833,592,2024,HighSchool
5139100,109289,Tony-Louis Nkuba,Arizona State,CB,3,0.8833,592,2024,HighSchool
5146786,109291,Ryan Howerton,Maryland,OT,3,0.8833,592,2024,HighSchool
5225510,109292,James Randle,Western Carolina,WR,3,0.8833,592,2024,HighSchool
5126572,109288,Ronan O'Connell,Clemson,IOL,3,0.8833,592,2024,HighSchool
5144446,109293,Josaiah Knight,Mississippi State,EDGE,3,0.8833,601,2024,HighSchool
5148315,109294,Joseph Dodds,Baylor,RB,3,0.8831,602,2024,HighSchool
5142240,109299,Caleb Brewer,Penn State,ATH,3,0.8828,603,2024,HighSchool
5079512,109297,Damani Maxson,Kansas,S,3,0.8828,603,2024,HighSchool
5146848,109298,Anelu Lafaele,Wisconsin,EDGE,3,0.8828,603,2024,HighSchool
5079359,109302,T.A. Cunningham,Penn State,DL,3,0.8828,603,2024,HighSchool
5079622,109301,Tovani Mizell,Kentucky,RB,3,0.8828,603,2024,HighSchool
5148821,109300,Hunter Andrews,Utah,ATH,3,0.8828,603,2024,HighSchool
5079604,109295,Isaiah Marshall,Kansas,QB,3,0.8828,603,2024,HighSchool
,109296,Ka'Davion Dotson-Walker,SMU,S,3,0.8828,603,2024,HighSchool
5219248,109303,Charlie Hoitink,Stanford,IOL,3,0.8826,611,2024,HighSchool
5219069,109307,Keona Davis,Nebraska,DL,3,0.8825,612,2024,HighSchool
5079371,109304,Chris Davis Jr.,Stanford,RB,3,0.8825,612,2024,HighSchool
5146757,109306,Zacharyus Williams,Utah,WR,3,0.8825,612,2024,HighSchool
5142692,109305,Isaiah Thomas,Miami,S,3,0.8825,612,2024,HighSchool
5126570,109309,Bodey McCaslin,Iowa,OT,3,0.8822,616,2024,HighSchool
5125467,109310,Sam Robinson,Rutgers,LB,3,0.8822,616,2024,HighSchool
,109308,Eric Brantley Jr.,Colorado,DL,3,0.8822,616,2024,HighSchool
5113089,109315,Khayree Lee Jr.,LSU,IOL,3,0.8819,619,2024,HighSchool
5079449,109312,Andrew Hines III,Wake Forest,LB,3,0.8819,619,2024,HighSchool
5083369,109314,Taebron Bennie-Powell,Notre Dame,ATH,3,0.8819,619,2024,HighSchool
5079623,109313,Christian Peterson,UCF,S,3,0.8819,619,2024,HighSchool
5122390,109316,KJ Daniels,Oklahoma,WR,3,0.8819,619,2024,HighSchool
5141395,109311,EJ Colson,UCF,QB,3,0.8819,619,2024,HighSchool
5147970,109317,Jaren Sensabaugh,Missouri,CB,3,0.8819,625,2024,HighSchool
5155872,109318,JayShon Ridgle,Houston,ATH,3,0.8819,626,2024,HighSchool
5142754,109319,Jeremias Heard,Tennessee,DL,3,0.8819,627,2024,HighSchool
5127738,109321,Ashton Hampton,Clemson,S,3,0.8817,628,2024,HighSchool
5132633,109320,Gage Ginther,Tennessee,IOL,3,0.8817,628,2024,HighSchool
5146828,109322,Brett Carroll,Minnesota,IOL,3,0.8814,630,2024,HighSchool
5147366,109334,Jiquavious Marshall,Kentucky,ATH,3,0.8811,631,2024,HighSchool
5146917,109332,Marcus Downs,UCF,DL,3,0.8811,631,2024,HighSchool
5147344,109330,Tyson Turner,Texas Tech,ATH,3,0.8811,631,2024,HighSchool
5085107,109328,Karson Hobbs,Notre Dame,CB,3,0.8811,631,2024,HighSchool
5079305,109323,Rodney Bimage Jr.,Arizona State,CB,3,0.8811,631,2024,HighSchool
5126464,109326,Deuce Adams,Louisville,QB,3,0.8811,631,2024,HighSchool
5146827,109329,Ziron Brown,Stanford,IOL,3,0.8811,631,2024,HighSchool
5142238,109331,Tyler Mason,Virginia Tech,RB,3,0.8811,631,2024,HighSchool
5084893,109333,Dozie Ezukanma,TCU,WR,3,0.8811,631,2024,HighSchool
5127736,109325,Landyn Cleveland,Oklahoma State,S,3,0.8811,631,2024,HighSchool
5127733,109327,Jalon Thompson,North Carolina,S,3,0.8811,631,2024,HighSchool
5083700,109324,Caleb Benning,Nebraska,ATH,3,0.8811,631,2024,HighSchool
5110020,109335,Kennedy Urlacher,Notre Dame,S,3,0.8808,643,2024,HighSchool
5130409,109336,Colton Heinrich,Georgia,TE,3,0.8808,643,2024,HighSchool
5146746,109337,Jayden Fortier,Arizona State,TE,3,0.8806,645,2024,HighSchool
,109340,Cam'Ron Warren,Charlotte,OT,3,0.8803,646,2024,HighSchool
5079525,109343,Willis McGahee IV,Nebraska,EDGE,3,0.8803,646,2024,HighSchool
5122448,109342,JB Price,Kansas State,RB,3,0.8803,646,2024,HighSchool
5079500,109339,Bryan Jackson II,USC,ATH,3,0.8803,646,2024,HighSchool
5147475,109344,Aidan Glover,Missouri,QB,3,0.8803,646,2024,HighSchool
5121030,109341,Jeremy Hecklinski,Wake Forest,QB,3,0.8803,646,2024,HighSchool
5079328,109338,BJ Canady,California,DL,3,0.8803,646,2024,HighSchool
5086450,109347,Brandon Rehmann,West Virginia,WR,3,0.88,653,2024,HighSchool
5194309,237886,Mekhi Anderson,UTSA,WR,3,0.88,653,2024,HighSchool
5079641,109345,Lamar Radcliffe,San José State,ATH,3,0.88,653,2024,HighSchool
5223167,109350,Will Henderson III,UTSA,RB,3,0.88,653,2024,HighSchool
5226674,109346,Willy Love,Monmouth,ATH,3,0.88,653,2024,HighSchool
,237885,Jett Zabel,North Dakota State,TE,3,0.88,653,2024,HighSchool
,109348,Brayshon Williams,,S,3,0.88,653,2024,HighSchool
,109349,Jacob Arop,South Dakota,OT,3,0.88,653,2024,HighSchool
,237887,Lukus McDaniels,Southern Illinois,ATH,3,0.88,653,2024,HighSchool
,109353,Davis Andrews,Utah,S,3,0.8797,662,2024,HighSchool
5147342,109354,Cam Clark,Ole Miss,ATH,3,0.8797,662,2024,HighSchool
5079637,109351,Gibson Pyle,Nebraska,IOL,3,0.8797,662,2024,HighSchool
5079649,109352,Jakhari Williams,Syracuse,QB,3,0.8797,662,2024,HighSchool
5080546,109358,Daniel Akinkunmi,Oklahoma,IOL,3,0.8794,666,2024,HighSchool
5220774,109361,Rob Booker II,Wisconsin,TE,3,0.8794,666,2024,HighSchool
5104279,109362,Kavion Broussard,Ole Miss,OT,3,0.8794,666,2024,HighSchool
5126515,109356,Sam Dixon,Ohio State,ATH,3,0.8794,666,2024,HighSchool
5147405,109365,Andy Bass,Oklahoma,ATH,3,0.8794,666,2024,HighSchool
5079627,109355,Jadon Porter,Baylor,WR,3,0.8794,666,2024,HighSchool
5147238,109360,Marqavious Saboor,Cincinnati,S,3,0.8794,666,2024,HighSchool
5079355,109357,Colin Cubberly,Wisconsin,IOL,3,0.8794,666,2024,HighSchool
5089326,109359,Kaleb Harris,Auburn,S,3,0.8794,666,2024,HighSchool
5139101,109364,Obinna Onwuka,West Virginia,EDGE,3,0.8794,666,2024,HighSchool
5218650,109363,Jeremy St-Hilaire,Vanderbilt,QB,3,0.8794,666,2024,HighSchool
5146859,109366,Herb Gray,Tennessee,DL,3,0.8793,677,2024,HighSchool
5079675,109367,Xavier Porter,Louisville,DL,3,0.8792,678,2024,HighSchool
5079756,109368,David Washington,Utah,WR,3,0.8792,678,2024,HighSchool
5218964,109371,Julian Johnson,Minnesota,ATH,3,0.8789,680,2024,HighSchool
5220776,109369,Ryan Cory,Wisconsin,IOL,3,0.8789,680,2024,HighSchool
5146880,109370,Amontrae Bradford,Georgia Tech,EDGE,3,0.8789,680,2024,HighSchool
5142279,109373,D'Mon Marable,Purdue,S,3,0.8789,680,2024,HighSchool
5146575,109372,Graham Knowles,Georgia Tech,QB,3,0.8789,680,2024,HighSchool
5130411,109384,Melvin Hills III,Texas,DL,3,0.8786,685,2024,HighSchool
5218663,109378,Boski Barrett,Vanderbilt,ATH,3,0.8786,685,2024,HighSchool
5147155,109381,Devin Smith,Kentucky,LB,3,0.8786,685,2024,HighSchool
5084904,109379,Josh Jackson,UAB,WR,3,0.8786,685,2024,HighSchool
5079545,109376,Earl Kulp,Purdue,CB,3,0.8786,685,2024,HighSchool
5145120,109385,Jeilani Davis,Utah,S,3,0.8786,685,2024,HighSchool
5079486,109383,Zy'marion Lang,Toledo,WR,3,0.8786,685,2024,HighSchool
5126514,109375,Harry Stewart III,Kansas,RB,3,0.8786,685,2024,HighSchool
5126474,109374,Danny O'Neil,San Diego State,QB,3,0.8786,685,2024,HighSchool
5142800,109386,Cole Mullins,Notre Dame,EDGE,3,0.8786,685,2024,HighSchool
5135217,109382,Marc Nave Jr.,Kentucky,IOL,3,0.8786,685,2024,HighSchool
5146739,109380,Tra'Mar Harris,Purdue,WR,3,0.8786,685,2024,HighSchool
5079595,109377,Jeremiah Marcelin,Pittsburgh,LB,3,0.8786,685,2024,HighSchool
5192958,109387,Dominic Overby,Iowa State,WR,3,0.8784,698,2024,HighSchool
5227018,109388,Mekhi Nelson,Nebraska,RB,3,0.8783,699,2024,HighSchool
,109390,Devoux Tuataga,BYU,EDGE,3,0.8783,700,2024,HighSchool
5107875,109389,Cole Tabb,Stanford,RB,3,0.8783,700,2024,HighSchool
5110100,109391,Judd Anderson,Miami,QB,3,0.8783,702,2024,HighSchool
5110101,109393,EJ Caminong,California,QB,3,0.8781,703,2024,HighSchool
5126471,109392,Daniel Kaelin,Nebraska,QB,3,0.8781,703,2024,HighSchool
5079455,109396,Josh Flowers,Arkansas State,QB,3,0.8778,705,2024,HighSchool
5079471,109395,CJ Heard,Florida Atlantic,S,3,0.8778,705,2024,HighSchool
5139664,109398,Jayden Parrish,Florida State,LB,3,0.8778,705,2024,HighSchool
5079581,109397,Jameson Riggs,Georgia Tech,IOL,3,0.8778,705,2024,HighSchool
5146793,109400,Favour Edwin,Auburn,OT,3,0.8778,705,2024,HighSchool
5126526,237888,Malachi Durant,Oregon State,WR,3,0.8778,705,2024,HighSchool
5146711,109399,Da'Jaun Riggs,Oregon,RB,3,0.8778,705,2024,HighSchool
5122554,109394,Xavier Robinson,Oklahoma,RB,3,0.8778,705,2024,HighSchool
5114594,109401,Brycen Coleman,Vanderbilt,TE,3,0.8776,713,2024,HighSchool
5079582,109403,Nicholas Rodriguez,Missouri,LB,3,0.8775,714,2024,HighSchool
5155871,109404,Mykel Patterson-McDonald,Oklahoma,S,3,0.8775,714,2024,HighSchool
5126527,109402,Ian Flynt,Nebraska,TE,3,0.8775,714,2024,HighSchool
5127000,109406,D'Nas White,Florida State,DL,3,0.8772,717,2024,HighSchool
5079351,109405,Caden Brown,Syracuse,EDGE,3,0.8772,717,2024,HighSchool
5079684,109407,James Resar,Iowa,ATH,3,0.8772,717,2024,HighSchool
5144960,109417,Teddy Rezac,Notre Dame,ATH,3,0.8769,720,2024,HighSchool
5142262,109418,Dylan Day,Miami,S,3,0.8769,720,2024,HighSchool
5119602,109412,Holton Hendrix,Texas Tech,IOL,3,0.8769,720,2024,HighSchool
5125302,109413,Ahmad Breaux,LSU,DL,3,0.8769,720,2024,HighSchool
5147172,109416,Jay Harper,Wisconsin,CB,3,0.8769,720,2024,HighSchool
5079412,109408,Traevon Dunbar,West Virginia,RB,3,0.8769,720,2024,HighSchool
5110457,109410,Kris Wokomah,Baylor,S,3,0.8769,720,2024,HighSchool
5145739,109411,Isaiah Patterson,UCLA,LB,3,0.8769,720,2024,HighSchool
5141026,109415,Antoine Belgrave-Shorter,Penn State,CB,3,0.8769,720,2024,HighSchool
5147230,109409,LaVonte Johnson,Rice,S,3,0.8769,720,2024,HighSchool
5147055,109419,Carlos Mitchell Jr.,Western Michigan,ATH,3,0.8769,720,2024,HighSchool
5146785,109414,Tye Hylton,Florida State,IOL,3,0.8769,720,2024,HighSchool
5079307,109421,Kobe Boykin,Jackson State,ATH,3,0.8767,732,2024,HighSchool
,109420,Deshon Dodson,,DL,3,0.8767,732,2024,HighSchool
5127743,109422,Kyan McDonald,Arizona State,S,3,0.8764,734,2024,HighSchool
5079429,109424,Gavin Grover,Cincinnati,TE,3,0.8764,734,2024,HighSchool
5110456,109423,Kahmir Prescott,Nebraska,S,3,0.8764,734,2024,HighSchool
5149824,109425,Quay'sheed Scott,Kentucky,S,3,0.8762,737,2024,HighSchool
,109434,Tyreek'e Robinson,,DL,3,0.8761,738,2024,HighSchool
5146772,109427,Aidan Lynch,Virginia Tech,OT,3,0.8761,738,2024,HighSchool
,109426,Elijah Baesa,,WR,3,0.8761,738,2024,HighSchool
,109428,Christian Peterson,,CB,3,0.8761,738,2024,HighSchool
5108225,109429,Josiah Martin,California,WR,3,0.8761,738,2024,HighSchool
5146424,109436,Deryc Plazz,Miami,IOL,3,0.8761,738,2024,HighSchool
5146873,109433,Damarrion White,Fresno State,EDGE,3,0.8761,738,2024,HighSchool
5146797,109430,Mercer Luniewski,Michigan State,OT,3,0.8761,738,2024,HighSchool
5146163,109435,Rahji Dennis,Louisiana,WR,3,0.8761,738,2024,HighSchool
5141952,109431,Landon Gauthier,Wisconsin,LB,3,0.8761,738,2024,HighSchool
5147196,109432,Curtis Simpson,North Carolina,EDGE,3,0.8761,738,2024,HighSchool
5145293,109437,Payton Stewart,Michigan State,OT,3,0.8759,749,2024,HighSchool
5146422,109442,Xavier Gilliam,Penn State,EDGE,3,0.8758,750,2024,HighSchool
5143034,109439,Peter Pesansky,North Carolina,DL,3,0.8758,750,2024,HighSchool
5146893,109441,Cole McConathy II,Miami,EDGE,3,0.8758,750,2024,HighSchool
,109440,Keenan Jackson,NC State,WR,3,0.8758,750,2024,HighSchool
,109438,Damian Thompson,,S,3,0.8758,750,2024,HighSchool
5079416,109443,Khristian Dunbar-Hawkins,UCLA,S,3,0.8758,750,2024,HighSchool
5142135,109444,Mo Saine,Minnesota,DL,3,0.8757,756,2024,HighSchool
5146809,109446,Jaylin Lackey,Vanderbilt,CB,3,0.8756,757,2024,HighSchool
5146719,109445,CJ Brown,Arkansas,WR,3,0.8756,757,2024,HighSchool
5146895,109448,Nnamdi Ogboko,Georgia,DL,3,0.8756,757,2024,HighSchool
5146888,109447,Ratumana Bulabalavu,USC,DL,3,0.8756,757,2024,HighSchool
5079434,109449,Dinellson Exume,South Florida,DL,3,0.8753,761,2024,HighSchool
5146887,109450,Michai Boireau,Florida,DL,3,0.8753,761,2024,HighSchool
5079750,109451,Mason Wade,Clemson,OT,3,0.8753,761,2024,HighSchool
5147165,109452,Bernard Causey III,LSU,CB,3,0.8753,761,2024,HighSchool
5147383,109453,Ahkhari Johnson,Arkansas,ATH,3,0.8753,761,2024,HighSchool
,109454,Kayvion Sibley,,RB,3,0.8753,761,2024,HighSchool
5146753,109455,Shamar Rigby,Purdue,WR,3,0.8753,761,2024,HighSchool
5139095,109460,Drew Campbell,Iowa,EDGE,3,0.875,768,2024,HighSchool
,109462,Noah Onyia,Nicholls,TE,3,0.875,768,2024,HighSchool
,109458,Jamarquis Johnson,,WR,3,0.875,768,2024,HighSchool
5142319,109456,Kyan Berry-Johnson,Wisconsin,WR,3,0.875,768,2024,HighSchool
5083371,109461,Davi Belfort,Virginia Tech,QB,3,0.875,768,2024,HighSchool
5142261,109459,Brevin Doll,Iowa,RB,3,0.875,768,2024,HighSchool
5079491,109463,Zavier Hamilton,South Florida,LB,3,0.875,768,2024,HighSchool
5084897,109457,Peter Gonzalez,Penn State,WR,3,0.875,768,2024,HighSchool
5086097,109468,Jaheim Merriweather,Purdue,ATH,3,0.8747,776,2024,HighSchool
5128064,109465,Deyvid Palepale,Michigan,DL,3,0.8747,776,2024,HighSchool
5147051,109469,Raphael Dunn,Wisconsin,S,3,0.8747,776,2024,HighSchool
5149496,109464,Ashton Hampton,Texas Tech,S,3,0.8747,776,2024,HighSchool
5156033,109467,Wesley Harvey,TCU,OT,3,0.8747,776,2024,HighSchool
5141971,109471,Justin Denson Jr.,Michigan State,CB,3,0.8747,776,2024,HighSchool
5146834,109466,Zuri Madison,Arkansas,IOL,3,0.8747,776,2024,HighSchool
5079509,109470,Rodney Hill,South Florida,LB,3,0.8747,776,2024,HighSchool
5219085,109476,Smiley Bradford,Purdue,S,3,0.8744,784,2024,HighSchool
5079626,109474,Micah Welch,Colorado,RB,3,0.8744,784,2024,HighSchool
5147170,109479,Teddy Foster,Florida,CB,3,0.8744,784,2024,HighSchool
5147166,109482,Kyren Condoll,Duke,CB,3,0.8744,784,2024,HighSchool
5079431,109472,Wallace Foster IV,LSU,CB,3,0.8744,784,2024,HighSchool
5167937,109473,Devyn Hidrogo,TCU,S,3,0.8744,784,2024,HighSchool
5126291,109481,Camden Hardy,Wake Forest,EDGE,3,0.8744,784,2024,HighSchool
5126475,109475,Trey Petty,Illinois,QB,3,0.8744,784,2024,HighSchool
5127723,109478,Isaiah Buxton,San Diego State,S,3,0.8744,784,2024,HighSchool
5142321,109485,Chris Wheatley-Humphrey,Miami,RB,3,0.8744,784,2024,HighSchool
5102582,109487,Landon Bell,Colorado State,ATH,3,0.8744,784,2024,HighSchool
5226976,109486,OJ Frederique Jr.,Miami,CB,3,0.8744,784,2024,HighSchool
5146740,109483,Cooper Alexander,Iowa State,TE,3,0.8744,784,2024,HighSchool
,109480,Audric Harris,,WR,3,0.8744,784,2024,HighSchool
5146687,109477,Trey Horne,Georgia Tech,ATH,3,0.8744,784,2024,HighSchool
,109484,Keelan Smith,Nebraska,TE,3,0.8744,784,2024,HighSchool
5146856,109488,Eric Mensah,Ohio State,DL,3,0.8742,800,2024,HighSchool
5147347,109492,Austyn Dendy,Missouri,ATH,3,0.8739,801,2024,HighSchool
5147933,109498,Rickey Williams,West Virginia,LB,3,0.8739,801,2024,HighSchool
5144962,237890,Jalen Smith,Minnesota,WR,3,0.8739,801,2024,HighSchool
5127028,109495,Jordan Boyd,Georgia Tech,LB,3,0.8739,801,2024,HighSchool
5149252,109500,Maxwell Richardson,Stanford,LB,3,0.8739,801,2024,HighSchool
5146896,109499,Kobe Smith,Duke,EDGE,3,0.8739,801,2024,HighSchool
5147187,109493,Joshua Ofor,NC State,LB,3,0.8739,801,2024,HighSchool
5209945,109501,Antwan Raymond,Rutgers,RB,3,0.8739,801,2024,HighSchool
5193692,109491,Kinilau Fonohema,BYU,EDGE,3,0.8739,801,2024,HighSchool
5138638,109497,Jake Stonebraker,Kansas State,ATH,3,0.8739,801,2024,HighSchool
5146952,109496,Demetrius John,Illinois,DL,3,0.8739,801,2024,HighSchool
5140260,109490,Jesse Perry,Tennessee,OT,3,0.8739,801,2024,HighSchool
5179115,237891,Katrevrick Banks,Ole Miss,S,3,0.8739,801,2024,HighSchool
5146754,237889,Jacob Simpson,Minnesota,TE,3,0.8739,801,2024,HighSchool
5146736,109489,Sanfrisco Magee,Mississippi State,WR,3,0.8739,801,2024,HighSchool
5084702,109494,Brooklyn Cheek,California,S,3,0.8739,801,2024,HighSchool
5146773,109508,Caleb Pyfrom,Missouri,IOL,3,0.8736,817,2024,HighSchool
5079292,109502,Jaden Allen,Arkansas,CB,3,0.8736,817,2024,HighSchool
5144409,109507,Dorian Williams,Ohio State,WR,3,0.8736,817,2024,HighSchool
5079614,109505,Riley Trujillo,UCF,QB,3,0.8736,817,2024,HighSchool
,109506,Nasir Smith,Georgia Southern,DL,3,0.8736,817,2024,HighSchool
,109504,Tre McLeod,Charlotte,RB,3,0.8736,817,2024,HighSchool
,109503,Tevis Metcalf,Arkansas,CB,3,0.8736,817,2024,HighSchool
5146727,109509,Josh Smith,Tulsa,WR,3,0.8733,824,2024,HighSchool
5079373,109510,Decker DeGraaf,Washington,TE,3,0.8733,824,2024,HighSchool
5218739,109512,Dayday Aupiu,California,S,3,0.8731,826,2024,HighSchool
5124964,109521,Landan Callahan,Duke,ATH,3,0.8731,826,2024,HighSchool
5147379,109520,Sire Gaines,Boise State,ATH,3,0.8731,826,2024,HighSchool
5142264,109523,Jay Lindsey,Alabama,TE,3,0.8731,826,2024,HighSchool
5147736,109515,Brendan Zurbrugg,Oklahoma,QB,3,0.8731,826,2024,HighSchool
5079547,109513,Dimitry Nicolas,Maryland,DL,3,0.8731,826,2024,HighSchool
5146670,109519,Alessio Milivojevic,Michigan State,QB,3,0.8731,826,2024,HighSchool
5146891,109522,JJ Hammonds,Miami (OH),EDGE,3,0.8731,826,2024,HighSchool
5079538,109514,Kenyan Kelly,UTSA,S,3,0.8731,826,2024,HighSchool
5086379,109517,Brandon Hood,Colorado,RB,3,0.8731,826,2024,HighSchool
5134880,109518,Fatt Forrest,Mississippi State,LB,3,0.8731,826,2024,HighSchool
5138342,109516,Joshua Clarke,Virginia Tech,ATH,3,0.8731,826,2024,HighSchool
5132643,109524,Kale Woodburn,Cincinnati,WR,3,0.8731,826,2024,HighSchool
,109511,Turran Williams,Arizona,S,3,0.8731,826,2024,HighSchool
5221039,109525,Kalolo Ta'aga,USC,OT,3,0.8731,826,2024,HighSchool
5171365,109531,QB Reese,Alabama,LB,3,0.8728,841,2024,HighSchool
5132812,109527,Aaron Philo,Georgia Tech,QB,3,0.8728,841,2024,HighSchool
5136838,109530,Willie Rodriguez,Kentucky,TE,3,0.8728,841,2024,HighSchool
,109533,Matt Mayfield,Mississippi State,WR,3,0.8728,841,2024,HighSchool
5146974,109528,Josh Alexander-Felton,NC State,DL,3,0.8728,841,2024,HighSchool
,109526,Favour Awodoyin,Stephen F. Austin,EDGE,3,0.8728,841,2024,HighSchool
5176115,109534,Leroy Roker III,Ohio State,S,3,0.8728,841,2024,HighSchool
5158244,109532,Jackson Hancock,Missouri,ATH,3,0.8728,841,2024,HighSchool
5147194,109529,Amare Sanders,Nebraska,CB,3,0.8728,841,2024,HighSchool
5146779,109535,Trent Mitchell,NC State,OT,3,0.8728,850,2024,HighSchool
,109536,Terrence Kiel Jr.,,ATH,3,0.8726,851,2024,HighSchool
5146909,109537,Jamari Payne,Purdue,DL,3,0.8725,852,2024,HighSchool
5146718,109538,Exodus Ayers,Oregon State,ATH,3,0.8725,852,2024,HighSchool
5146825,109546,Gemyel Allen,Duke,IOL,3,0.8722,854,2024,HighSchool
5146861,109545,Caleb Redd,Kentucky,EDGE,3,0.8722,854,2024,HighSchool
5142259,109539,Caleb Hackleman,Oklahoma State,IOL,3,0.8722,854,2024,HighSchool
5222238,237893,Enoch Wangoy,Florida,OT,3,0.8722,854,2024,HighSchool
5084299,109541,Brandon Nicholson,Stanford,ATH,3,0.8722,854,2024,HighSchool
5127043,109544,Preston Watson,Duke,DL,3,0.8722,854,2024,HighSchool
5147217,109543,Jason Cross Jr.,West Virginia,S,3,0.8722,854,2024,HighSchool
5079315,237892,Brody Barnhardt,NC State,S,3,0.8722,854,2024,HighSchool
5146901,109540,Uche Iloh,Georgia Tech,DL,3,0.8722,854,2024,HighSchool
5135203,109542,Montay Weedon,Cincinnati,LB,3,0.8722,854,2024,HighSchool
5218897,109548,Carlos Orr-Gillespie,Illinois,WR,3,0.8722,854,2024,HighSchool
,109547,Luke Webb,Oklahoma State,DL,3,0.8722,854,2024,HighSchool
,109557,Ben Grice,Wake Forest,WR,3,0.8719,866,2024,HighSchool
5219099,109549,Caleb Irving,Purdue,DL,3,0.8719,866,2024,HighSchool
5218946,109554,Anthony Reddick,Maryland,EDGE,3,0.8719,866,2024,HighSchool
5143191,109556,Micah Ford,Stanford,RB,3,0.8719,866,2024,HighSchool
5126019,109551,Talan Chandler,Missouri,IOL,3,0.8719,866,2024,HighSchool
5146808,109555,Landen Marshall,Georgia Tech,DL,3,0.8719,866,2024,HighSchool
5146712,109558,Dylan Riley,Boise State,RB,3,0.8719,866,2024,HighSchool
5109274,109552,Dre Kirkpatrick Jr.,Alabama,S,3,0.8719,866,2024,HighSchool
5079615,109553,Willie Nelson,Oklahoma State,S,3,0.8719,866,2024,HighSchool
5221053,109550,Jaylen Boardley,Arkansas State,RB,3,0.8719,866,2024,HighSchool
5193050,109559,Alex Green,Tulsa,WR,3,0.8719,876,2024,HighSchool
5218961,109560,Fame Ijeboi,Minnesota,RB,3,0.8718,877,2024,HighSchool
5144959,109561,Drake Lindsey,Minnesota,QB,3,0.8717,878,2024,HighSchool
5125530,109562,Hudauri Hines,Purdue,CB,3,0.8714,879,2024,HighSchool
5079489,109563,Melvin Laster,UNLV,LB,3,0.8714,879,2024,HighSchool
5126573,109566,Tommy Ricard,Virginia Tech,IOL,3,0.8714,879,2024,HighSchool
5147841,109569,Charles Anderson Jr.,Texas Tech,DL,3,0.8714,879,2024,HighSchool
5124975,109568,Juelz Goff,Pittsburgh,RB,3,0.8714,879,2024,HighSchool
5220893,109565,Elijah Washington-Baker,Syracuse,ATH,3,0.8714,879,2024,HighSchool
5146767,109567,Jordan Floyd,Georgia Tech,OT,3,0.8714,879,2024,HighSchool
,109571,Karsen Konkel,Southern Illinois,TE,3,0.8714,879,2024,HighSchool
5084698,109564,Tashi Braceful,Toledo,WR,3,0.8714,879,2024,HighSchool
5146838,109570,Moritz Schmoranzer,Pittsburgh,IOL,3,0.8714,879,2024,HighSchool
5220007,109572,Tank Boston,NC State,WR,3,0.8712,889,2024,HighSchool
5126469,109574,Brock Jackson,Baylor,EDGE,3,0.8711,890,2024,HighSchool
5155519,109577,Yannick Smith,East Carolina,WR,3,0.8711,890,2024,HighSchool
5126562,109575,Rayquan Bell,Houston,IOL,3,0.8711,890,2024,HighSchool
5085247,109576,Chandlin Myers,Texas Tech,WR,3,0.8711,890,2024,HighSchool
5132627,109573,Crews Law,North Carolina,LB,3,0.8711,890,2024,HighSchool
5125531,109578,Andy Jaffe,Ole Miss,S,3,0.8708,895,2024,HighSchool
5153035,109581,David Coffey,Iowa State,CB,3,0.8708,895,2024,HighSchool
5079722,109580,Jensen Somerville,UCLA,OT,3,0.8708,895,2024,HighSchool
5146831,109579,Kahlil House,Stanford,IOL,3,0.8708,895,2024,HighSchool
5125303,109588,Desmond Jackson,North Carolina,IOL,3,0.8706,899,2024,HighSchool
5228646,109584,Rod Gainey Jr.,Charlotte,RB,3,0.8706,899,2024,HighSchool
5079339,237895,Jayden Bradford,Liberty,QB,3,0.8706,899,2024,HighSchool
5086101,237894,Cameron Monteiro,Pittsburgh,WR,3,0.8706,899,2024,HighSchool
5146868,109587,Jaylin Jones,UTEP,EDGE,3,0.8706,899,2024,HighSchool
5103576,109586,Kasen Long,Texas Tech,IOL,3,0.8706,899,2024,HighSchool
5155864,109583,Julian Dugger,Pittsburgh,QB,3,0.8706,899,2024,HighSchool
5142227,109585,Brandon Booker,SMU,LB,3,0.8706,899,2024,HighSchool
,237896,Joshua Glanz,,OT,3,0.8706,899,2024,HighSchool
,237899,Jo Cryer,LSU,IOL,3,0.8706,899,2024,HighSchool
5136133,237897,TJ Lockhart,Mississippi State,OT,3,0.8706,899,2024,HighSchool
5146878,237898,Lorenzo Cowan,USC,EDGE,3,0.8706,899,2024,HighSchool
5086392,109582,Jamaal Wiley,California,RB,3,0.8706,899,2024,HighSchool
5149009,109591,Kyland Reed,Baylor,LB,3,0.8703,912,2024,HighSchool
5126204,109590,Bradley Smith,Duke,IOL,3,0.8703,912,2024,HighSchool
5145040,109592,Pat Broomfield,Ole Miss,CB,3,0.8703,912,2024,HighSchool
5140190,109593,Jani Norwood,North Carolina,IOL,3,0.8703,912,2024,HighSchool
5167348,109594,Davon Watkins,Maryland,OT,3,0.8703,912,2024,HighSchool
,109589,Marquawn McCraney,Idaho,S,3,0.8703,912,2024,HighSchool
,109597,Marcus Dawson Jr.,Nicholls,S,3,0.87,918,2024,HighSchool
5146907,109600,Zaiden Wallace,Nevada,DL,3,0.87,918,2024,HighSchool
,237901,Jhase McMillan,Montana State,CB,3,0.87,918,2024,HighSchool
,109595,Tim Carpenter,Tulsa,QB,3,0.87,918,2024,HighSchool
5140261,109598,Kason Stokes,UCF,WR,3,0.87,918,2024,HighSchool
5143171,109601,Larry Tarver Jr.,Nebraska,CB,3,0.87,918,2024,HighSchool
5146889,109596,De'Andre Cook,Penn State,DL,3,0.87,918,2024,HighSchool
5223982,237900,Joshua Williams,Chattanooga,WR,3,0.87,918,2024,HighSchool
5146860,109599,Temerrick Johnson,Oklahoma State,EDGE,3,0.87,918,2024,HighSchool
5197158,237902,Malachi James,Syracuse,WR,3,0.87,918,2024,HighSchool
5125076,109608,Evan Bennett,North Carolina,LB,3,0.8697,928,2024,HighSchool
5138132,109606,Corey Smith,Tulsa,WR,3,0.8697,928,2024,HighSchool
5084290,109603,Josh Joyner,Washington State,RB,3,0.8697,928,2024,HighSchool
5082932,109602,Carson Gentle,Tennessee,DL,3,0.8697,928,2024,HighSchool
5146832,109610,Fred Johnson,Louisville,IOL,3,0.8697,928,2024,HighSchool
5081267,109607,Manuel Beigel,Michigan,DL,3,0.8697,928,2024,HighSchool
5146775,109605,David Abajian,Kansas,IOL,3,0.8697,928,2024,HighSchool
5104280,109604,Kash Dillon,Utah,EDGE,3,0.8697,928,2024,HighSchool
,109609,Whittman Whaley,Wake Forest,LB,3,0.8697,928,2024,HighSchool
5146966,109611,Willie Goodwyn,Cincinnati,S,3,0.8697,928,2024,HighSchool
5079390,109612,Martavious Collins,UTEP,ATH,3,0.8694,938,2024,HighSchool
5079741,109615,Jaylen Thompson,Michigan State,CB,3,0.8694,938,2024,HighSchool
5079758,109613,David Washington Jr.,Kentucky,WR,3,0.8694,938,2024,HighSchool
5079754,109614,Barry Walker,UAB,IOL,3,0.8694,938,2024,HighSchool
3923371,109616,Camren Campbell,South Florida,CB,3,0.8694,938,2024,HighSchool
5125335,109619,Rodney Fields Jr.,Oklahoma State,RB,3,0.8692,943,2024,HighSchool
5079377,109617,Mason Carrier,Minnesota,LB,3,0.8692,943,2024,HighSchool
5144287,109618,Dontrell Holt,Iowa State,IOL,3,0.8692,943,2024,HighSchool
5146813,109620,Tyler Simmons,Virginia,DL,3,0.8692,943,2024,HighSchool
5084906,109622,Jaden Hart,Syracuse,RB,3,0.8689,947,2024,HighSchool
5141802,109624,Ryan Jostes,Missouri,OT,3,0.8689,947,2024,HighSchool
5146796,109625,King Large,SMU,OT,3,0.8689,947,2024,HighSchool
5127026,109621,Aaris Bethea,Rutgers,DL,3,0.8689,947,2024,HighSchool
5079652,109628,Jacobi Oliphant Jr.,Oklahoma State,CB,3,0.8689,947,2024,HighSchool
5147186,237903,William Nettles,SMU,CB,3,0.8689,947,2024,HighSchool
5157259,109631,Elijah Green,Tulsa,S,3,0.8689,947,2024,HighSchool
5079361,109627,Makai Byerson,West Virginia,EDGE,3,0.8689,947,2024,HighSchool
5148412,109634,Michael Burt,Iowa,TE,3,0.8689,947,2024,HighSchool
5146579,109632,Vernon Woodward III,Illinois,CB,3,0.8689,947,2024,HighSchool
5116110,109629,Patrick Schaller,Northwestern,TE,3,0.8689,947,2024,HighSchool
,109626,Creece Brister,TCU,IOL,3,0.8689,947,2024,HighSchool
5146680,109630,Adedamola Ajani,Indiana,IOL,3,0.8689,947,2024,HighSchool
5146975,109633,Derrick McCormick Jr.,UCF,LB,3,0.8689,947,2024,HighSchool
5084898,109623,Ta'Ron Haile,Syracuse,WR,3,0.8689,947,2024,HighSchool
5079394,109635,Jamorie Flagg,Florida State,DL,3,0.8686,962,2024,HighSchool
5227110,109636,Cameron Frazier,Duquesne,ATH,3,0.8686,962,2024,HighSchool
5141801,109637,Trent Ferguson,Oregon,OT,3,0.8686,962,2024,HighSchool
5146853,109639,Tyler Carter,South Alabama,EDGE,3,0.8686,962,2024,HighSchool
5146905,109638,Shamar Meikle,Oregon State,EDGE,3,0.8686,962,2024,HighSchool
5079690,109641,Preston Ries,Iowa,ATH,3,0.8683,967,2024,HighSchool
5148879,109649,Tate Hamby,Vanderbilt,S,3,0.8683,967,2024,HighSchool
5146849,109646,Carter Lavrusky,Kansas,OT,3,0.8683,967,2024,HighSchool
5146867,109642,Maurice Davis,Louisville,EDGE,3,0.8683,967,2024,HighSchool
5141796,109644,Ashton Murphy,Nebraska,DL,3,0.8683,967,2024,HighSchool
5149176,109643,Clay Martineau,Boise State,LB,3,0.8683,967,2024,HighSchool
,109640,Jamyri Cauley,,WR,3,0.8683,967,2024,HighSchool
5149483,109648,Sammie Hunter,Utah,CB,3,0.8683,967,2024,HighSchool
5159451,109647,Tyler West,NC State,OT,3,0.8683,967,2024,HighSchool
5147047,109645,Antwan Smith,Kentucky,LB,3,0.8683,967,2024,HighSchool
5138634,109651,Jacobi Murray,Stanford,DL,3,0.8681,977,2024,HighSchool
5156409,109657,Mitch Hodnett,TCU,IOL,3,0.8681,977,2024,HighSchool
5147044,109660,Montreze Smith Jr.,Duke,LB,3,0.8681,977,2024,HighSchool
5149910,109654,Tristen Brown,Vanderbilt,WR,3,0.8681,977,2024,HighSchool
5128052,109653,Dillon Hipp,Ole Miss,TE,3,0.8681,977,2024,HighSchool
5146774,109656,Wade Helton,Iowa State,OT,3,0.8681,977,2024,HighSchool
5079701,109650,Steven Soles Jr.,Kentucky,EDGE,3,0.8681,977,2024,HighSchool
5146735,109655,Charlie Becker,Indiana,WR,3,0.8681,977,2024,HighSchool
5147227,109658,Jathan Hatch,Louisville,S,3,0.8681,977,2024,HighSchool
5079660,109661,Brandon Winton,South Florida,WR,3,0.8681,977,2024,HighSchool
5127802,109659,Stacy Bey,Arizona,ATH,3,0.8681,977,2024,HighSchool
5146777,109652,Jude Foster,Ole Miss,OT,3,0.8681,977,2024,HighSchool
5139079,109662,Daniel Anderson,North Carolina,EDGE,3,0.8681,977,2024,HighSchool
5127034,109671,Tycoolhill Luman,Rutgers,EDGE,3,0.8678,990,2024,HighSchool
5219636,109667,Israel Boyce,West Virginia,CB,3,0.8678,990,2024,HighSchool
5218590,109670,Jahzare Jackson,Georgia,OT,3,0.8678,990,2024,HighSchool
5149911,109672,Rashad Godfrey Jr.,Iowa,CB,3,0.8678,990,2024,HighSchool
5219997,109665,Kana'i Lopes,Utah,LB,3,0.8678,990,2024,HighSchool
5219507,109666,David Kabongo,Oklahoma State,S,3,0.8678,990,2024,HighSchool
5156853,109668,LaDainian Fields,Oklahoma State,CB,3,0.8678,990,2024,HighSchool
5126512,109663,D'Marius Rucker,Coastal Carolina,RB,3,0.8678,990,2024,HighSchool
5146940,109673,DK Gilley,Rutgers,S,3,0.8678,990,2024,HighSchool
5127727,109664,Noah Jenkins,Virginia Tech,ATH,3,0.8678,990,2024,HighSchool
5158247,109669,Jay'Quan Bostic,Toledo,S,3,0.8678,990,2024,HighSchool
5127740,109674,Foster Slaughter,Utah Tech,S,3,0.8678,990,2024,HighSchool
5149152,109678,Eric Fletcher Jr.,East Carolina,ATH,3,0.8675,1002,2024,HighSchool
5143595,109675,Shaun Boykins Jr.,Louisville,WR,3,0.8675,1002,2024,HighSchool
5148994,109679,Quentin Clark,Indiana,LB,3,0.8675,1002,2024,HighSchool
5147353,109677,Evan Taylor,Nebraska,ATH,3,0.8675,1002,2024,HighSchool
5132795,109676,Matt Ogunniyi,Rutgers,TE,3,0.8675,1002,2024,HighSchool
5138040,109680,Jaden Ball,Purdue,IOL,3,0.8673,1007,2024,HighSchool
,109683,Jabari Murphy,West Florida,WR,3,0.8672,1008,2024,HighSchool
5138293,109689,Reece Vander Zee,Iowa,WR,3,0.8672,1008,2024,HighSchool
5149265,109688,Kylen Evans,Texas State,WR,3,0.8672,1008,2024,HighSchool
5140228,109694,Ben York,Virginia,OT,3,0.8672,1008,2024,HighSchool
,109686,Casey Etienne Jr.,Princeton,S,3,0.8672,1008,2024,HighSchool
5139854,109692,Trey Jackson,Texas Tech,TE,3,0.8672,1008,2024,HighSchool
5139148,109690,Luke Masterson,North Carolina,OT,3,0.8672,1008,2024,HighSchool
5146764,109691,Benji Blackburn,Stanford,TE,3,0.8672,1008,2024,HighSchool
5079513,109687,Ryan Howard,Kansas State,OT,3,0.8672,1008,2024,HighSchool
5142226,109693,Xavier Williams,Iowa,RB,3,0.8672,1008,2024,HighSchool
5079356,109682,Chalil Cummings,Memphis,ATH,3,0.8672,1008,2024,HighSchool
5196925,109685,Mikeshun Beeler,Michigan State,DL,3,0.8672,1008,2024,HighSchool
5146366,237904,Allen Bryant,Pittsburgh,S,3,0.8672,1008,2024,HighSchool
5084300,109684,KJ Parker,Iowa,ATH,3,0.8672,1008,2024,HighSchool
5146882,109681,Mason Carter,Vanderbilt,EDGE,3,0.8672,1008,2024,HighSchool
5146810,109698,Jamison Curtis,Vanderbilt,LB,3,0.8669,1023,2024,HighSchool
5126473,109696,Whit Muschamp,Vanderbilt,QB,3,0.8669,1023,2024,HighSchool
,109697,Kumaro Brown,,CB,3,0.8669,1023,2024,HighSchool
,109699,Lamar Booker,,WR,3,0.8669,1023,2024,HighSchool
5146780,109695,Chase Morrison,Virginia,EDGE,3,0.8669,1023,2024,HighSchool
,109700,Brandon Heyward,,ATH,3,0.8667,1028,2024,HighSchool
5146745,109703,Jacob Emmers,Tulsa,WR,3,0.8667,1029,2024,HighSchool
5139189,109701,Jake Wheelock,Cincinnati,IOL,3,0.8667,1029,2024,HighSchool
5122552,109702,Khalil Conley,North Carolina,ATH,3,0.8667,1029,2024,HighSchool
5079308,109704,Aidan Banfield,North Carolina,IOL,3,0.8667,1029,2024,HighSchool
5134268,109705,Simon Seidl,Minnesota,ATH,3,0.8667,1029,2024,HighSchool
5146967,109714,Mike Gerald,Minnesota,CB,3,0.8664,1034,2024,HighSchool
5127739,109706,Zahir Rainer,Minnesota,S,3,0.8664,1034,2024,HighSchool
5086378,109709,Diore Hubbard,West Virginia,RB,3,0.8664,1034,2024,HighSchool
5147343,109707,Julian Knox,TCU,CB,3,0.8664,1034,2024,HighSchool
,109710,Red Martel,Kansas,RB,3,0.8664,1034,2024,HighSchool
,109718,Tomauri Johnson,,S,3,0.8664,1034,2024,HighSchool
,109716,Ananias Walker,,ATH,3,0.8664,1034,2024,HighSchool
,109708,Marshel Sanders,Fresno State,WR,3,0.8664,1034,2024,HighSchool
5155776,109717,Jerrian Graham,South Alabama,ATH,3,0.8664,1034,2024,HighSchool
5148535,109711,Brett Eskildsen,Iowa State,WR,3,0.8664,1034,2024,HighSchool
5147161,109715,Therrian Alexander III,BYU,CB,3,0.8664,1034,2024,HighSchool
5147183,109713,Sam Mattingly,Stanford,LB,3,0.8664,1034,2024,HighSchool
5131980,109712,Whit Hafer,Missouri,TE,3,0.8664,1034,2024,HighSchool
5178385,109719,Quimari Shemwell,Utah,CB,3,0.8663,1047,2024,HighSchool
5146722,109720,Devonte Lyons,Florida International,RB,3,0.8661,1048,2024,HighSchool
5144313,109722,Michael Merdinger,North Carolina,QB,3,0.8661,1048,2024,HighSchool
5101129,109721,Darius Jones,Wake Forest,LB,3,0.8661,1048,2024,HighSchool
,109723,David Dossett,,WR,3,0.8659,1051,2024,HighSchool
5193351,109724,Krosse Johnson,Arkansas,WR,3,0.8659,1051,2024,HighSchool
5079297,109732,Tyler Aronson,SMU,QB,3,0.8658,1053,2024,HighSchool
5079389,237905,Chase Farrell,Stanford,WR,3,0.8658,1053,2024,HighSchool
5147870,109733,Kayo Patu,Washington State,S,3,0.8658,1053,2024,HighSchool
5079730,109726,Syair Torrence,Boston College,WR,3,0.8658,1053,2024,HighSchool
5147384,109725,Demeco Kennedy,Purdue,ATH,3,0.8658,1053,2024,HighSchool
5125393,109731,Jace J. Gilbert,Iowa State,DL,3,0.8658,1053,2024,HighSchool
5146600,109729,Timothy Lawson,North Carolina,TE,3,0.8658,1053,2024,HighSchool
5149744,109730,Isaiah Collins,Texas Tech,CB,3,0.8658,1053,2024,HighSchool
,237906,Jaydon Smith,North Texas,ATH,3,0.8658,1053,2024,HighSchool
,109728,David McMorris,Pennsylvania,DL,3,0.8658,1053,2024,HighSchool
,109727,Filiva'a Saluni,Arizona State,IOL,3,0.8658,1053,2024,HighSchool
5127936,109738,Will Smith,Tulsa,EDGE,3,0.8656,1064,2024,HighSchool
5140620,109739,Connor Moberly,Iowa State,QB,3,0.8656,1064,2024,HighSchool
5135216,109741,Adrian Laing,Temple,CB,3,0.8656,1064,2024,HighSchool
5146778,109744,Hayden Gunter,Stanford,OT,3,0.8656,1064,2024,HighSchool
5147385,109746,Noel Portnjagin,Florida,IOL,3,0.8656,1064,2024,HighSchool
5079406,109734,Mason Dossett,Baylor,ATH,3,0.8656,1064,2024,HighSchool
5103639,109745,Trelain Maddox,Georgia Tech,ATH,3,0.8656,1064,2024,HighSchool
5079610,109737,Jayden Moore,Duke,WR,3,0.8656,1064,2024,HighSchool
5146871,109740,Kobe Branham,Arkansas,IOL,3,0.8656,1064,2024,HighSchool
5136180,109743,Traville Frederick Jr.,Houston,TE,3,0.8656,1064,2024,HighSchool
5146870,109736,Harrison Utley,Kansas,IOL,3,0.8656,1064,2024,HighSchool
5146884,109742,Caleb Moore,Southern Miss,DL,3,0.8656,1064,2024,HighSchool
5084896,109735,Tamarcus Gray Jr.,Louisiana Tech,WR,3,0.8656,1064,2024,HighSchool
5148785,109747,Aiden Pastoriza,Cincinnati,OT,3,0.8655,1077,2024,HighSchool
5192915,109750,Darius Washington,Houston,DL,3,0.8653,1078,2024,HighSchool
5147374,109749,Andrew Brinson IV,Michigan State,ATH,3,0.8653,1078,2024,HighSchool
5147162,109748,Jivan Baly,NC State,CB,3,0.8653,1078,2024,HighSchool
5189540,109751,Tyjai Hopper,James Madison,S,3,0.8652,1081,2024,HighSchool
5173604,109756,Marcus Neal Jr.,Iowa State,S,3,0.865,1082,2024,HighSchool
5142228,109752,Karson Gordon,UCLA,ATH,3,0.865,1082,2024,HighSchool
5218248,109755,Timir Hickman-Collins,Florida State,LB,3,0.865,1082,2024,HighSchool
,109754,Kendal Howard,Wake Forest,DL,3,0.865,1082,2024,HighSchool
,109753,Issaiah Blades,,ATH,3,0.865,1082,2024,HighSchool
5146574,109757,Simeon Boulware,Vanderbilt,DL,3,0.865,1082,2024,HighSchool
5137042,109762,Josh Harrison,Wake Forest,EDGE,3,0.8647,1088,2024,HighSchool
,109758,Fredrick Dotie,Texas State,S,3,0.8647,1088,2024,HighSchool
5084459,109760,Cincere Rhaney,San Diego State,RB,3,0.8647,1088,2024,HighSchool
5134272,109766,Keaton Roskop,Iowa State,TE,3,0.8647,1088,2024,HighSchool
5126510,109764,Gideon Ituka,Wisconsin,RB,3,0.8647,1088,2024,HighSchool
5147171,109765,Kevon Gray,Virginia,CB,3,0.8647,1088,2024,HighSchool
5088325,109761,Blake Tabaracci,New Mexico,LB,3,0.8647,1088,2024,HighSchool
5126538,109759,Jaylen Watson,Iowa,ATH,3,0.8647,1088,2024,HighSchool
5145591,109763,Albert Smith III,Arizona State,LB,3,0.8647,1088,2024,HighSchool
5127037,109771,Tyclean Luman,Rutgers,EDGE,3,0.8644,1097,2024,HighSchool
5126528,109767,Brody Kosin,Indiana,TE,3,0.8644,1097,2024,HighSchool
5079522,109769,Plas Johnson,Arizona State,WR,3,0.8644,1097,2024,HighSchool
5142325,109768,Juan Minaya,Miami,OT,3,0.8644,1097,2024,HighSchool
5149255,109770,Bo Tate,Stanford,LB,3,0.8644,1097,2024,HighSchool
5146790,109778,Jack Small,Duke,OT,3,0.8642,1102,2024,HighSchool
5079609,109774,Malachi Toliver,Georgia,IOL,3,0.8642,1102,2024,HighSchool
5146854,109775,Nuku Mafi,Oklahoma State,IOL,3,0.8642,1102,2024,HighSchool
5079352,109772,Isaiah Crumpler,Rutgers,WR,3,0.8642,1102,2024,HighSchool
,109776,Tristan Santoro,Baylor,OT,3,0.8642,1102,2024,HighSchool
5193481,109777,Cole Harrison,Tennessee,TE,3,0.8642,1102,2024,HighSchool
5156385,109773,Jewett Hayes,Virginia,EDGE,3,0.8642,1102,2024,HighSchool
5122883,109783,Dylan Lee,Iowa State,RB,3,0.8639,1109,2024,HighSchool
5079529,109779,Camden Jones,California,TE,3,0.8639,1109,2024,HighSchool
5146852,109784,Zafir Stewart,Illinois,IOL,3,0.8639,1109,2024,HighSchool
5148880,109787,Devan Kennedy,Iowa,DL,3,0.8639,1109,2024,HighSchool
5126292,109785,Justin Terrell,NC State,DL,3,0.8639,1109,2024,HighSchool
5146865,109782,Kobe Williams,Memphis,IOL,3,0.8639,1109,2024,HighSchool
5193324,109781,Dalin Wilkins,Eastern Michigan,WR,3,0.8639,1109,2024,HighSchool
5147045,109786,JaCorey Stewart,Kansas,LB,3,0.8639,1109,2024,HighSchool
5086470,109780,Keion Dunlap,Troy,S,3,0.8639,1109,2024,HighSchool
5148904,109790,Jacques Spradley-Demps,Kansas State,WR,3,0.8636,1118,2024,HighSchool
5127728,109789,Judah Jenkins,Maryland,CB,3,0.8636,1118,2024,HighSchool
5101127,109788,Simeon Coleman,Cincinnati,LB,3,0.8636,1118,2024,HighSchool
5218797,109791,Jaylen Carl,,DL,3,0.8633,1121,2024,HighSchool
5193722,109792,Dom Collins,West Virginia,WR,3,0.8633,1121,2024,HighSchool
5193582,109808,Boogie Johnson,Mississippi State,CB,3,0.8633,1123,2024,HighSchool
5139858,109799,Rahim Wright II,Washington,S,3,0.8633,1123,2024,HighSchool
,109794,Sefo Akuila,BYU,ATH,3,0.8633,1123,2024,HighSchool
,109793,Anthony McMillian,San Diego State,RB,3,0.8633,1123,2024,HighSchool
5146673,109804,Christian Zachary,NC State,WR,3,0.8633,1123,2024,HighSchool
5079472,109796,Aundre Gibson,Kansas,CB,3,0.8633,1123,2024,HighSchool
5079651,109798,DeVon Rice,Kansas State,ATH,3,0.8633,1123,2024,HighSchool
5148844,109806,Jadyn Walker,USC,LB,3,0.8633,1123,2024,HighSchool
5147205,109797,Tyson Weaver,Washington State,CB,3,0.8633,1123,2024,HighSchool
5145594,109802,Idrys Cotton,Northwestern,IOL,3,0.8633,1123,2024,HighSchool
5157057,109805,Jaxon Lee,Tulsa,EDGE,3,0.8633,1123,2024,HighSchool
5142260,109801,Keyshawn Robinson,West Virginia,WR,3,0.8633,1123,2024,HighSchool
5125304,109795,Hayes Johnson,Kentucky,OT,3,0.8633,1123,2024,HighSchool
5084657,109800,Dakarai Anderson,Cincinnati,WR,3,0.8633,1123,2024,HighSchool
5146981,109803,Samuel Madu,Minnesota,CB,3,0.8633,1123,2024,HighSchool
5176911,109807,Justus Savage,Jacksonville State,RB,3,0.8633,1123,2024,HighSchool
,109809,Jayden Coleman,Tennessee State,CB,3,0.8631,1139,2024,HighSchool
5146883,109814,Ryan Jenkins,South Florida,EDGE,3,0.8631,1139,2024,HighSchool
5145659,109815,Julius Tate,Coastal Carolina,IOL,3,0.8631,1139,2024,HighSchool
5174729,109813,Aiden Newbill,California,OT,3,0.8631,1139,2024,HighSchool
5142704,109811,Carson Bruhn,Kansas,TE,3,0.8631,1139,2024,HighSchool
5142225,109810,Ryan Hughes,TCU,OT,3,0.8631,1139,2024,HighSchool
5147381,109816,Zae Jennings,West Virginia,ATH,3,0.8631,1139,2024,HighSchool
5146791,109812,Samir Camacho,TCU,IOL,3,0.8631,1139,2024,HighSchool
5196862,109817,Quintavion Norman,Kentucky,LB,3,0.8628,1147,2024,HighSchool
,109819,Gerald Modest Jr.,,RB,3,0.8626,1148,2024,HighSchool
,109818,Shakir Collins,Houston Christian,LB,3,0.8626,1148,2024,HighSchool
5140721,109823,Caleb Dozier,Georgia Tech,ATH,3,0.8625,1150,2024,HighSchool
5220107,109820,L.J. Johnson Jr.,Texas Tech,ATH,3,0.8625,1150,2024,HighSchool
5138229,109822,Deric Dandy,Virginia Tech,EDGE,3,0.8625,1150,2024,HighSchool
5146720,109824,Will Cianfrini,San Diego State,WR,3,0.8625,1150,2024,HighSchool
5079393,109821,Jiavani Cooley,Pittsburgh,OT,3,0.8625,1150,2024,HighSchool
5142265,109825,Ryan Ward,North Carolina,TE,3,0.8625,1150,2024,HighSchool
5156852,109827,Kyler Beaty,Baylor,CB,3,0.8625,1150,2024,HighSchool
5132652,109826,Ricky Johnson,Mississippi State,WR,3,0.8625,1150,2024,HighSchool
5147197,109839,E'Zaiah Shine,Tulane,CB,3,0.8622,1158,2024,HighSchool
5220769,109832,MJ Johnson,Rutgers,LB,3,0.8622,1158,2024,HighSchool
5147679,109840,Nehemiah Chandler,Georgia Tech,CB,3,0.8622,1158,2024,HighSchool
5147190,109830,Jashad Presley,UCF,LB,3,0.8622,1158,2024,HighSchool
5155941,237907,Jayden Todd,Florida State,OT,3,0.8622,1158,2024,HighSchool
5125553,109834,Josh Janowski,Iowa,IOL,3,0.8622,1158,2024,HighSchool
5158245,109828,Jude James,Missouri,ATH,3,0.8622,1158,2024,HighSchool
5127045,109833,Drew Woodaz,Clemson,LB,3,0.8622,1158,2024,HighSchool
5146986,109837,Chasen Johnson,UCF,CB,3,0.8622,1158,2024,HighSchool
5145222,109835,William DePaepe,Indiana,EDGE,3,0.8622,1158,2024,HighSchool
5137681,109831,Tayshaun Burney,Wake Forest,CB,3,0.8622,1158,2024,HighSchool
5127810,109829,Titus Cram,Northern Iowa,ATH,3,0.8622,1158,2024,HighSchool
5151227,109836,Austin Leibfried,Indiana,OT,3,0.8622,1158,2024,HighSchool
,109838,JD Crisp,,S,3,0.8622,1158,2024,HighSchool
5192898,109841,Lucas Austin,West Virginia,OT,3,0.8619,1172,2024,HighSchool
5079365,109842,Armani Cargo,Tulane,S,3,0.8619,1172,2024,HighSchool
5191056,109843,Donovan Hamilton,Purdue,WR,3,0.8619,1174,2024,HighSchool
5122401,109845,Darius Curry,Colorado State,QB,3,0.8617,1175,2024,HighSchool
5147175,109847,Elias Johnson,Washington,CB,3,0.8617,1175,2024,HighSchool
5147228,109846,Ty Hudkins,Purdue,S,3,0.8617,1175,2024,HighSchool
5196350,109851,Jaylan Brown,Michigan State,WR,3,0.8617,1175,2024,HighSchool
5146953,109850,Leroy Jackson,North Carolina,DL,3,0.8617,1175,2024,HighSchool
5146946,109849,Jaylin Hicks,Minnesota,DL,3,0.8617,1175,2024,HighSchool
5084705,109844,Trenton Cloud,East Carolina,WR,3,0.8617,1175,2024,HighSchool
5147136,109848,David Prince,Georgia Tech,TE,3,0.8617,1175,2024,HighSchool
5193471,109855,Ephraim Asiata,BYU,LB,3,0.8614,1183,2024,HighSchool
,109852,DJ Toliver,Brown,IOL,3,0.8614,1183,2024,HighSchool
5146681,109862,Eze Osondu,California,LB,3,0.8614,1183,2024,HighSchool
5148697,109857,Chauncey Johnson,Oklahoma State,OT,3,0.8614,1183,2024,HighSchool
5079669,109859,Xander Ruggeroli,Nebraska,OT,3,0.8614,1183,2024,HighSchool
5125968,109854,Armstrong Nnodim,Oklahoma State,DL,3,0.8614,1183,2024,HighSchool
5149006,109861,Evans Chuba,Washington State,QB,3,0.8614,1183,2024,HighSchool
5193112,109860,Jalen Dupree,Colorado State,RB,3,0.8614,1183,2024,HighSchool
5127044,109853,Hank Weber,Wisconsin,DL,3,0.8614,1183,2024,HighSchool
5079744,109856,Zach Williams,Tulsa,CB,3,0.8614,1183,2024,HighSchool
5127729,109858,Jeremiah Lowe,Michigan,CB,3,0.8614,1183,2024,HighSchool
5148413,109864,Elijah Cannon,Mississippi State,CB,3,0.8611,1194,2024,HighSchool
5146640,109863,Khari Reid,Duke,CB,3,0.8611,1194,2024,HighSchool
5181310,109865,Loyall Mouzon,Fresno State,CB,3,0.8611,1194,2024,HighSchool
5219716,109867,Dominic Steward,Tulane,OT,3,0.8611,1197,2024,HighSchool
,109866,Blaine Burke,Murray State,RB,3,0.8611,1197,2024,HighSchool
5149435,109874,Lloyd Irvin III,Maryland,CB,3,0.8608,1199,2024,HighSchool
5146637,109875,Grant Ellinger,Virginia,IOL,3,0.8608,1199,2024,HighSchool
5086095,109878,Terence Marshall,Western Michigan,WR,3,0.8608,1199,2024,HighSchool
5146153,109870,Kyle Rakers,Kansas State,IOL,3,0.8608,1199,2024,HighSchool
5147688,109877,Braylen Prude,Nebraska,LB,3,0.8608,1199,2024,HighSchool
5147046,109872,Ben Black,Rutgers,ATH,3,0.8608,1199,2024,HighSchool
5148419,109873,Elijah King,Rutgers,EDGE,3,0.8608,1199,2024,HighSchool
5144747,109876,Garrison Butler,Cincinnati,DL,3,0.8608,1199,2024,HighSchool
5126511,109868,Jaedon Matthews,Cal Poly,RB,3,0.8608,1199,2024,HighSchool
5158251,109871,Khalil Wilkins,West Virginia,QB,3,0.8608,1199,2024,HighSchool
5146844,237908,Josh Aisosa,Oklahoma,IOL,3,0.8608,1199,2024,HighSchool
5147200,109869,Treyvon Tolmaire,Boise State,CB,3,0.8608,1199,2024,HighSchool
,109879,Keenan Phillips,,RB,3,0.8607,1211,2024,HighSchool
5146577,109883,Davion Pritchard,Pittsburgh,CB,3,0.8606,1212,2024,HighSchool
5146900,109884,Miles Adams,Southern Miss,DL,3,0.8606,1212,2024,HighSchool
5134551,109882,Jordan King,Purdue,OT,3,0.8606,1212,2024,HighSchool
5141792,109880,Kaleb Blanton,Rice,LB,3,0.8606,1212,2024,HighSchool
5145123,109881,Quentin Taylor Jr.,Iowa State,S,3,0.8606,1212,2024,HighSchool
5193294,109885,Bleyne Bryant,Wyoming,LB,3,0.8604,1217,2024,HighSchool
5147842,109887,Geordan Guidry,Tulane,DL,3,0.8603,1218,2024,HighSchool
5127036,109886,Joshua Lloyd,Western Michigan,EDGE,3,0.8603,1218,2024,HighSchool
5228840,237921,Ta'Erik Tate,Stephen F. Austin,WR,3,0.86,1220,2024,HighSchool
5193586,237919,Syris Corley,California,OT,3,0.86,1220,2024,HighSchool
5227815,237910,Quin Renfro,South Dakota State,RB,3,0.86,1220,2024,HighSchool
5226576,237913,Ellis McAdoo,Louisville,IOL,3,0.86,1220,2024,HighSchool
5195461,237923,Ibn McDaniels,Syracuse,CB,3,0.86,1220,2024,HighSchool
5227849,109898,Jordan Washington,Murray State,RB,3,0.86,1220,2024,HighSchool
5197063,237925,Caleb Groce,UL Monroe,WR,3,0.86,1220,2024,HighSchool
5146274,109897,Dashun Reeder,Northwestern,RB,3,0.86,1220,2024,HighSchool
5148858,109889,Jared Hollins,South Alabama,QB,3,0.86,1220,2024,HighSchool
5079495,109888,Jahide Lesaine Jr.,Syracuse,EDGE,3,0.86,1220,2024,HighSchool
5189756,109901,Maraad Watson,Syracuse,DL,3,0.86,1220,2024,HighSchool
5145593,109892,Trent Carter,Louisville,LB,3,0.86,1220,2024,HighSchool
5147140,109896,David Bucey,South Carolina,LB,3,0.86,1220,2024,HighSchool
,237924,Jaelen Collins,Northern Arizona,ATH,3,0.86,1220,2024,HighSchool
,237920,Lowote Jurkin,Stephen F. Austin,EDGE,3,0.86,1220,2024,HighSchool
,237916,Cam Boone,Robert Morris,CB,3,0.86,1220,2024,HighSchool
,237911,Solomon Farrell,Youngstown State,ATH,3,0.86,1220,2024,HighSchool
,109899,Micho Lavine,,LB,3,0.86,1220,2024,HighSchool
,109890,Ryan Powell,,RB,3,0.86,1220,2024,HighSchool
5149563,109895,DJ Butler,Houston,RB,3,0.86,1220,2024,HighSchool
5147180,109894,Nikko Klemm,Arizona State,CB,3,0.86,1220,2024,HighSchool
5193388,237922,Jaden Allen-Hendrix,Oklahoma State,RB,3,0.86,1220,2024,HighSchool
,109900,Shae Terry,Bryant,CB,3,0.86,1220,2024,HighSchool
,237909,Jake Furtney,,DL,3,0.86,1220,2024,HighSchool
,237912,Kian Payne,,DL,3,0.86,1220,2024,HighSchool
,237914,VanKeith Brown,,WR,3,0.86,1220,2024,HighSchool
,237915,Kameron Franklin,,CB,3,0.86,1220,2024,HighSchool
,237917,Alex Lopez,,DL,3,0.86,1220,2024,HighSchool
5220540,237918,Markie Grant,Wyoming,CB,3,0.86,1220,2024,HighSchool
5084663,109891,Evan Austin,Charlotte,ATH,3,0.86,1220,2024,HighSchool
5146686,109893,Cael Brezina,Iowa State,LB,3,0.86,1220,2024,HighSchool
5146726,109909,Kiefer Sibley,North Texas,RB,3,0.8597,1252,2024,HighSchool
5146855,109908,Charlton Luniewski,Michigan State,IOL,3,0.8597,1252,2024,HighSchool
5142753,109906,Jesse Watson,Purdue,WR,3,0.8597,1252,2024,HighSchool
5221076,109904,DJ Moore,Coastal Carolina,QB,3,0.8597,1252,2024,HighSchool
5157889,109910,Tyrone Jackson,Boise State,WR,3,0.8597,1252,2024,HighSchool
5126532,109905,Arkese Parks,South Florida,WR,3,0.8597,1252,2024,HighSchool
5138653,109912,Zach Crothers,Pittsburgh,EDGE,3,0.8597,1252,2024,HighSchool
,109911,Enoch Watson,BYU,QB,3,0.8597,1252,2024,HighSchool
,109907,Hubert Caliste Jr.,Mississippi Valley State,TE,3,0.8597,1252,2024,HighSchool
,109903,Donavan Philord,Campbell,CB,3,0.8597,1252,2024,HighSchool
,109902,Cullen Charles,,WR,3,0.8597,1252,2024,HighSchool
5079395,109913,Web Davidson,Virginia Tech,OT,3,0.8594,1263,2024,HighSchool
5183808,109914,Dedaunte Scott,Tulsa,CB,3,0.8594,1263,2024,HighSchool
,109915,Sandy Lewis,McNeese,EDGE,3,0.8593,1265,2024,HighSchool
,109928,Carson Su'esu'e,BYU,ATH,3,0.8592,1266,2024,HighSchool
,109925,Jeremy Bell,,ATH,3,0.8592,1266,2024,HighSchool
,109916,Kesean Henderson,,ATH,3,0.8592,1266,2024,HighSchool
5219291,109919,Keke Adams,Virginia,S,3,0.8592,1266,2024,HighSchool
5132641,109921,Jack Hines,Wake Forest,OT,3,0.8592,1266,2024,HighSchool
5148540,109923,Justin Hylkema,Washington,OT,3,0.8592,1266,2024,HighSchool
5146267,109922,Brett Elliott,Duke,TE,3,0.8592,1266,2024,HighSchool
5126571,237926,Ransom McDermott,Louisville,OT,3,0.8592,1266,2024,HighSchool
5148425,109920,Noah Shaw,Rutgers,ATH,3,0.8592,1266,2024,HighSchool
5147757,109917,Arrington Maiden,Memphis,QB,3,0.8592,1266,2024,HighSchool
5157187,109926,Cameron Bates,Boise State,WR,3,0.8592,1266,2024,HighSchool
5148708,109918,Gunnar Wilson,Oklahoma State,LB,3,0.8592,1266,2024,HighSchool
5147376,109924,Kameron Courtney,Virginia,ATH,3,0.8592,1266,2024,HighSchool
5146110,109927,Jon Jon Kamara,Kansas,LB,3,0.8592,1266,2024,HighSchool
5147685,237927,Josiah McLaurin,Maryland,ATH,3,0.8592,1266,2024,HighSchool
5079532,109929,Legend Journey,California,DL,3,0.8589,1281,2024,HighSchool
5121936,109933,Brandon Phelps,Arizona,WR,3,0.8589,1281,2024,HighSchool
5146842,109934,Semisi Tonga,Arizona State,IOL,3,0.8589,1281,2024,HighSchool
5146924,109930,Nigel Maynard,Pittsburgh,CB,3,0.8589,1281,2024,HighSchool
5143596,109931,Jackson Ford,Tulsa,TE,3,0.8589,1281,2024,HighSchool
5186586,109937,Ty Clark III,Wake Forest,RB,3,0.8589,1281,2024,HighSchool
5147242,109932,Tito Williams Jr.,Northwestern,S,3,0.8589,1281,2024,HighSchool
5147206,109935,Shemar Welch,Troy,CB,3,0.8589,1281,2024,HighSchool
5218660,109936,CJ Williams,Vanderbilt,OT,3,0.8589,1281,2024,HighSchool
5158177,109938,Makoni Manukainiu,San José State,OT,3,0.8588,1290,2024,HighSchool
5146111,109939,Daylen Russell,Miami,DL,3,0.8586,1291,2024,HighSchool
,109940,Dallas Sims,Minnesota,WR,3,0.8586,1291,2024,HighSchool
5146427,109943,Xakery Wiedner,Coastal Carolina,ATH,3,0.8585,1293,2024,HighSchool
5141966,109941,La'khi Roland,Maryland,CB,3,0.8585,1293,2024,HighSchool
5153036,109944,Dylan Williams,James Madison,WR,3,0.8585,1293,2024,HighSchool
5193554,109942,Eddie Freauff,Oregon State,ATH,3,0.8585,1293,2024,HighSchool
5148838,109961,Jamauri McClure,Tulane,RB,3,0.8583,1297,2024,HighSchool
5146906,109959,Tyshon Reed,Duke,EDGE,3,0.8583,1297,2024,HighSchool
5147220,109950,Dajon Doss,Washington State,S,3,0.8583,1297,2024,HighSchool
5147380,109949,Devin Green,UNLV,ATH,3,0.8583,1297,2024,HighSchool
5146664,109954,Henry Hasselbeck,UCLA,QB,3,0.8583,1297,2024,HighSchool
5147199,109960,Guylijah Theodule,Marshall,CB,3,0.8583,1297,2024,HighSchool
5079541,109947,Harrison Moore,Georgia Tech,IOL,3,0.8583,1297,2024,HighSchool
5142797,109956,Judah Pruitt,Boston College,IOL,3,0.8583,1297,2024,HighSchool
5147233,109951,Kaden McFadden,TCU,S,3,0.8583,1297,2024,HighSchool
5144408,109952,Briley Brown,UTSA,IOL,3,0.8583,1297,2024,HighSchool
,109945,Tasean Young-Stieff,Norfolk State,WR,3,0.8583,1297,2024,HighSchool
5172801,109962,Davit Boyajyan,Washington,OT,3,0.8583,1297,2024,HighSchool
5146995,109955,Devyn Zahursky,Cincinnati,DL,3,0.8583,1297,2024,HighSchool
,109948,Vosky Howard,Louisiana,WR,3,0.8583,1297,2024,HighSchool
5148626,109953,Triston Ward,Virginia,WR,3,0.8583,1297,2024,HighSchool
5146638,109957,Tristen Graham,Akron,EDGE,3,0.8583,1297,2024,HighSchool
5147942,109958,Landen Davidson,Nebraska,IOL,3,0.8583,1297,2024,HighSchool
5195388,109946,Ezomo Oratokhai,Northwestern,IOL,3,0.8583,1297,2024,HighSchool
5083705,109964,Devin Collier,Georgia Southern,S,3,0.8581,1315,2024,HighSchool
5140722,109969,Noah Rosahac,Syracuse,IOL,3,0.8581,1315,2024,HighSchool
5148871,109965,Alexander Rodgers,SMU,CB,3,0.8581,1315,2024,HighSchool
5147185,109968,Ashton McShane,Boston College,CB,3,0.8581,1315,2024,HighSchool
5219250,109963,Aiden Black,Stanford,TE,3,0.8581,1315,2024,HighSchool
5149939,109970,Zach Cody,Coastal Carolina,CB,3,0.8581,1315,2024,HighSchool
5146985,109966,Nate Gabriel,West Virginia,DL,3,0.8581,1315,2024,HighSchool
,109967,Aaron Travis,Southern Miss,DL,3,0.8581,1315,2024,HighSchool
5149451,109977,Kevon Merrell,East Carolina,LB,3,0.8578,1323,2024,HighSchool
,109974,Darius Wiley,,EDGE,3,0.8578,1323,2024,HighSchool
5193657,109975,Hunter Haines,Washington State,S,3,0.8578,1323,2024,HighSchool
,109971,Bryce Clavon,,QB,3,0.8578,1323,2024,HighSchool
5173438,109979,Ja'Meer Thomas,Syracuse,ATH,3,0.8578,1323,2024,HighSchool
5197051,109978,Reese Baker,Tulane,OT,3,0.8578,1323,2024,HighSchool
5123274,109976,Jah Jah Boyd,Indiana,S,3,0.8578,1323,2024,HighSchool
5161785,109972,Terrell Kim,Arizona State,IOL,3,0.8578,1323,2024,HighSchool
5126576,109973,Ikinasio Tupou,BYU,OT,3,0.8578,1323,2024,HighSchool
5109795,109987,Rae'mon Mosby,Louisville,CB,3,0.8575,1332,2024,HighSchool
5126535,109980,Aidan Steinfeldt,Marshall,TE,3,0.8575,1332,2024,HighSchool
5079762,109993,Cole Welliver,UConn,QB,3,0.8575,1332,2024,HighSchool
5147734,109997,Cole Snodgrass,TCU,TE,3,0.8575,1332,2024,HighSchool
5220320,109991,EJ Hall,Troy,ATH,3,0.8575,1332,2024,HighSchool
5147930,109984,Jaedon Langley,North Texas,DL,3,0.8575,1332,2024,HighSchool
5146858,109981,Champ Westbrooks,Arizona State,IOL,3,0.8575,1332,2024,HighSchool
5161780,109994,Jordyn Bridgewater,UCF,WR,3,0.8575,1332,2024,HighSchool
5144083,109988,Davin Brewton,Pittsburgh,LB,3,0.8575,1332,2024,HighSchool
5109287,109982,Milt Ferguson,James Madison,CB,3,0.8575,1332,2024,HighSchool
5148853,109996,Zac Clarke,Cincinnati,OT,3,0.8575,1332,2024,HighSchool
5145121,109995,Callen Campbell,Northwestern,DL,3,0.8575,1332,2024,HighSchool
5142705,109986,Angelo McCullom,Illinois,DL,3,0.8575,1332,2024,HighSchool
5101130,109983,Mike Williams,Florida,OT,3,0.8575,1332,2024,HighSchool
5146971,109990,Andrew Hanchuk,Virginia Tech,DL,3,0.8575,1332,2024,HighSchool
5146578,109998,Josh Raymond,Vanderbilt,IOL,3,0.8575,1332,2024,HighSchool
5220619,109989,Koi Pa'ao'ao,UNLV,LB,3,0.8575,1332,2024,HighSchool
,109985,Luca Puccinelli,Wake Forest,TE,3,0.8575,1332,2024,HighSchool
5147109,109999,Darrius Davis,Stanford,S,3,0.8575,1332,2024,HighSchool
5154672,109992,Rakeem Johnson,Michigan State,IOL,3,0.8575,1332,2024,HighSchool
5134550,110002,Callahan Blair,Vanderbilt,EDGE,3,0.8572,1352,2024,HighSchool
5149218,110003,Brent Helton,Iowa State,IOL,3,0.8572,1352,2024,HighSchool
5146426,110001,Hayden Treter,USC,OT,3,0.8572,1352,2024,HighSchool
5157055,110006,Edd Guerrier,Rutgers,RB,3,0.8572,1352,2024,HighSchool
5146850,110004,Jadon Lafontant,Boston College,IOL,3,0.8572,1352,2024,HighSchool
5146314,110000,Luke Work,Mississippi State,OT,3,0.8572,1352,2024,HighSchool
5148881,110005,Omar Khan,Washington,DL,3,0.8572,1352,2024,HighSchool
5084291,110008,Damien McDaniel,UNLV,ATH,3,0.8569,1359,2024,HighSchool
5157059,110009,Kellen Tasby,Tulane,QB,3,0.8569,1359,2024,HighSchool
5148841,110007,Ira Singleton,South Florida,EDGE,3,0.8569,1359,2024,HighSchool
5222396,110025,Clinton Robinson,Kent State,ATH,3,0.8567,1362,2024,HighSchool
5147189,110017,Deylen Platt,South Florida,CB,3,0.8567,1362,2024,HighSchool
5196024,110027,Tyreek Robinson,Pittsburgh,WR,3,0.8567,1362,2024,HighSchool
5127029,110014,Kekai Burnett,Michigan State,EDGE,3,0.8567,1362,2024,HighSchool
5126921,110023,Ty Yuhas,Pittsburgh,DL,3,0.8567,1362,2024,HighSchool
5221047,110013,AJ Wallace,Arkansas State,ATH,3,0.8567,1362,2024,HighSchool
5146789,110016,Max Parrott,Purdue,OT,3,0.8567,1362,2024,HighSchool
5192957,110028,Kai McClendon,Mississippi State,DL,3,0.8567,1362,2024,HighSchool
5144853,110012,Landon Wright,Washington State,ATH,3,0.8567,1362,2024,HighSchool
5144084,110019,Jahmari Powell-Wonson,Maryland,WR,3,0.8567,1362,2024,HighSchool
5193390,110021,C.J. Kubah-Taylor,Clemson,LB,3,0.8567,1362,2024,HighSchool
5141799,110010,Easton Baker,Illinois,LB,3,0.8567,1362,2024,HighSchool
5222689,110029,Johnathan Montague Jr.,Boston College,QB,3,0.8567,1362,2024,HighSchool
5148741,110024,Khamani Alexander,App State,RB,3,0.8567,1362,2024,HighSchool
5147195,110022,Quan Sanks,Cincinnati,CB,3,0.8567,1362,2024,HighSchool
5146743,110015,Kezion Dia-Johnson,Massachusetts,WR,3,0.8567,1362,2024,HighSchool
5146980,110020,Joe Barna,Illinois,DL,3,0.8567,1362,2024,HighSchool
5147510,110011,Isiah Jones,NC State,RB,3,0.8567,1362,2024,HighSchool
5134270,110018,Trashon Dye,James Madison,RB,3,0.8567,1362,2024,HighSchool
5084659,110026,Eric Smith,Liberty,WR,3,0.8567,1362,2024,HighSchool
5148624,110032,Quinn Clark,Nebraska,WR,3,0.8564,1382,2024,HighSchool
5149113,110031,Tito Glass Jr.,Miami (OH),RB,3,0.8564,1382,2024,HighSchool
5146665,110035,Evan Lawrence,Indiana,OT,3,0.8564,1382,2024,HighSchool
5147515,110034,Chris Henry,West Virginia,S,3,0.8564,1382,2024,HighSchool
5079385,110030,Terrell Cooks Jr.,Nevada,ATH,3,0.8564,1382,2024,HighSchool
5178688,110033,Gregory McClendon III,San José State,ATH,3,0.8564,1382,2024,HighSchool
5147722,110037,Callen Barta,Kansas State,S,3,0.8561,1388,2024,HighSchool
5193104,110036,Austin Clay,Michigan State,WR,3,0.8561,1388,2024,HighSchool
5189530,110038,Joseph Williams,Tulsa,ATH,3,0.8561,1388,2024,HighSchool
5146913,110043,Shamar Riser-Pressley,Buffalo,EDGE,3,0.8558,1391,2024,HighSchool
5142239,110044,Sam Pilof,Rutgers,LB,3,0.8558,1391,2024,HighSchool
5147476,110054,Zechariah Robinson,UTSA,DL,3,0.8558,1391,2024,HighSchool
5119873,110049,Wyatt Hook,Michigan State,TE,3,0.8558,1391,2024,HighSchool
5141795,110050,Braylon Isom,Miami (OH),ATH,3,0.8558,1391,2024,HighSchool
5126524,110046,Jakorion Caffey,Cincinnati,RB,3,0.8558,1391,2024,HighSchool
5147222,110052,Cedric Franklin II,Georgia Tech,S,3,0.8558,1391,2024,HighSchool
5123479,110051,Jonathan Kabeya,BYU,ATH,3,0.8558,1391,2024,HighSchool
5146783,110048,Mauricio Hinds,Florida Atlantic,OT,3,0.8558,1391,2024,HighSchool
5147188,110055,Eduwa Okundaye,Arizona,EDGE,3,0.8558,1391,2024,HighSchool
5146863,110040,Dylan Sikorski,Oregon State,IOL,3,0.8558,1391,2024,HighSchool
5126533,110039,Jack Ressler,Oregon,WR,3,0.8558,1391,2024,HighSchool
5137739,110053,Eric Ingwerson,Nebraska,ATH,3,0.8558,1391,2024,HighSchool
5147103,110042,Carson Osmus,Washington State,OT,3,0.8558,1391,2024,HighSchool
5156387,110045,Troy Regovich,Northwestern,DL,3,0.8558,1391,2024,HighSchool
,110041,Shamaar Darden,Ole Miss,S,3,0.8558,1391,2024,HighSchool
5146968,110047,Elijah Kinsler,West Virginia,EDGE,3,0.8558,1391,2024,HighSchool
5147139,110057,Jayden Brown,Syracuse,LB,3,0.8556,1408,2024,HighSchool
5125472,110056,Zion Taylor,Houston,EDGE,3,0.8556,1408,2024,HighSchool
5079568,110059,Adrian Posse,UAB,QB,3,0.8556,1408,2024,HighSchool
5147776,110058,Kevin Norwood,Troy,DL,3,0.8556,1408,2024,HighSchool
5156110,110061,Kade Caton,Oregon,TE,3,0.8556,1412,2024,HighSchool
5146706,110060,JT Bronaugh,Eastern Michigan,RB,3,0.8556,1412,2024,HighSchool
5140699,110063,Sam Neely III,Wake Forest,CB,3,0.8553,1414,2024,HighSchool
5146841,110064,Derek Joiner,Houston,IOL,3,0.8553,1414,2024,HighSchool
5079619,110062,Kalieb Osborne,Toledo,QB,3,0.8553,1414,2024,HighSchool
5226161,110068,Britain Simmons,Lamar,ATH,3,0.8552,1417,2024,HighSchool
,110067,Jordan Ward,,ATH,3,0.8552,1417,2024,HighSchool
,110066,Bobby Kennedy,,ATH,3,0.8552,1417,2024,HighSchool
,110065,Ramere Davis,Northern Arizona,LB,3,0.8552,1417,2024,HighSchool
,110087,Swazy Carheel,,EDGE,3,0.855,1421,2024,HighSchool
,110085,Zeus Venegas,,DL,3,0.855,1421,2024,HighSchool
5146666,110080,Noah Lugo,BYU,QB,3,0.855,1421,2024,HighSchool
5083192,110081,Nathan Knapik,Idaho,OT,3,0.855,1421,2024,HighSchool
5225520,110091,Edwin Moore Jr.,Western Carolina,DL,3,0.855,1421,2024,HighSchool
4890322,110092,Tye Smith,Houston Christian,LB,3,0.855,1421,2024,HighSchool
5228150,110074,Camden DeGraw-Tryall,Washington State,EDGE,3,0.855,1421,2024,HighSchool
5147854,110094,Michael Hershey,Maryland,DL,3,0.855,1421,2024,HighSchool
5158248,110082,Trashun Griffin,Troy,DL,3,0.855,1421,2024,HighSchool
5147232,110089,Tony Mathis,Ohio,S,3,0.855,1421,2024,HighSchool
5141979,110073,Ameir Glenn,Wake Forest,DL,3,0.855,1421,2024,HighSchool
5146708,110072,Sean Patrick,Akron,RB,3,0.855,1421,2024,HighSchool
5147156,110077,Logan Studt,Fresno State,LB,3,0.855,1421,2024,HighSchool
5226923,110078,Emiril Gant,Towson,S,3,0.855,1421,2024,HighSchool
5193163,110086,Kalari Gordon,Kennesaw State,IOL,3,0.855,1421,2024,HighSchool
5218901,110075,Tana Alo-Tupuola,Georgia Tech,IOL,3,0.855,1421,2024,HighSchool
5147229,110070,Martell Hughes,Arizona State,S,3,0.855,1421,2024,HighSchool
5125717,110069,Koltin Sieracki,Baylor,IOL,3,0.855,1421,2024,HighSchool
5147724,110090,Terez Davis,Maryland,OT,3,0.855,1421,2024,HighSchool
5193135,110088,Garret Rutledge,Iowa State,OT,3,0.855,1421,2024,HighSchool
5138702,110076,Adham Abouraya,Pittsburgh,IOL,3,0.855,1421,2024,HighSchool
5169434,110083,Jacob Cosby-Mosley,Wake Forest,S,3,0.855,1421,2024,HighSchool
4688413,110071,Justus Woods,Cal Poly,ATH,3,0.855,1421,2024,HighSchool
5146724,110084,Turbo Richard,Boston College,RB,3,0.855,1421,2024,HighSchool
5149264,110079,Jalen Charles,Memphis,EDGE,3,0.855,1421,2024,HighSchool
5148418,110093,Donovan Jones,Nebraska,ATH,3,0.855,1421,2024,HighSchool
5147181,110101,Char'quez Lee,Florida Atlantic,LB,3,0.8547,1447,2024,HighSchool
,110095,Caleb McCreary,Troy,QB,3,0.8547,1447,2024,HighSchool
,110098,Braden Graham,Holy Cross,QB,3,0.8547,1447,2024,HighSchool
,110105,Kison Shepard,,OT,3,0.8547,1447,2024,HighSchool
5148423,110097,Cam Richardson,Stanford,S,3,0.8547,1447,2024,HighSchool
5147143,110103,Aquavious Dunbar,Tulsa,LB,3,0.8547,1447,2024,HighSchool
5150133,110106,Christian Pritchett,Georgia Tech,S,3,0.8547,1447,2024,HighSchool
5219017,110100,Nakai Amachree,Bowling Green,RB,3,0.8547,1447,2024,HighSchool
5146991,110099,Kavion Benton,Memphis,DL,3,0.8547,1447,2024,HighSchool
5146381,110104,Raynor Andrews,Rutgers,OT,3,0.8547,1447,2024,HighSchool
5148807,110107,Derrick Brown Jr.,Duke,LB,3,0.8547,1447,2024,HighSchool
5148876,110102,Martreece Dillard,Bowling Green,DL,3,0.8547,1447,2024,HighSchool
5147202,110096,Deuce Walker,Georgia State,CB,3,0.8547,1447,2024,HighSchool
5084704,110108,Patrick Clacks III,Buffalo,WR,3,0.8544,1460,2024,HighSchool
5146742,110109,Khijohnn Cummings-Coleman,Iowa State,ATH,3,0.8544,1460,2024,HighSchool
4883676,110110,Jayshaun Johnson,Grambling,S,3,0.8544,1460,2024,HighSchool
5179117,110111,Ivan Moore Jr.,Northern Illinois,EDGE,3,0.8544,1460,2024,HighSchool
5220122,110116,Trae Gaston,Toledo,LB,3,0.8542,1464,2024,HighSchool
5146761,110115,Jewlyen Roberts,Tulsa,TE,3,0.8542,1464,2024,HighSchool
5139525,110119,Devin Cook,Wake Forest,CB,3,0.8542,1464,2024,HighSchool
5147375,110120,Charlie Comella,Boston College,ATH,3,0.8542,1464,2024,HighSchool
5147237,110112,Quinton Price,Cincinnati,S,3,0.8542,1464,2024,HighSchool
5138130,110122,Nazaiah Caravallo,Hawai'i,LB,3,0.8542,1464,2024,HighSchool
5147693,110121,Ramar Williams,Arizona State,DL,3,0.8542,1464,2024,HighSchool
5146872,110113,Jayce Mitchell,Tulane,IOL,3,0.8542,1464,2024,HighSchool
5219179,110117,Zay Johnson,Cincinnati,S,3,0.8542,1464,2024,HighSchool
5148883,110114,Michael Matthews-Canty,Hampton,S,3,0.8542,1464,2024,HighSchool
5155866,110118,Dexter Foster,Oregon State,LB,3,0.8542,1464,2024,HighSchool
5127042,110123,LeVar Talley,Nevada,LB,3,0.8539,1475,2024,HighSchool
5146988,110128,Keyari James,Maryland,LB,3,0.8539,1475,2024,HighSchool
5142694,110129,Tah'j Butler,Georgia Tech,LB,3,0.8539,1475,2024,HighSchool
5149828,110130,Jonathan Agumadu,Oklahoma State,LB,3,0.8539,1475,2024,HighSchool
5222386,110126,Jay Jay Etheridge,Kent State,ATH,3,0.8539,1475,2024,HighSchool
,110124,Adam Mohammed,Arizona,RB,3,0.8539,1475,2024,HighSchool
,110127,Donovan Thompson,Campbell,OT,3,0.8539,1475,2024,HighSchool
5148411,110125,Jackson Bussey,App State,EDGE,3,0.8539,1475,2024,HighSchool
5221016,110132,Brandon Jones,UTEP,S,3,0.8536,1483,2024,HighSchool
5149743,110133,Justin Bodford,Missouri,DL,3,0.8536,1483,2024,HighSchool
5079298,110131,Lloyd Avant,Tulsa,RB,3,0.8536,1483,2024,HighSchool
5147355,110134,Guiseann Mirtil,Tulane,ATH,3,0.8536,1483,2024,HighSchool
5139216,110138,Luke Ferrelli,California,LB,3,0.8533,1487,2024,HighSchool
5148991,110145,Alvin Williamson Jr.,Vanderbilt,CB,3,0.8533,1487,2024,HighSchool
5143920,110146,John Rogers,Virginia,TE,3,0.8533,1487,2024,HighSchool
5146812,110139,Mason Lindsay,Pittsburgh,OT,3,0.8533,1487,2024,HighSchool
5146814,110147,Carson Van Dinter,Iowa State,S,3,0.8533,1487,2024,HighSchool
5101125,110136,Logan Bennett,Maryland,IOL,3,0.8533,1487,2024,HighSchool
5147168,110141,KJ Flowe,James Madison,S,3,0.8533,1487,2024,HighSchool
5147733,110148,Anthony Robsock,Maryland,OT,3,0.8533,1487,2024,HighSchool
5148422,110143,Jaden Pettway,North Texas,S,3,0.8533,1487,2024,HighSchool
5193354,110137,Corey Myrick,Marshall,CB,3,0.8533,1487,2024,HighSchool
5147102,110144,Zach Jackson,Duke,CB,3,0.8533,1487,2024,HighSchool
5083888,110140,Zekai Wimberly,Hampton,LB,3,0.8533,1487,2024,HighSchool
5101622,110135,Chance Harrison,Colorado State,ATH,3,0.8533,1487,2024,HighSchool
5142140,110142,Khobie Martin,Indiana,RB,3,0.8533,1487,2024,HighSchool
5127038,110151,Gavench Marcelin,Florida Atlantic,EDGE,3,0.8531,1501,2024,HighSchool
5124338,110153,Josh Ford,Oklahoma State,TE,3,0.8531,1501,2024,HighSchool
5145460,110152,Jack Sammarco,West Virginia,TE,3,0.8531,1501,2024,HighSchool
5126566,110150,Chenellson Exume,South Florida,IOL,3,0.8531,1501,2024,HighSchool
5146667,110149,Khristian Martin,Maryland,QB,3,0.8531,1501,2024,HighSchool
5193095,110154,Najiib Anderson,Western Michigan,S,3,0.853,1506,2024,HighSchool
5146890,110157,DeNigel Cooper,App State,EDGE,3,0.8528,1507,2024,HighSchool
5146275,110155,Heath McRee,San Diego State,WR,3,0.8528,1507,2024,HighSchool
5219898,110159,Drew Devillier,Rice,QB,3,0.8528,1507,2024,HighSchool
4736507,110158,Jayden Scott,Grambling,DL,3,0.8528,1507,2024,HighSchool
5149912,110156,Marquaze Parker,Cincinnati,DL,3,0.8528,1507,2024,HighSchool
,110160,Fred Hinton,Eastern Kentucky,OT,3,0.8526,1512,2024,HighSchool
5147069,110165,Kory Hall,Colorado State,WR,3,0.8525,1513,2024,HighSchool
,110168,Talan Dudley,Lehigh,LB,3,0.8525,1513,2024,HighSchool
5127807,110166,Jaylen'Dai Sumlin,Stanford,S,3,0.8525,1513,2024,HighSchool
5193102,110169,Miles Burris,Charlotte,WR,3,0.8525,1513,2024,HighSchool
5079419,110162,TJ Engleman,East Carolina,RB,3,0.8525,1513,2024,HighSchool
5145820,110167,Cooper Ackerman,UConn,DL,3,0.8525,1513,2024,HighSchool
5147226,110175,Chase Green,Tulane,S,3,0.8525,1513,2024,HighSchool
5191175,110173,Caleb Goodloe,Bowling Green,WR,3,0.8525,1513,2024,HighSchool
5126539,110161,Jaydon Wright,Minnesota,RB,3,0.8525,1513,2024,HighSchool
5143855,110171,Monte Keener,Rutgers,TE,3,0.8525,1513,2024,HighSchool
5112624,110163,Kenny Jones,Rutgers,IOL,3,0.8525,1513,2024,HighSchool
5152524,110176,Sterlin Brooks,TCU,DL,3,0.8525,1513,2024,HighSchool
5172332,110172,Kobi Blackwell,Buffalo,ATH,3,0.8525,1513,2024,HighSchool
5176070,110174,Myles Brown,Virginia,LB,3,0.8525,1513,2024,HighSchool
5147152,110164,Stratton Shufelt,UTEP,LB,3,0.8525,1513,2024,HighSchool
5146770,110170,Khalil Witherspoon,Akron,TE,3,0.8525,1513,2024,HighSchool
5108224,110178,Willie Goodacre,Syracuse,IOL,3,0.8522,1529,2024,HighSchool
,110179,Kaho Tuihalamaka,,DL,3,0.8522,1529,2024,HighSchool
,110181,DJ Allen,Purdue,EDGE,3,0.8522,1529,2024,HighSchool
5147236,110182,Cameron Powell,Western Michigan,S,3,0.8522,1529,2024,HighSchool
5147864,110177,Makari Bodiford,Memphis,RB,3,0.8522,1529,2024,HighSchool
5161800,110180,Viron Ellison Jr.,Tulsa,RB,3,0.8522,1529,2024,HighSchool
5083701,110183,Joseph Bey,San José State,S,3,0.8519,1535,2024,HighSchool
,110184,Michael Levelle Watkins,Arizona,IOL,3,0.8519,1535,2024,HighSchool
,110185,Korey Smith,,LB,3,0.8519,1535,2024,HighSchool
,110186,Nyreek Clyburn,,EDGE,3,0.8519,1538,2024,HighSchool
,110187,John Cineas,West Georgia,WR,3,0.8519,1538,2024,HighSchool
5194698,110188,Jayquan Reid,Western Michigan,ATH,3,0.8519,1538,2024,HighSchool
5174446,110203,Keyon Washington,West Virginia,CB,3,0.8517,1541,2024,HighSchool
5148826,110195,Bryce Rowe,Central Michigan,CB,3,0.8517,1541,2024,HighSchool
5192394,110190,JT Haskins,Ohio,ATH,3,0.8517,1541,2024,HighSchool
5146302,110194,Kai Holec,San Diego State,OT,3,0.8517,1541,2024,HighSchool
5146769,110199,Dominic Toy,UConn,TE,3,0.8517,1541,2024,HighSchool
5146892,110189,Salesi Manu,Arizona State,EDGE,3,0.8517,1541,2024,HighSchool
5170076,110198,Kenny Worthy,Washington State,ATH,3,0.8517,1541,2024,HighSchool
5157060,110200,Dane Wleklinski,Virginia,OT,3,0.8517,1541,2024,HighSchool
5148827,110191,Kaleb Thomas,Houston,TE,3,0.8517,1541,2024,HighSchool
5157419,110201,Carson Williams,Montana State,CB,3,0.8517,1541,2024,HighSchool
5146766,110193,Charlie Crowell,Washington,TE,3,0.8517,1541,2024,HighSchool
5149364,110202,Zach Smith,SMU,LB,3,0.8517,1541,2024,HighSchool
5149268,110192,Chris Lino,Washington State,OT,3,0.8517,1541,2024,HighSchool
5159858,110197,Jaden Landrum,Colorado State,TE,3,0.8517,1541,2024,HighSchool
,110196,Keenan Jackson,Central Arkansas,WR,3,0.8517,1541,2024,HighSchool
5193074,110205,Mike Wright III,Florida Atlantic,S,3,0.8514,1556,2024,HighSchool
5146725,110206,Kaden Shields-Dutton,Florida Atlantic,RB,3,0.8514,1556,2024,HighSchool
5218789,110204,Vontae Floyd,Duke,ATH,3,0.8514,1556,2024,HighSchool
5138637,110208,Hyajah Miller,Toledo,CB,3,0.8511,1559,2024,HighSchool
5193110,110209,Dominic Dorwart,Ohio,WR,3,0.8511,1559,2024,HighSchool
5148943,110210,Rex Guthrie,Nebraska,S,3,0.8511,1559,2024,HighSchool
5138131,110207,Deshawn Purdie,Charlotte,QB,3,0.8511,1559,2024,HighSchool
5178602,110211,Noah Bishop,Western Michigan,EDGE,3,0.8511,1559,2024,HighSchool
,110212,Vinny Winters,Central Arkansas,IOL,3,0.8511,1564,2024,HighSchool
,110217,Sam Cooper,Stony Brook,ATH,3,0.8511,1564,2024,HighSchool
,110216,Miles Sillas,,LB,3,0.8511,1564,2024,HighSchool
,110215,Trevor Szymanski,Maryland,IOL,3,0.8511,1564,2024,HighSchool
5146792,110214,AJ Burton,Iowa State,OT,3,0.8511,1564,2024,HighSchool
5086100,110213,Tei Nacua,BYU,WR,3,0.8511,1564,2024,HighSchool
5147108,110222,Isaiah Cobbs,Washington State,WR,3,0.8508,1570,2024,HighSchool
5146602,110219,Sam Macy,Minnesota,EDGE,3,0.8508,1570,2024,HighSchool
5146941,110221,Mason Fleming,Tulsa,DL,3,0.8508,1570,2024,HighSchool
5188305,110223,Timi Oke,Northwestern,CB,3,0.8508,1570,2024,HighSchool
5143172,110218,Jimmy Williams III,Louisville,OT,3,0.8508,1570,2024,HighSchool
5110040,110220,Cannon Lewis,NC State,LB,3,0.8508,1570,2024,HighSchool
5196972,110228,Tanner Heckel,Illinois,S,3,0.8506,1576,2024,HighSchool
5156893,110226,Jordan Martin,Texas State,WR,3,0.8506,1576,2024,HighSchool
,110224,Cole Hodge,East Carolina,QB,3,0.8506,1576,2024,HighSchool
5191162,110225,Alberto Mendoza,Indiana,QB,3,0.8506,1576,2024,HighSchool
5156388,110227,Leon Washington Jr.,Florida Atlantic,WR,3,0.8506,1576,2024,HighSchool
5221151,110232,Chukwunedu Okeke,Western Kentucky,DL,3,0.8504,1581,2024,HighSchool
5148416,110230,Ben Gustafson,Northern Illinois,OT,3,0.8504,1581,2024,HighSchool
5196871,110231,Eltoum Murgus,Wyoming,EDGE,3,0.8504,1581,2024,HighSchool
5193293,110233,Jordan Buckley,Western Michigan,DL,3,0.8504,1581,2024,HighSchool
5139055,110229,Josh Ringer,Miami (OH),ATH,3,0.8504,1581,2024,HighSchool
5142237,110237,Myles Turpin,Wake Forest,S,3,0.8503,1586,2024,HighSchool
5220002,110235,LaTristan Thompson,Utah,CB,3,0.8503,1586,2024,HighSchool
5093889,110234,Jabari Mann,Arizona,LB,3,0.8503,1586,2024,HighSchool
5191404,110238,Pape Abdoulaye Sy,Boston College,OT,3,0.8503,1586,2024,HighSchool
5148414,110236,Frank Cusano,Washington State,LB,3,0.8503,1586,2024,HighSchool
,110253,Michael McMonigle,Maryland,OT,3,0.85,1591,2024,HighSchool
5146760,237951,Ridge Barker,Texas,TE,3,0.85,1591,2024,HighSchool
5149831,110247,Kayden McGee,UNLV,WR,3,0.85,1591,2024,HighSchool
5149512,110243,Boone Morris,Kansas State,LB,3,0.85,1591,2024,HighSchool
5150125,110240,Brandon Tullis,Michigan State,RB,3,0.85,1591,2024,HighSchool
5192397,110256,Alvin Puefua,Hawai'i,DL,3,0.85,1591,2024,HighSchool
,237928,Hoi Amasio-Hansen,,LB,3,0.85,1591,2024,HighSchool
,237929,Syncere Brackett,Boise State,LB,3,0.85,1591,2024,HighSchool
,237930,Ethan Johnson,Alabama State,LB,3,0.85,1591,2024,HighSchool
,237932,Braedyn Male,,DL,3,0.85,1591,2024,HighSchool
,237933,Kobe Brown,,WR,3,0.85,1591,2024,HighSchool
,237934,Bennet Lihs,South Dakota State,DL,3,0.85,1591,2024,HighSchool
,237935,Na'Tori Brown,Louisiana,EDGE,3,0.85,1591,2024,HighSchool
,237936,Wiley Donnerberg,Idaho,ATH,3,0.85,1591,2024,HighSchool
,237937,Gus Donnerberg,Idaho,LB,3,0.85,1591,2024,HighSchool
,237938,Ayden Gutierrez,Eastern Washington,WR,3,0.85,1591,2024,HighSchool
,237939,JT Houston,Cal Poly,EDGE,3,0.85,1591,2024,HighSchool
,237940,Donovan Aidoo,Weber State,S,3,0.85,1591,2024,HighSchool
5195282,237931,Tyree Alualu,Temple,ATH,3,0.85,1591,2024,HighSchool
,237941,Jawon Jarrett,,ATH,3,0.85,1591,2024,HighSchool
,237942,Isaiah Sanders,UC Davis,EDGE,3,0.85,1591,2024,HighSchool
,237945,Ambrose Marsh,Eastern Washington,CB,3,0.85,1591,2024,HighSchool
,237947,Kaleb Jones,,CB,3,0.85,1591,2024,HighSchool
,237948,Jordan White,,TE,3,0.85,1591,2024,HighSchool
,237949,Braylon Vincent,Long Island University,S,3,0.85,1591,2024,HighSchool
,237950,Juriad Hughes,,WR,3,0.85,1591,2024,HighSchool
,237952,Isaiah Suesue,,ATH,3,0.85,1591,2024,HighSchool
,237954,Emonte Cross,Lamar,ATH,3,0.85,1591,2024,HighSchool
,237956,Rasheed Johnson,,ATH,3,0.85,1591,2024,HighSchool
,237957,Jarmaine Mitchell,,OT,3,0.85,1591,2024,HighSchool
,237958,Christian Farrow,,CB,3,0.85,1591,2024,HighSchool
,237961,Kyan Rauk,South Dakota State,OT,3,0.85,1591,2024,HighSchool
,257732,Brandon Mason,Southeast Missouri State,OT,3,0.85,1591,2024,HighSchool
,257594,Jake East,Idaho State,EDGE,3,0.85,1591,2024,HighSchool
,110241,AJ Tanupo,Montana State,DL,3,0.85,1591,2024,HighSchool
,110248,Kareem Jennings,,EDGE,3,0.85,1591,2024,HighSchool
,110246,Tayshawn Banks,Pittsburgh,CB,3,0.85,1591,2024,HighSchool
,110250,Blake Lowe,BYU,LB,3,0.85,1591,2024,HighSchool
,110254,Cam Cole,Fresno State,S,3,0.85,1591,2024,HighSchool
5229589,237944,Javon Ross,Bethune-Cookman,ATH,3,0.85,1591,2024,HighSchool
5146751,110244,Jose Leon,App State,WR,3,0.85,1591,2024,HighSchool
5147728,110239,Devin Henderson,Liberty,S,3,0.85,1591,2024,HighSchool
5197034,237960,Malachi Thomas,Pittsburgh,TE,3,0.85,1591,2024,HighSchool
5229218,237959,Van Weber,UAlbany,QB,3,0.85,1591,2024,HighSchool
5197102,257410,Alonzo Jackson Jr.,Louisiana Tech,LB,3,0.85,1591,2024,HighSchool
5174763,110258,Malachi Wrice,Washington State,EDGE,3,0.85,1591,2024,HighSchool
5126534,110242,Jeremy Scott,South Alabama,WR,3,0.85,1591,2024,HighSchool
5220671,257446,Herschel Turner,Utah State,RB,3,0.85,1591,2024,HighSchool
5193089,110259,Alvon Isaac,South Florida,ATH,3,0.85,1591,2024,HighSchool
5194796,237962,Ameyr Adams,UL Monroe,S,3,0.85,1591,2024,HighSchool
5193338,237953,J'Quan Mason,UAB,EDGE,3,0.85,1591,2024,HighSchool
5225578,110245,Kiwan Sims,Portland State,ATH,3,0.85,1591,2024,HighSchool
5194626,237946,Roman Gagliano,Middle Tennessee,QB,3,0.85,1591,2024,HighSchool
5226912,110249,Marcel Williams,Marshall,WR,3,0.85,1591,2024,HighSchool
5226917,237955,Winston Watkins,Towson,ATH,3,0.85,1591,2024,HighSchool
5147191,257488,Javon Rogers,Kennesaw State,CB,3,0.85,1591,2024,HighSchool
5147691,110255,Graham Uter,SMU,IOL,3,0.85,1591,2024,HighSchool
5144020,110251,Connor Bachhuber,Stanford,OT,3,0.85,1591,2024,HighSchool
5227208,237943,Travis Kerney,Howard,RB,3,0.85,1591,2024,HighSchool
5155697,110257,Curtis Jones Jr.,West Virginia,LB,3,0.85,1591,2024,HighSchool
5142278,110252,Dominik Ball,Nevada,RB,3,0.85,1591,2024,HighSchool
,110260,Eric Lee,New Hampshire,S,3,0.8497,1655,2024,HighSchool
,110262,Andre Weeks,,OT,3,0.8494,1656,2024,HighSchool
,110261,Chris Jones,Southern Miss,LB,3,0.8494,1656,2024,HighSchool
5147509,110263,Travis Anderson,Boise State,ATH,3,0.8494,1656,2024,HighSchool
5146992,110264,Chase Bond,NC State,DL,3,0.8494,1656,2024,HighSchool
5193655,110266,Tristen Fortenberry,Tulane,OT,3,0.8493,1660,2024,HighSchool
,110265,A.J. Spellacy,,ATH,3,0.8493,1660,2024,HighSchool
,110267,Terek McCant,Bethune-Cookman,RB,3,0.8492,1662,2024,HighSchool
,110271,Keishawn Mashburn,,DL,3,0.8492,1663,2024,HighSchool
,110273,Matthew Stenbroten,North Dakota State,LB,3,0.8492,1663,2024,HighSchool
5178078,110272,Shamar McIntosh,Maryland,S,3,0.8492,1663,2024,HighSchool
5150137,110277,Tristan Johnson,TCU,DL,3,0.8492,1663,2024,HighSchool
,110278,Hasaan Sykes,Western Carolina,CB,3,0.8492,1663,2024,HighSchool
,110269,Christian Zamor,,ATH,3,0.8492,1663,2024,HighSchool
5230180,110268,Tony Phillips,Grambling,RB,3,0.8492,1663,2024,HighSchool
5079469,110270,Dallin Johnson,BYU,DL,3,0.8492,1663,2024,HighSchool
5147845,110276,Ethan Proffitt,Florida Atlantic,IOL,3,0.8492,1663,2024,HighSchool
5146821,110274,Kemori Dixon,Boston College,S,3,0.8492,1663,2024,HighSchool
5148835,110275,Jayzen Flint,Boston College,EDGE,3,0.8492,1663,2024,HighSchool
5155505,110280,Ashton Williams,Tulsa,S,3,0.8489,1674,2024,HighSchool
,110279,Tysen Smith,Toledo,ATH,3,0.8489,1674,2024,HighSchool
,110281,Edward Louis,,WR,3,0.8486,1676,2024,HighSchool
5148846,110283,Carter Kadow,Rutgers,OT,3,0.8486,1676,2024,HighSchool
5193114,110282,Michael-Arinze Ezirim,Toledo,CB,3,0.8486,1676,2024,HighSchool
5229538,110286,Bryan Wilson,Campbell,QB,3,0.8485,1679,2024,HighSchool
,110285,Malachi Harris,Austin Peay,IOL,3,0.8485,1679,2024,HighSchool
,110284,Ajon Bryant,,RB,3,0.8485,1679,2024,HighSchool
5221303,110288,Ben Bouzi,Colorado,CB,3,0.8483,1682,2024,HighSchool
5190738,110305,Braden Carter,South Florida,OT,3,0.8483,1682,2024,HighSchool
5139855,110296,Glenn Seabrooks III,Vanderbilt,IOL,3,0.8483,1682,2024,HighSchool
5149747,110292,Tice Williams,Texas State,S,3,0.8483,1682,2024,HighSchool
5146973,110300,Harper Holloman,Western Kentucky,DL,3,0.8483,1682,2024,HighSchool
5177824,110304,Jermaine Dalias,South Florida,S,3,0.8483,1682,2024,HighSchool
5149453,110297,John Randle Jr.,Purdue,IOL,3,0.8483,1682,2024,HighSchool
5127900,110298,Shay Smith,UTEP,QB,3,0.8483,1682,2024,HighSchool
5147072,110287,Jaiden Spearman,Louisville,ATH,3,0.8483,1682,2024,HighSchool
,110299,Anthony Hymes,,ATH,3,0.8483,1682,2024,HighSchool
5222750,110290,Terrion Curry-Hicks,Northwestern,CB,3,0.8483,1682,2024,HighSchool
5148944,110303,Amar Reynolds,Illinois,CB,3,0.8483,1682,2024,HighSchool
5143221,110294,Tyler Knape,California,IOL,3,0.8483,1682,2024,HighSchool
5155579,110302,Cameron Flowers,Western Kentucky,WR,3,0.8483,1682,2024,HighSchool
5079433,110293,Brandon Hansen,Illinois,OT,3,0.8483,1682,2024,HighSchool
5134169,110295,Danny Inglis,Iowa State,ATH,3,0.8483,1682,2024,HighSchool
5189538,110301,Watson Young,Clemson,IOL,3,0.8483,1682,2024,HighSchool
5079424,110291,Nijrell Eason II,UNLV,CB,3,0.8483,1682,2024,HighSchool
5155780,110289,Taeo Todd,Georgia Southern,ATH,3,0.8483,1682,2024,HighSchool
5147449,110306,Jaxton Santiago,Yale,TE,3,0.8481,1701,2024,HighSchool
5193492,110307,Ryan Boe,Northwestern,QB,3,0.8481,1701,2024,HighSchool
,110316,Terrell Spruill,Rhode Island,DL,3,0.8478,1703,2024,HighSchool
5218580,110322,Maurice Hayes,Georgia,CB,3,0.8478,1703,2024,HighSchool
,110309,Gavin Chadwell,,TE,3,0.8478,1703,2024,HighSchool
,110308,Adney Reid,BYU,LB,3,0.8478,1703,2024,HighSchool
,110318,TJ Ford,Portland State,DL,3,0.8478,1703,2024,HighSchool
,110315,Jaythn Long,Sacramento State,WR,3,0.8478,1703,2024,HighSchool
,110311,Mason Arhin,,WR,3,0.8478,1703,2024,HighSchool
,110321,Micheal Graham Jr.,,CB,3,0.8478,1703,2024,HighSchool
,110317,Mako Grant,,ATH,3,0.8478,1703,2024,HighSchool
5147193,110313,Phoenix Rose,Sacramento State,CB,3,0.8478,1703,2024,HighSchool
5193707,110323,Elijah Elliss,Utah,EDGE,3,0.8478,1703,2024,HighSchool
5148848,110320,Javion White,Tulane,CB,3,0.8478,1703,2024,HighSchool
5147517,110319,Anthony Rosier,App State,EDGE,3,0.8478,1703,2024,HighSchool
5079490,110310,Unterrio Latin-Henley,Montana State,RB,3,0.8478,1703,2024,HighSchool
5226771,110314,Daniel Coles,North Carolina A&T,ATH,3,0.8478,1703,2024,HighSchool
5178577,110312,Keshawn Williams,Michigan State,CB,3,0.8478,1703,2024,HighSchool
5079474,110324,Elijah Jones,Cincinnati,WR,3,0.8475,1719,2024,HighSchool
5147731,110330,Ashton Mosley,South Florida,EDGE,3,0.8475,1719,2024,HighSchool
5146315,110326,Greydon Grimes,Kansas,DL,3,0.8475,1719,2024,HighSchool
5084286,110325,Makhi Frazier,Michigan State,RB,3,0.8475,1719,2024,HighSchool
5184165,110329,Nykahi Davenport,South Florida,RB,3,0.8475,1719,2024,HighSchool
5189534,110327,Zhaiylen Scott,North Texas,EDGE,3,0.8475,1719,2024,HighSchool
,110328,Donte Ferrell,,WR,3,0.8475,1719,2024,HighSchool
,110403,Max Gainey,,WR,3,0.8444,1725,2024,HighSchool
5079673,110400,Gabe Sawchuk,Oklahoma,RB,3,0.8444,1725,2024,HighSchool
5158914,110331,Ja'Marley Riddle,East Carolina,S,3,0.8472,1726,2024,HighSchool
5079628,110332,John White,Southern Miss,QB,3,0.8472,1727,2024,HighSchool
5160477,110333,Tyler Norris,Texas State,IOL,3,0.847,1728,2024,HighSchool
5123174,110335,Jordan Bell,Memphis,ATH,3,0.847,1728,2024,HighSchool
5196025,110336,Omar Thornton,Boston College,LB,3,0.847,1728,2024,HighSchool
5146423,110334,Damion Miller,Southern Miss,S,3,0.847,1728,2024,HighSchool
5193706,110338,Siosefa Brown,BYU,EDGE,3,0.8469,1732,2024,HighSchool
5149267,110337,Ryland Jessee,Michigan State,QB,3,0.8469,1732,2024,HighSchool
5079734,110339,Marcelis Tate,South Florida,QB,3,0.8469,1732,2024,HighSchool
5150582,110342,Salahadin Allah,Oregon State,RB,3,0.8469,1732,2024,HighSchool
5147866,110340,Matthew Lado,Arizona,OT,3,0.8469,1732,2024,HighSchool
5193589,110341,Qayvier Johnson,Northwestern,EDGE,3,0.8469,1732,2024,HighSchool
5228657,110343,Kainoa Davis,Charlotte,DL,3,0.8469,1732,2024,HighSchool
5173431,110345,Wayshawn Parker,Washington State,ATH,3,0.8467,1739,2024,HighSchool
,110344,Jakyre Horton,West Georgia,S,3,0.8467,1739,2024,HighSchool
5154456,110352,Kamore Harris,Memphis,ATH,3,0.8467,1741,2024,HighSchool
5196843,110356,Khamani Hudson,California,CB,3,0.8467,1741,2024,HighSchool
5139528,110347,Ibraheem Kamara,Toledo,ATH,3,0.8467,1741,2024,HighSchool
5101124,110346,Micah Alejado,Hawai'i,QB,3,0.8467,1741,2024,HighSchool
5192416,110355,Towns McGough,Auburn,K,3,0.8467,1741,2024,HighSchool
5150003,110351,Terrance Shelton Jr.,Buffalo,RB,3,0.8467,1741,2024,HighSchool
5147687,110354,Jake Peters,Nebraska,IOL,3,0.8467,1741,2024,HighSchool
5221045,110348,Brandon Barnes Jr.,Arkansas State,CB,3,0.8467,1741,2024,HighSchool
5144022,110349,Mitch Verstegen,Indiana,IOL,3,0.8467,1741,2024,HighSchool
5167313,110353,Cornell Hatcher,Oregon State,RB,3,0.8467,1741,2024,HighSchool
5143842,110350,Brock Montgomery,UConn,WR,3,0.8467,1741,2024,HighSchool
5143919,110357,Jordan Malau'ulu,Fresno State,WR,3,0.8464,1752,2024,HighSchool
,110358,Keon Davis,Georgia Southern,WR,3,0.8464,1752,2024,HighSchool
5193291,110359,Dash Bauman,Wyoming,LB,3,0.8463,1754,2024,HighSchool
,110360,William Roberts,Bethune-Cookman,IOL,3,0.8463,1755,2024,HighSchool
5190958,110363,Gabe Stroud,North Texas,S,3,0.8461,1756,2024,HighSchool
5219655,110362,Jett Nelson,BYU,TE,3,0.8461,1756,2024,HighSchool
5141956,110361,Jackson Cowgill,Washington State,DL,3,0.8461,1756,2024,HighSchool
,110364,Demarcus Johnson,Houston,DL,3,0.8458,1759,2024,HighSchool
5147147,110367,Jasen Kelly,Ohio,LB,3,0.8458,1760,2024,HighSchool
5146819,110370,Joe Asiain,Stanford,DL,3,0.8458,1760,2024,HighSchool
5145823,110368,Taccofah Lewis,Memphis,IOL,3,0.8458,1760,2024,HighSchool
5141798,110369,Mason Miller,Iowa State,LB,3,0.8458,1760,2024,HighSchool
5146879,110365,Nick Slogik,East Carolina,EDGE,3,0.8458,1760,2024,HighSchool
5110019,110366,Kyan Mason,Akron,ATH,3,0.8458,1760,2024,HighSchool
5148878,110371,Jake Grimm,Toledo,IOL,3,0.8456,1766,2024,HighSchool
5146885,110372,Marcellus Nash,James Madison,EDGE,3,0.8456,1766,2024,HighSchool
,110373,Jaxon Branch,Eastern Washington,WR,3,0.8456,1768,2024,HighSchool
5139857,110377,Caden Williams,Liberty,RB,3,0.8453,1769,2024,HighSchool
5146636,110375,Arthur Ban,San Diego State,TE,3,0.8453,1769,2024,HighSchool
5193638,110380,Prince Williams,San Diego State,CB,3,0.8453,1769,2024,HighSchool
5221116,110379,Devron Williams Jr.,Louisiana,IOL,3,0.8453,1769,2024,HighSchool
5146835,110378,Bryce Parson,Ohio,IOL,3,0.8453,1769,2024,HighSchool
5157851,110376,Dravon Wilson,Sam Houston,S,3,0.8453,1769,2024,HighSchool
5149057,110374,Chidera Otutu,UTSA,DL,3,0.8453,1769,2024,HighSchool
5147463,110381,Tyler Stewart,Temple,WR,3,0.8453,1769,2024,HighSchool
,110382,Mardale Rowe,Fordham,EDGE,3,0.8452,1777,2024,HighSchool
,110391,Michael Key,,WR,3,0.845,1778,2024,HighSchool
,110390,Dakarai Sumter,,OT,3,0.845,1778,2024,HighSchool
,110387,Legend Bernard,Georgetown,ATH,3,0.845,1778,2024,HighSchool
,110389,J.R. Kirkwood,,LB,3,0.845,1778,2024,HighSchool
,110384,Gage Burnett,Cal Poly,LB,3,0.845,1778,2024,HighSchool
,110386,Andrew Pedersen,Princeton,IOL,3,0.845,1778,2024,HighSchool
5225891,110395,Isaiah Johnson,Houston Christian,DL,3,0.845,1778,2024,HighSchool
5229569,110393,Matthew McKenzie,Bethune-Cookman,CB,3,0.845,1778,2024,HighSchool
5126537,110385,Jamar Taylor Jr.,Temple,WR,3,0.845,1778,2024,HighSchool
5196930,110394,Deondre Shepherd,Coastal Carolina,S,3,0.845,1778,2024,HighSchool
5197058,110388,Andre Devine,Jacksonville State,RB,3,0.845,1778,2024,HighSchool
5197101,110383,Tyderick Brown,UAB,CB,3,0.845,1778,2024,HighSchool
5145459,110392,Nate Bennett,Baylor,QB,3,0.845,1778,2024,HighSchool
5146776,110396,Marsel Akins,Fresno State,OT,3,0.8448,1791,2024,HighSchool
5147721,110397,Kene Anene,Kansas,IOL,3,0.8447,1792,2024,HighSchool
,110398,Elijah Jennings,Monmouth,RB,3,0.8447,1793,2024,HighSchool
5191042,110415,Levi Smiley,South Florida,TE,3,0.8444,1794,2024,HighSchool
,110399,Jake Schakel,Eastern Washington,QB,3,0.8444,1794,2024,HighSchool
,110409,Donald DeFrand Jr.,,CB,3,0.8444,1794,2024,HighSchool
,110406,Elijah Garrick,,WR,3,0.8444,1794,2024,HighSchool
,110408,Trey Ridley,South Dakota State,S,3,0.8444,1794,2024,HighSchool
,110417,Jeremy Cook Jr.,Jackson State,S,3,0.8444,1794,2024,HighSchool
5155012,110411,Joseph Ugwu Jr.,UTSA,IOL,3,0.8444,1794,2024,HighSchool
5146738,110410,Josiah Booker,Central Michigan,WR,3,0.8444,1794,2024,HighSchool
,110404,Chauncey Sylvester,Weber State,RB,3,0.8444,1794,2024,HighSchool
,110402,DaMontre Patterson,New Hampshire,ATH,3,0.8444,1794,2024,HighSchool
5146886,110416,Daniel Ndukwe,Indiana,EDGE,3,0.8444,1794,2024,HighSchool
5193268,110407,Xavion Griffin,Western Kentucky,S,3,0.8444,1794,2024,HighSchool
5148635,110412,Tyler Mercer,North Texas,IOL,3,0.8444,1794,2024,HighSchool
5148845,110419,Achilles Woods,South Alabama,EDGE,3,0.8444,1794,2024,HighSchool
5177381,110413,Shaikh Thompson,East Carolina,EDGE,3,0.8444,1794,2024,HighSchool
5149302,110418,Cedric Lott Jr.,Boston College,WR,3,0.8444,1794,2024,HighSchool
5154248,110414,Kaleb Annett,Boise State,QB,3,0.8444,1794,2024,HighSchool
5225880,110405,Xai'Shaun Edwards,Houston Christian,RB,3,0.8444,1794,2024,HighSchool
5229951,110420,Aizik Mahuka,Weber State,LB,3,0.8444,1794,2024,HighSchool
5229603,110401,Joe Williams,Mississippi Valley State,RB,3,0.8444,1794,2024,HighSchool
5147694,110421,Noah Wily,Hawai'i,EDGE,3,0.8442,1816,2024,HighSchool
5149492,110423,Lawrence Johnson,Florida Atlantic,CB,3,0.8442,1816,2024,HighSchool
,110424,Axzavian Alexander,,WR,3,0.8442,1816,2024,HighSchool
5148303,110422,Eli Sisson,Liberty,TE,3,0.8442,1816,2024,HighSchool
5141793,110425,Kyle Boylston,Florida Atlantic,S,3,0.8439,1820,2024,HighSchool
5192908,110426,Carlos Hazelwood,Toledo,DL,3,0.8437,1821,2024,HighSchool
5141806,110429,Ross Liegel,Northern Illinois,DL,3,0.8437,1821,2024,HighSchool
5147158,110427,Tanner Williams,Utah State,LB,3,0.8437,1821,2024,HighSchool
,110430,Carmilo Allen,Central Arkansas,DL,3,0.8437,1821,2024,HighSchool
,110428,Michael Sylvalie,Houston Christian,LB,3,0.8437,1821,2024,HighSchool
5175719,110431,Ryan Wolfer,San Diego State,OT,3,0.8436,1826,2024,HighSchool
5172036,110432,JC Evans,James Madison,QB,3,0.8436,1826,2024,HighSchool
5154455,110439,Chris Stokes,Marshall,DL,3,0.8433,1828,2024,HighSchool
5150130,110436,Dax Collins,Tulsa,S,3,0.8433,1828,2024,HighSchool
,110438,Travon Dye,,LB,3,0.8433,1828,2024,HighSchool
,110437,Eric Moore Jr.,,LB,3,0.8433,1828,2024,HighSchool
5147204,110433,Jalen Washington,Southern Miss,RB,3,0.8433,1828,2024,HighSchool
5227398,110435,Mike Smith,Jackson State,CB,3,0.8433,1828,2024,HighSchool
5151291,110434,Cash McCollum,North Texas,QB,3,0.8433,1828,2024,HighSchool
5151292,110440,Chase Malamala,UCF,OT,3,0.8431,1835,2024,HighSchool
5141804,110450,Teriyan Morman,South Florida,OT,3,0.8428,1836,2024,HighSchool
5155867,110447,Carson Grove,Northwestern,ATH,3,0.8428,1836,2024,HighSchool
5147680,110446,Denzel Chavis,Temple,CB,3,0.8428,1836,2024,HighSchool
5147224,110445,Tre Fulton,UNLV,S,3,0.8428,1836,2024,HighSchool
5147330,110451,James Giggey,Arizona State,DL,3,0.8428,1836,2024,HighSchool
5193270,110443,D'Shawntae Jones,Miami (OH),RB,3,0.8428,1836,2024,HighSchool
5148787,110442,Wyatt Young,North Texas,ATH,3,0.8428,1836,2024,HighSchool
5156144,110444,Zach Meeks,Miami (OH),TE,3,0.8428,1836,2024,HighSchool
,110448,Derrick Osmond,Texas State,ATH,3,0.8428,1836,2024,HighSchool
5153333,110449,Tayten Beyer,San Diego State,CB,3,0.8428,1836,2024,HighSchool
5219289,110441,Boone Lourd,Virginia,QB,3,0.8428,1836,2024,HighSchool
5220153,110452,JD Davis II,Western Michigan,QB,3,0.8426,1847,2024,HighSchool
5147853,110453,Deyon Batiste,Wyoming,ATH,3,0.8425,1848,2024,HighSchool
5147352,110455,Andrew Steger,Eastern Michigan,OT,3,0.8425,1848,2024,HighSchool
5193218,110454,Ronnell Davis,Buffalo,S,3,0.8425,1848,2024,HighSchool
5187780,110457,Elias Owens,Bowling Green,EDGE,3,0.8422,1851,2024,HighSchool
,110456,Richard James Jr.,North Carolina Central,DL,3,0.8422,1851,2024,HighSchool
5149273,110460,Jack Tanner,Tulsa,IOL,3,0.8419,1853,2024,HighSchool
5149074,110462,Roman Caywood,Boise State,EDGE,3,0.8419,1853,2024,HighSchool
5147844,110461,Tyreek Major,South Florida,OT,3,0.8419,1853,2024,HighSchool
5148822,110458,Chris Barnes,Washington State,WR,3,0.8419,1853,2024,HighSchool
5147235,110463,Kemari Nix,Arkansas State,S,3,0.8419,1853,2024,HighSchool
5141805,110459,Matt Hofer,Toledo,OT,3,0.8419,1853,2024,HighSchool
5142743,110465,Dakota Taylor,Kent State,WR,3,0.8419,1859,2024,HighSchool
,110464,Elijah Walker,Alabama State,IOL,3,0.8419,1859,2024,HighSchool
5155011,110467,Jaylen Moses,SMU,S,3,0.8417,1861,2024,HighSchool
5146639,110466,Daniel Jones,Coastal Carolina,OT,3,0.8417,1861,2024,HighSchool
5136754,110469,Luke Carter,North Texas,TE,3,0.8417,1863,2024,HighSchool
5148278,110471,Braheem Long Jr.,Syracuse,ATH,3,0.8417,1863,2024,HighSchool
5219133,110473,Owen Long,Colorado State,ATH,3,0.8417,1863,2024,HighSchool
,110472,Jalen Harris,UC Davis,ATH,3,0.8417,1863,2024,HighSchool
5147735,110475,Zane Williams,NC State,LB,3,0.8417,1863,2024,HighSchool
5079735,110468,Asher Weiner,Princeton,QB,3,0.8417,1863,2024,HighSchool
5084703,110477,Daijon Calimon,Nevada,WR,3,0.8417,1863,2024,HighSchool
5180278,110470,AJ Guida,Northern Illinois,LB,3,0.8417,1863,2024,HighSchool
5148837,110476,Dillon Lorick,East Carolina,WR,3,0.8417,1863,2024,HighSchool
5147164,110474,James Chenault,South Florida,CB,3,0.8417,1863,2024,HighSchool
,110478,Zachary Rogers,Toledo,CB,3,0.8414,1873,2024,HighSchool
5147968,110483,Jacob Katauskas,Coastal Carolina,IOL,3,0.8411,1874,2024,HighSchool
5148537,110480,Phillip Ocon,Colorado State,IOL,3,0.8411,1874,2024,HighSchool
5138656,110484,Lane Wadle,Georgia State,TE,3,0.8411,1874,2024,HighSchool
5149829,110479,Jacob Bradford,Louisiana Tech,DL,3,0.8411,1874,2024,HighSchool
5148887,110482,Jyron Waiters,East Carolina,WR,3,0.8411,1874,2024,HighSchool
5147932,110481,Will Upshaw,Tulsa,EDGE,3,0.8411,1874,2024,HighSchool
5126472,110502,JacQai Long,Marshall,QB,3,0.8411,1880,2024,HighSchool
5149156,110493,Parker Startz,Ohio,LB,3,0.8411,1880,2024,HighSchool
5193467,110488,Kade Martin,UAB,IOL,3,0.8411,1880,2024,HighSchool
5220910,110490,Jermy Jackson Jr.,Texas State,LB,3,0.8411,1880,2024,HighSchool
5224155,110487,Elijah Jackson,Central Arkansas,ATH,3,0.8411,1880,2024,HighSchool
5143173,110499,Jameson Young,Western Michigan,CB,3,0.8411,1880,2024,HighSchool
5225653,110494,Angelo Petrides,Lindenwood,LB,3,0.8411,1880,2024,HighSchool
5134552,110498,Taylor Powell,Northern Illinois,ATH,3,0.8411,1880,2024,HighSchool
,110486,Jak Lindsey,Eastern Kentucky,IOL,3,0.8411,1880,2024,HighSchool
,110489,Daivon Hill,,ATH,3,0.8411,1880,2024,HighSchool
,110485,James Tivao,Sacramento State,LB,3,0.8411,1880,2024,HighSchool
,110491,Rodreckus Johnson,,RB,3,0.8411,1880,2024,HighSchool
,110501,Austin Stull,Navy,S,3,0.8411,1880,2024,HighSchool
,110495,Jacquez Gibson,,RB,3,0.8411,1880,2024,HighSchool
,110497,Adrian Thomas,Northern Illinois,WR,3,0.8411,1880,2024,HighSchool
,110492,Devin Love,Jackson State,IOL,3,0.8411,1880,2024,HighSchool
5156879,110500,Jaylen Hampton,Western Kentucky,WR,3,0.8411,1880,2024,HighSchool
5148995,110496,Brady Kluse,Memphis,WR,3,0.8411,1880,2024,HighSchool
5141028,110504,Jacob Schorsch,Miami (OH),OT,3,0.8408,1898,2024,HighSchool
5139080,110503,Ethan Minter,Virginia,ATH,3,0.8408,1898,2024,HighSchool
5146822,110505,Myles Woods,Coastal Carolina,ATH,3,0.8406,1900,2024,HighSchool
5147851,110506,Deron McLaughlin,UConn,IOL,3,0.8406,1900,2024,HighSchool
5147465,110507,Tucker Parks,Western Kentucky,QB,3,0.8404,1902,2024,HighSchool
5194649,110511,Sam Feeney,Ball State,LB,3,0.8404,1902,2024,HighSchool
5220448,110509,Elijah Williams,Memphis,OT,3,0.8404,1902,2024,HighSchool
5147150,110508,Jadon Mayfield,Louisiana Tech,LB,3,0.8404,1902,2024,HighSchool
,110510,Darrion Gilliam,Kent State,WR,3,0.8404,1902,2024,HighSchool
,110513,Tyler Harrington,,TE,3,0.8404,1902,2024,HighSchool
,110512,Caleb Turner,Eastern Michigan,S,3,0.8404,1902,2024,HighSchool
5149907,110514,Keon Rohe,Florida Atlantic,OT,3,0.8404,1902,2024,HighSchool
5193325,110515,Jake Wilson,Wyoming,TE,3,0.8404,1902,2024,HighSchool
,110516,Recordo Tarver,,WR,3,0.8404,1902,2024,HighSchool
5179118,110520,AJ Hasson,Washington State,ATH,3,0.8403,1912,2024,HighSchool
5148634,110523,Amarion Fortenberry,South Alabama,S,3,0.8403,1912,2024,HighSchool
5168802,110519,Grayson Brousseau,Utah State,TE,3,0.8403,1912,2024,HighSchool
5146763,110518,Kaden Anderson,Boise State,TE,3,0.8403,1912,2024,HighSchool
5155676,110521,Kaden Hurst,Ohio,WR,3,0.8403,1912,2024,HighSchool
5143024,110522,Jack Moran,Colorado State,DL,3,0.8403,1912,2024,HighSchool
5172092,110517,Toby Moore,UNLV,IOL,3,0.8403,1912,2024,HighSchool
5223986,238002,Leroy Harris III,Chattanooga,LB,3,0.84,1919,2024,HighSchool
5147931,110535,Ben Scolari,San Diego State,WR,3,0.84,1919,2024,HighSchool
5226020,237991,Stacy Dobbins,UC Davis,WR,3,0.84,1919,2024,HighSchool
5196870,238018,Drew Jackson,Wyoming,CB,3,0.84,1919,2024,HighSchool
5184578,110529,Zack Boehly,East Carolina,IOL,3,0.84,1919,2024,HighSchool
5227917,238011,Kolton Nero,Alabama A&M,RB,3,0.84,1919,2024,HighSchool
5148316,110525,Ronald Moore,Liberty,S,3,0.84,1919,2024,HighSchool
5147742,110531,Nate Markiewicz,UTSA,TE,3,0.84,1919,2024,HighSchool
5227793,238021,Jerrian Parker Jr.,Southern Illinois,RB,3,0.84,1919,2024,HighSchool
5224762,237984,Braden Streeter,Delaware,QB,3,0.84,1919,2024,HighSchool
5196872,237979,Charles Williams,Wyoming,ATH,3,0.84,1919,2024,HighSchool
5197061,238024,Kyeran Garcia,Colorado,LB,3,0.84,1919,2024,HighSchool
5197076,238030,Jermaine Paramore,Troy,DL,3,0.84,1919,2024,HighSchool
5194618,238019,Austin Clemons,Middle Tennessee,ATH,3,0.84,1919,2024,HighSchool
5219779,110533,Buddha Garrett,Tulsa,S,3,0.84,1919,2024,HighSchool
5194619,238028,Jaxon Colvin,Kennesaw State,ATH,3,0.84,1919,2024,HighSchool
5197065,238029,Ahmad Hardy,UL Monroe,RB,3,0.84,1919,2024,HighSchool
5232134,238014,Danny Green,Texas Southern,RB,3,0.84,1919,2024,HighSchool
,238005,Tavaris Coles,,WR,3,0.84,1919,2024,HighSchool
5196023,238027,Jourdyn Burruss,Arkansas State,LB,3,0.84,1919,2024,HighSchool
,237964,Jonah Dawson,Air Force,WR,3,0.84,1919,2024,HighSchool
,237966,Titus Bordeaux,,ATH,3,0.84,1919,2024,HighSchool
5218581,237999,Colter Ginn,Georgia,QB,3,0.84,1919,2024,HighSchool
,237967,Preston Jernegan,Princeton,ATH,3,0.84,1919,2024,HighSchool
,237968,Cameron Mitchell-Jones,Utah,WR,3,0.84,1919,2024,HighSchool
,237969,Jadus Stubbs,,WR,3,0.84,1919,2024,HighSchool
,237970,Devin Rutherford,Missouri State,CB,3,0.84,1919,2024,HighSchool
,237971,Jakobi Spence,,CB,3,0.84,1919,2024,HighSchool
,237973,Jackson Sievers,UC Davis,LB,3,0.84,1919,2024,HighSchool
,237975,Daulton Beard,Portland State,WR,3,0.84,1919,2024,HighSchool
,237976,CJ Smith,Chattanooga,DL,3,0.84,1919,2024,HighSchool
,237977,Ace Meadows,Tennessee State,OT,3,0.84,1919,2024,HighSchool
,237978,Siosaia Lapuaho,,IOL,3,0.84,1919,2024,HighSchool
,237980,Shaun Torgeson,Portland State,OT,3,0.84,1919,2024,HighSchool
,237981,Tracy James,,WR,3,0.84,1919,2024,HighSchool
,237982,Elyjah Gordon,Portland State,S,3,0.84,1919,2024,HighSchool
,237983,Khali Best,,WR,3,0.84,1919,2024,HighSchool
,237985,Myron Dunklin,North Alabama,ATH,3,0.84,1919,2024,HighSchool
,237986,Jacob Henry,,DL,3,0.84,1919,2024,HighSchool
,237987,Asaad Chapman,,CB,3,0.84,1919,2024,HighSchool
,237988,Ahamad Chapman,,S,3,0.84,1919,2024,HighSchool
,237990,Abe Fenwick,,QB,3,0.84,1919,2024,HighSchool
,237992,Kaden Garland,,IOL,3,0.84,1919,2024,HighSchool
,237994,Luke Bryant,Utah,S,3,0.84,1919,2024,HighSchool
,237995,Julius Ellens,South Dakota,WR,3,0.84,1919,2024,HighSchool
,237996,Mahki Gray,,WR,3,0.84,1919,2024,HighSchool
,237997,Zamir Herald,,WR,3,0.84,1919,2024,HighSchool
,237998,Larenzo Harvey,,EDGE,3,0.84,1919,2024,HighSchool
,238000,Cameron Gherardi,Idaho State,S,3,0.84,1919,2024,HighSchool
,238001,Griffin McLean,,TE,3,0.84,1919,2024,HighSchool
,238003,C.J. Jordan,,WR,3,0.84,1919,2024,HighSchool
,238004,Ian Crim-Davis,,CB,3,0.84,1919,2024,HighSchool
5226100,237993,D'Arious Reed,Tennessee Tech,WR,3,0.84,1919,2024,HighSchool
,238006,Rashayd Mcgruder,,CB,3,0.84,1919,2024,HighSchool
,238007,Kedarius Jones,,WR,3,0.84,1919,2024,HighSchool
5219653,237972,David Clifford,BYU,OT,3,0.84,1919,2024,HighSchool
,238008,Chase Pinkston,Oklahoma State,ATH,3,0.84,1919,2024,HighSchool
,238009,Skylar Husband,,S,3,0.84,1919,2024,HighSchool
,238010,Carsten Reynolds,South Dakota State,ATH,3,0.84,1919,2024,HighSchool
,238012,Will French,,DL,3,0.84,1919,2024,HighSchool
,238013,Kaleb Coleman,East Texas A&M,EDGE,3,0.84,1919,2024,HighSchool
5220111,238015,Adam Hill,Texas Tech,ATH,3,0.84,1919,2024,HighSchool
,238016,Daryl Barnett Jr.,Toledo,WR,3,0.84,1919,2024,HighSchool
,238017,Jalen Davis,Air Force,EDGE,3,0.84,1919,2024,HighSchool
,238020,Kaden Dixon,Northern Arizona,RB,3,0.84,1919,2024,HighSchool
,238022,Tyrese Reid,Southern Illinois,DL,3,0.84,1919,2024,HighSchool
,238025,Greg Spiller,Delaware,RB,3,0.84,1919,2024,HighSchool
,238026,Kenyon Miles,Villanova,WR,3,0.84,1919,2024,HighSchool
5220547,238023,Jack Harvey,Wyoming,LB,3,0.84,1919,2024,HighSchool
,110537,Daviyon Hawkins-Ingram,Eastern Kentucky,IOL,3,0.84,1919,2024,HighSchool
5221134,237974,Kyler Brunan,Michigan State,IOL,3,0.84,1919,2024,HighSchool
5221140,110530,Tate Titshaw,Western Kentucky,RB,3,0.84,1919,2024,HighSchool
,110534,Nehemiah Taylor,,ATH,3,0.84,1919,2024,HighSchool
,110532,Demarion Jenkins,Utah Tech,WR,3,0.84,1919,2024,HighSchool
,110524,Tre Bates,Stephen F. Austin,DL,3,0.84,1919,2024,HighSchool
,110527,Israel Hiraldo,,WR,3,0.84,1919,2024,HighSchool
,110528,Ziggy Holloway,,WR,3,0.84,1919,2024,HighSchool
,110526,Robert Paladines,,LB,3,0.84,1919,2024,HighSchool
,237963,Talon Fisher,Navy,QB,3,0.84,1919,2024,HighSchool
5167310,110536,Marco Coleman,Holy Cross,CB,3,0.84,1919,2024,HighSchool
5229948,237965,Frankie Edwards III,Weber State,CB,3,0.84,1919,2024,HighSchool
5084772,237989,Hayden Eligon II,Northwestern,WR,3,0.84,1919,2024,HighSchool
5142230,110538,Ronnell McLain,Houston,IOL,3,0.8397,2001,2024,HighSchool
5147382,110540,Reed Jesiolowski,Southern Miss,TE,3,0.8397,2001,2024,HighSchool
5193147,110539,Kam Weaver,Troy,LB,3,0.8397,2001,2024,HighSchool
5144207,110541,Jace Stuckey,Eastern Michigan,QB,3,0.8396,2004,2024,HighSchool
5148782,110542,Farell Gnago,Rutgers,DL,3,0.8396,2004,2024,HighSchool
5171684,110543,Brock Riker,Texas State,IOL,3,0.8396,2004,2024,HighSchool
5147512,110547,Eyitayo Omotinugbon,Boise State,IOL,3,0.8394,2007,2024,HighSchool
5155720,110545,Victor Aderungboye,North Texas,TE,3,0.8394,2007,2024,HighSchool
5147686,110546,Michael-Anthony Okwura,California,DL,3,0.8394,2007,2024,HighSchool
,110544,Remington Roberts,,LB,3,0.8394,2007,2024,HighSchool
5158250,110548,Justin Terry,West Virginia,OT,3,0.8392,2011,2024,HighSchool
5155516,110551,Deity Deablo,Georgia State,EDGE,3,0.8392,2012,2024,HighSchool
5158336,110549,Chris Gant Jr.,North Texas,S,3,0.8392,2012,2024,HighSchool
5218758,110550,Joe Wilkinson,Clemson,S,3,0.8392,2012,2024,HighSchool
5181735,110553,Antavious Murphy,Georgia Southern,WR,3,0.8389,2015,2024,HighSchool
5094107,110552,Danny Niu,San Diego State,ATH,3,0.8389,2015,2024,HighSchool
5147386,110556,Tommy Prassas,BYU,S,3,0.8386,2017,2024,HighSchool
5221050,110560,Kyle Williams,Arkansas State,S,3,0.8386,2017,2024,HighSchool
5141803,110558,Zach Ludwig,Michigan,LB,3,0.8386,2017,2024,HighSchool
5147142,110554,Chason Clark,Marshall,LB,3,0.8386,2017,2024,HighSchool
5145788,110555,Gael Ochoa,UNLV,QB,3,0.8386,2017,2024,HighSchool
,110559,Keshawn Mister,Old Dominion,ATH,3,0.8386,2017,2024,HighSchool
,110557,Brahim Wynn,Massachusetts,EDGE,3,0.8386,2017,2024,HighSchool
5148415,110562,Larry Edwards,Southern Miss,OT,3,0.8386,2017,2024,HighSchool
5193342,110561,Luke Wisham,Louisiana Tech,ATH,3,0.8386,2017,2024,HighSchool
5149494,110563,Bailey Fletcher,Rice,CB,3,0.8385,2026,2024,HighSchool
,110564,Elijah Lee,Coastal Carolina,CB,3,0.8383,2027,2024,HighSchool
5147969,110566,Cyrus Reyes,Mississippi State,S,3,0.8383,2028,2024,HighSchool
5186589,110565,Gregory Bienvenue,Boise State,IOL,3,0.8383,2028,2024,HighSchool
5193111,110567,Brody Duffel,Tulsa,OT,3,0.8381,2030,2024,HighSchool
5155744,110568,Kelvin Hill,UAB,CB,3,0.8381,2031,2024,HighSchool
,110570,Terrell Bradshaw,Houston Christian,WR,3,0.8378,2032,2024,HighSchool
,110580,Cameron Gwinn,Toledo,DL,3,0.8378,2032,2024,HighSchool
,110573,Damien Gill,,EDGE,3,0.8378,2032,2024,HighSchool
,110574,Da'Mare Williams,,ATH,3,0.8378,2032,2024,HighSchool
,110575,Kesean Anderson,Ohio,IOL,3,0.8378,2032,2024,HighSchool
5193725,110582,Ross Johnston,Tulsa,OT,3,0.8378,2032,2024,HighSchool
5146668,110572,Andrew Maushardt,California,QB,3,0.8378,2032,2024,HighSchool
5181759,110576,Kodi Cornelius,San Diego State,DL,3,0.8378,2032,2024,HighSchool
5193140,110581,Izaiah Taylor,Liberty,OT,3,0.8378,2032,2024,HighSchool
5220269,110571,Jamauri Knox,Liberty,WR,3,0.8378,2032,2024,HighSchool
5147225,110578,Bryson Goodwin,Temple,WR,3,0.8378,2032,2024,HighSchool
5145653,110569,Austin McGee,Georgia State,CB,3,0.8378,2032,2024,HighSchool
5145819,110577,Hayden Hanks,Boise State,DL,3,0.8378,2032,2024,HighSchool
5148996,110579,Keegan Shank,Colorado State,EDGE,3,0.8378,2032,2024,HighSchool
5155699,110583,Fatu Mukuba,Sam Houston,S,3,0.8372,2046,2024,HighSchool
5149909,110584,Tanner Hollinger,Illinois,TE,3,0.8372,2046,2024,HighSchool
5156855,110585,Priest Ashe,Louisiana,EDGE,3,0.8372,2046,2024,HighSchool
5149973,110593,Jaden Ligon,UAB,OT,3,0.837,2049,2024,HighSchool
,110588,DJ Williams,Ball State,RB,3,0.837,2049,2024,HighSchool
,110587,Michael Balogh,Colgate,TE,3,0.837,2049,2024,HighSchool
,110594,Braylon Littlejohn,Miami (OH),WR,3,0.837,2049,2024,HighSchool
,110589,Glenn Patterson,,RB,3,0.837,2049,2024,HighSchool
5148710,110591,Mason Ferguson,North Texas,WR,3,0.837,2049,2024,HighSchool
5193313,110599,Devin Ross,Kennesaw State,CB,3,0.837,2049,2024,HighSchool
5193499,110592,Braxton Strong,Northwestern,DL,3,0.837,2049,2024,HighSchool
5155558,110596,Ethan Dasmann,Fresno State,OT,3,0.837,2049,2024,HighSchool
5147869,110590,Luke Miller,Rice,OT,3,0.837,2049,2024,HighSchool
5183807,110595,Travis Ambrose,Central Michigan,TE,3,0.837,2049,2024,HighSchool
5184581,110598,Obi Udom,Arkansas State,DL,3,0.837,2049,2024,HighSchool
5147756,110586,Taji Atkins,Rice,RB,3,0.837,2049,2024,HighSchool
5193303,110597,Camden Jury,Utah State,OT,3,0.837,2049,2024,HighSchool
5148820,110600,Cornell Allen,Charlotte,S,3,0.8369,2063,2024,HighSchool
5146987,110602,Brandon Young Jr.,North Texas,TE,3,0.8369,2063,2024,HighSchool
5148740,110601,Kenny Walz,East Carolina,OT,3,0.8369,2063,2024,HighSchool
,110609,Cody Pagach,West Georgia,QB,3,0.8367,2066,2024,HighSchool
,110606,Tareq Council,Sacred Heart,CB,3,0.8367,2066,2024,HighSchool
,110604,Eric Handley,Wofford,QB,3,0.8367,2066,2024,HighSchool
5148420,110605,Max Mogelson,UNLV,DL,3,0.8367,2066,2024,HighSchool
5224560,110603,Asa Chatman,Utah Tech,RB,3,0.8367,2066,2024,HighSchool
5194620,110608,Josh Evans,Middle Tennessee,WR,3,0.8367,2066,2024,HighSchool
5145507,110607,Drew Miller,Georgia,P,3,0.8367,2066,2024,HighSchool
5175441,110610,Avery McFadden,Georgia State,WR,3,0.8363,2073,2024,HighSchool
5221052,110611,Braden Jackson,Arkansas State,CB,3,0.8363,2073,2024,HighSchool
5147867,110612,Zay Lowery,Southern Miss,DL,3,0.8361,2075,2024,HighSchool
5148426,110613,Nick Taylor,App State,S,3,0.8361,2075,2024,HighSchool
5148584,110614,Cube Gurley,South Alabama,CB,3,0.8361,2075,2024,HighSchool
,110616,Kamari McClellan,,QB,3,0.8358,2078,2024,HighSchool
5146977,110615,Jaire Rawlinson,Kent State,CB,3,0.8358,2078,2024,HighSchool
5146385,110617,Jahari Grant,South Florida,DL,3,0.8358,2078,2024,HighSchool
5220316,110618,Marlin Odom,Troy,ATH,3,0.8356,2081,2024,HighSchool
5189028,110619,Zashon Rich,Kansas State,CB,3,0.8356,2081,2024,HighSchool
5193148,110624,Kaidon Whidby,Liberty,LB,3,0.8356,2081,2024,HighSchool
5197133,110626,Elijah Baldwin,UTEP,DL,3,0.8356,2081,2024,HighSchool
5101126,110620,Charles Correa,UNLV,LB,3,0.8356,2081,2024,HighSchool
,110623,David Amaliri,Minnesota,LB,3,0.8356,2081,2024,HighSchool
,110621,Donovan Woolen,North Dakota State,LB,3,0.8356,2081,2024,HighSchool
5194793,110622,Ryder Bentley,Louisiana,OT,3,0.8356,2081,2024,HighSchool
5193049,110625,Beau Goodwin,Iowa State,LB,3,0.8356,2081,2024,HighSchool
5193478,110627,Kallen Gutridge,Oregon State,QB,3,0.8356,2090,2024,HighSchool
5221073,110629,Alex Martin,Arkansas State,DL,3,0.8353,2091,2024,HighSchool
5141807,110630,Kaleb Martin,Miami (OH),ATH,3,0.8353,2091,2024,HighSchool
5150131,110628,Jaylon Edmond,Washington State,ATH,3,0.8353,2091,2024,HighSchool
,110631,Stephen Ellison,Austin Peay,S,3,0.8352,2094,2024,HighSchool
5151294,110632,Robert Williams,Florida International,DL,3,0.8352,2094,2024,HighSchool
5219023,110643,Cole Gamble,Auburn,ATH,3,0.835,2096,2024,HighSchool
5197109,110645,Kedrick Burley,Middle Tennessee,EDGE,3,0.835,2096,2024,HighSchool
5193113,110634,Andrew Erby,Ohio,DL,3,0.835,2096,2024,HighSchool
5218796,110642,Ryan Daly,Duke,DL,3,0.835,2096,2024,HighSchool
5225717,110637,Savion Hart,Georgetown,RB,3,0.835,2096,2024,HighSchool
,110636,Kenny Jackson,Bethune-Cookman,ATH,3,0.835,2096,2024,HighSchool
5196772,110647,Julien Demby,South Alabama,LB,3,0.835,2096,2024,HighSchool
,110646,Tre Brown,Southeastern Louisiana,S,3,0.835,2096,2024,HighSchool
,110638,Ryley McIntosh,Marshall,ATH,3,0.835,2096,2024,HighSchool
,110641,Zackariah Simmons-Brown,Western Kentucky,RB,3,0.835,2096,2024,HighSchool
,110644,Trey Coleman,,K,3,0.835,2096,2024,HighSchool
,110633,James Robinson,,CB,3,0.835,2096,2024,HighSchool
,110639,Graham Gilmer,,IOL,3,0.835,2096,2024,HighSchool
,110640,James Harris,Southeastern Louisiana,LB,3,0.835,2096,2024,HighSchool
,110635,Glenn Smith III,,WR,3,0.835,2096,2024,HighSchool
5147488,110648,Zach Smith,Colorado State,OT,3,0.8348,2111,2024,HighSchool
5182805,110650,Devon Byrd,South Florida,EDGE,3,0.8347,2112,2024,HighSchool
5190739,110649,Kiontre Harris,Fresno State,CB,3,0.8347,2112,2024,HighSchool
,110657,Peyton Reeder,East Carolina,OT,3,0.8344,2114,2024,HighSchool
,110653,Nikhil Jefferson,Vanderbilt,DL,3,0.8344,2114,2024,HighSchool
5167311,110663,Garrett Combs,Wyoming,DL,3,0.8344,2114,2024,HighSchool
5146576,110652,Joshua Porter,South Florida,WR,3,0.8344,2114,2024,HighSchool
,110658,Sam Kaiser,Harvard,QB,3,0.8344,2114,2024,HighSchool
5193393,110659,Railyn Adams,Sam Houston,CB,3,0.8344,2114,2024,HighSchool
,110651,Tyler Burnham,Delaware,OT,3,0.8344,2114,2024,HighSchool
4876111,110656,Enzo Hall,Cal Poly,OT,3,0.8344,2114,2024,HighSchool
5148942,110661,Josiah Taylor,Florida International,LB,3,0.8344,2114,2024,HighSchool
5147725,110654,Bucci Farmer,App State,DL,3,0.8344,2114,2024,HighSchool
5221057,110662,Kiandre Terry,Arkansas State,WR,3,0.8344,2114,2024,HighSchool
5155010,110660,Trevor McKenna,Boise State,DL,3,0.8344,2114,2024,HighSchool
5086469,110655,Tysen Campbell,Central Michigan,S,3,0.8344,2114,2024,HighSchool
5228644,110664,Drew Cunningham,Charlotte,IOL,3,0.8342,2127,2024,HighSchool
5148359,110665,Nylan Brown,Kent State,LB,3,0.8342,2127,2024,HighSchool
5148773,110666,Javon Williams,East Carolina,DL,3,0.8342,2129,2024,HighSchool
5192285,110682,Gerayas Grimes,Fresno State,S,3,0.8337,2130,2024,HighSchool
,110670,Ty McCutcheon,Utah Tech,QB,3,0.8337,2130,2024,HighSchool
,110674,Frank Abreu,Hawai'i,WR,3,0.8337,2130,2024,HighSchool
5193317,110679,Jayden Studio,Kent State,LB,3,0.8337,2130,2024,HighSchool
5148380,110671,Jordan Pierro,Fresno State,CB,3,0.8337,2130,2024,HighSchool
5148784,110680,TK Keyes,Southern Miss,WR,3,0.8337,2130,2024,HighSchool
5147860,110677,Felix Doege,App State,IOL,3,0.8337,2130,2024,HighSchool
5219702,110684,Xavier Daisy,UAB,WR,3,0.8337,2130,2024,HighSchool
5139132,110675,Carter Herriman,Miami (OH),LB,3,0.8337,2130,2024,HighSchool
5193174,110683,Daevon Iles,Old Dominion,S,3,0.8337,2130,2024,HighSchool
5151551,110667,Ashton Coker,UTEP,DL,3,0.8337,2130,2024,HighSchool
5194688,110685,Lance Ingold,Northern Illinois,EDGE,3,0.8337,2130,2024,HighSchool
5193287,110672,Jordan Toney,Eastern Michigan,CB,3,0.8337,2130,2024,HighSchool
5148868,110681,Moses Gray,Marshall,RB,3,0.8337,2130,2024,HighSchool
5149007,110673,Miles Coleman,North Texas,WR,3,0.8337,2130,2024,HighSchool
5149220,110678,Baron Tipton,North Texas,WR,3,0.8337,2130,2024,HighSchool
5147341,110669,Berlin Lillard,Colorado State,IOL,3,0.8337,2130,2024,HighSchool
5182337,110676,Conor Kenzinger,Western Michigan,OT,3,0.8337,2130,2024,HighSchool
5186736,110668,Anthony Wolter,Nevada,QB,3,0.8337,2130,2024,HighSchool
5194306,110686,Ashton Gray,North Texas,RB,3,0.8337,2130,2024,HighSchool
5220266,110691,Connie Hewitt II,Liberty,TE,3,0.8336,2150,2024,HighSchool
5193145,110688,Connor Warkentin,Boise State,DL,3,0.8336,2150,2024,HighSchool
5148424,110689,Nick Segarra,Ohio,TE,3,0.8336,2150,2024,HighSchool
5137870,110690,Jaheim Miller,Florida Atlantic,CB,3,0.8336,2150,2024,HighSchool
5149599,110687,Kenyon Massey,Massachusetts,WR,3,0.8336,2150,2024,HighSchool
5167309,110692,Alijah Carnell,Iowa State,DL,3,0.8333,2155,2024,HighSchool
5193094,110693,Dagan Myers,Colorado State,S,3,0.8333,2156,2024,HighSchool
5125157,110696,Owen Carter,Rice,WR,3,0.833,2157,2024,HighSchool
5193220,110697,Nate Green,UL Monroe,OT,3,0.833,2157,2024,HighSchool
5146689,110694,Brock Townsend,Central Michigan,RB,3,0.833,2157,2024,HighSchool
5191600,110698,Elijah Newell,UTSA,S,3,0.833,2157,2024,HighSchool
5193661,110695,Shaun Nicholas,Tulane,WR,3,0.833,2157,2024,HighSchool
5138655,110705,Kaleb Stewart,UConn,LB,3,0.8328,2162,2024,HighSchool
,110704,D'Mari Jenkins,,S,3,0.8328,2162,2024,HighSchool
5146947,110701,Jalen Harris,Coastal Carolina,WR,3,0.8328,2162,2024,HighSchool
,110702,Nicholas Smith Jr.,Florida International,WR,3,0.8328,2162,2024,HighSchool
5145454,110703,Hyrum-Benjamin Moors,Washington State,DL,3,0.8328,2162,2024,HighSchool
5149256,110699,Loren Ward,Florida Atlantic,DL,3,0.8328,2162,2024,HighSchool
5148792,110700,Logan Joellenbeck,South Alabama,OT,3,0.8328,2162,2024,HighSchool
5147727,110706,Asher Hale,South Alabama,OT,3,0.8328,2162,2024,HighSchool
5148884,110707,Elijah McDowell,Georgia Southern,CB,3,0.8325,2170,2024,HighSchool
5147692,110708,Damaine Wilson,Georgia State,EDGE,3,0.8322,2171,2024,HighSchool
5148279,110709,Avery Demery,Louisiana,CB,3,0.8319,2172,2024,HighSchool
5193224,110712,Fred Robertson,Louisiana Tech,RB,3,0.8319,2172,2024,HighSchool
5147516,110710,Jalen Owens,Southern Miss,DL,3,0.8319,2172,2024,HighSchool
5157188,110711,Jon Rodriguez,Florida International,IOL,3,0.8319,2172,2024,HighSchool
5088807,110713,Jordan Rowe,UL Monroe,IOL,3,0.8319,2176,2024,HighSchool
5157054,110714,Jalen Burgess,Georgia Southern,IOL,3,0.8317,2177,2024,HighSchool
,110716,Damon Wrighster,UC Davis,QB,3,0.8317,2178,2024,HighSchool
,110715,Lance Taylor Jr.,,LB,3,0.8317,2178,2024,HighSchool
5147682,110717,Gideon Herbert,Arkansas State,EDGE,3,0.8315,2180,2024,HighSchool
5149908,110719,Greg Burrell,UNLV,RB,3,0.8314,2181,2024,HighSchool
5193073,110720,Nate Thomason,Memphis,LB,3,0.8314,2181,2024,HighSchool
5088811,110718,Kerry Williams II,North Texas,CB,3,0.8314,2181,2024,HighSchool
5150132,110721,Mar'Kel Porter,Bowling Green,RB,3,0.8311,2184,2024,HighSchool
5138636,110726,Sean Martin,Northwestern,ATH,3,0.8311,2185,2024,HighSchool
5219412,110723,Caleb Williams,Army,ATH,3,0.8311,2185,2024,HighSchool
5193129,110722,CJ Miles Jr.,Western Michigan,CB,3,0.8311,2185,2024,HighSchool
,110725,Ethan Middleton,,ATH,3,0.8311,2185,2024,HighSchool
,110724,Jaylin Ballew,,TE,3,0.8311,2185,2024,HighSchool
5156111,110727,MaLik Caswell,Marshall,S,3,0.8311,2185,2024,HighSchool
5155696,110728,Nathan Jennings,South Alabama,DL,3,0.8308,2191,2024,HighSchool
5157260,110730,Samuel Riddy Jr.,East Carolina,EDGE,3,0.8308,2191,2024,HighSchool
5193350,110729,Chase Jackson,Coastal Carolina,S,3,0.8308,2191,2024,HighSchool
5193556,110740,Adam Hawkes,Oregon State,IOL,3,0.8306,2194,2024,HighSchool
5146811,110736,Nacari Johnson,UAB,CB,3,0.8306,2194,2024,HighSchool
5195952,110735,Wondame Davis Jr.,UTEP,WR,3,0.8306,2194,2024,HighSchool
5197125,110742,Ekow Taylor,UTEP,EDGE,3,0.8306,2194,2024,HighSchool
5196927,110738,Kyran Duhon,UTEP,DL,3,0.8306,2194,2024,HighSchool
5194628,110741,Zeion Simpson-Smith,Middle Tennessee,EDGE,3,0.8306,2194,2024,HighSchool
5184576,110737,Drew Collins,Arkansas State,EDGE,3,0.8306,2194,2024,HighSchool
,110739,LJ Green,West Georgia,WR,3,0.8306,2194,2024,HighSchool
,110732,Michael Lunsford,Marshall,DL,3,0.8306,2194,2024,HighSchool
,110734,Latori Williams,,LB,3,0.8306,2194,2024,HighSchool
,110731,Jim Ogle,UL Monroe,QB,3,0.8306,2194,2024,HighSchool
5148280,110733,Tytus Khajavi,Fresno State,LB,3,0.8306,2194,2024,HighSchool
,110746,Alonzo Contreras,San José State,QB,3,0.8304,2206,2024,HighSchool
5158902,110748,Antavious Elder,UAB,DL,3,0.8304,2206,2024,HighSchool
,110749,Grace'son Beach,Austin Peay,LB,3,0.8304,2206,2024,HighSchool
,110744,Xavier Dahn,Ball State,DL,3,0.8304,2206,2024,HighSchool
,110765,Elijah Realzola,Western Kentucky,WR,3,0.8304,2206,2024,HighSchool
5222394,110750,Da'Shawn Martin,Kent State,ATH,3,0.8304,2206,2024,HighSchool
5147067,110751,Chris Dietrich,Temple,QB,3,0.8304,2206,2024,HighSchool
5156854,110759,Gabriel Arnold,Western Kentucky,OT,3,0.8304,2206,2024,HighSchool
5219878,110761,Daniel Evert,Temple,TE,3,0.8304,2206,2024,HighSchool
5136179,110755,Toney Coleman Jr.,Miami (OH),S,3,0.8304,2206,2024,HighSchool
5142263,110754,Kam Kynard,Marshall,S,3,0.8304,2206,2024,HighSchool
5148877,110757,Chris Forbes,Old Dominion,DL,3,0.8304,2206,2024,HighSchool
5127696,110753,Clayton Dees,Florida International,QB,3,0.8304,2206,2024,HighSchool
5147967,110763,Lane Jeffcoat,Rice,OT,3,0.8304,2206,2024,HighSchool
5148828,110752,Gavin Dabo,Western Michigan,IOL,3,0.8304,2206,2024,HighSchool
5148940,110758,Troy Martin,Kent State,ATH,3,0.8304,2206,2024,HighSchool
5155865,110743,Nino Francavilla,Miami,IOL,3,0.8304,2206,2024,HighSchool
5193121,110760,Blake Heckmann,Liberty,OT,3,0.8304,2206,2024,HighSchool
5193304,110747,Hunter Kallstrom,Wyoming,DL,3,0.8304,2206,2024,HighSchool
5219011,110764,EJ Reid,Wake Forest,WR,3,0.8304,2206,2024,HighSchool
5079685,110745,Manuel Serna,San José State,OT,3,0.8304,2206,2024,HighSchool
5149830,110762,Bryce Gee,App State,WR,3,0.8304,2206,2024,HighSchool
5193160,110756,Cyler Corn,Louisiana Tech,OT,3,0.8304,2206,2024,HighSchool
5193142,110767,Hunter Thompson,Ohio,ATH,3,0.8303,2229,2024,HighSchool
5174762,110766,Dyllan Drummond,UNLV,IOL,3,0.8303,2229,2024,HighSchool
5148836,110768,O'Marion Lewis,East Carolina,S,3,0.8303,2229,2024,HighSchool
552920,238043,Zach Sims,Alabama State,QB,3,0.83,2232,2024,HighSchool
5219244,238056,Charlie Eckhardt,Stanford,ATH,3,0.83,2232,2024,HighSchool
5219777,238092,Issac Covington,Tulsa,S,3,0.83,2232,2024,HighSchool
5193277,110779,George Dimopoulos,Northern Illinois,WR,3,0.83,2232,2024,HighSchool
5219036,238086,Dylan Gentry,Auburn,WR,3,0.83,2232,2024,HighSchool
5218754,238087,Parker Fulghum,Clemson,WR,3,0.83,2232,2024,HighSchool
5220244,238091,Jaeden Calender,UL Monroe,LB,3,0.83,2232,2024,HighSchool
5196928,238083,Nico Hamilton,Wyoming,RB,3,0.83,2232,2024,HighSchool
5219226,238084,Lance Beeghley,SMU,WR,3,0.83,2232,2024,HighSchool
5197074,238089,Ja'Corian Norris,Louisiana,S,3,0.83,2232,2024,HighSchool
5219242,238046,Marcus Brown,Stanford,WR,3,0.83,2232,2024,HighSchool
5228149,238081,Mackenzie Alleyne,Washington State,WR,3,0.83,2232,2024,HighSchool
5193051,238059,Will Haverland,Oregon State,EDGE,3,0.83,2232,2024,HighSchool
5220502,238069,Will Miles,Navy,TE,3,0.83,2232,2024,HighSchool
5224204,110778,Chris Lee Jr.,Eastern Kentucky,LB,3,0.83,2232,2024,HighSchool
5219245,238032,Drew Cunningham,Stanford,LB,3,0.83,2232,2024,HighSchool
5226038,238033,Rayne Mayo,UC Davis,IOL,3,0.83,2232,2024,HighSchool
5226899,110774,Luca Gemma,Stony Brook,LB,3,0.83,2232,2024,HighSchool
5173078,110780,Dominic Johnson,Georgia State,IOL,3,0.83,2232,2024,HighSchool
5227911,238079,Dequadrion Welch,Alabama A&M,WR,3,0.83,2232,2024,HighSchool
5218766,238088,Evan McClure,Oklahoma,IOL,3,0.83,2232,2024,HighSchool
5219297,110781,Trevor Ladd,Virginia,TE,3,0.83,2232,2024,HighSchool
,110775,Jaiden Moss,,RB,3,0.83,2232,2024,HighSchool
,110770,Bryson Dedmon,,WR,3,0.83,2232,2024,HighSchool
,238060,Trevor Newkirk,Cal Poly,OT,3,0.83,2232,2024,HighSchool
,238061,Daxton Christman-Gourley,,OT,3,0.83,2232,2024,HighSchool
,110773,Jaquon Reynolds,,RB,3,0.83,2232,2024,HighSchool
,238062,Teko Shoats,Bethune-Cookman,IOL,3,0.83,2232,2024,HighSchool
,110771,Xavier Bowman,,WR,3,0.83,2232,2024,HighSchool
,238085,Keyshawn Williams,,IOL,3,0.83,2232,2024,HighSchool
,238063,Christian Nwosu,Harvard,EDGE,3,0.83,2232,2024,HighSchool
,238064,Josh Barnes,Idaho,ATH,3,0.83,2232,2024,HighSchool
,238065,Mason York,Weber State,WR,3,0.83,2232,2024,HighSchool
,238066,Antoine Keffer Jr.,,LB,3,0.83,2232,2024,HighSchool
,238067,Jayson Graham,East Tennessee State,ATH,3,0.83,2232,2024,HighSchool
,238068,Jedan Gilbert,,ATH,3,0.83,2232,2024,HighSchool
,238070,Raheem Vance,,QB,3,0.83,2232,2024,HighSchool
,238071,Landon Brown,,IOL,3,0.83,2232,2024,HighSchool
,238072,Javien Jackson,,LB,3,0.83,2232,2024,HighSchool
,238073,Austin Collins,,EDGE,3,0.83,2232,2024,HighSchool
,238074,Rodney Hunter,,DL,3,0.83,2232,2024,HighSchool
,238075,Jakobe Freeman,,CB,3,0.83,2232,2024,HighSchool
,238076,Tenerrean Jackson,,CB,3,0.83,2232,2024,HighSchool
,238077,Jay Stevenson,,RB,3,0.83,2232,2024,HighSchool
,238078,Antonio Ross,Jackson State,OT,3,0.83,2232,2024,HighSchool
,238031,Landon O'Connell,,QB,3,0.83,2232,2024,HighSchool
,238034,Holden Bea,Idaho,QB,3,0.83,2232,2024,HighSchool
,238035,Luke Flowers,Montana,QB,3,0.83,2232,2024,HighSchool
,238036,Kage Repenn,Idaho,WR,3,0.83,2232,2024,HighSchool
,238037,Ben Alvarez,Harvard,LB,3,0.83,2232,2024,HighSchool
,238038,Ryan Bowles,Montana State,LB,3,0.83,2232,2024,HighSchool
,238039,Snap Reed,Tennessee State,WR,3,0.83,2232,2024,HighSchool
,110783,Kanye Gaines,,EDGE,3,0.83,2232,2024,HighSchool
,238040,Joshua Hampton,,ATH,3,0.83,2232,2024,HighSchool
,238041,Anthony Rogers,Nicholls,CB,3,0.83,2232,2024,HighSchool
,110782,Rick Penick,,WR,3,0.83,2232,2024,HighSchool
,110777,Roman Martin,Nevada,CB,3,0.83,2232,2024,HighSchool
,110776,Tyler Moore,Tennessee State,DL,3,0.83,2232,2024,HighSchool
,238042,Trevanti Davis,Stephen F. Austin,IOL,3,0.83,2232,2024,HighSchool
,238044,Jack Patterson,Central Arkansas,QB,3,0.83,2232,2024,HighSchool
,238045,BJ Blake,Austin Peay,RB,3,0.83,2232,2024,HighSchool
,238047,Tamal Johnson,Weber State,S,3,0.83,2232,2024,HighSchool
,238048,Josiah Lamarque,Cal Poly,WR,3,0.83,2232,2024,HighSchool
,238049,Juan Rodriguez,Georgetown,IOL,3,0.83,2232,2024,HighSchool
,238050,Jezniah Thurston,UC Davis,OT,3,0.83,2232,2024,HighSchool
,238051,Albert Haywood,,WR,3,0.83,2232,2024,HighSchool
,238080,Jaden Moore,,ATH,3,0.83,2232,2024,HighSchool
,110772,Jamil Watkins,,CB,3,0.83,2232,2024,HighSchool
,238052,Guy Edmond,,CB,3,0.83,2232,2024,HighSchool
,238053,Jakwon Morris,,CB,3,0.83,2232,2024,HighSchool
,238054,Preston Wolfe,Indiana State,ATH,3,0.83,2232,2024,HighSchool
,238055,Nkongolo Wa-Kalonji,,ATH,3,0.83,2232,2024,HighSchool
,238057,Jackson Stevens,Southern Utah,QB,3,0.83,2232,2024,HighSchool
,238058,Elijah Brown,,CB,3,0.83,2232,2024,HighSchool
,110769,RJ Whitten,,S,3,0.83,2232,2024,HighSchool
5194622,238082,Malik Love,Middle Tennessee,EDGE,3,0.83,2232,2024,HighSchool
5196356,238090,Daylan Martin,Jacksonville State,IOL,3,0.83,2232,2024,HighSchool
5179116,110784,Lendric Barber,Cincinnati,DL,3,0.8297,2309,2024,HighSchool
5140698,110785,Davion Hurth,UTSA,IOL,3,0.8296,2310,2024,HighSchool
5193225,110786,Maruio White Jr.,Tulsa,EDGE,3,0.8296,2310,2024,HighSchool
5143023,110787,Jackson Pons,Miami (OH),ATH,3,0.8294,2312,2024,HighSchool
5142146,110788,Thomas Gotkowski,Miami (OH),QB,3,0.8294,2312,2024,HighSchool
5176113,110789,Justin Content,UTEP,CB,3,0.8294,2312,2024,HighSchool
5182807,110790,Jordan Woolen,Georgia Southern,WR,3,0.8294,2312,2024,HighSchool
5193139,110792,La'Varis Stanford,Western Michigan,CB,3,0.8292,2316,2024,HighSchool
5148791,110793,DeMarius Hines,East Carolina,S,3,0.8292,2316,2024,HighSchool
5184023,110791,Amare Grayson,Jacksonville State,IOL,3,0.8292,2316,2024,HighSchool
5145523,110795,Jae Beasley II,UNLV,TE,3,0.8286,2319,2024,HighSchool
5148839,110797,Roosevelt Mitchell,Akron,IOL,3,0.8286,2319,2024,HighSchool
5148847,110798,Trey Lenhardt,App State,S,3,0.8286,2319,2024,HighSchool
5148317,110796,Deacon Rawls,James Madison,IOL,3,0.8286,2319,2024,HighSchool
5147101,110794,Braden Cunningham,Florida Atlantic,IOL,3,0.8286,2319,2024,HighSchool
5146661,110799,Daniel Beale,Louisiana,QB,3,0.8283,2324,2024,HighSchool
5228652,110800,Grant Laskey,Charlotte,TE,3,0.8283,2324,2024,HighSchool
5148842,110801,Amare Taase,UNLV,IOL,3,0.8281,2326,2024,HighSchool
5181312,110804,Jaylyn Monds,Eastern Michigan,CB,3,0.8278,2327,2024,HighSchool
5146820,110802,Zach Bandy,Ball State,OT,3,0.8278,2327,2024,HighSchool
4697101,110803,Demetrius Jones,Lindenwood,DL,3,0.8278,2327,2024,HighSchool
,110805,Coy Okeson,North Dakota State,OT,3,0.8278,2327,2024,HighSchool
5147489,110806,Kaleb Neal,App State,S,3,0.8278,2327,2024,HighSchool
5146601,110807,Huston Eubank,Western Michigan,LB,3,0.8275,2332,2024,HighSchool
5146976,110817,Tyler McKinstry,Toledo,S,3,0.827,2333,2024,HighSchool
5156851,110816,Christopher Jones,Texas State,WR,3,0.827,2333,2024,HighSchool
5221048,110809,Jabari Bush,Arkansas State,TE,3,0.827,2333,2024,HighSchool
5136181,110810,Leo Colombi,Miami (OH),ATH,3,0.827,2333,2024,HighSchool
5189536,110812,Baker North,Arkansas State,IOL,3,0.827,2333,2024,HighSchool
5149123,110815,Diego Rodriguez,UConn,OT,3,0.827,2333,2024,HighSchool
5163481,110814,Luke Farr,Nevada,OT,3,0.827,2333,2024,HighSchool
5197030,110811,Jordan Ochoa,Nebraska,EDGE,3,0.827,2333,2024,HighSchool
5193721,110819,Colten Christian,Tulsa,IOL,3,0.827,2333,2024,HighSchool
5193134,110808,Umar Rockhead,Charlotte,OT,3,0.827,2333,2024,HighSchool
5148834,110813,Elijah Davis,Akron,DL,3,0.827,2333,2024,HighSchool
5193211,110818,Aidan Butts,Middle Tennessee,EDGE,3,0.827,2333,2024,HighSchool
5148410,110822,Elijah Baker,Tulane,IOL,3,0.8269,2345,2024,HighSchool
5193108,110821,Chauncey Davis,Colorado State,CB,3,0.8269,2345,2024,HighSchool
5146355,110820,AJ Hairston,Massachusetts,QB,3,0.8269,2345,2024,HighSchool
5193298,110825,Chris Durr Jr.,Wyoming,ATH,3,0.8267,2348,2024,HighSchool
5147726,110827,Kanyon Floyd,Arizona State,P,3,0.8267,2348,2024,HighSchool
5225875,110823,Jack Stanton,Houston Christian,QB,3,0.8267,2348,2024,HighSchool
5219458,110826,Jaylen Jones,Army,S,3,0.8267,2348,2024,HighSchool
,110824,Tanelle Rose,,RB,3,0.8267,2348,2024,HighSchool
,110828,Ludovic Martin,Massachusetts,TE,3,0.8264,2353,2024,HighSchool
5219670,110829,Jarvis Johnson,Florida Atlantic,LB,3,0.8264,2353,2024,HighSchool
5147865,110831,Victor Earl,Central Michigan,ATH,3,0.8263,2355,2024,HighSchool
5148852,110835,Antonio Floyd,Eastern Michigan,WR,3,0.8263,2355,2024,HighSchool
5155779,110830,Junior Thornton,Texas State,WR,3,0.8263,2355,2024,HighSchool
5147852,110834,Da'Marion Alberic,Massachusetts,RB,3,0.8263,2355,2024,HighSchool
5155863,110833,Jaquari Brown,Georgia Southern,S,3,0.8263,2355,2024,HighSchool
5191778,110832,Jeremy Schleicher,Western Michigan,IOL,3,0.8263,2355,2024,HighSchool
5147678,110837,Alika Cavaco-Amoy,Hawai'i,LB,3,0.8261,2361,2024,HighSchool
5139524,110836,Aeron Burrell,LSU,K,3,0.8261,2361,2024,HighSchool
5193221,110838,Phillip Harris,James Madison,S,3,0.8258,2363,2024,HighSchool
5194305,110839,Kabriel Anderson-Dale,North Texas,LB,3,0.8256,2364,2024,HighSchool
5197119,110857,Luka Matamoros,UTEP,IOL,3,0.8256,2364,2024,HighSchool
5193172,110853,Amarrien Bailey,Middle Tennessee,LB,3,0.8256,2364,2024,HighSchool
5220640,110846,CJ Allen,Georgia Southern,LB,3,0.8256,2364,2024,HighSchool
5196568,110856,Rafeald Campbell,UTEP,WR,3,0.8256,2364,2024,HighSchool
5193279,110848,Kris Manu,Miami (OH),IOL,3,0.8256,2364,2024,HighSchool
5196963,110847,Allan McCarter,UTEP,IOL,3,0.8256,2364,2024,HighSchool
5225258,110841,Jahvon Frazier,Akron,EDGE,3,0.8256,2364,2024,HighSchool
5193216,110854,Jordan Beasley,Middle Tennessee,LB,3,0.8256,2364,2024,HighSchool
5194702,110840,Ahmir Smith,Northern Illinois,RB,3,0.8256,2364,2024,HighSchool
5194644,110844,Will Clark,Buffalo,LB,3,0.8256,2364,2024,HighSchool
5194647,110855,Jordan Davis,Ball State,CB,3,0.8256,2364,2024,HighSchool
5147346,110845,Jywon Boyd,Troy,ATH,3,0.8256,2364,2024,HighSchool
5193357,110851,Montez Redding,Arkansas State,WR,3,0.8256,2364,2024,HighSchool
,110852,Marc Woods,Jacksonville State,S,3,0.8256,2364,2024,HighSchool
5220197,110850,Fluff Bothwell,South Alabama,RB,3,0.8256,2364,2024,HighSchool
,110842,Ryan Eldridge,Ball State,OT,3,0.8256,2364,2024,HighSchool
5149556,110843,Jayvion Showers,Arkansas State,WR,3,0.8256,2364,2024,HighSchool
5147071,110849,Matthew Smith,Northwestern,LB,3,0.8256,2364,2024,HighSchool
5176730,110860,Chase Bogle,Arkansas State,LB,3,0.8253,2383,2024,HighSchool
5138635,110858,Jacob Kropchak,Toledo,IOL,3,0.8253,2383,2024,HighSchool
5148358,110859,Eli Anders,Georgia Southern,EDGE,3,0.8253,2383,2024,HighSchool
,110864,Meikhi Cuttino,Delaware,ATH,3,0.825,2386,2024,HighSchool
,110863,Dylan Mills,Villanova,QB,3,0.825,2386,2024,HighSchool
,110861,Ethaniah Steffany,,DL,3,0.825,2386,2024,HighSchool
,110862,Reggie Witherspoon III,Oregon,WR,3,0.825,2386,2024,HighSchool
5194307,110867,Paul Gurrola,North Texas,OT,3,0.825,2386,2024,HighSchool
5143170,110865,Germaine Carter,Florida International,DL,3,0.825,2386,2024,HighSchool
5189805,110866,Royce Baucom,Arkansas State,IOL,3,0.825,2386,2024,HighSchool
5147863,110868,Ed'Mari Binion,Colorado State,EDGE,3,0.8248,2393,2024,HighSchool
5149118,110875,Kyle Lemmermann,TCU,K,3,0.8244,2394,2024,HighSchool
5194689,110873,Hunter Teal,Miami (OH),TE,3,0.8244,2394,2024,HighSchool
5119662,110874,Nolan Hauser,Clemson,K,3,0.8244,2394,2024,HighSchool
,110870,Alex Erby,Navy,QB,3,0.8244,2394,2024,HighSchool
,110871,Wendell Smith,Eastern Michigan,CB,3,0.8244,2394,2024,HighSchool
,110869,Nathaniel Johnson,,OT,3,0.8244,2394,2024,HighSchool
5147872,110872,Matthew Wilson,App State,QB,3,0.8244,2394,2024,HighSchool
5159860,110876,Tiyyan Robinson,Middle Tennessee,EDGE,3,0.8241,2401,2024,HighSchool
5155868,110877,Korey Jordan,Georgia Southern,DL,3,0.8239,2402,2024,HighSchool
5222397,110887,Jaihien Roy,Kent State,LB,3,0.8237,2403,2024,HighSchool
5148780,110892,Keyveon Johnson,Akron,CB,3,0.8237,2403,2024,HighSchool
5148885,110886,Grey Rumohr,Northern Illinois,OT,3,0.8237,2403,2024,HighSchool
5147377,110880,Terrelle Elmore,Eastern Michigan,EDGE,3,0.8237,2403,2024,HighSchool
5148625,110878,Everett Small,Eastern Michigan,IOL,3,0.8237,2403,2024,HighSchool
5147513,110891,Dylan Barbrey,App State,OT,3,0.8237,2403,2024,HighSchool
5193301,110882,Braylon Jenkins,Wyoming,IOL,3,0.8237,2403,2024,HighSchool
5156034,110889,Mohammad Othman,San José State,OT,3,0.8237,2403,2024,HighSchool
5193283,110884,Dorian Pringle,Bowling Green,LB,3,0.8237,2403,2024,HighSchool
5222399,110888,Elijah Williams,Kent State,IOL,3,0.8237,2403,2024,HighSchool
5193312,110881,Brach Rice,Miami (OH),ATH,3,0.8237,2403,2024,HighSchool
,110885,Jayland McGlothen,Sacramento State,DL,3,0.8237,2403,2024,HighSchool
5155009,110883,Seth Anstead,Ohio,IOL,3,0.8237,2403,2024,HighSchool
,110890,David Moore,Arkansas State,CB,3,0.8237,2403,2024,HighSchool
5157361,110879,Tyler Miller,Nevada,IOL,3,0.8237,2403,2024,HighSchool
,110893,Braden Laux,Eastern Michigan,TE,3,0.8237,2403,2024,HighSchool
5147107,110897,Logan Brasfield,Coastal Carolina,IOL,3,0.8236,2419,2024,HighSchool
,110895,Bryson Banks,Army,LB,3,0.8236,2419,2024,HighSchool
5141808,110898,Landen Delich,Toledo,S,3,0.8236,2419,2024,HighSchool
5148281,110894,Rhys Phillips,Rice,TE,3,0.8236,2419,2024,HighSchool
5123219,110896,Jake Weinberg,Florida State,K,3,0.8236,2419,2024,HighSchool
5192415,110899,Tyler Kinsman,Oregon,P,3,0.8233,2424,2024,HighSchool
5178800,110902,Jaden Williams,Florida International,S,3,0.8233,2425,2024,HighSchool
5172802,110900,AJ Noland,Colorado State,S,3,0.8233,2425,2024,HighSchool
5193332,110901,Ty Goodwill,South Alabama,ATH,3,0.8233,2425,2024,HighSchool
5159481,110909,Dominic Deluca,Wake Forest,TE,3,0.823,2428,2024,HighSchool
5193097,110911,Amarion Berry,North Texas,IOL,3,0.823,2428,2024,HighSchool
5167252,110905,Duncan Brune,Ohio,RB,3,0.823,2428,2024,HighSchool
5193290,110910,Jarvis Adams,Kennesaw State,IOL,3,0.823,2428,2024,HighSchool
5193267,110908,D'kyah Banks,Bowling Green,S,3,0.823,2428,2024,HighSchool
5148903,110904,Tyshawn Sanders,App State,CB,3,0.823,2428,2024,HighSchool
5146903,110907,Brayden Roggow,Akron,QB,3,0.823,2428,2024,HighSchool
5149056,110906,Jadyn Glasser,Central Michigan,QB,3,0.823,2428,2024,HighSchool
5151289,110903,Cole Watson,Louisiana Tech,LB,3,0.823,2428,2024,HighSchool
5193339,110912,Xavier McIntyre,Coastal Carolina,S,3,0.8228,2437,2024,HighSchool
,110913,Braden Hales,Colorado State,OT,3,0.8228,2437,2024,HighSchool
5148636,110914,Chase Regan,James Madison,S,3,0.8228,2437,2024,HighSchool
5145592,110915,Tyler Budge,Georgia Southern,QB,3,0.8226,2440,2024,HighSchool
5194311,110917,Jayden Williams,North Texas,DL,3,0.8225,2441,2024,HighSchool
5141027,110916,Curtis Janvier,Florida Atlantic,S,3,0.8225,2441,2024,HighSchool
,110920,Nate Tastad,North Dakota State,IOL,3,0.8222,2443,2024,HighSchool
5157802,110922,Ahmaad Foster,Old Dominion,DL,3,0.8222,2443,2024,HighSchool
5151854,110921,Jayden Fuller,Miami (OH),LB,3,0.8222,2443,2024,HighSchool
5141974,110918,Kela Moore,UNLV,S,3,0.8222,2443,2024,HighSchool
5193286,110919,Javon Thomas,Eastern Michigan,DL,3,0.8222,2443,2024,HighSchool
5145473,110925,Mason Reynolds,Western Michigan,QB,3,0.8219,2448,2024,HighSchool
5155557,110924,Jaylen Allen,UNLV,CB,3,0.8219,2448,2024,HighSchool
5089328,110926,Michael Kern,Texas,P,3,0.8219,2448,2024,HighSchool
5085351,110927,Abram Murray,Miami,K,3,0.8219,2448,2024,HighSchool
5148729,110928,Rondell Carter,Troy,CB,3,0.8219,2448,2024,HighSchool
5148417,110923,Dontrae Henderson,Indiana,S,3,0.8219,2448,2024,HighSchool
5181758,110929,Jeremiah Colbert,Jacksonville State,WR,3,0.8219,2454,2024,HighSchool
,110930,Jordan Bride,Grambling,ATH,3,0.8217,2455,2024,HighSchool
,110931,Semaj Jackson,Campbell,S,3,0.8217,2455,2024,HighSchool
5193091,110932,Stellan Bowman,Ohio,LB,3,0.8214,2457,2024,HighSchool
5172030,110933,Mason Vicari,UNLV,IOL,3,0.8211,2458,2024,HighSchool
5219154,110934,Luis Cordova,Arizona State,OT,3,0.8211,2459,2024,HighSchool
,110935,Jaheem Reddick,,IOL,3,0.8211,2459,2024,HighSchool
,110937,Harry Caskey,Air Force,ATH,3,0.8206,2461,2024,HighSchool
5191048,110941,Bryce Dorsey,Memphis,WR,3,0.8206,2461,2024,HighSchool
5193053,110938,Ethan Hogg,UConn,LB,3,0.8206,2461,2024,HighSchool
5195994,110942,Brent Washington,Georgia State,LB,3,0.8206,2461,2024,HighSchool
5219550,110943,Jacob Saurbeck,Central Michigan,OT,3,0.8206,2461,2024,HighSchool
5189537,110939,Hayden George,Nevada,TE,3,0.8206,2461,2024,HighSchool
5224166,110940,Kealen Juniel,Central Arkansas,TE,3,0.8206,2461,2024,HighSchool
5175335,110936,Karson Maynard,Sam Houston,WR,3,0.8206,2461,2024,HighSchool
5148857,110960,Dasan Smith,Central Michigan,OT,3,0.8204,2469,2024,HighSchool
5144956,110952,Ryan Brotherton,Western Michigan,ATH,3,0.8204,2469,2024,HighSchool
5145475,110954,Auckland Asiata,Fresno State,EDGE,3,0.8204,2469,2024,HighSchool
5148776,110961,Rodrick Hunter,Akron,S,3,0.8204,2469,2024,HighSchool
5155518,110949,Dillon Robinson,Bowling Green,IOL,3,0.8204,2469,2024,HighSchool
5221054,110948,Josh Stone,Arkansas State,S,3,0.8204,2469,2024,HighSchool
5197087,110965,Chandler Wilson,UL Monroe,TE,3,0.8204,2469,2024,HighSchool
5155723,110947,Dallen Ponder,Western Kentucky,WR,3,0.8204,2469,2024,HighSchool
5155561,110958,Noa Siaosi,San José State,EDGE,3,0.8204,2469,2024,HighSchool
5147518,110951,JT Sowell,App State,IOL,3,0.8204,2469,2024,HighSchool
5155701,110944,Jay Tauala-Harris,Hawai'i,IOL,3,0.8204,2469,2024,HighSchool
5142691,110956,Rex Lahr,Liberty,IOL,3,0.8204,2469,2024,HighSchool
5148711,110957,Adrian Onyiego,Wyoming,EDGE,3,0.8204,2469,2024,HighSchool
5147050,110959,Josue Cordoba,Kent State,DL,3,0.8204,2469,2024,HighSchool
,110964,Darius Wallace,Charlotte,LB,3,0.8204,2469,2024,HighSchool
,110946,Sam Liu,McNeese,IOL,3,0.8204,2469,2024,HighSchool
5148360,110945,Ephraim Dotson,Rice,CB,3,0.8204,2469,2024,HighSchool
5148779,110955,Brycen Lotz,Wyoming,OT,3,0.8204,2469,2024,HighSchool
5193347,110953,Zedric Washington,Jacksonville State,EDGE,3,0.8204,2469,2024,HighSchool
5154671,110962,Alex Gale,Middle Tennessee,IOL,3,0.8204,2469,2024,HighSchool
5147070,110950,Dantu Gardner Jr.,Ball State,EDGE,3,0.8204,2469,2024,HighSchool
5156902,110963,Raheim Sexil,Florida International,CB,3,0.8204,2469,2024,HighSchool
5147689,110966,Michael Salgado-Medina,Arizona,K,3,0.8203,2491,2024,HighSchool
5231153,238149,Raydrian Baltrip,Abilene Christian,WR,3,0.82,2492,2024,HighSchool
5194625,238150,Jaden Robinson,Kennesaw State,WR,3,0.82,2492,2024,HighSchool
5194617,110974,Jaiden Grimes,Kennesaw State,DL,3,0.82,2492,2024,HighSchool
5221275,238139,Cody Raymond,Wisconsin,LB,3,0.82,2492,2024,HighSchool
5196569,238133,Henry Sellards,Nevada,OT,3,0.82,2492,2024,HighSchool
5195571,238145,Boogie Henderson,Hawai'i,IOL,3,0.82,2492,2024,HighSchool
5224816,238106,Caleb Sanchez,Columbia,QB,3,0.82,2492,2024,HighSchool
5219044,238119,Daniel Mincey,Kentucky,IOL,3,0.82,2492,2024,HighSchool
5228147,238154,Ben Beatty,Washington State,EDGE,3,0.82,2492,2024,HighSchool
5224084,238143,Trey Hedden,Furman,QB,3,0.82,2492,2024,HighSchool
5228014,238122,Peder Haugo,North Dakota State,ATH,3,0.82,2492,2024,HighSchool
5223933,238124,Alek Marshall,Cal Poly,TE,3,0.82,2492,2024,HighSchool
5224275,238141,Josh Anglin,North Alabama,LB,3,0.82,2492,2024,HighSchool
5230195,238140,Karson Siqueiros-Lasky,Pennsylvania,QB,3,0.82,2492,2024,HighSchool
,238137,D'avion Coffee,,ATH,3,0.82,2492,2024,HighSchool
,238138,Derek Jackson,,TE,3,0.82,2492,2024,HighSchool
,238142,Jake Gillespie,Stephen F. Austin,S,3,0.82,2492,2024,HighSchool
,238144,Davion Parker,,IOL,3,0.82,2492,2024,HighSchool
,238146,Anthony Irons,,S,3,0.82,2492,2024,HighSchool
,238147,Neko Fann,Mercer,QB,3,0.82,2492,2024,HighSchool
,238148,Kevin Allen,Eastern Washington,RB,3,0.82,2492,2024,HighSchool
,238151,David Porotesano,,OT,3,0.82,2492,2024,HighSchool
,238152,Hudson Cleary,,OT,3,0.82,2492,2024,HighSchool
,238153,Shea Adams,,ATH,3,0.82,2492,2024,HighSchool
,238155,Charlie Adams,,DL,3,0.82,2492,2024,HighSchool
5220543,238112,Gary Rutherford,Wyoming,ATH,3,0.82,2492,2024,HighSchool
,238116,Aris Pittman,,WR,3,0.82,2492,2024,HighSchool
,238114,Keyvon Thomas,,CB,3,0.82,2492,2024,HighSchool
,238113,Bennett Anderson,Yale,OT,3,0.82,2492,2024,HighSchool
,238111,Anthony Rezac,,QB,3,0.82,2492,2024,HighSchool
,238110,Marley Alapati,Army,LB,3,0.82,2492,2024,HighSchool
,238109,Nokoi Maddox,,S,3,0.82,2492,2024,HighSchool
,238108,Andre Taylor,,DL,3,0.82,2492,2024,HighSchool
,238107,Bain Eiseman,Cal Poly,WR,3,0.82,2492,2024,HighSchool
,238105,Richard Munoz,Air Force,ATH,3,0.82,2492,2024,HighSchool
,238104,Jaden Eddy,,S,3,0.82,2492,2024,HighSchool
,238103,Alex Jordan,Pennsylvania,EDGE,3,0.82,2492,2024,HighSchool
,238102,Josh Ulofoshio,,EDGE,3,0.82,2492,2024,HighSchool
,238101,Adonte Medley,,LB,3,0.82,2492,2024,HighSchool
,238100,Jason Harris,,WR,3,0.82,2492,2024,HighSchool
,238099,Jabez Woods,Montana State,WR,3,0.82,2492,2024,HighSchool
,238098,Deacon Stanfield,Houston Christian,WR,3,0.82,2492,2024,HighSchool
,238097,Elijah Bradley,,CB,3,0.82,2492,2024,HighSchool
,238096,Omari Gayles,Harvard,CB,3,0.82,2492,2024,HighSchool
,238095,Cru Newman,Portland State,QB,3,0.82,2492,2024,HighSchool
,238094,Jack Matranga,Air Force,LB,3,0.82,2492,2024,HighSchool
,238093,Justice Spann,,WR,3,0.82,2492,2024,HighSchool
,238118,Davis Schukar,,IOL,3,0.82,2492,2024,HighSchool
,238120,Jude McLellan,,EDGE,3,0.82,2492,2024,HighSchool
,238123,Siupeli Tava,,OT,3,0.82,2492,2024,HighSchool
,238125,Kahirre Louis,,LB,3,0.82,2492,2024,HighSchool
,238126,Zach Vanderpool,North Dakota State,DL,3,0.82,2492,2024,HighSchool
,238127,Tristan Black,,IOL,3,0.82,2492,2024,HighSchool
,238128,Daniel Ajose,Eastern Illinois,ATH,3,0.82,2492,2024,HighSchool
,238129,David Ajose,Eastern Illinois,ATH,3,0.82,2492,2024,HighSchool
,238130,Bryson Ross,Portland State,CB,3,0.82,2492,2024,HighSchool
,238131,Reign Broadway,Air Force,WR,3,0.82,2492,2024,HighSchool
,238132,Brooks Davis,Montana,WR,3,0.82,2492,2024,HighSchool
,238134,Hudson Wiens,Montana State,DL,3,0.82,2492,2024,HighSchool
,238135,DJ Caffey,,LB,3,0.82,2492,2024,HighSchool
,238136,Tyler Wesley,Texas Southern,EDGE,3,0.82,2492,2024,HighSchool
5193557,238121,Xavier Thorpe,Washington State,OT,3,0.82,2492,2024,HighSchool
,110971,Jonah Logan,Murray State,OT,3,0.82,2492,2024,HighSchool
,110970,Bradyn Smith,,DL,3,0.82,2492,2024,HighSchool
,110973,Colbyn Daniel,,OT,3,0.82,2492,2024,HighSchool
,110972,Da'Vier Burt,,RB,3,0.82,2492,2024,HighSchool
,110968,Dylan Karz,Pennsylvania,WR,3,0.82,2492,2024,HighSchool
,110969,Zues Pindernation,,RB,3,0.82,2492,2024,HighSchool
,110967,Jaci Dickerson,,ATH,3,0.82,2492,2024,HighSchool
,238117,Harlen Summers,Illinois State,IOL,3,0.82,2492,2024,HighSchool
,238115,Maile Fonua,,IOL,3,0.82,2492,2024,HighSchool
5146945,110979,JJ Douglas,Central Michigan,WR,3,0.8196,2563,2024,HighSchool
5176549,110983,Jaylen Bentley,Georgia Southern,LB,3,0.8196,2563,2024,HighSchool
5193284,110981,Winn Sharp,Bowling Green,WR,3,0.8196,2563,2024,HighSchool
5227403,110977,Nate Blount,Jackson State,RB,3,0.8196,2563,2024,HighSchool
5152986,110980,Javion Randall,Stanford,CB,3,0.8196,2563,2024,HighSchool
5196863,110982,Shamir Sterlin,Florida International,S,3,0.8196,2563,2024,HighSchool
5194676,110984,ShuMond Johnson,Troy,EDGE,3,0.8196,2563,2024,HighSchool
5148803,110975,Brad Jackson,Texas State,QB,3,0.8196,2563,2024,HighSchool
5218698,110985,Zach Taylor,Arkansas,WR,3,0.8196,2563,2024,HighSchool
5147350,110976,Noah Patterson,Eastern Michigan,DL,3,0.8196,2563,2024,HighSchool
5125597,110978,Tristan Waiamau-Galindo,Hawai'i,EDGE,3,0.8196,2563,2024,HighSchool
5193217,110988,Jonathan Bibbs,UL Monroe,WR,3,0.8194,2574,2024,HighSchool
5079408,110986,Fatim Diggs,Syracuse,LB,3,0.8194,2574,2024,HighSchool
,110987,Luvens Valcin,Montana State,ATH,3,0.8194,2574,2024,HighSchool
5149269,110989,Cooper Stevens,Sam Houston,TE,3,0.8192,2577,2024,HighSchool
5192954,110995,Damyrion Darby,South Alabama,CB,3,0.8189,2578,2024,HighSchool
5194803,110990,Kevin Beckham,Troy,WR,3,0.8189,2578,2024,HighSchool
5151557,110991,Marcus Field,Sam Houston,WR,3,0.8189,2578,2024,HighSchool
5193120,110993,Kristyane Gregory,Liberty,DL,3,0.8189,2578,2024,HighSchool
5220202,110992,William Felton IV,South Alabama,LB,3,0.8189,2578,2024,HighSchool
5194809,110996,Joe Lott,Troy,S,3,0.8189,2578,2024,HighSchool
5193346,110994,Quinn Henicle,Old Dominion,QB,3,0.8189,2578,2024,HighSchool
5149745,110997,Phillip Gladney,Georgia Southern,CB,3,0.8189,2585,2024,HighSchool
5147732,110999,Lucas Osada,North Carolina,P,3,0.8186,2586,2024,HighSchool
5146969,110998,Kamdyn Koch,Nebraska,P,3,0.8186,2586,2024,HighSchool
5194318,111000,Matthew Reed,North Texas,DL,3,0.8178,2588,2024,HighSchool
5147946,111003,Jacob Kauwe,Kentucky,K,3,0.8178,2589,2024,HighSchool
5220891,111002,Xavier Miles,Syracuse,IOL,3,0.8178,2589,2024,HighSchool
,111001,TC Manumaleuna,Oregon,ATH,3,0.8178,2589,2024,HighSchool
5148362,111016,Kai Fernandes,App State,S,3,0.817,2592,2024,HighSchool
5146972,111007,Ayden Harris,Kent State,ATH,3,0.817,2592,2024,HighSchool
,111014,Sopuruchi Ojinnaka,Grand Valley State,ATH,3,0.817,2592,2024,HighSchool
,111004,Matthew Bryant,,DL,3,0.817,2592,2024,HighSchool
,111005,Tyrell Marshall,West Florida,CB,3,0.817,2592,2024,HighSchool
,111009,Jordan Howard,,EDGE,3,0.817,2592,2024,HighSchool
5193281,111010,TJ Nelson,Bowling Green,ATH,3,0.817,2592,2024,HighSchool
5147723,111008,Jackson Barton,Nevada,CB,3,0.817,2592,2024,HighSchool
5148739,111006,Caden Vanderbush,Eastern Michigan,S,3,0.817,2592,2024,HighSchool
5172342,111013,Andre Porter,UNLV,LB,3,0.817,2592,2024,HighSchool
5193319,111011,Jordan Suggs,Ball State,CB,3,0.817,2592,2024,HighSchool
5194654,111012,John Keough,Buffalo,S,3,0.817,2592,2024,HighSchool
5193278,111018,Lane Mahnesmith,Northern Illinois,OT,3,0.817,2592,2024,HighSchool
5158246,111017,Jace Nixon,Fresno State,TE,3,0.817,2592,2024,HighSchool
5193169,111015,Evan Bushong,James Madison,IOL,3,0.817,2592,2024,HighSchool
5149075,111019,Nico Gramatica,South Florida,K,3,0.8169,2607,2024,HighSchool
5149746,111020,Kyle Mosley,UAB,DL,3,0.8167,2608,2024,HighSchool
,111021,Marcellus Chandler,,ATH,3,0.8163,2609,2024,HighSchool
5220351,111023,Jay Simon,Louisiana Tech,WR,3,0.8163,2609,2024,HighSchool
5193302,111029,Telly Johnson Jr.,Northern Illinois,ATH,3,0.8163,2609,2024,HighSchool
5148793,111022,Sam Ehret,Ohio,EDGE,3,0.8163,2609,2024,HighSchool
5149058,111026,Devin Spencer,Arkansas State,RB,3,0.8163,2609,2024,HighSchool
5193292,111027,La'Don Bryant,Northern Illinois,WR,3,0.8163,2609,2024,HighSchool
5144208,111024,Tanner Burlingame,Massachusetts,OT,3,0.8163,2609,2024,HighSchool
5222772,111030,Grant Haworth,Ball State,OT,3,0.8163,2609,2024,HighSchool
5180506,111028,Xavier Leonard,Buffalo,LB,3,0.8163,2609,2024,HighSchool
5193213,111025,Isaac Cannizzaro,Kennesaw State,IOL,3,0.8163,2609,2024,HighSchool
,111031,John Holthaus,Colorado State,OT,3,0.8159,2619,2024,HighSchool
5148905,111032,Carter Vargas,UC Davis,RB,3,0.8158,2620,2024,HighSchool
5193168,111044,Terrence Smith Jr.,UConn,ATH,3,0.8156,2621,2024,HighSchool
5186905,111050,Lopez Sanusi,Boise State,DL,3,0.8156,2621,2024,HighSchool
5148938,111042,Dean Ford,Sam Houston,LB,3,0.8156,2621,2024,HighSchool
5194662,111039,Kal-El Pascal,Bowling Green,S,3,0.8156,2621,2024,HighSchool
5194633,111034,Dahvon Frazier,Akron,EDGE,3,0.8156,2621,2024,HighSchool
5165989,111036,Josiah Stephens,Sam Houston,DL,3,0.8156,2621,2024,HighSchool
5193288,111048,Nasir Williams,Central Michigan,WR,3,0.8156,2621,2024,HighSchool
5193222,111038,Oliver Lundberg,UConn,RB,3,0.8156,2621,2024,HighSchool
5194694,111052,Maddux Babin,Western Michigan,LB,3,0.8156,2621,2024,HighSchool
5194663,111041,Cameron Pettaway,Bowling Green,RB,3,0.8156,2621,2024,HighSchool
5196864,111033,Rodney Tisdale Jr.,Western Kentucky,QB,3,0.8156,2621,2024,HighSchool
,111053,Matteus Ioane,Hawai'i,LB,3,0.8156,2621,2024,HighSchool
,111047,Isaiah Atchison,Central Michigan,ATH,3,0.8156,2621,2024,HighSchool
,111046,Paul Hartman,,ATH,3,0.8156,2621,2024,HighSchool
,111035,Joseph Clark IV,,ATH,3,0.8156,2621,2024,HighSchool
5193475,111037,Zach Clayton,Middle Tennessee,OT,3,0.8156,2621,2024,HighSchool
5147052,111040,Carter Enyard,Michigan State,LB,3,0.8156,2621,2024,HighSchool
5196424,111051,Jayden Tuia,Oregon State,IOL,3,0.8156,2621,2024,HighSchool
5191893,111049,Oyeka Alexander,Miami (OH),DL,3,0.8156,2621,2024,HighSchool
5192899,111043,Ashten Emory,UTEP,RB,3,0.8156,2621,2024,HighSchool
5193263,111045,Jakobe Campbell,New Mexico State,CB,3,0.8156,2621,2024,HighSchool
5220627,111054,Shko-Mak Pahmahmie,UNLV,DL,3,0.8153,2642,2024,HighSchool
5192414,111059,Gage Hurych,Oregon,K,3,0.815,2643,2024,HighSchool
5147105,111057,Mason Love,South Carolina,P,3,0.815,2643,2024,HighSchool
,111055,Renzo Jennings,,CB,3,0.815,2643,2024,HighSchool
5149832,111058,Hank Purvis,UNLV,IOL,3,0.815,2643,2024,HighSchool
,111060,Andre Skelton,Portland State,RB,3,0.815,2643,2024,HighSchool
,111056,Shea Robertson,Eastern Washington,LB,3,0.815,2643,2024,HighSchool
5172963,111061,Andrew Hancock,Marshall,IOL,3,0.8148,2649,2024,HighSchool
,111062,Nick Pace,Jacksonville State,S,3,0.8144,2650,2024,HighSchool
5192937,111065,Trace Meadows,UTEP,LB,3,0.8144,2651,2024,HighSchool
,111063,Brady McDonough,Navy,QB,3,0.8144,2651,2024,HighSchool
5146273,111067,DJ Murray Jr.,Georgia State,ATH,3,0.8144,2651,2024,HighSchool
5175334,111064,Bryson Donelson,Fresno State,RB,3,0.8144,2651,2024,HighSchool
5194627,111068,Jason Overton,Middle Tennessee,IOL,3,0.8144,2651,2024,HighSchool
5196100,111069,Riley McGehee,Arkansas State,OT,3,0.8144,2651,2024,HighSchool
5186591,111066,Devon Akers,Northern Illinois,WR,3,0.8144,2651,2024,HighSchool
5196646,111070,Dennis Rahouski,Northwestern,IOL,3,0.8141,2658,2024,HighSchool
5187553,111071,Jack Kelly,App State,TE,3,0.8139,2659,2024,HighSchool
5193141,111078,Joshua Thoman,Western Michigan,IOL,3,0.8137,2660,2024,HighSchool
5148825,111084,Jon Morris,UConn,S,3,0.8137,2660,2024,HighSchool
5148854,111075,Marvell Eggleston,Eastern Michigan,EDGE,3,0.8137,2660,2024,HighSchool
5126290,111074,Logan Borodychuk,Central Michigan,QB,3,0.8137,2660,2024,HighSchool
5148818,111083,Clemens Richter,UConn,TE,3,0.8137,2660,2024,HighSchool
,111080,Taysean Stevenson,Old Dominion,EDGE,3,0.8137,2660,2024,HighSchool
5149301,111079,Mario Landino,Indiana,DL,3,0.8137,2660,2024,HighSchool
,111076,Brady Barrowman,Ball State,OT,3,0.8137,2660,2024,HighSchool
5193337,111072,Cam Chmura,Marshall,DL,3,0.8137,2660,2024,HighSchool
,111077,Sirmaine Campbell,,DL,3,0.8137,2660,2024,HighSchool
5193505,111073,Aiden Howard,Miami (OH),OT,3,0.8137,2660,2024,HighSchool
5193285,111081,Joe Stein,Northern Illinois,TE,3,0.8137,2660,2024,HighSchool
5147053,111082,Wayne Harris,Kent State,WR,3,0.8137,2660,2024,HighSchool
5219846,111085,Christian Pettway,North Texas,OT,3,0.8133,2673,2024,HighSchool
5193159,111086,Knajee Saffold,Florida International,IOL,3,0.813,2674,2024,HighSchool
5228655,111092,Kendal Brown,Charlotte,EDGE,3,0.8122,2675,2024,HighSchool
5220054,111089,Ray Hester,Eastern Michigan,S,3,0.8122,2675,2024,HighSchool
5220425,111087,DJ Bailey,Sam Houston,QB,3,0.8122,2675,2024,HighSchool
,111088,Jordan Triplett,Air Force,RB,3,0.8122,2675,2024,HighSchool
,111091,John Stowers,,ATH,3,0.8122,2675,2024,HighSchool
5148775,111090,Parker Shattuck,South Alabama,LB,3,0.8122,2675,2024,HighSchool
5192410,111093,Bobby Engstler,California,P,3,0.8111,2681,2024,HighSchool
,111094,Ashton Helaire,,IOL,3,0.8111,2682,2024,HighSchool
5193720,111100,Javon Brown,Toledo,WR,3,0.8106,2683,2024,HighSchool
,111097,Tyler Day,,LB,3,0.8106,2683,2024,HighSchool
,111102,Daniel Faletoi,Hawai'i,EDGE,3,0.8106,2683,2024,HighSchool
,111095,Daitorian Brown-Law,,ATH,3,0.8106,2683,2024,HighSchool
5197120,111101,Craig Wydra,UTEP,IOL,3,0.8106,2683,2024,HighSchool
5229991,111099,Marvin Williams,Northern Colorado,ATH,3,0.8106,2683,2024,HighSchool
5225610,111098,Ivory Aikens,Wofford,WR,3,0.8106,2683,2024,HighSchool
5226895,111096,Malachi Marshall,Stony Brook,QB,3,0.8106,2683,2024,HighSchool
5193296,111115,Paul Clark,Buffalo,DL,3,0.8104,2691,2024,HighSchool
5155722,111114,Evan Dailey,Temple,IOL,3,0.8104,2691,2024,HighSchool
5219485,111109,Dom Silvia,Charlotte,OT,3,0.8104,2691,2024,HighSchool
5192953,111116,Rhys Dakin,Iowa,P,3,0.8104,2691,2024,HighSchool
5140621,111104,William Goodvine III,Miami (OH),EDGE,3,0.8104,2691,2024,HighSchool
5193300,111108,Eli Jacon-Duffy,Bowling Green,TE,3,0.8104,2691,2024,HighSchool
5140696,111107,Devin Bell,Miami (OH),EDGE,3,0.8104,2691,2024,HighSchool
5148843,111105,Brock Taylor,Massachusetts,IOL,3,0.8104,2691,2024,HighSchool
5221049,111110,James Rexroat,Arkansas State,TE,3,0.8104,2691,2024,HighSchool
5139527,111103,Jaion Jackson,Central Michigan,CB,3,0.8104,2691,2024,HighSchool
5220154,111112,Braden Steely,Western Michigan,S,3,0.8104,2691,2024,HighSchool
,111113,Joshua Tavui,Hawai'i,OT,3,0.8104,2691,2024,HighSchool
5139853,111111,Sadonnie Gay,Florida International,S,3,0.8104,2691,2024,HighSchool
5193309,111106,Tyler Nystrom,Wyoming,WR,3,0.8104,2691,2024,HighSchool
,238172,James Diaz,,WR,3,0.81,2705,2024,HighSchool
,238173,Matt Long,Air Force,ATH,3,0.81,2705,2024,HighSchool
,238174,John Koett,,QB,3,0.81,2705,2024,HighSchool
,238166,Darius Doyle,,WR,3,0.81,2705,2024,HighSchool
,238175,Cole Owens,UC Davis,ATH,3,0.81,2705,2024,HighSchool
,238198,Kevin Simes,,ATH,3,0.81,2705,2024,HighSchool
,238165,Micah Balzarini,,QB,3,0.81,2705,2024,HighSchool
,238188,Brilan Reynolds,Idaho,S,3,0.81,2705,2024,HighSchool
4577482,238181,Franklin West,East Tennessee State,IOL,3,0.81,2705,2024,HighSchool
,238177,Tye Tye,,LB,3,0.81,2705,2024,HighSchool
,238178,Jordan Abarca,Wyoming,DL,3,0.81,2705,2024,HighSchool
,238179,Miguel Botello,,IOL,3,0.81,2705,2024,HighSchool
,238209,Jordan Anderson,East Tennessee State,WR,3,0.81,2705,2024,HighSchool
,238164,Reese Leonard,,WR,3,0.81,2705,2024,HighSchool
,238180,Brandon St. Aubin,,IOL,3,0.81,2705,2024,HighSchool
,238182,Larrie Noble,,ATH,3,0.81,2705,2024,HighSchool
,111120,Ty Cozad,Lindenwood,RB,3,0.81,2705,2024,HighSchool
,111118,Cameron Lewis,Stephen F. Austin,IOL,3,0.81,2705,2024,HighSchool
,111117,Brandon Ervin,,CB,3,0.81,2705,2024,HighSchool
,238197,Timarion Minor,,IOL,3,0.81,2705,2024,HighSchool
,238196,Tyree McCowen,,LB,3,0.81,2705,2024,HighSchool
,238195,Jack Nash,South Dakota State,ATH,3,0.81,2705,2024,HighSchool
,238194,Conner Walcker,Eastern Washington,ATH,3,0.81,2705,2024,HighSchool
,238192,Kayden Stuit,Eastern Washington,TE,3,0.81,2705,2024,HighSchool
,238191,Kenji Scanlan,Idaho,LB,3,0.81,2705,2024,HighSchool
,238189,Jeremiah Bernard,Cal Poly,ATH,3,0.81,2705,2024,HighSchool
,238223,Malachi Brown,Cal Poly,RB,3,0.81,2705,2024,HighSchool
,238222,Kmare Balfour,Lamar,TE,3,0.81,2705,2024,HighSchool
,238221,Isaiah Menefee,Lamar,S,3,0.81,2705,2024,HighSchool
,238220,Emmanuel Gyamfi,Middle Tennessee,DL,3,0.81,2705,2024,HighSchool
,238219,Kyle Cannon,Southeastern Louisiana,LB,3,0.81,2705,2024,HighSchool
,238218,Reef Lancaster,,IOL,3,0.81,2705,2024,HighSchool
,238217,Caden Pinnick,UC Davis,QB,3,0.81,2705,2024,HighSchool
,238215,Mikael King-Haagen,,WR,3,0.81,2705,2024,HighSchool
,238214,Sone Falealo,Idaho,OT,3,0.81,2705,2024,HighSchool
,238210,Billy Eastep,Yale,S,3,0.81,2705,2024,HighSchool
,238208,Chris Brown,,WR,3,0.81,2705,2024,HighSchool
,238207,Miles Miskel,,ATH,3,0.81,2705,2024,HighSchool
,238206,Khalil Cueva,,WR,3,0.81,2705,2024,HighSchool
,238205,Clarence Chaney,,LB,3,0.81,2705,2024,HighSchool
,238203,Edward Ma,,QB,3,0.81,2705,2024,HighSchool
,238202,Sebastian Fonua,,DL,3,0.81,2705,2024,HighSchool
,238201,Jah-Jah Abdullah,Portland State,ATH,3,0.81,2705,2024,HighSchool
,238200,Noah Tandy,,IOL,3,0.81,2705,2024,HighSchool
,238168,Paul Kuhner,Princeton,WR,3,0.81,2705,2024,HighSchool
,238169,La'akea Kalama,Weber State,WR,3,0.81,2705,2024,HighSchool
5220551,238212,Caleb Hall,Wyoming,OT,3,0.81,2705,2024,HighSchool
,238170,Sir Tyler Thomas,,LB,3,0.81,2705,2024,HighSchool
,238171,Jeffery Missouri,,ATH,3,0.81,2705,2024,HighSchool
,238167,Kado Felder,Campbell,LB,3,0.81,2705,2024,HighSchool
5220613,238176,David Perez,San José State,IOL,3,0.81,2705,2024,HighSchool
,238163,Ziyon Talia Elisara,,IOL,3,0.81,2705,2024,HighSchool
,238162,Domenic Marconato,,WR,3,0.81,2705,2024,HighSchool
,238161,Lincoln Fa'apouli Jr.,Northern Colorado,IOL,3,0.81,2705,2024,HighSchool
,238158,Kenen Elder,Portland State,WR,3,0.81,2705,2024,HighSchool
,238157,Javery Mayberry,Northern Arizona,TE,3,0.81,2705,2024,HighSchool
,238156,Casious Johnson,,RB,3,0.81,2705,2024,HighSchool
,238186,Noah McNair,Air Force,WR,3,0.81,2705,2024,HighSchool
,238187,Jabez Tuaoa,,LB,3,0.81,2705,2024,HighSchool
,238183,Brian Ray III,Army,WR,3,0.81,2705,2024,HighSchool
5224061,238193,Darrell Gipson,Idaho State,EDGE,3,0.81,2705,2024,HighSchool
5219145,238213,Jordan McCord III,Arizona,WR,3,0.81,2705,2024,HighSchool
5228151,238185,Titus Miller,Washington State,DL,3,0.81,2705,2024,HighSchool
5223942,238160,Tony Harste,Idaho,WR,3,0.81,2705,2024,HighSchool
5219055,238216,Bukari Miles Jr.,Ohio State,CB,3,0.81,2705,2024,HighSchool
5227814,238184,Maxwell Woods,South Dakota State,RB,3,0.81,2705,2024,HighSchool
5193099,111119,Tyler Brown,James Madison,S,3,0.81,2705,2024,HighSchool
5220667,238190,Gio Kafentzis,Utah State,S,3,0.81,2705,2024,HighSchool
5218746,238159,Aaron Hampton,California,ATH,3,0.81,2705,2024,HighSchool
5194660,238199,Zsacari Minnis,Western Kentucky,EDGE,3,0.81,2705,2024,HighSchool
5220533,238204,Jacob Asbeck,Navy,S,3,0.81,2705,2024,HighSchool
5220803,238211,Izeyah Wright,New Mexico State,ATH,3,0.81,2705,2024,HighSchool
5147135,111124,Tu'i Muti,Hawai'i,IOL,3,0.8096,2777,2024,HighSchool
5157849,111122,Mitch Melton,Sam Houston,LB,3,0.8096,2777,2024,HighSchool
5193326,111125,Luke Yau Gayle,Buffalo,DL,3,0.8096,2777,2024,HighSchool
5184012,111126,Jackson Bellamy,Buffalo,OT,3,0.8096,2777,2024,HighSchool
5125595,111121,Eric Nelson,Florida International,WR,3,0.8096,2777,2024,HighSchool
5174450,111123,Tate Kjar,Utah State,WR,3,0.8096,2777,2024,HighSchool
5193054,111130,Trason Hunt,Arkansas State,OT,3,0.8094,2783,2024,HighSchool
5193262,111127,Bryce Baker,Georgia Southern,ATH,3,0.8094,2783,2024,HighSchool
5193223,111131,Jackson Lowe,Middle Tennessee,S,3,0.8094,2783,2024,HighSchool
5194657,111128,Eric McClain,Ball State,CB,3,0.8094,2783,2024,HighSchool
,111129,Braydon Nelson,North Texas,IOL,3,0.8094,2783,2024,HighSchool
,111132,Jacobi Jones,Georgia State,LB,3,0.8094,2783,2024,HighSchool
5157627,111133,Martin Connington,Michigan State,K,3,0.8092,2789,2024,HighSchool
5194661,111137,Malik Moses,Bowling Green,DL,3,0.8089,2790,2024,HighSchool
5194310,111135,Myles Cook,UAB,EDGE,3,0.8089,2790,2024,HighSchool
5155724,111136,Joe Shimko,Bowling Green,EDGE,3,0.8089,2790,2024,HighSchool
5193310,111134,Giovanni Panozzo,Wyoming,OT,3,0.8089,2790,2024,HighSchool
5194806,111138,Jerome Carter III,Old Dominion,S,3,0.8083,2794,2024,HighSchool
5167938,111141,Tylan McNichols,UAB,LB,3,0.8083,2794,2024,HighSchool
5194615,111143,Brody Benke,Middle Tennessee,TE,3,0.8083,2794,2024,HighSchool
5194667,111139,Tyrell Simmons Jr.,Buffalo,WR,3,0.8083,2794,2024,HighSchool
5186445,111140,Matthias Leach,BYU,S,3,0.8083,2794,2024,HighSchool
5194316,111142,Chris Burge,UAB,DL,3,0.8083,2794,2024,HighSchool
5185701,111144,Davis Little,South Alabama,K,3,0.8075,2800,2024,HighSchool
5148824,111145,Jason Hocker,Akron,LB,3,0.807,2801,2024,HighSchool
5193274,111146,Cade Wolford,Kent State,ATH,3,0.807,2801,2024,HighSchool
5146936,111147,Ty Curran,Ball State,ATH,3,0.807,2801,2024,HighSchool
5148363,111148,Spencer Porath,Purdue,K,3,0.8067,2804,2024,HighSchool
5228783,111149,AJ Miller,Ohio,TE,3,0.8063,2805,2024,HighSchool
5155870,111151,Will Loerzel,South Alabama,TE,3,0.8063,2805,2024,HighSchool
5137682,111150,Austin Ellis,Louisiana Tech,IOL,3,0.8063,2805,2024,HighSchool
5220808,111153,Malaki Ta'ase,New Mexico State,EDGE,3,0.8056,2808,2024,HighSchool
,111152,Niko Papatsos,,ATH,3,0.8056,2808,2024,HighSchool
,111161,Alex Nash-Lally,Delaware,CB,3,0.8056,2808,2024,HighSchool
,111160,Franck Elokan,,CB,3,0.8056,2808,2024,HighSchool
5193356,111162,Joshua Schuetzmann,Old Dominion,OT,3,0.8056,2808,2024,HighSchool
,111163,Andrew Richard,Louisiana Tech,IOL,3,0.8056,2808,2024,HighSchool
,111164,Tuli Tagovailoa-Amosa,San José State,ATH,3,0.8056,2808,2024,HighSchool
5194640,111159,Jalen Alexander,Ball State,RB,3,0.8056,2808,2024,HighSchool
5196964,111154,Hutch Swilley,Louisiana,RB,3,0.8056,2808,2024,HighSchool
5179394,111157,DJ Morton,Ohio,S,3,0.8056,2808,2024,HighSchool
5138705,111158,Jaden Rowe,UL Monroe,IOL,3,0.8056,2808,2024,HighSchool
5193330,111155,Brandon Crutchfield,Old Dominion,WR,3,0.8056,2808,2024,HighSchool
5175693,111156,Lorenzo McFadden-Pressley,Old Dominion,DL,3,0.8056,2808,2024,HighSchool
5144023,111166,Jackson Voth,Kansas State,WR,3,0.805,2821,2024,HighSchool
5148939,111165,Graham Eben,Iowa,S,3,0.805,2821,2024,HighSchool
5196844,111167,Jabari McAlmont,Rice,IOL,3,0.805,2821,2024,HighSchool
5192405,111168,Caden Chittenden,UNLV,K,3,0.8044,2824,2024,HighSchool
5193059,111169,Jeremiah Watkins,Buffalo,WR,3,0.8044,2825,2024,HighSchool
5193282,111170,JP Pickles,UTEP,QB,3,0.8044,2825,2024,HighSchool
5222780,111171,Brady Wolf,Ball State,EDGE,3,0.8037,2827,2024,HighSchool
,111172,Brody Laga,BYU,K,3,0.8037,2827,2024,HighSchool
5193328,111178,Brian Senter,Troy,IOL,3,0.8033,2829,2024,HighSchool
5194799,111179,Ashton Wright,Louisiana,DL,3,0.8033,2829,2024,HighSchool
5194804,111173,Steven Blanco,Louisiana,RB,3,0.8033,2829,2024,HighSchool
5193352,111177,Carmelo Mays,Georgia Southern,WR,3,0.8033,2829,2024,HighSchool
5194797,111180,Conor McPherson,Louisiana,LB,3,0.8033,2829,2024,HighSchool
5194693,111176,Brock Arndt,Ohio,EDGE,3,0.8033,2829,2024,HighSchool
5194328,111181,AJ Watkins,Jacksonville State,ATH,3,0.8033,2829,2024,HighSchool
5194630,111175,Kam Herring,UTEP,CB,3,0.8033,2829,2024,HighSchool
5194308,111174,Kyle Koch,North Texas,WR,3,0.8033,2829,2024,HighSchool
5156433,111182,Connor Hawkins,Baylor,K,3,0.8031,2838,2024,HighSchool
,111183,Anthony Carter,,CB,3,0.803,2839,2024,HighSchool
5193664,111184,Sa'Kylee Woodard,New Mexico,IOL,3,0.8022,2840,2024,HighSchool
5193340,111187,Kingtriton Samuela,Georgia Southern,IOL,3,0.8022,2840,2024,HighSchool
5169537,111185,Ryan Gaea,San Diego State,EDGE,3,0.8022,2840,2024,HighSchool
5193264,111186,Kameron Anthony,Ball State,TE,3,0.8022,2840,2024,HighSchool
5219942,111189,KJ McRae,Northern Illinois,ATH,3,0.8022,2840,2024,HighSchool
5194695,111188,Luke Marble,Northern Illinois,QB,3,0.8022,2840,2024,HighSchool
5194655,111190,Micah Lillard,Ball State,S,3,0.8006,2846,2024,HighSchool
,111191,Anthony Walker,James Madison,LB,3,0.8006,2846,2024,HighSchool
,111192,Alex Harris,Bowling Green,IOL,3,0.8006,2846,2024,HighSchool
5194699,111193,Dev'ion Reynolds,Northern Illinois,CB,3,0.8006,2846,2024,HighSchool
5225901,238263,Jaden Green,Lehigh,ATH,3,0.8,2850,2024,HighSchool
560240,238316,Messiah Johnson,Idaho State,IOL,3,0.8,2850,2024,HighSchool
5225840,238241,Luke Baker,Sacramento State,QB,3,0.8,2850,2024,HighSchool
5218717,238270,Isaiah Inge,Tennessee,DL,3,0.8,2850,2024,HighSchool
5228009,238305,Will Steil,North Dakota State,S,3,0.8,2850,2024,HighSchool
5224518,238261,Braden Smith,Tarleton State,IOL,3,0.8,2850,2024,HighSchool
5218712,238297,Jackson Mathews,Tennessee,CB,3,0.8,2850,2024,HighSchool
5227302,238224,Jack Stevens,Wagner,QB,3,0.8,2850,2024,HighSchool
5183245,238324,Trei Kibbles,Rice,RB,3,0.8,2850,2024,HighSchool
5225550,238236,Jaylen Dawson,Fordham,LB,3,0.8,2850,2024,HighSchool
5225213,238320,Malae Fonoti,Montana,RB,3,0.8,2850,2024,HighSchool
5219015,238314,Jonny Sorensen,Bowling Green,QB,3,0.8,2850,2024,HighSchool
5223950,238269,Rocco Koch,Idaho,ATH,3,0.8,2850,2024,HighSchool
5224389,238249,Jayden Robertson,Southern Utah,CB,3,0.8,2850,2024,HighSchool
5223166,238322,Caile Hogan,UTSA,P,3,0.8,2850,2024,HighSchool
5219111,238226,Timmy Mitchell,Boise State,CB,3,0.8,2850,2024,HighSchool
5221126,238312,Stone Chaney,Michigan State,EDGE,3,0.8,2850,2024,HighSchool
5219901,238325,Cullen Witt,Rice,IOL,3,0.8,2850,2024,HighSchool
,238273,Lekih Freeman,,S,3,0.8,2850,2024,HighSchool
5218930,238279,Ethan Aghakhan,Iowa,DL,3,0.8,2850,2024,HighSchool
5220411,238259,Parker Threatt,San Diego State,ATH,3,0.8,2850,2024,HighSchool
,238328,Kimo Lopati,Utah State,OT,3,0.8,2850,2024,HighSchool
,238327,Messiah Fields,,IOL,3,0.8,2850,2024,HighSchool
,238326,Logan Gross,Northern Illinois,IOL,3,0.8,2850,2024,HighSchool
,238323,Jameer Muhammad,Lamar,RB,3,0.8,2850,2024,HighSchool
,238321,Joël van Gelder,Lafayette,TE,3,0.8,2850,2024,HighSchool
,238319,Tyler Soles,,QB,3,0.8,2850,2024,HighSchool
,238318,Owen Tomich,,WR,3,0.8,2850,2024,HighSchool
,238317,Quan Rhodes-McKee,Duquesne,LB,3,0.8,2850,2024,HighSchool
,238315,Laejohn Johnson,,CB,3,0.8,2850,2024,HighSchool
,238313,Dillon Rickenbacker,Yale,S,3,0.8,2850,2024,HighSchool
,238311,Julian Johnson,,WR,3,0.8,2850,2024,HighSchool
,238310,Demetri Curiel,,RB,3,0.8,2850,2024,HighSchool
,238309,Carmel Crunk,,LB,3,0.8,2850,2024,HighSchool
,238308,Sawyer Barrington,,TE,3,0.8,2850,2024,HighSchool
,238307,DaOne Owens,,QB,3,0.8,2850,2024,HighSchool
,238306,Cobie Johnson,,IOL,3,0.8,2850,2024,HighSchool
,238304,Dreshaun Binion,,ATH,3,0.8,2850,2024,HighSchool
,238303,Grady Walker,Montana,WR,3,0.8,2850,2024,HighSchool
,238302,Rocky Lencioni,Montana State,ATH,3,0.8,2850,2024,HighSchool
,238301,Kash Goicoechea,Montana,ATH,3,0.8,2850,2024,HighSchool
,238300,Tanner Stokes,Air Force,IOL,3,0.8,2850,2024,HighSchool
,238299,Freddie Budwine,,WR,3,0.8,2850,2024,HighSchool
,238298,Tyson Line,Southern Utah,QB,3,0.8,2850,2024,HighSchool
,238296,Kaleb McCutcheon,,LB,3,0.8,2850,2024,HighSchool
,238295,Drew Minich,,S,3,0.8,2850,2024,HighSchool
,238294,Jason Fowler,,EDGE,3,0.8,2850,2024,HighSchool
,238293,Ray Smith,,LB,3,0.8,2850,2024,HighSchool
,238292,Markhi Mckinnon,Idaho,RB,3,0.8,2850,2024,HighSchool
,238291,Daven Amos,,WR,3,0.8,2850,2024,HighSchool
,238290,Sammy Dresie,South Dakota State,WR,3,0.8,2850,2024,HighSchool
,238289,Kash Mallory,,LB,3,0.8,2850,2024,HighSchool
,238288,Astin Hange,Air Force,WR,3,0.8,2850,2024,HighSchool
,238287,Jack Burke,,WR,3,0.8,2850,2024,HighSchool
,238286,Ben Acker-Oatis,Utah Tech,IOL,3,0.8,2850,2024,HighSchool
,238285,Semisi Kinikini,Weber State,RB,3,0.8,2850,2024,HighSchool
,238284,Lance Reynolds,BYU,QB,3,0.8,2850,2024,HighSchool
,238283,Brady Shaffer,,QB,3,0.8,2850,2024,HighSchool
,238282,Jordan Jones,,S,3,0.8,2850,2024,HighSchool
,238281,Seth Brock,Montana State,EDGE,3,0.8,2850,2024,HighSchool
,238280,Ben Cooper,Illinois State,LB,3,0.8,2850,2024,HighSchool
,238278,Keenan Carter,,DL,3,0.8,2850,2024,HighSchool
,238277,Isiah Bivins,Idaho,CB,3,0.8,2850,2024,HighSchool
,238276,Dawson Johnson,,S,3,0.8,2850,2024,HighSchool
,238275,Jamal Jefferson,,ATH,3,0.8,2850,2024,HighSchool
,238274,Tyler Wentworth,,QB,3,0.8,2850,2024,HighSchool
,238272,Kenyar Hurt,,S,3,0.8,2850,2024,HighSchool
,238271,DaShaun Caffee,,CB,3,0.8,2850,2024,HighSchool
,238268,Daveon Superales,Montana State,QB,3,0.8,2850,2024,HighSchool
,238267,Beau Phillips,,ATH,3,0.8,2850,2024,HighSchool
,238266,Diezel Wilkinson,Idaho,S,3,0.8,2850,2024,HighSchool
,238265,Danny Sirmon,Montana,TE,3,0.8,2850,2024,HighSchool
,238264,Diontaye Moorman,Portland State,S,3,0.8,2850,2024,HighSchool
,238262,Jayden Chanel,,WR,3,0.8,2850,2024,HighSchool
,238260,Jack Stupin,,QB,3,0.8,2850,2024,HighSchool
,238258,Kyon Loud,Montana,ATH,3,0.8,2850,2024,HighSchool
,238257,Dominic Ingrassia,,QB,3,0.8,2850,2024,HighSchool
,238256,Jamison Klein,Air Force,DL,3,0.8,2850,2024,HighSchool
,238255,Ashton Jones,Southeast Missouri State,DL,3,0.8,2850,2024,HighSchool
,238254,Max Ruff,,QB,3,0.8,2850,2024,HighSchool
,238253,Sam Talaga,Harvard,LB,3,0.8,2850,2024,HighSchool
,238252,Mylan Sockwell,Portland State,IOL,3,0.8,2850,2024,HighSchool
,238251,Kenneth Latu,,CB,3,0.8,2850,2024,HighSchool
,238250,Trent Call,,ATH,3,0.8,2850,2024,HighSchool
,238248,Noah Trigueros,Dartmouth,QB,3,0.8,2850,2024,HighSchool
,238247,Brandon Nazworth,Air Force,DL,3,0.8,2850,2024,HighSchool
,238246,Aiden Nicholson,Eastern Washington,ATH,3,0.8,2850,2024,HighSchool
,238245,Christopher Cooper,,QB,3,0.8,2850,2024,HighSchool
,238244,Danyel Khan,,WR,3,0.8,2850,2024,HighSchool
,238243,Ben Camara,,OT,3,0.8,2850,2024,HighSchool
,238242,Jack Johnson,Georgetown,QB,3,0.8,2850,2024,HighSchool
,238240,Tome Veukiso,San José State,IOL,3,0.8,2850,2024,HighSchool
,238239,HJ Grigsby,The Citadel,RB,3,0.8,2850,2024,HighSchool
,238238,Quezon Villa,,ATH,3,0.8,2850,2024,HighSchool
,238237,Marquis Monroe,,ATH,3,0.8,2850,2024,HighSchool
,238235,Davis Harsin,Idaho State,QB,3,0.8,2850,2024,HighSchool
,238234,D.J. Horton,,ATH,3,0.8,2850,2024,HighSchool
,238233,Khalil Warren,,RB,3,0.8,2850,2024,HighSchool
,238232,Ruben Gamboa,,S,3,0.8,2850,2024,HighSchool
,238231,Kael Weatherby,,IOL,3,0.8,2850,2024,HighSchool
,238230,Wyatt Sprague,,ATH,3,0.8,2850,2024,HighSchool
,238229,Mason Cowgill,South Dakota,TE,3,0.8,2850,2024,HighSchool
,238228,Pule Leatigaga,Portland State,IOL,3,0.8,2850,2024,HighSchool
,238227,Liam Cassidy,,DL,3,0.8,2850,2024,HighSchool
,238225,Riley Tuggle,,LB,3,0.8,2850,2024,HighSchool
5222391,111194,Jaxon Dunn,Kent State,IOL,3,0.7996,2955,2024,HighSchool
,111195,Kai Hamilton,Sacramento State,WR,3,0.7994,2956,2024,HighSchool
5194623,111196,Caleb Reid,Middle Tennessee,EDGE,3,0.7994,2956,2024,HighSchool
5219941,111198,Aiden Olson,Northern Illinois,IOL,3,0.7989,2958,2024,HighSchool
,111197,Maddox Gonzalez,Eastern Michigan,OT,3,0.7989,2958,2024,HighSchool
5220541,111205,Tyrese Boss,Wyoming,CB,3,0.7983,2960,2024,HighSchool
5194813,111204,Ethan Veal,Louisiana,LB,3,0.7983,2960,2024,HighSchool
5194802,111208,Chad Barham,Troy,TE,3,0.7983,2960,2024,HighSchool
5193336,111202,Will Mitchell,Texas State,S,3,0.7983,2960,2024,HighSchool
,111200,Keiondre Lewis,North Texas,LB,3,0.7983,2960,2024,HighSchool
5194671,111206,Xavier White,Central Michigan,LB,3,0.7983,2960,2024,HighSchool
5194811,111199,Ky McNulty,Troy,WR,3,0.7983,2960,2024,HighSchool
5194651,111201,Isaac Hill,Bowling Green,ATH,3,0.7983,2960,2024,HighSchool
5194812,111203,Jed Olotu-Judah,Old Dominion,S,3,0.7983,2960,2024,HighSchool
5226565,111207,Alex Moore,Jacksonville State,TE,3,0.7983,2960,2024,HighSchool
5192947,111209,Hudson Emeterio,North Texas,LB,3,0.7978,2970,2024,HighSchool
5147681,111210,Gabe Funk,App State,OT,2,0.7967,2971,2024,HighSchool
5175097,111213,Jalen Whittaker,Western Michigan,ATH,2,0.7956,2972,2024,HighSchool
5194691,111214,Tommy Newcomb,Kent State,K,2,0.7956,2972,2024,HighSchool
,111211,CJ Zeltwanger,Ball State,IOL,2,0.7956,2972,2024,HighSchool
5148301,111212,Derek Pennington,Western Michigan,ATH,2,0.7956,2972,2024,HighSchool
,111215,Dajoure Hollingsworth,,RB,2,0.7944,2976,2024,HighSchool
5171364,111216,Kamani Jackson,Washington State,CB,2,0.7937,2977,2024,HighSchool
5220554,111220,Nathan Murphy,Wyoming,DL,2,0.7933,2978,2024,HighSchool
,111219,Jules Ney,Georgia State,IOL,2,0.7933,2978,2024,HighSchool
,111221,Nick Igbeare,Jacksonville State,DL,2,0.7933,2978,2024,HighSchool
5194664,111217,Jake Riggs,UTEP,IOL,2,0.7933,2978,2024,HighSchool
5194327,111218,Wyatt Sonderman,Jacksonville State,WR,2,0.7933,2978,2024,HighSchool
5225675,238357,Mason Burke,Lindenwood,DL,2,0.79,2983,2024,HighSchool
5220531,238386,Dom Purcell,Navy,ATH,2,0.79,2983,2024,HighSchool
5221128,238396,Jaxon McCaig,Michigan State,RB,2,0.79,2983,2024,HighSchool
5224432,238404,Haden Klees,Samford,QB,2,0.79,2983,2024,HighSchool
5218931,238348,DJ Vonnahme,Iowa,ATH,2,0.79,2983,2024,HighSchool
5219450,238364,Josh Manecke,Army,OT,2,0.79,2983,2024,HighSchool
5227965,238394,Evan Adams,South Dakota,DL,2,0.79,2983,2024,HighSchool
,238395,Jaxon Cherry,,ATH,2,0.79,2983,2024,HighSchool
,238397,Shawn Irwin,,WR,2,0.79,2983,2024,HighSchool
,238398,Joey DeBrincat,,EDGE,2,0.79,2983,2024,HighSchool
,238402,CJ Ceron,,QB,2,0.79,2983,2024,HighSchool
,238401,TJ Caldwell,Valparaiso,WR,2,0.79,2983,2024,HighSchool
,238400,Andrew Wiggins,Army,S,2,0.79,2983,2024,HighSchool
5221276,238379,Drew Braam,Wisconsin,LB,2,0.79,2983,2024,HighSchool
5196487,238408,Davray Venu,Temple,IOL,2,0.79,2983,2024,HighSchool
5220545,238411,Trey Olsen,Wyoming,WR,2,0.79,2983,2024,HighSchool
5218810,238383,Adam Molitor,Missouri,TE,2,0.79,2983,2024,HighSchool
5218805,238375,Grayson Cutchlow,Missouri,LB,2,0.79,2983,2024,HighSchool
,238399,Kandakai Sherman,Cornell,S,2,0.79,2983,2024,HighSchool
,238412,Kaleb Tulloss,,DL,2,0.79,2983,2024,HighSchool
,238371,Ian Mariner,,DL,2,0.79,2983,2024,HighSchool
,238373,Dalton Noble,Montana State,OT,2,0.79,2983,2024,HighSchool
,238374,Caden Cetak,North Dakota,EDGE,2,0.79,2983,2024,HighSchool
,238376,Elijah Leonard,Missouri State,QB,2,0.79,2983,2024,HighSchool
,238377,Joseph Harris,,WR,2,0.79,2983,2024,HighSchool
,238378,Jackson Sommerville,,ATH,2,0.79,2983,2024,HighSchool
,238381,Hayden Venenga,South Dakota State,OT,2,0.79,2983,2024,HighSchool
,238382,Dane Borene,Princeton,DL,2,0.79,2983,2024,HighSchool
,238384,Derald Mitchell,,S,2,0.79,2983,2024,HighSchool
,238385,Dylan Armentrout,Army,RB,2,0.79,2983,2024,HighSchool
,238387,Kaleb Parrish,,EDGE,2,0.79,2983,2024,HighSchool
,238388,Josh Williams,Grand Valley State,DL,2,0.79,2983,2024,HighSchool
,238389,Ty Robertson,,ATH,2,0.79,2983,2024,HighSchool
,238390,Elijah Easley,Army,ATH,2,0.79,2983,2024,HighSchool
,238391,Trey Thomas,Harvard,CB,2,0.79,2983,2024,HighSchool
,238392,Landon Dolhancyk,Navy,WR,2,0.79,2983,2024,HighSchool
,238367,Jordan Anderson,,ATH,2,0.79,2983,2024,HighSchool
,238368,Aaron Ball,,RB,2,0.79,2983,2024,HighSchool
,238369,Omari Bursey,,LB,2,0.79,2983,2024,HighSchool
,238370,Jackson Miller-Carpenter,,TE,2,0.79,2983,2024,HighSchool
,238372,Mason Dethman,Montana State,QB,2,0.79,2983,2024,HighSchool
,238410,Ty Bowers,,CB,2,0.79,2983,2024,HighSchool
5219075,238380,Thomas D'Onofrio,Nebraska,S,2,0.79,2983,2024,HighSchool
,238409,David Osagiede,Grand Valley State,EDGE,2,0.79,2983,2024,HighSchool
,238407,Nicholas Mayfield,South Dakota,QB,2,0.79,2983,2024,HighSchool
,238406,Carson Jacoby,,TE,2,0.79,2983,2024,HighSchool
,238405,Keelan Anderson,Wyoming,K,2,0.79,2983,2024,HighSchool
5219460,238393,Liam McKenna,Army,DL,2,0.79,2983,2024,HighSchool
5220099,238403,Danny Zarco,Miami (OH),IOL,2,0.79,2983,2024,HighSchool
,238329,Carson Caplan,,IOL,2,0.79,2983,2024,HighSchool
,238330,Siona Vailahi,,ATH,2,0.79,2983,2024,HighSchool
,238331,Ryan Parker,Harvard,WR,2,0.79,2983,2024,HighSchool
,238332,Jack Anderson,,IOL,2,0.79,2983,2024,HighSchool
,238333,Artemas Bryant,Army,EDGE,2,0.79,2983,2024,HighSchool
,238334,Isaiah Haithcock,Wofford,TE,2,0.79,2983,2024,HighSchool
,238335,Ryan Ross,,IOL,2,0.79,2983,2024,HighSchool
,238336,Willie Powell,Air Force,LB,2,0.79,2983,2024,HighSchool
,238337,Trent Page,Yale,EDGE,2,0.79,2983,2024,HighSchool
,238338,Jaylen Eberhardt,Eastern Kentucky,IOL,2,0.79,2983,2024,HighSchool
,238339,Bradyn Fleharty,Yale,QB,2,0.79,2983,2024,HighSchool
,238340,DJ Gordon,Harvard,QB,2,0.79,2983,2024,HighSchool
,238341,Myles Carson,,WR,2,0.79,2983,2024,HighSchool
,238342,Mikhail Seiken,Air Force,ATH,2,0.79,2983,2024,HighSchool
,238343,Matthias Lighten,Army,ATH,2,0.79,2983,2024,HighSchool
,238344,Mikal Davis,Army,QB,2,0.79,2983,2024,HighSchool
,238345,Ethan Sims,St. Thomas,IOL,2,0.79,2983,2024,HighSchool
,238346,Isiah St. Romain,North Dakota State,WR,2,0.79,2983,2024,HighSchool
,238347,DaMari Washington,Portland State,CB,2,0.79,2983,2024,HighSchool
,238349,Oscar Trevino,,EDGE,2,0.79,2983,2024,HighSchool
,238350,Jack Lesher,,LB,2,0.79,2983,2024,HighSchool
,238351,Marcus White,,S,2,0.79,2983,2024,HighSchool
,238352,Parker Thomas,,IOL,2,0.79,2983,2024,HighSchool
,238353,Quentin Boeke,Southern Illinois,IOL,2,0.79,2983,2024,HighSchool
,238354,Bryce Jaworski,Army,TE,2,0.79,2983,2024,HighSchool
,238355,Jace Miller,,DL,2,0.79,2983,2024,HighSchool
,238356,Joshua Janda,Air Force,DL,2,0.79,2983,2024,HighSchool
,238358,Carson Rauner,Holy Cross,ATH,2,0.79,2983,2024,HighSchool
,238359,Travis Wood,Air Force,RB,2,0.79,2983,2024,HighSchool
,238360,Jackson Altwies,Air Force,DL,2,0.79,2983,2024,HighSchool
,238361,Jeron Askren,Missouri State,ATH,2,0.79,2983,2024,HighSchool
,238362,Jackson King,,QB,2,0.79,2983,2024,HighSchool
,238363,Marc Coy,,RB,2,0.79,2983,2024,HighSchool
,238365,Steven Brannon,,DL,2,0.79,2983,2024,HighSchool
,238366,Thomas Telesco,,S,2,0.79,2983,2024,HighSchool
,111222,Augustine Sleh,,LB,2,0.7894,3067,2024,HighSchool
5170142,111223,Quavion Bird,Central Michigan,DL,2,0.7894,3067,2024,HighSchool
5189754,111224,Brodyn Bishop,Kent State,S,2,0.7894,3067,2024,HighSchool
5219564,111225,Ethan Craw,TCU,P,2,0.7889,3070,2024,HighSchool
5193047,111226,Chris Boykins,Old Dominion,S,2,0.7883,3071,2024,HighSchool
5193299,111229,Jarvis Heimuli,Hawai'i,WR,2,0.7883,3071,2024,HighSchool
5194666,111231,Josh Schuchts,UTEP,TE,2,0.7883,3071,2024,HighSchool
5193484,111230,Armando Lewis Jr.,Hawai'i,WR,2,0.7883,3071,2024,HighSchool
5193345,111228,Colin Alexander,Georgia Southern,OT,2,0.7883,3071,2024,HighSchool
5083535,111227,Chase Jackson,Sacramento State,LB,2,0.7883,3071,2024,HighSchool
5194675,111233,Preston Hopperton,Kent State,WR,2,0.7844,3077,2024,HighSchool
5194672,111232,Willizhuan Yates,Ball State,CB,2,0.7844,3077,2024,HighSchool
5194616,111238,Grant Chadwick,Middle Tennessee,P,2,0.7833,3079,2024,HighSchool
5220647,111237,Khai Isaac,Georgia Southern,TE,2,0.7833,3079,2024,HighSchool
5192832,111235,Mateo Rodriguez,New Mexico State,OT,2,0.7833,3079,2024,HighSchool
5220604,111236,Jaylen Thomas,San José State,ATH,2,0.7833,3079,2024,HighSchool
,111234,Mason Riggins,Ball State,TE,2,0.7833,3079,2024,HighSchool
,238428,Chase Spellman,,QB,2,0.78,3084,2024,HighSchool
,238427,Kolson Clemons,,OT,2,0.78,3084,2024,HighSchool
,238426,Destin Piggee,,ATH,2,0.78,3084,2024,HighSchool
,238425,Lucas Caron,,DL,2,0.78,3084,2024,HighSchool
,238424,Quinn Boyd,,QB,2,0.78,3084,2024,HighSchool
,238423,Marcus Angiuli,Portland State,WR,2,0.78,3084,2024,HighSchool
,238422,Thyrou Umi-Tuato'o,Portland State,ATH,2,0.78,3084,2024,HighSchool
,238421,Kasen Covert,Northern Colorado,QB,2,0.78,3084,2024,HighSchool
,238420,Elijah Vasquez,,WR,2,0.78,3084,2024,HighSchool
,238419,Eli Johnson,,ATH,2,0.78,3084,2024,HighSchool
,238418,Mario Rivas,,EDGE,2,0.78,3084,2024,HighSchool
,238417,Tyson Brown,,ATH,2,0.78,3084,2024,HighSchool
,238416,Blake Springer,,QB,2,0.78,3084,2024,HighSchool
,238415,David Lene,,LB,2,0.78,3084,2024,HighSchool
,238414,Jace Burton,,CB,2,0.78,3084,2024,HighSchool
,238413,Jaylan Moore,,CB,2,0.78,3084,2024,HighSchool
5218933,238556,Tripp Woody,Iowa,K,2,0.78,3084,2024,HighSchool
5219097,238569,Anthony Boswell,Purdue,IOL,2,0.78,3084,2024,HighSchool
5219280,238548,Markus Hoffmann,Fresno State,DL,2,0.78,3084,2024,HighSchool
5219427,238564,Randall Nauden,Army,RB,2,0.78,3084,2024,HighSchool
5219432,238503,Ryan Dunfee,Army,TE,2,0.78,3084,2024,HighSchool
5219397,238442,Truman Griffith,Kansas State,DL,2,0.78,3084,2024,HighSchool
,238572,Marcus Lloyd,Eastern Washington,ATH,2,0.78,3084,2024,HighSchool
,238571,Spencer Patton,Sacramento State,DL,2,0.78,3084,2024,HighSchool
,238570,Jayden Antonelli,Army,EDGE,2,0.78,3084,2024,HighSchool
,238568,JT Poynton,Army,S,2,0.78,3084,2024,HighSchool
,238567,Russell Peterson,Army,S,2,0.78,3084,2024,HighSchool
,238566,Eli Limouris,,S,2,0.78,3084,2024,HighSchool
,238565,Blayne Sisson,,ATH,2,0.78,3084,2024,HighSchool
,238563,Trey Nastazio,,ATH,2,0.78,3084,2024,HighSchool
,238562,Tristan Fui,Cal Poly,IOL,2,0.78,3084,2024,HighSchool
,238561,Dylan Dunn,BYU,QB,2,0.78,3084,2024,HighSchool
,238560,Zach McClain,,EDGE,2,0.78,3084,2024,HighSchool
,238559,Solomon Martin,,WR,2,0.78,3084,2024,HighSchool
,238558,Jack Hardt,,IOL,2,0.78,3084,2024,HighSchool
,238554,Diezel Kamoku,,WR,2,0.78,3084,2024,HighSchool
,238553,Jarell Marshall,,ATH,2,0.78,3084,2024,HighSchool
,238552,Tyce Donovan,,ATH,2,0.78,3084,2024,HighSchool
,238551,Dante Varrasso,Dayton,ATH,2,0.78,3084,2024,HighSchool
,238550,Collin Tahitua,,EDGE,2,0.78,3084,2024,HighSchool
,238549,Sully Bailey,,QB,2,0.78,3084,2024,HighSchool
,238547,Justin Frost,Idaho State,OT,2,0.78,3084,2024,HighSchool
,238546,Gavin Allen,Eastern Washington,TE,2,0.78,3084,2024,HighSchool
,238545,Benjamin Stevens,Portland State,WR,2,0.78,3084,2024,HighSchool
,238544,Bennett Williams,Air Force,IOL,2,0.78,3084,2024,HighSchool
,238543,Jackson Weingart,Army,LB,2,0.78,3084,2024,HighSchool
,238542,Jacob Hinton,Army,LB,2,0.78,3084,2024,HighSchool
,238541,Ray James,North Dakota State,LB,2,0.78,3084,2024,HighSchool
,238540,Leon Evans,Idaho,OT,2,0.78,3084,2024,HighSchool
,238539,Bowen Stovall,,IOL,2,0.78,3084,2024,HighSchool
,238538,Jeramiah Lewis,,LB,2,0.78,3084,2024,HighSchool
,238537,Asher Bowie,Eastern Washington,TE,2,0.78,3084,2024,HighSchool
,238536,Luke Faccone,Air Force,P,2,0.78,3084,2024,HighSchool
,238535,Frank Kissick,Idaho State,EDGE,2,0.78,3084,2024,HighSchool
,238534,Carson Sudbury,,RB,2,0.78,3084,2024,HighSchool
,238533,Marcelle Pleasant,,LB,2,0.78,3084,2024,HighSchool
,238532,Anthony Palano,South Dakota State,LB,2,0.78,3084,2024,HighSchool
,238531,Isaiah Miller,,WR,2,0.78,3084,2024,HighSchool
,238529,Elijah Porter,,RB,2,0.78,3084,2024,HighSchool
,238528,Ben Kampman,,EDGE,2,0.78,3084,2024,HighSchool
,238527,Kamani Fifita,Cal Poly,IOL,2,0.78,3084,2024,HighSchool
,238526,Kennarius Chandler,,LB,2,0.78,3084,2024,HighSchool
,238525,Nate Severs,,RB,2,0.78,3084,2024,HighSchool
,238524,Dillon Conway,,CB,2,0.78,3084,2024,HighSchool
,238522,Grey Hostetler,,DL,2,0.78,3084,2024,HighSchool
,238521,Elijah Parker,,S,2,0.78,3084,2024,HighSchool
,238519,Brody Smith,Air Force,IOL,2,0.78,3084,2024,HighSchool
,238518,Briggs Hughston,,TE,2,0.78,3084,2024,HighSchool
,238517,Quinn Brown,,IOL,2,0.78,3084,2024,HighSchool
,238516,Andrew Flaherty,Dayton,OT,2,0.78,3084,2024,HighSchool
,238515,Jordan Snowden,,EDGE,2,0.78,3084,2024,HighSchool
,238514,Vincent Cordoba,Lehigh,ATH,2,0.78,3084,2024,HighSchool
,238513,Tommy Poe,Sacramento State,WR,2,0.78,3084,2024,HighSchool
,238512,Misa Paiau,,RB,2,0.78,3084,2024,HighSchool
,238511,Brody Fortunati,Air Force,QB,2,0.78,3084,2024,HighSchool
,238510,Devin Rodriguez,Idaho State,LB,2,0.78,3084,2024,HighSchool
,238509,Jackson Riddle,Idaho State,ATH,2,0.78,3084,2024,HighSchool
,238508,Noah West-Baranco,,ATH,2,0.78,3084,2024,HighSchool
,238507,Ryan Kawalek,Idaho,IOL,2,0.78,3084,2024,HighSchool
,238506,Shane Skidmore,,TE,2,0.78,3084,2024,HighSchool
,238505,Sam Keen,,IOL,2,0.78,3084,2024,HighSchool
,238504,Hatimu Letisi,,EDGE,2,0.78,3084,2024,HighSchool
,238502,Camden Smith,Utah Tech,IOL,2,0.78,3084,2024,HighSchool
,238501,Cordell Killingsworth,,CB,2,0.78,3084,2024,HighSchool
,238499,Zayne McCulley,,S,2,0.78,3084,2024,HighSchool
,238498,Donovan Anderson,,WR,2,0.78,3084,2024,HighSchool
,238496,Filip Rolek,Dayton,DL,2,0.78,3084,2024,HighSchool
,238495,Miles Cremascoli,,TE,2,0.78,3084,2024,HighSchool
,238494,Tre Birch,,DL,2,0.78,3084,2024,HighSchool
,238493,Dominic Werner,Colgate,OT,2,0.78,3084,2024,HighSchool
,238492,Blake Palladino,,ATH,2,0.78,3084,2024,HighSchool
,238491,Doreon Dubose,,ATH,2,0.78,3084,2024,HighSchool
,238490,Samuelu Tofaeono,,DL,2,0.78,3084,2024,HighSchool
,238489,Parker Getter,Southern Illinois,OT,2,0.78,3084,2024,HighSchool
,238488,Jayden Hazelwood,,IOL,2,0.78,3084,2024,HighSchool
,238487,Josh Andrus,,ATH,2,0.78,3084,2024,HighSchool
,238486,Cooper Swasey,,WR,2,0.78,3084,2024,HighSchool
,238485,Kolose Latu,,RB,2,0.78,3084,2024,HighSchool
,238484,Nick Cairo,,IOL,2,0.78,3084,2024,HighSchool
,238483,Kyle Baltazar,Army,IOL,2,0.78,3084,2024,HighSchool
,238482,Greg Meidl,Army,IOL,2,0.78,3084,2024,HighSchool
,238481,Jahjah Napihaa,,DL,2,0.78,3084,2024,HighSchool
,238480,Cencere Thompson,,RB,2,0.78,3084,2024,HighSchool
,238479,Omari Elias,Air Force,ATH,2,0.78,3084,2024,HighSchool
,238478,Jalen Johnson,,ATH,2,0.78,3084,2024,HighSchool
,238477,Quinten Johnson,Illinois State,WR,2,0.78,3084,2024,HighSchool
,238476,Abram Edwards,Army,TE,2,0.78,3084,2024,HighSchool
,238475,Thomas Donofrio,Nebraska,S,2,0.78,3084,2024,HighSchool
,238473,Marrio Williams Jr.,,EDGE,2,0.78,3084,2024,HighSchool
,238472,Jayden Wells,Southern Utah,DL,2,0.78,3084,2024,HighSchool
,238471,Jaxon Peterson,Idaho,OT,2,0.78,3084,2024,HighSchool
,238470,Anthony Shields,,EDGE,2,0.78,3084,2024,HighSchool
,238469,Xavier Williams,,ATH,2,0.78,3084,2024,HighSchool
,238468,Andrew Bruce,Pennsylvania,ATH,2,0.78,3084,2024,HighSchool
,238467,Langden College,North Dakota,EDGE,2,0.78,3084,2024,HighSchool
,238466,Daniel Simon,Lindenwood,EDGE,2,0.78,3084,2024,HighSchool
,238465,Sam McGivern,Yale,EDGE,2,0.78,3084,2024,HighSchool
,238464,Garrett Jackson,,OT,2,0.78,3084,2024,HighSchool
,238463,John Stone,,OT,2,0.78,3084,2024,HighSchool
,238461,Guardian Harper,,ATH,2,0.78,3084,2024,HighSchool
,238460,Sonny Aina,Portland State,DL,2,0.78,3084,2024,HighSchool
,238459,Timo Poloka,,DL,2,0.78,3084,2024,HighSchool
,238458,Jacob Pruitt,,ATH,2,0.78,3084,2024,HighSchool
,238457,Christian Harris,,CB,2,0.78,3084,2024,HighSchool
,238456,Ahmad Robinson,Eastern Washington,OT,2,0.78,3084,2024,HighSchool
,238455,Bode Gardner,,WR,2,0.78,3084,2024,HighSchool
,238454,Tyler Blevins,Pennsylvania,OT,2,0.78,3084,2024,HighSchool
,238452,EJ Vailolo,,DL,2,0.78,3084,2024,HighSchool
,238451,Casey Carlesimo,,WR,2,0.78,3084,2024,HighSchool
,238449,Josiah Goode,Eastern Washington,ATH,2,0.78,3084,2024,HighSchool
,238448,Pierce Walker,Portland State,WR,2,0.78,3084,2024,HighSchool
,238447,Gabe Staszak,Idaho,IOL,2,0.78,3084,2024,HighSchool
,238446,William Stobbe,North Dakota,IOL,2,0.78,3084,2024,HighSchool
,238445,Antonio Menard,Air Force,EDGE,2,0.78,3084,2024,HighSchool
,238444,Giordan Hanks,,QB,2,0.78,3084,2024,HighSchool
,238443,Aiden Taylor,,IOL,2,0.78,3084,2024,HighSchool
,238441,Dillon Marshall,Northern Iowa,LB,2,0.78,3084,2024,HighSchool
,238440,Tyrin Evans,,DL,2,0.78,3084,2024,HighSchool
,238439,Isaiah Jennings,,S,2,0.78,3084,2024,HighSchool
,238438,Jermaine Agee,Army,S,2,0.78,3084,2024,HighSchool
,238437,Ty'Req Donlow,Saint Francis (PA),ATH,2,0.78,3084,2024,HighSchool
,238436,Andre Miller,Portland State,CB,2,0.78,3084,2024,HighSchool
,238435,Zach Jones,,S,2,0.78,3084,2024,HighSchool
,238434,Logan Ellison,,K,2,0.78,3084,2024,HighSchool
,238433,Navi Bruzon,,QB,2,0.78,3084,2024,HighSchool
,238432,Ethan Biondine,,LB,2,0.78,3084,2024,HighSchool
,238431,Sage Lone Bear,,DL,2,0.78,3084,2024,HighSchool
,238430,Will Rosenmeyer,North Dakota State,CB,2,0.78,3084,2024,HighSchool
,238429,Tono Cornell,Illinois State,DL,2,0.78,3084,2024,HighSchool
5222752,238500,Drew Wagner,Northwestern,WR,2,0.78,3084,2024,HighSchool
5197115,238573,Marcus Torres,UTEP,WR,2,0.78,3084,2024,HighSchool
4876319,238453,Luke Slater,Sacramento State,IOL,2,0.78,3084,2024,HighSchool
5227191,238497,Turner Schmidt,Robert Morris,ATH,2,0.78,3084,2024,HighSchool
5219273,238462,Tommy Nix,Fresno State,ATH,2,0.78,3084,2024,HighSchool
5221582,238574,Jacob Norcross,Kennesaw State,IOL,2,0.78,3084,2024,HighSchool
5225646,238523,Rico Bond,Lindenwood,WR,2,0.78,3084,2024,HighSchool
5225585,238530,Brandon Bryant,Portland State,LB,2,0.78,3084,2024,HighSchool
5221055,238474,Clayton Amaya,Arkansas State,K,2,0.78,3084,2024,HighSchool
5193494,238555,Morrow Evans,Ohio State,LS,2,0.78,3084,2024,HighSchool
5218870,238450,Jeremiah Wright,Hawai'i,ATH,2,0.78,3084,2024,HighSchool
5218960,238520,Obe Eyafe,Minnesota,S,2,0.78,3084,2024,HighSchool
5193295,238557,Tywon Christopher,Kennesaw State,S,2,0.78,3084,2024,HighSchool
5220544,111242,Joaquin Sandoval,Wyoming,CB,2,0.7783,3246,2024,HighSchool
5193348,111241,Zack Zandier,Coastal Carolina,TE,2,0.7783,3246,2024,HighSchool
5193315,111239,Dion Smith II,Ball State,DL,2,0.7783,3246,2024,HighSchool
5194670,111240,Ahmaan Thomas,Buffalo,OT,2,0.7783,3246,2024,HighSchool
5194668,111243,Layton Starks,Ball State,EDGE,2,0.7783,3246,2024,HighSchool
,111244,Mason Lovett,,ATH,2,0.7767,3251,2024,HighSchool
5194643,111245,Caden Campbell,Bowling Green,TE,2,0.7733,3252,2024,HighSchool
5220063,238609,Reggie Gardner,Eastern Michigan,DL,2,0.77,3253,2024,HighSchool
5219184,238732,Drew Robinson,Cincinnati,S,2,0.77,3253,2024,HighSchool
5226319,238691,Antwon McKay,Western Illinois,QB,2,0.77,3253,2024,HighSchool
5218959,238662,Jeremiah Finaly,Minnesota,QB,2,0.77,3253,2024,HighSchool
5198283,238734,Jett Hilding,Kent State,QB,2,0.77,3253,2024,HighSchool
5224208,238608,Kaden Smith,Eastern Kentucky,LB,2,0.77,3253,2024,HighSchool
5227210,238671,Billy Roberson,Howard,RB,2,0.77,3253,2024,HighSchool
5224416,238616,Baron Taylor,Southern Utah,S,2,0.77,3253,2024,HighSchool
5219070,238721,Nico Ottomanelli,Nebraska,K,2,0.77,3253,2024,HighSchool
5219190,238667,Lyviel Waters,Cincinnati,TE,2,0.77,3253,2024,HighSchool
5228039,238586,Kai Richardson,Oregon State,TE,2,0.77,3253,2024,HighSchool
,238678,Colin Amick,Montana,OT,2,0.77,3253,2024,HighSchool
,238677,Nate Fischer,San Diego,LB,2,0.77,3253,2024,HighSchool
,238676,Brayden Welch,,EDGE,2,0.77,3253,2024,HighSchool
,238675,Caden McDonald,,S,2,0.77,3253,2024,HighSchool
,238674,Isaac Keim,Montana,EDGE,2,0.77,3253,2024,HighSchool
,238673,Tyrell Green,Eastern Kentucky,OT,2,0.77,3253,2024,HighSchool
,238672,Jack Smith,,WR,2,0.77,3253,2024,HighSchool
,238670,Bryson Luter,Army,QB,2,0.77,3253,2024,HighSchool
,238669,Herschel Johal,Bucknell,OT,2,0.77,3253,2024,HighSchool
,238668,Caden Allard,Bucknell,ATH,2,0.77,3253,2024,HighSchool
,238666,Wesley Garton,,LB,2,0.77,3253,2024,HighSchool
,238665,Kevin Arnal,,S,2,0.77,3253,2024,HighSchool
,238664,Josh Tucker,,ATH,2,0.77,3253,2024,HighSchool
,238660,Tim Savchuk,Army,IOL,2,0.77,3253,2024,HighSchool
,238659,Zach Barrett,,IOL,2,0.77,3253,2024,HighSchool
,238658,Landon Drennan,Air Force,LB,2,0.77,3253,2024,HighSchool
,238657,Israel Petite,,ATH,2,0.77,3253,2024,HighSchool
,238656,Antonio Heath,,OT,2,0.77,3253,2024,HighSchool
,238655,Isaac Davis,,S,2,0.77,3253,2024,HighSchool
,238654,Seth Newbern,,S,2,0.77,3253,2024,HighSchool
,238653,Zach Bentler,,DL,2,0.77,3253,2024,HighSchool
,238652,Colton Brunell,North Dakota,ATH,2,0.77,3253,2024,HighSchool
,238651,Allen Brown,,ATH,2,0.77,3253,2024,HighSchool
,238650,Drew Swingle,,IOL,2,0.77,3253,2024,HighSchool
,238649,Zach Shapiro,,ATH,2,0.77,3253,2024,HighSchool
,238648,Ty Wilkinson,,ATH,2,0.77,3253,2024,HighSchool
,238647,Conner Lopez,,LB,2,0.77,3253,2024,HighSchool
,238646,Drew Harrigan,Cal Poly,RB,2,0.77,3253,2024,HighSchool
,238645,Micah Avery,Portland State,RB,2,0.77,3253,2024,HighSchool
,238644,Johnathan Guerrero,,CB,2,0.77,3253,2024,HighSchool
,238643,Andrew Placido,,LB,2,0.77,3253,2024,HighSchool
,238642,Trace Hernandez,,WR,2,0.77,3253,2024,HighSchool
,238641,Kai Brown,,CB,2,0.77,3253,2024,HighSchool
,238640,Waylon Romero,Eastern Washington,EDGE,2,0.77,3253,2024,HighSchool
,238639,Antone Araujo,,S,2,0.77,3253,2024,HighSchool
,238638,Grant Patterson,,S,2,0.77,3253,2024,HighSchool
,238637,Austin Jennings,,ATH,2,0.77,3253,2024,HighSchool
,238636,Athan Palmateer,,QB,2,0.77,3253,2024,HighSchool
,238635,Matthew Eleweke,,WR,2,0.77,3253,2024,HighSchool
,238634,Carson Garrett,,IOL,2,0.77,3253,2024,HighSchool
,238633,Kaydon Degraffenreid,Howard,LB,2,0.77,3253,2024,HighSchool
,238632,Maurice Densmore,,WR,2,0.77,3253,2024,HighSchool
,238631,Landon Lauter,,DL,2,0.77,3253,2024,HighSchool
,238630,Noah Pfafflin,,ATH,2,0.77,3253,2024,HighSchool
,238629,Adrion Seals,,ATH,2,0.77,3253,2024,HighSchool
,238627,Battle Gideons,,LB,2,0.77,3253,2024,HighSchool
,238626,Aiden Bergin,Pennsylvania,LB,2,0.77,3253,2024,HighSchool
,238625,Braden McShane,,LB,2,0.77,3253,2024,HighSchool
,238624,Dayne Mauk,,LB,2,0.77,3253,2024,HighSchool
,238623,Deshawn Vaughn,,ATH,2,0.77,3253,2024,HighSchool
,238622,Garrett Sherrell,,RB,2,0.77,3253,2024,HighSchool
,238621,Bentley Williams,,ATH,2,0.77,3253,2024,HighSchool
,238620,Roy Lockley,,RB,2,0.77,3253,2024,HighSchool
,238619,Cayden Ward,,WR,2,0.77,3253,2024,HighSchool
,238618,Samson Hunkin,,QB,2,0.77,3253,2024,HighSchool
,238617,Charlie Seymore,,EDGE,2,0.77,3253,2024,HighSchool
,238615,Alex Hall,,S,2,0.77,3253,2024,HighSchool
,238614,Ellis Nelson,,EDGE,2,0.77,3253,2024,HighSchool
,238613,Payton LaGuerre,,ATH,2,0.77,3253,2024,HighSchool
,238612,Trenton Swanson,Idaho,ATH,2,0.77,3253,2024,HighSchool
,238611,Zach Proctor,,ATH,2,0.77,3253,2024,HighSchool
,238610,Antonio Russell,,ATH,2,0.77,3253,2024,HighSchool
,238607,Tait Anderberg,,IOL,2,0.77,3253,2024,HighSchool
,238606,Wyatt Osterbauer,North Dakota State,DL,2,0.77,3253,2024,HighSchool
,238605,Sam Ostrenga,North Dakota,ATH,2,0.77,3253,2024,HighSchool
,238604,Shamar Carpenter,,ATH,2,0.77,3253,2024,HighSchool
,238596,Benny Hatch,,IOL,2,0.77,3253,2024,HighSchool
,238597,Braylen Hall,,ATH,2,0.77,3253,2024,HighSchool
,238598,Bam Taylor,,ATH,2,0.77,3253,2024,HighSchool
,238599,Collin Fasse,Portland State,WR,2,0.77,3253,2024,HighSchool
,238600,Nehemiah Williams,,EDGE,2,0.77,3253,2024,HighSchool
,238601,Anthony Lamberth II,Portland State,WR,2,0.77,3253,2024,HighSchool
,238602,Asante Carter,,RB,2,0.77,3253,2024,HighSchool
5225846,238663,Kyle Koontz,Sacramento State,TE,2,0.77,3253,2024,HighSchool
5222389,238716,Antonio Bottiggi,Kent State,DL,2,0.77,3253,2024,HighSchool
5221312,238730,Steven Scott III,Illinois,OT,2,0.77,3253,2024,HighSchool
5193532,238628,Martell Buchanan,Kent State,S,2,0.77,3253,2024,HighSchool
5218522,238581,Ugochukwu Odoemelam,Oregon State,S,2,0.77,3253,2024,HighSchool
5218927,238661,Devan Van Ness,Iowa,LB,2,0.77,3253,2024,HighSchool
5218929,238714,Trent Cakerice,Iowa,DL,2,0.77,3253,2024,HighSchool
5219120,238593,Kayden Greene,Washington,S,2,0.77,3253,2024,HighSchool
5219394,238723,Holden Bass,Kansas State,DL,2,0.77,3253,2024,HighSchool
,238575,Cale McThenia,Northern Iowa,QB,2,0.77,3253,2024,HighSchool
,238576,Tyrese Smith,Portland State,QB,2,0.77,3253,2024,HighSchool
,238577,Leo Garcia,,LB,2,0.77,3253,2024,HighSchool
,238578,Tyson Hunt,,TE,2,0.77,3253,2024,HighSchool
,238603,Lonnie Burt,,ATH,2,0.77,3253,2024,HighSchool
,238579,Stephen Del Giudice,,OT,2,0.77,3253,2024,HighSchool
,238580,Brysen Kachel,,LB,2,0.77,3253,2024,HighSchool
,238582,Keaten Fried,,S,2,0.77,3253,2024,HighSchool
,238583,Ryken EchoHawk,,RB,2,0.77,3253,2024,HighSchool
,238584,Eli Mikita,,ATH,2,0.77,3253,2024,HighSchool
,238585,Ayden Martinez,,CB,2,0.77,3253,2024,HighSchool
,238587,Tayshaun Micks,,ATH,2,0.77,3253,2024,HighSchool
,238588,Navarre Dixon,,ATH,2,0.77,3253,2024,HighSchool
,238589,Landen Barger,,IOL,2,0.77,3253,2024,HighSchool
,238590,Matthew Spurbeck,,ATH,2,0.77,3253,2024,HighSchool
,238591,Onyx Carter,,EDGE,2,0.77,3253,2024,HighSchool
,238592,Julius Leapai,,LB,2,0.77,3253,2024,HighSchool
,238594,Pierce Kelly,,ATH,2,0.77,3253,2024,HighSchool
,238595,Miles Dixon,,WR,2,0.77,3253,2024,HighSchool
,238733,Aric Johnson,Western Illinois,ATH,2,0.77,3253,2024,HighSchool
,238731,Thomas Martian,South Dakota State,IOL,2,0.77,3253,2024,HighSchool
,238729,Ibe Divine,Idaho,EDGE,2,0.77,3253,2024,HighSchool
,238728,Trevor Steinbach,Montana,IOL,2,0.77,3253,2024,HighSchool
,238727,Braden Zimmer,,OT,2,0.77,3253,2024,HighSchool
,238726,Jason Auzenne,Sacramento State,WR,2,0.77,3253,2024,HighSchool
,238725,Jesse Lewis,,ATH,2,0.77,3253,2024,HighSchool
,238724,Justice Grauel Tebong,,EDGE,2,0.77,3253,2024,HighSchool
,238722,Jonah Reiling,North Dakota,IOL,2,0.77,3253,2024,HighSchool
,238720,Grady Woodward,,S,2,0.77,3253,2024,HighSchool
,238719,Tyson Hoke,,WR,2,0.77,3253,2024,HighSchool
,238718,Toju Maku,,S,2,0.77,3253,2024,HighSchool
,238717,C.J. Millican,,EDGE,2,0.77,3253,2024,HighSchool
,238715,Brian Smith,,EDGE,2,0.77,3253,2024,HighSchool
,238713,Odis Hamer,,DL,2,0.77,3253,2024,HighSchool
,238712,Cooper Miller,,S,2,0.77,3253,2024,HighSchool
,238711,Steven Lee,,S,2,0.77,3253,2024,HighSchool
,238710,Drew Hottinger,,QB,2,0.77,3253,2024,HighSchool
,238709,Evan Morris,,ATH,2,0.77,3253,2024,HighSchool
,238708,David Dika,,EDGE,2,0.77,3253,2024,HighSchool
,238707,Lovante Metcalfe,,LB,2,0.77,3253,2024,HighSchool
,238706,Angel Gonzalez,San Diego,LB,2,0.77,3253,2024,HighSchool
,238705,Holden Grieger,Western Illinois,OT,2,0.77,3253,2024,HighSchool
,238704,Santana Roberts,,DL,2,0.77,3253,2024,HighSchool
,238703,Trey Jacob,,RB,2,0.77,3253,2024,HighSchool
,238702,Peter Minnaert,,RB,2,0.77,3253,2024,HighSchool
,238701,Nathan Gamette,,K,2,0.77,3253,2024,HighSchool
,238700,Tavita Faletoi,,IOL,2,0.77,3253,2024,HighSchool
,238699,Rahfeeq Katumbusi,Eastern Illinois,IOL,2,0.77,3253,2024,HighSchool
,238698,Trey Stephens,,ATH,2,0.77,3253,2024,HighSchool
,238697,Jackson Blake,,QB,2,0.77,3253,2024,HighSchool
,238696,Jaxon Lippert,,ATH,2,0.77,3253,2024,HighSchool
,238695,Wyatt Bell,North Dakota,IOL,2,0.77,3253,2024,HighSchool
,238694,Bishop Williams,,QB,2,0.77,3253,2024,HighSchool
,238693,William Washington,North Dakota State,CB,2,0.77,3253,2024,HighSchool
,238692,Jamire Davis,Army,CB,2,0.77,3253,2024,HighSchool
,238690,Tobia Tagliabue,,LB,2,0.77,3253,2024,HighSchool
,238689,Paxon Kettering,,WR,2,0.77,3253,2024,HighSchool
,238688,Joshua Watkins,,CB,2,0.77,3253,2024,HighSchool
,238687,Cedrick Major,,S,2,0.77,3253,2024,HighSchool
,238686,Tyler Arlaud,,EDGE,2,0.77,3253,2024,HighSchool
,238685,Joseph Hunt,,IOL,2,0.77,3253,2024,HighSchool
,238684,Oscar Weigel,San Diego,IOL,2,0.77,3253,2024,HighSchool
,238682,Kendahl Hearne,,ATH,2,0.77,3253,2024,HighSchool
,238683,Adam Taylor,Sacramento State,ATH,2,0.77,3253,2024,HighSchool
,238681,Tommy Ducker,Cornell,EDGE,2,0.77,3253,2024,HighSchool
,238680,Ian Harrison,San Diego,ATH,2,0.77,3253,2024,HighSchool
,238679,Isaac Syph,,ATH,2,0.77,3253,2024,HighSchool
5194669,111246,Ramari Taylor,Buffalo,CB,2,0.7683,3413,2024,HighSchool
5232447,238809,Niguse Shelp,San Diego,CB,2,0.76,3414,2024,HighSchool
5219262,238735,Connor Welsch,Iowa State,ATH,2,0.76,3414,2024,HighSchool
5218962,238800,Chris Flowers,Minnesota,CB,2,0.76,3414,2024,HighSchool
,238750,DJ Duran,,QB,2,0.76,3414,2024,HighSchool
,238808,Luke Grigson,,ATH,2,0.76,3414,2024,HighSchool
,238807,Mark Debiak,,EDGE,2,0.76,3414,2024,HighSchool
,238806,Thomas Coppinger,,LB,2,0.76,3414,2024,HighSchool
,238805,Hank Fuchs,Indiana State,IOL,2,0.76,3414,2024,HighSchool
,238804,Jericho Etok,,ATH,2,0.76,3414,2024,HighSchool
,238802,Kai Moananu-Apela,,EDGE,2,0.76,3414,2024,HighSchool
,238801,Jack Tews,,IOL,2,0.76,3414,2024,HighSchool
,238799,Sam Hawker,South Dakota,OT,2,0.76,3414,2024,HighSchool
,238798,Mason Turner,,LB,2,0.76,3414,2024,HighSchool
,238797,Demir Johnson,Howard,EDGE,2,0.76,3414,2024,HighSchool
,238796,Sebastian Esekielu,,LB,2,0.76,3414,2024,HighSchool
,238795,Jeremy Fleming,,EDGE,2,0.76,3414,2024,HighSchool
,238794,Elijah Pula,,LB,2,0.76,3414,2024,HighSchool
,238793,Thomas Nunes,,ATH,2,0.76,3414,2024,HighSchool
,238792,Lukas Jackson,Utah,IOL,2,0.76,3414,2024,HighSchool
,238791,Camden Schmidt,,ATH,2,0.76,3414,2024,HighSchool
,238790,Kaden McIver,,LB,2,0.76,3414,2024,HighSchool
,238789,Bryson Harrington,Pittsburgh,IOL,2,0.76,3414,2024,HighSchool
,238788,Cedric Ragland,,ATH,2,0.76,3414,2024,HighSchool
,238787,Jayden Madison,,S,2,0.76,3414,2024,HighSchool
,238786,Dane Iversen,,LB,2,0.76,3414,2024,HighSchool
,238785,Alex Hach,Eastern Washington,EDGE,2,0.76,3414,2024,HighSchool
,238784,Dominik Soto,,OT,2,0.76,3414,2024,HighSchool
,238783,Daniel Grein,,OT,2,0.76,3414,2024,HighSchool
,238782,Gavin Noonan,,WR,2,0.76,3414,2024,HighSchool
,238780,Camren Vansolkema,Grand Valley State,DL,2,0.76,3414,2024,HighSchool
,238779,Benjamin Harman,,DL,2,0.76,3414,2024,HighSchool
,238778,Cal Huish,Idaho,TE,2,0.76,3414,2024,HighSchool
,238777,Landon Schafer,,ATH,2,0.76,3414,2024,HighSchool
,238776,Nour Elbelisy,,DL,2,0.76,3414,2024,HighSchool
,238775,Mack Mrowka,,S,2,0.76,3414,2024,HighSchool
,238774,Aaron Ivankovich,,EDGE,2,0.76,3414,2024,HighSchool
,238773,Jace Eastlick,,LS,2,0.76,3414,2024,HighSchool
,238772,Reqez Nance,,QB,2,0.76,3414,2024,HighSchool
,238771,Marius Aalona,,S,2,0.76,3414,2024,HighSchool
,238770,Malik Kamara,,S,2,0.76,3414,2024,HighSchool
,238769,J'Von Lindsey,Wofford,IOL,2,0.76,3414,2024,HighSchool
,238768,Ashton Allman,Campbell,OT,2,0.76,3414,2024,HighSchool
,238767,Robert Battle,Lindenwood,QB,2,0.76,3414,2024,HighSchool
,238766,Mason Moriarty,,ATH,2,0.76,3414,2024,HighSchool
,238765,Anthony Billberry,,CB,2,0.76,3414,2024,HighSchool
,238764,Mason Furtado,,LB,2,0.76,3414,2024,HighSchool
,238763,Gavin Correia,,TE,2,0.76,3414,2024,HighSchool
,238762,Giovanni Ruiz,,DL,2,0.76,3414,2024,HighSchool
,238761,Ben Hallead,,ATH,2,0.76,3414,2024,HighSchool
,238760,Jaren Bush,,CB,2,0.76,3414,2024,HighSchool
,238759,Connor Wolf,Eastern Illinois,QB,2,0.76,3414,2024,HighSchool
,238758,Daniel Rucker,,WR,2,0.76,3414,2024,HighSchool
,238757,Aiden Horel,St. Thomas,IOL,2,0.76,3414,2024,HighSchool
,238756,Zakaylen Jones,,ATH,2,0.76,3414,2024,HighSchool
,238755,Jordan Colbert,,ATH,2,0.76,3414,2024,HighSchool
,238754,Reid Petschl,,LB,2,0.76,3414,2024,HighSchool
,238753,Kaden Malesis,,WR,2,0.76,3414,2024,HighSchool
,238752,Jayden Reyes,,WR,2,0.76,3414,2024,HighSchool
,238751,Luke Scoma,Valparaiso,K,2,0.76,3414,2024,HighSchool
,238749,Jacob Woodcock,,IOL,2,0.76,3414,2024,HighSchool
,238748,Bryce Slezak,,EDGE,2,0.76,3414,2024,HighSchool
,238747,Quinn White,,RB,2,0.76,3414,2024,HighSchool
,238746,Aisake Liu,,DL,2,0.76,3414,2024,HighSchool
,238745,Damian Aalona,,QB,2,0.76,3414,2024,HighSchool
,238744,Skyler Shute,,ATH,2,0.76,3414,2024,HighSchool
,238743,Jacob Rennaker,,TE,2,0.76,3414,2024,HighSchool
,238742,Conor Croteau,,WR,2,0.76,3414,2024,HighSchool
,238741,Zane Coon,Southeast Missouri State,IOL,2,0.76,3414,2024,HighSchool
,238740,Porter Buck Logan,,S,2,0.76,3414,2024,HighSchool
,238739,Justice Rutledge,,IOL,2,0.76,3414,2024,HighSchool
,238738,Braxton Young,,WR,2,0.76,3414,2024,HighSchool
,238737,Jordan Taula,,EDGE,2,0.76,3414,2024,HighSchool
,238736,Benson Kofe,,IOL,2,0.76,3414,2024,HighSchool
5220158,238781,Jake Chellman,Western Michigan,IOL,2,0.76,3414,2024,HighSchool
5200365,238810,Justice Turner,San José State,IOL,2,0.76,3414,2024,HighSchool
5221310,238803,Harrysson Ngassa,Illinois,EDGE,2,0.76,3414,2024,HighSchool
,238849,Colton George,,LB,2,0.75,3490,2024,HighSchool
,238814,Mylan Walker,,WR,2,0.75,3490,2024,HighSchool
,238815,Talan Jones,,LB,2,0.75,3490,2024,HighSchool
,238816,Damon Iosefa,,EDGE,2,0.75,3490,2024,HighSchool
,238818,Isaiah Hare,Eastern Illinois,DL,2,0.75,3490,2024,HighSchool
,238819,Colbey Reed,,RB,2,0.75,3490,2024,HighSchool
,238820,Cole Johnston,,LB,2,0.75,3490,2024,HighSchool
,238821,Rex Larson,,QB,2,0.75,3490,2024,HighSchool
,238823,Carson Navarro,,S,2,0.75,3490,2024,HighSchool
,238824,DJ Stewart,,RB,2,0.75,3490,2024,HighSchool
,238825,Noah Holub,,ATH,2,0.75,3490,2024,HighSchool
,238826,Jamison Kizziar,,QB,2,0.75,3490,2024,HighSchool
,238827,Victor Byaundaombe,,CB,2,0.75,3490,2024,HighSchool
,238828,Aiden Nixon,Idaho,TE,2,0.75,3490,2024,HighSchool
,238829,A.J. Henderson,,S,2,0.75,3490,2024,HighSchool
,238830,Jonathan Holdway,,OT,2,0.75,3490,2024,HighSchool
,238831,CJ Lee,San José State,QB,2,0.75,3490,2024,HighSchool
,238832,Jack Davis,,S,2,0.75,3490,2024,HighSchool
,238834,Keith Stout,,CB,2,0.75,3490,2024,HighSchool
,238836,Cole Dawes,,OT,2,0.75,3490,2024,HighSchool
,238837,Kyle Mounts,,ATH,2,0.75,3490,2024,HighSchool
,238838,Shaun Campbell,,WR,2,0.75,3490,2024,HighSchool
,238840,Sir Charles Gordon,Holy Cross,LB,2,0.75,3490,2024,HighSchool
,238841,Brennan Remy,,ATH,2,0.75,3490,2024,HighSchool
5220605,238835,Luke Richey,San José State,EDGE,2,0.75,3490,2024,HighSchool
,238857,John Pau Mendoza,,ATH,2,0.75,3490,2024,HighSchool
,238842,Poochie Snyder,Sacred Heart,QB,2,0.75,3490,2024,HighSchool
,238843,Andrew Schuster,Grand Valley State,QB,2,0.75,3490,2024,HighSchool
,238844,Evan Curtiss,Grand Valley State,IOL,2,0.75,3490,2024,HighSchool
,238845,Luke Stanton,,WR,2,0.75,3490,2024,HighSchool
,238846,Nacari McFarland,,QB,2,0.75,3490,2024,HighSchool
,238856,Ka'Shaun Gresham,,DL,2,0.75,3490,2024,HighSchool
,238847,Michael Mclaughlin,,IOL,2,0.75,3490,2024,HighSchool
,238848,Bruce Galo,,IOL,2,0.75,3490,2024,HighSchool
,238813,Zach Schell,,ATH,2,0.75,3490,2024,HighSchool
,238855,Nathan Crawford,,RB,2,0.75,3490,2024,HighSchool
5221277,238817,Langdon Nordgaard,Wisconsin,TE,2,0.75,3490,2024,HighSchool
,238850,Cooper Smith,,ATH,2,0.75,3490,2024,HighSchool
,238851,Calvin Mikkelsen,,ATH,2,0.75,3490,2024,HighSchool
,238852,Kimoni Davis,,ATH,2,0.75,3490,2024,HighSchool
,238853,Aaron Kinsey,Idaho,ATH,2,0.75,3490,2024,HighSchool
,238885,Jake Vermaas,Grand Valley State,WR,2,0.75,3490,2024,HighSchool
,238883,Maliqki Walker,,LB,2,0.75,3490,2024,HighSchool
,238882,Wyatt Neu,,ATH,2,0.75,3490,2024,HighSchool
,238881,Gunnar Peterson,,ATH,2,0.75,3490,2024,HighSchool
,238880,Troy Grizzle,,EDGE,2,0.75,3490,2024,HighSchool
,238879,Matix Carpenter,,IOL,2,0.75,3490,2024,HighSchool
,238878,Drew Hymas,,QB,2,0.75,3490,2024,HighSchool
,238877,Zamani Muldrew,,IOL,2,0.75,3490,2024,HighSchool
,238876,Kyle Kaaiwela,,IOL,2,0.75,3490,2024,HighSchool
,238875,Michael Cherry,,ATH,2,0.75,3490,2024,HighSchool
,238874,William Reid,,QB,2,0.75,3490,2024,HighSchool
,238873,Jaden Jimenez,,LB,2,0.75,3490,2024,HighSchool
,238872,Jad Bazzi,,TE,2,0.75,3490,2024,HighSchool
,238871,Zak Olejniczak,Grand Valley State,QB,2,0.75,3490,2024,HighSchool
,238870,Sean Mitchell,,DL,2,0.75,3490,2024,HighSchool
,238869,Isaiah Veatch,Grand Valley State,LB,2,0.75,3490,2024,HighSchool
,238868,Franz Reisz,,DL,2,0.75,3490,2024,HighSchool
,238867,Garrison Conde,,ATH,2,0.75,3490,2024,HighSchool
,238866,Colin Miller,,ATH,2,0.75,3490,2024,HighSchool
,238865,Mika Roberson,,WR,2,0.75,3490,2024,HighSchool
,238864,Jemani Teplasy,,WR,2,0.75,3490,2024,HighSchool
,238863,Mande Wanlemvo,,ATH,2,0.75,3490,2024,HighSchool
,238862,Jalen White,,RB,2,0.75,3490,2024,HighSchool
,238861,Christopher Maghoney,,RB,2,0.75,3490,2024,HighSchool
,238860,Drew Molinari,,ATH,2,0.75,3490,2024,HighSchool
,238859,Cole Thome,,WR,2,0.75,3490,2024,HighSchool
,238858,Michael Pedrotti,,LS,2,0.75,3490,2024,HighSchool
,238854,Thomas Mwenda,,ATH,2,0.75,3490,2024,HighSchool
,238811,Zavier Russell,,ATH,2,0.75,3490,2024,HighSchool
,238812,Kyrin Fuimaono,,QB,2,0.75,3490,2024,HighSchool
5219938,238822,Chase Schutty,Northern Illinois,TE,2,0.75,3490,2024,HighSchool
5221279,238839,Milos Spasojevic,Wisconsin,QB,2,0.75,3490,2024,HighSchool
5218750,238833,Jack Olyphant,California,EDGE,2,0.75,3490,2024,HighSchool
5197116,238884,Aiden Webb,UTEP,K,2,0.75,3490,2024,HighSchool
5218925,238921,Kyler Gerardy,Iowa,QB,2,0.74,3565,2024,HighSchool
5223906,238893,Lucas Razore,Cal Poly,QB,2,0.74,3565,2024,HighSchool
5228143,238912,Kyson Thomas,Washington State,ATH,2,0.74,3565,2024,HighSchool
,238918,Jaylen Washington,,IOL,2,0.74,3565,2024,HighSchool
,238914,Tashi Crofut,Boise State,ATH,2,0.74,3565,2024,HighSchool
,238913,David Brown,,ATH,2,0.74,3565,2024,HighSchool
,238911,Izear Dampier,,OT,2,0.74,3565,2024,HighSchool
,238910,Cole Muilenburg,Valparaiso,TE,2,0.74,3565,2024,HighSchool
,238909,Mickael White,,IOL,2,0.74,3565,2024,HighSchool
,238908,Michael Vanhook,,QB,2,0.74,3565,2024,HighSchool
,238907,Jeremiah Hill,,ATH,2,0.74,3565,2024,HighSchool
,238906,Aiden Wood,,WR,2,0.74,3565,2024,HighSchool
,238905,Cash Weeks,,LB,2,0.74,3565,2024,HighSchool
,238904,Brody Swearhart,Idaho State,LB,2,0.74,3565,2024,HighSchool
,238903,M'Khi Guy,,QB,2,0.74,3565,2024,HighSchool
5220053,238936,Emil Burton,Eastern Michigan,CB,2,0.74,3565,2024,HighSchool
,238902,Navi Arretche,,IOL,2,0.74,3565,2024,HighSchool
,238901,Dylan McIntyre,Idaho,EDGE,2,0.74,3565,2024,HighSchool
,238900,Drew Caldwell,,EDGE,2,0.74,3565,2024,HighSchool
,238899,Brison Bailey,,RB,2,0.74,3565,2024,HighSchool
,238898,Carson Condie,,IOL,2,0.74,3565,2024,HighSchool
,238897,Logan Scarlett,,QB,2,0.74,3565,2024,HighSchool
,238896,Jeremiah Karongo,,ATH,2,0.74,3565,2024,HighSchool
,238895,Dion Coleman,,RB,2,0.74,3565,2024,HighSchool
5220603,238932,Zack Homan,San José State,RB,2,0.74,3565,2024,HighSchool
,238894,Kajon Babcock,,CB,2,0.74,3565,2024,HighSchool
,238892,Gunnar Trachte,,QB,2,0.74,3565,2024,HighSchool
,238891,Steven Warren,,QB,2,0.74,3565,2024,HighSchool
5193690,238922,Harrison Brun,Minnesota,CB,2,0.74,3565,2024,HighSchool
,238890,Aiden McGinnis,,IOL,2,0.74,3565,2024,HighSchool
,238889,Rylie Byington,,ATH,2,0.74,3565,2024,HighSchool
,238888,Ojani Gray,,CB,2,0.74,3565,2024,HighSchool
,238887,Tyler Creswick,,WR,2,0.74,3565,2024,HighSchool
,238886,Giovanni Livingston,,EDGE,2,0.74,3565,2024,HighSchool
,238937,Joseph Stephens,,CB,2,0.74,3565,2024,HighSchool
,238935,Sebastian Luevano,,OT,2,0.74,3565,2024,HighSchool
,238934,Carson Rubin,,RB,2,0.74,3565,2024,HighSchool
,238933,Connor Trinca,,DL,2,0.74,3565,2024,HighSchool
,238931,Jackson Murphy,,EDGE,2,0.74,3565,2024,HighSchool
,238930,Sean Tutty,,ATH,2,0.74,3565,2024,HighSchool
,238929,Joe Farley,,QB,2,0.74,3565,2024,HighSchool
,238928,Ethan Kastner,,QB,2,0.74,3565,2024,HighSchool
,238927,Josh Woodard,,QB,2,0.74,3565,2024,HighSchool
,238926,Jack McAllister,,ATH,2,0.74,3565,2024,HighSchool
,238925,Lucas Johnson,,OT,2,0.74,3565,2024,HighSchool
,238924,Ryker Stimpson,,WR,2,0.74,3565,2024,HighSchool
,238923,Azariah Atonio,,QB,2,0.74,3565,2024,HighSchool
,238920,Elisee Kanda,,CB,2,0.74,3565,2024,HighSchool
,238919,Owen Thomas,,TE,2,0.74,3565,2024,HighSchool
,238917,Nino Baier,,IOL,2,0.74,3565,2024,HighSchool
,238916,Makeo Sneddon,,ATH,2,0.74,3565,2024,HighSchool
,238915,Garrett Esomonu,,ATH,2,0.74,3565,2024,HighSchool
,238939,Tyler Konold,,ATH,2,0.73,3617,2024,HighSchool
,238938,Jacob Hutchinson,,QB,2,0.73,3617,2024,HighSchool
,238961,Drew Nees,,QB,2,0.73,3617,2024,HighSchool
,238960,Noah Blake,,IOL,2,0.73,3617,2024,HighSchool
,238959,Jamal Guy Jr.,,ATH,2,0.73,3617,2024,HighSchool
,238958,Gregory Tonga,,DL,2,0.73,3617,2024,HighSchool
,238957,Ryan Fehr,,IOL,2,0.73,3617,2024,HighSchool
,238956,Noah Taylor,,ATH,2,0.73,3617,2024,HighSchool
,238955,Travis May,,ATH,2,0.73,3617,2024,HighSchool
,238954,Jacob Nemecek,,WR,2,0.73,3617,2024,HighSchool
,238953,Ethan Myette,,LB,2,0.73,3617,2024,HighSchool
,238952,Cameron Reed,,ATH,2,0.73,3617,2024,HighSchool
,238951,Matteo Saccomanno,,RB,2,0.73,3617,2024,HighSchool
,238950,Hudson Holzhauer,,LB,2,0.73,3617,2024,HighSchool
,238949,Ocean Freeman,,ATH,2,0.73,3617,2024,HighSchool
,238948,Connor Cesaro,,ATH,2,0.73,3617,2024,HighSchool
,238947,Caden Negra,,WR,2,0.73,3617,2024,HighSchool
,238940,Nate Ketter,,EDGE,2,0.73,3617,2024,HighSchool
,238946,Luke D'Anna,,QB,2,0.73,3617,2024,HighSchool
,238945,Antonio Seastrunk,,ATH,2,0.73,3617,2024,HighSchool
5221137,238968,Dyson Sims,Michigan State,ATH,2,0.73,3617,2024,HighSchool
,238944,A'Jhuan Parker,,ATH,2,0.73,3617,2024,HighSchool
,238943,Troy Sommer,,ATH,2,0.73,3617,2024,HighSchool
,238942,Connor Ware,,IOL,2,0.73,3617,2024,HighSchool
,238941,Ryan Murphy,,IOL,2,0.73,3617,2024,HighSchool
,238967,Kavon Matthews,,WR,2,0.73,3617,2024,HighSchool
,238965,Deagan Hodgson,,OT,2,0.73,3617,2024,HighSchool
,238964,Ed Berncich,,EDGE,2,0.73,3617,2024,HighSchool
,238963,Dailey Sparks,,EDGE,2,0.73,3617,2024,HighSchool
,238962,Ethan Elder,,IOL,2,0.73,3617,2024,HighSchool
5219547,238966,Cohen Lantz,Central Michigan,IOL,2,0.73,3617,2024,HighSchool
,238983,Mason Starbuck,,EDGE,2,0.72,3648,2024,HighSchool
,238994,Sayyidi Abdul-Kareem,,ATH,2,0.72,3648,2024,HighSchool
,238992,Charlie Ayres,,S,2,0.72,3648,2024,HighSchool
,238991,Gavin McCallum,,IOL,2,0.72,3648,2024,HighSchool
,238990,Jared Payne,,ATH,2,0.72,3648,2024,HighSchool
,238989,Nicco Simonetti,,P,2,0.72,3648,2024,HighSchool
,238988,Kai Laukkanen,,WR,2,0.72,3648,2024,HighSchool
,238987,Grady Milholen,,ATH,2,0.72,3648,2024,HighSchool
,238986,Jaxson Thoresen,,ATH,2,0.72,3648,2024,HighSchool
,238985,Colden Carson,,OT,2,0.72,3648,2024,HighSchool
,238984,Jordan Sengmany,,WR,2,0.72,3648,2024,HighSchool
,238982,Danny Gonzalez,,DL,2,0.72,3648,2024,HighSchool
,238981,Trevor Crommie,,LB,2,0.72,3648,2024,HighSchool
,238980,Jaylen Youngblood,,IOL,2,0.72,3648,2024,HighSchool
,238979,Boxer Kopcsak-Yeung,,ATH,2,0.72,3648,2024,HighSchool
,238978,Whit Kruse,,QB,2,0.72,3648,2024,HighSchool
,238977,Ryan Camello,,DL,2,0.72,3648,2024,HighSchool
,238976,Andreas Garcia,,ATH,2,0.72,3648,2024,HighSchool
,238975,Camden Taylor,,EDGE,2,0.72,3648,2024,HighSchool
,238974,Ethan Burkhead,,WR,2,0.72,3648,2024,HighSchool
,238973,Parker Williams,,ATH,2,0.72,3648,2024,HighSchool
,238972,Ryan McKendry,,WR,2,0.72,3648,2024,HighSchool
,238971,Andrew Johnson,,WR,2,0.72,3648,2024,HighSchool
,238970,Geovanni Valverde,,IOL,2,0.72,3648,2024,HighSchool
,238969,Paul Baltazar,,DL,2,0.72,3648,2024,HighSchool
5220157,238993,Andrew Baker,Western Michigan,LB,2,0.72,3648,2024,HighSchool
,238995,Nick Gibson,,RB,2,0.71,3674,2024,HighSchool
,238996,Cole Goodenow,,IOL,2,0.71,3674,2024,HighSchool
,238998,Ray Brown,,WR,2,0.71,3674,2024,HighSchool
,238999,Leonard Payton,,LB,2,0.71,3674,2024,HighSchool
,239000,Gabe Valeros,,DL,2,0.71,3674,2024,HighSchool
,239001,Jimmy Hughes,,QB,2,0.71,3674,2024,HighSchool
,239002,Naveer Kaile,,DL,2,0.71,3674,2024,HighSchool
,239003,Tristen Rebar,,QB,2,0.71,3674,2024,HighSchool
,239004,Zach High,,IOL,2,0.71,3674,2024,HighSchool
,239005,Tadhg Brown,,WR,2,0.71,3674,2024,HighSchool
,239006,Jeremiah Bailey,,DL,2,0.71,3674,2024,HighSchool
,239007,Marco Turqueza,,WR,2,0.71,3674,2024,HighSchool
,239008,Kade Martin,,ATH,2,0.71,3674,2024,HighSchool
,239009,Tanner Moriarty,,S,2,0.71,3674,2024,HighSchool
,239010,Davion Dunkley,,ATH,2,0.71,3674,2024,HighSchool
,239011,Trenton Duchesne,,ATH,2,0.71,3674,2024,HighSchool
,239012,Elijah Noll,,ATH,2,0.71,3674,2024,HighSchool
,239013,Marcus Connors,,ATH,2,0.71,3674,2024,HighSchool
,239014,Spencer Burg,,LB,2,0.71,3674,2024,HighSchool
5228142,238997,Jake Tiryakioglu,Washington State,QB,2,0.71,3674,2024,HighSchool
5219597,239020,Aiden Kehm,Nevada,IOL,2,0.7,3694,2024,HighSchool
,239015,Ziare Eastman,,RB,2,0.7,3694,2024,HighSchool
,239016,DeVajae Watts,,ATH,2,0.7,3694,2024,HighSchool
,239017,Jayvon Bolds,,WR,2,0.7,3694,2024,HighSchool
,239018,Damian Perea,,IOL,2,0.7,3694,2024,HighSchool
,239019,Tommy Perea,,ATH,2,0.7,3694,2024,HighSchool
,257686,Clint Chamley,Eastern Illinois,IOL,,,,2024,HighSchool
,257657,Kyle Hicks,Tennessee State,LS,,,,2024,HighSchool
,257685,Isaiah Houi,Eastern Illinois,CB,,,,2024,HighSchool
,257656,Caden Marshall,Tennessee State,LB,,,,2024,HighSchool
,257683,Ajani Mason,Alabama State,DL,,,,2024,HighSchool
,257655,Veguer Jean-Jumeau,Tennessee State,OT,,,,2024,HighSchool
,257682,Desjon Robertson,Alabama State,DL,,,,2024,HighSchool
,257654,David Milburn,Tennessee State,LB,,,,2024,HighSchool
,257653,Kobe Jones,Tennessee State,IOL,,,,2024,HighSchool
,257652,Dominique Dixon,Tennessee State,S,,,,2024,HighSchool
,257650,Marlon Huff,Tennessee State,LB,,,,2024,HighSchool
,257649,Santana Crayton,Tennessee State,WR,,,,2024,HighSchool
,257647,Clinton Azubuike,Northern Arizona,ATH,,,,2024,HighSchool
,257646,Roderick McCrary,Grambling,S,,,,2024,HighSchool
,257645,Jowhar Franklin,Grambling,DL,,,,2024,HighSchool
,257644,Byron Eaton Jr.,Grambling,ATH,,,,2024,HighSchool
,257642,Orion Duplessis,Grambling,OT,,,,2024,HighSchool
,257641,Andre Crews,Grambling,RB,,,,2024,HighSchool
,257640,Frank Moss,Grambling,IOL,,,,2024,HighSchool
,257628,Trace Scott III,Delaware,EDGE,,,,2024,HighSchool
,257639,Keith Jones Jr.,Grambling,WR,,,,2024,HighSchool
,257626,Austin Troyer,Delaware,QB,,,,2024,HighSchool
,257638,Armond Owens,Grambling,IOL,,,,2024,HighSchool
,257625,Jaheim Williams,South Dakota,ATH,,,,2024,HighSchool
,257637,Zion Carter,Lamar,EDGE,,,,2024,HighSchool
,257623,Brandon Banks,Yale,CB,,,,2024,HighSchool
,257636,Nick Brown,Lamar,CB,,,,2024,HighSchool
,257622,Steven Partin,Yale,LB,,,,2024,HighSchool
,257635,Brock Carpenter,Northern Iowa,ATH,,,,2024,HighSchool
,257621,Breylan Thompson,Yale,CB,,,,2024,HighSchool
,257634,Jackson Whitacre,Delaware,TE,,,,2024,HighSchool
,257619,Amaurey Brooks,New Mexico State,CB,,,,2024,HighSchool
,257633,Nick Tyree,Delaware,WR,,,,2024,HighSchool
,257617,Ja'Quan Bentley,West Georgia,RB,,,,2024,HighSchool
,257632,Colin Gallagher,Delaware,LB,,,,2024,HighSchool
5220516,257571,Jaylin Acevedo,Navy,OT,,,,2024,HighSchool
,257616,Lennon Liburd,West Georgia,OT,,,,2024,HighSchool
5220601,257412,Roy Gardner,San José State,WR,,,,2024,HighSchool
5220347,257411,John Hoyet Chance,Louisiana Tech,P,,,,2024,HighSchool
,257630,Kaeden Singleton,Delaware,EDGE,,,,2024,HighSchool
,257615,TreShawn Moore,West Georgia,S,,,,2024,HighSchool
,257496,Colby Turner,Sam Houston,TE,,,,2024,HighSchool
5220097,257375,Caleb Schlater,Miami (OH),LS,,,,2024,HighSchool
5220096,257376,Vaughn Johnson,Miami (OH),TE,,,,2024,HighSchool
5220113,257310,Kaden Turner,Texas Tech,P,,,,2024,HighSchool
5220121,257341,Dylan Cunanan,Toledo,K,,,,2024,HighSchool
,257614,Jordan Dees,West Georgia,WR,,,,2024,HighSchool
5219603,257451,David Paine Jr.,Nevada,DL,,,,2024,HighSchool
5219693,257378,Solomon Beebe,UAB,RB,,,,2024,HighSchool
5219594,257449,Jason Douglas,Nevada,DL,,,,2024,HighSchool
,257613,Kourtney Kelly,West Georgia,DL,,,,2024,HighSchool
,257612,Ty Cortes,Pennsylvania,S,,,,2024,HighSchool
,257611,Timothy Jacobs,Campbell,IOL,,,,2024,HighSchool
5219416,257513,Nehemiah Vann,Army,ATH,,,,2024,HighSchool
,257610,Tyrek Brown,Campbell,LB,,,,2024,HighSchool
5219425,257506,Jack Kayser,Army,RB,,,,2024,HighSchool
5219414,257514,Luke Knight,Army,QB,,,,2024,HighSchool
5219457,257512,Nolan Munroe,Army,WR,,,,2024,HighSchool
,257607,Brian Brennan,Princeton,IOL,,,,2024,HighSchool
5219399,257333,Zayden Martinez,Kansas State,WR,,,,2024,HighSchool
5219295,257388,Max Prozny,Virginia,K,,,,2024,HighSchool
,257606,Camren Ware,Harvard,WR,,,,2024,HighSchool
,257605,Max Wang,Harvard,DL,,,,2024,HighSchool
5219168,257312,Hudson Wilharm,North Carolina,QB,,,,2024,HighSchool
,257603,Madden Santiago,Harvard,IOL,,,,2024,HighSchool
5219166,257314,Ben Bastek,North Carolina,ATH,,,,2024,HighSchool
,257602,Brandon Sullivan,Harvard,IOL,,,,2024,HighSchool
5219170,257311,Miles Gaddy,North Carolina,S,,,,2024,HighSchool
5219144,257348,Nela Taliauli,Arizona,S,,,,2024,HighSchool
5219074,257304,Ryker Evans,Nebraska,RB,,,,2024,HighSchool
5218876,257436,Ismail Ganley,Hawai'i,IOL,,,,2024,HighSchool
,257600,Kennard McGuire,Harvard,CB,,,,2024,HighSchool
,257599,Logan Demchyk,Harvard,IOL,,,,2024,HighSchool
,257597,TJ Mitchell,Eastern Kentucky,WR,,,,2024,HighSchool
5218864,257437,Jeremiah White,Hawai'i,WR,,,,2024,HighSchool
5218806,257305,Will Safris,Missouri,P,,,,2024,HighSchool
5218733,257307,Chase Kibble,South Carolina,DL,,,,2024,HighSchool
5218775,257306,Mike Baker,Ole Miss,K,,,,2024,HighSchool
,257596,Kyle Vaka,Eastern Kentucky,WR,,,,2024,HighSchool
,257593,Trajan Sinatra,Idaho State,K,,,,2024,HighSchool
,257658,Ronald Jackson,Grand Valley State,DL,,,,2024,HighSchool
5218589,257296,Nic Reeves,Georgia,IOL,,,,2024,HighSchool
5218725,257308,Jimmy Francis,South Carolina,QB,,,,2024,HighSchool
5218244,257300,Gav Holman,Florida State,LB,,,,2024,HighSchool
,257592,Mike Lindsay,Idaho State,CB,,,,2024,HighSchool
5212941,257343,Rolijah Hardy,Indiana,LB,,,,2024,HighSchool
5212950,257381,Yahya Attia,Colorado,IOL,,,,2024,HighSchool
5212951,257317,Travis Brown-Miller,Syracuse,OT,,,,2024,HighSchool
5212939,257380,Malakai Murphy,Colorado,CB,,,,2024,HighSchool
5198460,257398,Jaylen Slaughter,Georgia Southern,IOL,,,,2024,HighSchool
,257591,Rylan Leathers,Idaho State,S,,,,2024,HighSchool
,257590,Christian Johnson,Navy,RB,,,,2024,HighSchool
5194795,257530,Na'eem Abdul-Rahim Gladding,Old Dominion,WR,,,,2024,HighSchool
,257589,Tsion Brown,Navy,LB,,,,2024,HighSchool
5196371,257354,Torin Brazell,East Carolina,EDGE,,,,2024,HighSchool
,257588,Dougie Dodard,Navy,WR,,,,2024,HighSchool
5196486,257405,Russell Sykes,Temple,DL,,,,2024,HighSchool
5193349,257532,Maurki James,Old Dominion,RB,,,,2024,HighSchool
5193662,257754,John Sierra,New Mexico,LB,,,,2024,HighSchool
5193637,257347,Ethan Wilder,Memphis,CB,,,,2024,HighSchool
,257586,Maddax Fayard,Navy,WR,,,,2024,HighSchool
,257585,Hunter Fay,Navy,DL,,,,2024,HighSchool
,257583,Parker Turner,Navy,LB,,,,2024,HighSchool
5193654,257336,Dycurian Douglas,Washington State,WR,,,,2024,HighSchool
,257576,Nash Beenen,Navy,S,,,,2024,HighSchool
,257582,Andre Jackson,Navy,ATH,,,,2024,HighSchool
,257569,Ethan Terrell,Jackson State,QB,,,,2024,HighSchool
5193660,257394,Seneca Moore,Liberty,LB,,,,2024,HighSchool
,257581,Kolbe Sexton,Navy,LB,,,,2024,HighSchool
,257567,Brandon Mitchell,Jackson State,WR,,,,2024,HighSchool
5193072,257346,Khyair Spain,Memphis,RB,,,,2024,HighSchool
5192420,257331,Cooper Ranvier,Louisville,K,,,,2024,HighSchool
5172091,257401,Wesley Brown,Temple,EDGE,,,,2024,HighSchool
,257580,Styles Goodman,Navy,LB,,,,2024,HighSchool
5156431,257382,Cash Cleveland,Colorado,IOL,,,,2024,HighSchool
,257566,Xavion Davis,Jackson State,IOL,,,,2024,HighSchool
4695153,257796,Zakar Morris,UAlbany,DL,,,,2024,HighSchool
4695152,257684,Kwan Johnson,Eastern Illinois,OT,,,,2024,HighSchool
4568654,257418,K.J. Jones,Marshall,WR,,,,2024,HighSchool
,257579,Alonzo Manning,Navy,ATH,,,,2024,HighSchool
,257687,Isaiah Nell,Wofford,RB,,,,2024,HighSchool
,257661,Isaac Saffold,Georgetown,DL,,,,2024,HighSchool
,257690,Luke Moise,Wofford,IOL,,,,2024,HighSchool
,257662,Packson Bettis,North Dakota,LB,,,,2024,HighSchool
,257691,Caleb Oliver,Wofford,EDGE,,,,2024,HighSchool
,257663,Lawson Lotysz,North Dakota,IOL,,,,2024,HighSchool
,257692,Cavan Craig,Wofford,K,,,,2024,HighSchool
,257664,Randle Parker,North Dakota,RB,,,,2024,HighSchool
,257693,Ramon McCollough Jr.,Wofford,DL,,,,2024,HighSchool
,257665,Jayden Jones,North Dakota,CB,,,,2024,HighSchool
,257694,Tyler Cross,Wofford,TE,,,,2024,HighSchool
,257666,Kenten Laughman,North Dakota,K,,,,2024,HighSchool
,257695,Josiah Fetui,San Diego,WR,,,,2024,HighSchool
,257667,Alton Williams,North Dakota,IOL,,,,2024,HighSchool
,257697,Isaiah Hayes,Southeastern Louisiana,OT,,,,2024,HighSchool
,257669,Adrian Stone,Western Carolina,DL,,,,2024,HighSchool
,257699,CJ Richard Jr.,Illinois State,S,,,,2024,HighSchool
,257670,Marcus Striggles,Western Carolina,WR,,,,2024,HighSchool
,257700,Michael Phillips,Indiana State,DL,,,,2024,HighSchool
,257678,RJ Newton,Holy Cross,WR,,,,2024,HighSchool
,257701,Zachary Wurm,Indiana State,IOL,,,,2024,HighSchool
,257680,Denzel Johnson,Alabama State,LB,,,,2024,HighSchool
,257703,Rickey Evans,Texas Southern,WR,,,,2024,HighSchool
,257681,Andre Woods,Alabama State,IOL,,,,2024,HighSchool
,257705,Aaron Kizzee,Texas Southern,LB,,,,2024,HighSchool
,257706,Jack Hood,East Tennessee State,OT,,,,2024,HighSchool
,257707,Jon Hunt,East Tennessee State,QB,,,,2024,HighSchool
,257709,Andrew Hand,East Tennessee State,S,,,,2024,HighSchool
,257710,Hayden Ross,East Tennessee State,LS,,,,2024,HighSchool
,257711,Reece Fountain,East Tennessee State,QB,,,,2024,HighSchool
,257712,Jaden Pierce,East Tennessee State,DL,,,,2024,HighSchool
,257714,Zuri Watson,Howard,RB,,,,2024,HighSchool
,257717,Zantwan Nelson,Howard,S,,,,2024,HighSchool
,257720,Preston Davis,Lehigh,EDGE,,,,2024,HighSchool
,257721,Lamont Lester Jr.,Monmouth,EDGE,,,,2024,HighSchool
,257723,Frankie Weaver,Monmouth,QB,,,,2024,HighSchool
,257753,Davis Smith,Alabama A&M,S,,,,2024,HighSchool
,257751,TyQuez Richardson,Alabama A&M,OT,,,,2024,HighSchool
,257752,Xzavier Booker,Alabama A&M,DL,,,,2024,HighSchool
,257758,Anthony Hawkins,Villanova,S,,,,2024,HighSchool
,257759,Damill Bostic Jr.,Villanova,CB,,,,2024,HighSchool
,257760,Brandon Binkowski,Villanova,LB,,,,2024,HighSchool
,257724,Landon Kennel,Monmouth,WR,,,,2024,HighSchool
,257762,Matt Ivaldi,Fordham,QB,,,,2024,HighSchool
,257725,Camron Williams,Missouri State,CB,,,,2024,HighSchool
,257763,Thomas Rosso,Fordham,QB,,,,2024,HighSchool
,257764,Xavier Styles,Robert Morris,S,,,,2024,HighSchool
,257726,Dada Ross,Missouri State,LB,,,,2024,HighSchool
,257765,Camdon Wilborn,Robert Morris,DL,,,,2024,HighSchool
,257727,Jashawn Cooper,Missouri State,LB,,,,2024,HighSchool
,257766,Sean Winton,Dayton,QB,,,,2024,HighSchool
,257728,Yusef Sanogo-Kendrick,Southeast Missouri State,IOL,,,,2024,HighSchool
,257767,Alex Walton,Dayton,IOL,,,,2024,HighSchool
,257768,Javawn Brooks,Dayton,CB,,,,2024,HighSchool
,257730,Landon Sylvie,Southeast Missouri State,S,,,,2024,HighSchool
,257769,Grayson Thomas,Dayton,RB,,,,2024,HighSchool
,257731,Carter Guillaume,Southeast Missouri State,IOL,,,,2024,HighSchool
,257770,Zane Plattner,Dayton,DL,,,,2024,HighSchool
,257771,Kyler Paul,Dayton,LB,,,,2024,HighSchool
,257772,Charlie Olds,Dayton,IOL,,,,2024,HighSchool
,257773,Sam Mitchell,Dayton,LB,,,,2024,HighSchool
,257734,Jayden Whaley,Hampton,CB,,,,2024,HighSchool
,257776,Emmanuel Hardrick,Dayton,CB,,,,2024,HighSchool
,257737,Aaron Clark,Towson,DL,,,,2024,HighSchool
,257777,Gus Dammann,Dayton,DL,,,,2024,HighSchool
,257739,JR Stegall,Towson,DL,,,,2024,HighSchool
,257778,Bryce Cowgill,Dayton,TE,,,,2024,HighSchool
,257779,Parker Chaney,Dayton,S,,,,2024,HighSchool
,257740,Kahseim Phillips,Towson,RB,,,,2024,HighSchool
,257780,Payne Miller,Western Illinois,DL,,,,2024,HighSchool
,257741,Cody Williams,Towson,WR,,,,2024,HighSchool
,257743,Prince Ijioma,Mississippi Valley State,S,,,,2024,HighSchool
,257744,Semaj'Dre Gasaway,Mississippi Valley State,S,,,,2024,HighSchool
,257746,Peyton Garrett,Northern Colorado,EDGE,,,,2024,HighSchool
,257747,D.J. Johnson,New Hampshire,EDGE,,,,2024,HighSchool
,257748,Tyler Habersham-Agbemenu,New Hampshire,IOL,,,,2024,HighSchool
,257781,Matthew Montgomery,Western Illinois,OT,,,,2024,HighSchool
,257782,Brendan Dignan,Western Illinois,OT,,,,2024,HighSchool
,257783,Cameron Edwards,Western Illinois,WR,,,,2024,HighSchool
,257784,Keon Collier,Western Illinois,S,,,,2024,HighSchool
,257786,Ryan Ricketti,Valparaiso,WR,,,,2024,HighSchool
,257787,Shaun Ukeje,Valparaiso,S,,,,2024,HighSchool
,257788,Cole Nilles,Bryant,LB,,,,2024,HighSchool
,257789,Azarel Juste,Bryant,S,,,,2024,HighSchool
,257791,John Lee Honorat,Bryant,ATH,,,,2024,HighSchool
,257792,Colin Rutland,Youngstown State,TE,,,,2024,HighSchool
,257793,Darius Wise,Cornell,WR,,,,2024,HighSchool
,257795,Jayvon Beliard,Norfolk State,DL,,,,2024,HighSchool
,257798,Jalen Bell,Long Island University,S,,,,2024,HighSchool
,257800,Martavius Durden Jr.,Long Island University,LB,,,,2024,HighSchool
,257801,Khristian Tyson,North Carolina A&T,S,,,,2024,HighSchool
,257803,Damon Mcmillian,Rhode Island,IOL,,,,2024,HighSchool
,257804,Ja'maree Thomas,Rhode Island,S,,,,2024,HighSchool
,257805,Chaas McCoy,Rhode Island,CB,,,,2024,HighSchool
,257807,Cortez Lane,North Carolina Central,ATH,,,,2024,HighSchool
,257808,Hutch Crow,Columbia,WR,,,,2024,HighSchool
,257809,Miron Magee,Columbia,CB,,,,2024,HighSchool
,257810,Caleb Solomon,Columbia,S,,,,2024,HighSchool
,257817,Kurt Armstrong,Mercer,IOL,,,,2024,HighSchool
,257819,Tyler Murray,Mercer,IOL,,,,2024,HighSchool
,257821,Anthony Ndika,Dartmouth,IOL,,,,2024,HighSchool
,257822,Jackson Ashford,Dartmouth,LB,,,,2024,HighSchool
,257823,Taylor Faalele,Dartmouth,DL,,,,2024,HighSchool
,257824,Ryan Gadson,Lafayette,CB,,,,2024,HighSchool
,257826,Kristo Reinhardt,Lafayette,IOL,,,,2024,HighSchool
,257827,Dhonte Jackson,Lafayette,CB,,,,2024,HighSchool
,257828,Brady Pickett,The Citadel,IOL,,,,2024,HighSchool
,257829,Devan Taylor,Wagner,IOL,,,,2024,HighSchool
,257831,Corey Williams,Saint Francis (PA),S,,,,2024,HighSchool
,257832,Kendric Council,Saint Francis (PA),LB,,,,2024,HighSchool
,257833,Colin Douglas,Saint Francis (PA),S,,,,2024,HighSchool
,257834,Mekhi Butler,Saint Francis (PA),CB,,,,2024,HighSchool
,257835,Zachary Betts,Saint Francis (PA),EDGE,,,,2024,HighSchool
,257836,Ben Midea,Saint Francis (PA),IOL,,,,2024,HighSchool
,257837,Eli Tucker,Saint Francis (PA),K,,,,2024,HighSchool
,257838,Malikai Nichols,Saint Francis (PA),CB,,,,2024,HighSchool
,257839,Brekien Harold,Florida A&M,DL,,,,2024,HighSchool
,257840,Jaylen Neal,Florida A&M,CB,,,,2024,HighSchool
,257841,Jeremy Fishkin,Florida A&M,IOL,,,,2024,HighSchool
,257565,Brian Williams Jr.,Jackson State,IOL,,,,2024,HighSchool
,257578,Devon Owen,Navy,S,,,,2024,HighSchool
,257563,Mason Barton,Jackson State,IOL,,,,2024,HighSchool
,257577,Chris Allen,Navy,ATH,,,,2024,HighSchool
,257562,Nahseem Deas,Bethune-Cookman,QB,,,,2024,HighSchool
,257560,Jayden Cummings,Bethune-Cookman,S,,,,2024,HighSchool
,257559,Cornelious Bass,Bethune-Cookman,LB,,,,2024,HighSchool
5220916,257408,Lincoln Philyaw,Texas State,QB,,,,2024,HighSchool
5220892,257318,Vito Shevchenko,Syracuse,OT,,,,2024,HighSchool
5220917,257409,Lars Rau,Texas State,P,,,,2024,HighSchool
5220804,257620,Max Dean,New Mexico State,P,,,,2024,HighSchool
,257557,Truth Moody,Bethune-Cookman,OT,,,,2024,HighSchool
,257556,Gabriel Cash,Bethune-Cookman,CB,,,,2024,HighSchool
,257555,Surafel Seyfu,Bethune-Cookman,IOL,,,,2024,HighSchool
5220503,257572,Matt Appel,Navy,OT,,,,2024,HighSchool
5220548,257385,Tegen Seeds,Wyoming,IOL,,,,2024,HighSchool
,257553,Melvin Puckett,Bethune-Cookman,IOL,,,,2024,HighSchool
5220555,257386,David Leonard,Wyoming,S,,,,2024,HighSchool
,257552,Jaylen Booker,Bethune-Cookman,IOL,,,,2024,HighSchool
,257550,Marquel Hambric,Central Arkansas,CB,,,,2024,HighSchool
5220550,257384,Alex Haswell,Wyoming,ATH,,,,2024,HighSchool
5220538,257574,Jackson Runyan,Navy,K,,,,2024,HighSchool
5220626,257370,Sam Wolfenden,UNLV,LS,,,,2024,HighSchool
,257548,Jerome Roberts,Sacramento State,LB,,,,2024,HighSchool
,257547,Zavien Abercrombie,Weber State,CB,,,,2024,HighSchool
,257543,Cameron Kelley,Stephen F. Austin,WR,,,,2024,HighSchool
,257542,Nicholas Perez,Stephen F. Austin,DL,,,,2024,HighSchool
,257540,Kameron Reddic,Stephen F. Austin,S,,,,2024,HighSchool
,257538,Ben Mulholland,Houston Christian,IOL,,,,2024,HighSchool
,257533,Taylen Eady,North Dakota State,CB,,,,2024,HighSchool
,257528,Exodus Anderson,Old Dominion,IOL,,,,2024,HighSchool
,257527,Zach Tomosovich,Army,OT,,,,2024,HighSchool
,257526,Tai Atunrase,Army,CB,,,,2024,HighSchool
,257570,Donovan McCoy,Jackson State,ATH,,,,2024,HighSchool
,257297,Ronald Daragjati,Miami,K,,,,2024,HighSchool
,257301,Shawn Sehra,USC,CB,,,,2024,HighSchool
,257302,Travis Leonard,USC,IOL,,,,2024,HighSchool
,257303,Brady Jung,USC,WR,,,,2024,HighSchool
,257321,Matthias Squire,West Virginia,CB,,,,2024,HighSchool
,257328,Busbee Phillips,Wake Forest,CB,,,,2024,HighSchool
,257330,Reid Watkins,Tulsa,S,,,,2024,HighSchool
,257332,Chris Jones Jr.,Louisville,DL,,,,2024,HighSchool
,257338,Caleb Northcroft,Washington State,WR,,,,2024,HighSchool
,257339,Lincoln Dunn,Boise State,WR,,,,2024,HighSchool
,257342,Jayren Dennis,Toledo,WR,,,,2024,HighSchool
,257349,Annas Davis,Arizona,DL,,,,2024,HighSchool
,257351,Tra'Jon Townsend,Colorado State,OT,,,,2024,HighSchool
,257352,Ramon Pernas,North Texas,LB,,,,2024,HighSchool
,257353,Caden Yates,North Texas,LS,,,,2024,HighSchool
,257366,Tyler Montgomery,Arkansas State,IOL,,,,2024,HighSchool
,257391,Ryan Manis,Liberty,LS,,,,2024,HighSchool
,257374,Sharvon Pierre,Troy,IOL,,,,2024,HighSchool
,257393,Marius Landsfeld,Liberty,DL,,,,2024,HighSchool
,257396,Jayvin Norman,Eastern Michigan,RB,,,,2024,HighSchool
,257397,Boogie Woods III,Georgia Southern,ATH,,,,2024,HighSchool
,257379,Jaylen Thomas,UAB,DL,,,,2024,HighSchool
,257389,Dillano Glaud,Liberty,LB,,,,2024,HighSchool
,257407,Carter Traynor,Texas State,OT,,,,2024,HighSchool
,257415,Daniel Vuckovic,Northern Illinois,P,,,,2024,HighSchool
,257417,Thomas McCoy,Marshall,WR,,,,2024,HighSchool
,257438,Mikey Crawford,Buffalo,CB,,,,2024,HighSchool
,257448,Theo Thompson,Portland State,ATH,,,,2024,HighSchool
,257452,Carter Jula,Nevada,P,,,,2024,HighSchool
,257453,Hill Greenlee,UConn,OT,,,,2024,HighSchool
,257454,Devin Cerda,Cal Poly,ATH,,,,2024,HighSchool
,257419,Aden Willis,Marshall,CB,,,,2024,HighSchool
,257422,Konner Olson,Western Kentucky,K,,,,2024,HighSchool
,257455,Aiden Hall,Cal Poly,WR,,,,2024,HighSchool
,257426,Titus Ringor,Idaho,DL,,,,2024,HighSchool
,257456,Jake Vorhees,Cal Poly,EDGE,,,,2024,HighSchool
,257427,Jacob Hohenshelt,,IOL,,,,2024,HighSchool
,257432,Nate Crosby Jr.,James Madison,RB,,,,2024,HighSchool
,257459,Terrence Guillory,,WR,,,,2024,HighSchool
,257460,Caleb Chamberlin,Air Force,S,,,,2024,HighSchool
,257461,Chase Dexter,Air Force,S,,,,2024,HighSchool
,257462,Brady Kerperin,Air Force,LB,,,,2024,HighSchool
,257463,Jack Brumbelow,Air Force,TE,,,,2024,HighSchool
,257464,Laird Hanson-Felter,Air Force,DL,,,,2024,HighSchool
,257465,Porter Nix,Air Force,IOL,,,,2024,HighSchool
,257466,Sam Rhoades,Air Force,TE,,,,2024,HighSchool
,257467,Trey Gunnings,Air Force,RB,,,,2024,HighSchool
,257468,Drake Fowler,Air Force,S,,,,2024,HighSchool
,257469,Christian Sabsook,Air Force,ATH,,,,2024,HighSchool
,257470,Max Miranda,Air Force,K,,,,2024,HighSchool
,257471,Alex Foster,Air Force,S,,,,2024,HighSchool
,257473,Parker Thompson,Air Force,QB,,,,2024,HighSchool
,257474,Matthew Peavley,Air Force,IOL,,,,2024,HighSchool
,257475,Judson Crockett,Air Force,S,,,,2024,HighSchool
,257476,Evan Medders,Air Force,QB,,,,2024,HighSchool
,257477,Isaac Stafford,Air Force,DL,,,,2024,HighSchool
,257478,Rylan Hale,Air Force,TE,,,,2024,HighSchool
,257479,Tomsen Vickery,Air Force,EDGE,,,,2024,HighSchool
,257480,Tremaine Hughes,Air Force,ATH,,,,2024,HighSchool
,257481,Aiden Kaplan,Montana State,IOL,,,,2024,HighSchool
,257482,Kory Boyd,Montana State,CB,,,,2024,HighSchool
,257483,Seth Johnson,Montana State,CB,,,,2024,HighSchool
,257484,Fernando Lecuona,South Dakota State,EDGE,,,,2024,HighSchool
,257486,Nick Bakken,South Dakota State,OT,,,,2024,HighSchool
,257487,Caden Hotz,South Dakota State,IOL,,,,2024,HighSchool
,257518,Kofi Eduful,Army,WR,,,,2024,HighSchool
,257519,CJ Reese,Army,ATH,,,,2024,HighSchool
,257520,Joey Scardina,Army,K,,,,2024,HighSchool
,257521,Evan Minjarez,Army,QB,,,,2024,HighSchool
,257522,Harrison Mass,Army,WR,,,,2024,HighSchool
,257523,Nathan Adejokun,Army,RB,,,,2024,HighSchool
,257524,Trey Morris,Army,RB,,,,2024,HighSchool
,257525,Josh Greer,Army,TE,,,,2024,HighSchool
5193305,257489,Benjamin Kienz,Kennesaw State,OT,,,,2024,HighSchool
5220498,257573,Harry Beacham III,Navy,LB,,,,2024,HighSchool
5220745,257395,Walker Andersen,UCLA,OT,,,,2024,HighSchool
5227401,257568,Keith Chisholm,Jackson State,ATH,,,,2024,HighSchool
5220661,257447,Will Holmes,Utah State,EDGE,,,,2024,HighSchool
5232716,257372,Paddy McAteer,Troy,K,,,,2024,HighSchool
5230152,257643,Kilas Francis,Grambling,DL,,,,2024,HighSchool
5226567,257504,Talan Carter,Jacksonville State,DL,,,,2024,HighSchool
5232148,257702,Braden Cain,Texas Southern,IOL,,,,2024,HighSchool
5231746,257545,Luke Ullrich,Stephen F. Austin,ATH,,,,2024,HighSchool
5226560,257503,Jaedon Hill,Jacksonville State,IOL,,,,2024,HighSchool
5224644,257774,LeRoy Lewis IV,Dayton,WR,,,,2024,HighSchool
5226085,257355,Tomas O'Halloran,East Carolina,P,,,,2024,HighSchool
5196861,257502,Jayke Jones,Jacksonville State,ATH,,,,2024,HighSchool
5193219,257430,Immanuel Ezeogu,James Madison,LB,,,,2024,HighSchool
5221090,257363,Jake Buerk,Coastal Carolina,IOL,,,,2024,HighSchool
5221096,257364,Jayden McClintock,Coastal Carolina,WR,,,,2024,HighSchool
5221088,257359,Gavin McLaughlin,Coastal Carolina,OT,,,,2024,HighSchool
5226379,257749,Finn Lappin,McNeese,P,,,,2024,HighSchool
5224665,257775,Paul Kelly,Dayton,WR,,,,2024,HighSchool
5219413,257511,Trey Tremba,Army,ATH,,,,2024,HighSchool
5221574,257491,Jaiden Kimble,Kennesaw State,ATH,,,,2024,HighSchool
5221584,257494,Benton Dunn,Kennesaw State,IOL,,,,2024,HighSchool
5221577,257493,Isaiah Williams,Kennesaw State,TE,,,,2024,HighSchool
5193566,257335,Kade Reynoldson,Duke,P,,,,2024,HighSchool
5223908,257457,Trey Wilson,Cal Poly,RB,,,,2024,HighSchool
5223175,257387,Kenny Ozowalu,UTSA,DL,,,,2024,HighSchool
5219423,257508,Jayden Walker,Army,RB,,,,2024,HighSchool
5224764,257629,Sean Wilson,Delaware,WR,,,,2024,HighSchool
5224236,257816,Carmelo O'Neal,Mercer,S,,,,2024,HighSchool
5189753,257531,Theo Bachelder,Old Dominion,OT,,,,2024,HighSchool
5224388,257672,Shane Carr,Southern Utah,WR,,,,2024,HighSchool
5224783,257631,Matthew McKinley-Daniels,Delaware,WR,,,,2024,HighSchool
5223957,257425,Matt Irwin,Idaho,S,,,,2024,HighSchool
5223981,257673,Beni Mwamba,Chattanooga,CB,,,,2024,HighSchool
5224121,257659,Corey Richardson,Austin Peay,ATH,,,,2024,HighSchool
5224237,257814,Whitt Newbauer,Mercer,QB,,,,2024,HighSchool
5224235,257818,Javarius George,Mercer,ATH,,,,2024,HighSchool
5219517,257329,Yamil Talib,Oklahoma State,EDGE,,,,2024,HighSchool
5224269,257815,Andrew Zock,Mercer,EDGE,,,,2024,HighSchool
5224011,257708,Baylor Hayes,East Tennessee State,QB,,,,2024,HighSchool
5224154,257551,Michael Wilson,Central Arkansas,RB,,,,2024,HighSchool
5193658,257362,Se'Von McDowell,Coastal Carolina,LB,,,,2024,HighSchool
5227061,257679,Jamarie Hostzclaw,Alabama State,RB,,,,2024,HighSchool
5219177,257315,Hayes Galloway,North Carolina,DL,,,,2024,HighSchool
5224089,257813,Devin Hester Jr,Furman,WR,,,,2024,HighSchool
5224094,257811,Gavin Hall,Furman,RB,,,,2024,HighSchool
5225908,257718,Mekhai Smith,Lehigh,S,,,,2024,HighSchool
5158249,257320,Alan Soukup,Minnesota,LS,,,,2024,HighSchool
5220532,257587,Bryce Rothwell,Navy,TE,,,,2024,HighSchool
5224443,257830,Carson Sloan,Samford,LB,,,,2024,HighSchool
5224787,257627,Skyler Sholder,Delaware,K,,,,2024,HighSchool
5158225,257371,Caleb Ash,Troy,OT,,,,2024,HighSchool
5225820,257825,Sean Kinney,Lafayette,IOL,,,,2024,HighSchool
5219189,257327,JP Schrieber,Cincinnati,IOL,,,,2024,HighSchool
5194801,257529,Dirrick Goodman,Old Dominion,LB,,,,2024,HighSchool
5225509,257668,Isaiah Johnson,Western Carolina,WR,,,,2024,HighSchool
5219442,257509,Everett Champlin,Army,OT,,,,2024,HighSchool
5225611,257689,Isaiah Scott,Wofford,WR,,,,2024,HighSchool
5220126,257340,James Roe,Toledo,LS,,,,2024,HighSchool
5225616,257688,Darius Malcolm Jr.,Wofford,CB,,,,2024,HighSchool
5225744,257729,Trey Lisle,Southeast Missouri State,EDGE,,,,2024,HighSchool
5225460,257648,Samuel Hunsaker,Northern Arizona,K,,,,2024,HighSchool
5225848,257549,Ardwon Morris,Sacramento State,RB,,,,2024,HighSchool
5225939,257651,Sanders Ellis,Tennessee State,LB,,,,2024,HighSchool
5225888,257535,Reed Chandley,Houston Christian,P,,,,2024,HighSchool
5225872,257536,Tyran Chappell,Houston Christian,CB,,,,2024,HighSchool
5226267,257790,Zyheem Collick,Bryant,WR,,,,2024,HighSchool
5225883,257537,TJ Smith,Houston Christian,LB,,,,2024,HighSchool
5228002,257534,Jackson Williams,North Dakota State,WR,,,,2024,HighSchool
5226466,257735,Richard Kramer,Hampton,DL,,,,2024,HighSchool
5197086,257431,Sahir West,James Madison,LB,,,,2024,HighSchool
5226523,257671,Miequle Brock Jr.,Nicholls,RB,,,,2024,HighSchool
5153738,257660,Jase Skoglund,Austin Peay,TE,,,,2024,HighSchool
5226511,257785,Gary Givens III,Valparaiso,WR,,,,2024,HighSchool
5226673,257722,Jaeden Jones,Monmouth,S,,,,2024,HighSchool
5194659,257444,James McNeil Jr.,Buffalo,ATH,,,,2024,HighSchool
5226886,257416,Treaden Henry,Marshall,OT,,,,2024,HighSchool
5194658,257441,Bobby Mays,Buffalo,WR,,,,2024,HighSchool
5226770,257802,Tre Mittman,North Carolina A&T,S,,,,2024,HighSchool
5226926,257736,Alfred Thomas,Towson,LB,,,,2024,HighSchool
5226921,257738,Jasin Shiggs,Towson,S,,,,2024,HighSchool
5226879,257598,Carter Ladd,Harvard,TE,,,,2024,HighSchool
5231178,257794,Eric Etienne,Norfolk State,DL,,,,2024,HighSchool
5226903,257696,Sebastian Regis,Stony Brook,DL,,,,2024,HighSchool
5226927,257742,Terrance Sands,Towson,WR,,,,2024,HighSchool
4583952,257539,Elijah Harris,Houston Christian,RB,,,,2024,HighSchool
5226866,257601,Kieran Corr,Harvard,K,,,,2024,HighSchool
5226859,257604,Maddux Reid,Harvard,RB,,,,2024,HighSchool
5219167,257313,Andres Miyares Jr.,North Carolina,QB,,,,2024,HighSchool
5109865,257492,Terrence Curtis,Kennesaw State,CB,,,,2024,HighSchool
5227212,257713,Ja'Quavion Smith,Howard,LB,,,,2024,HighSchool
5227231,257716,KD Mosley,Howard,TE,,,,2024,HighSchool
5227461,257608,AJ Pigford,Princeton,EDGE,,,,2024,HighSchool
5227209,257715,Anthony Reagan Jr.,Howard,ATH,,,,2024,HighSchool
5194642,257443,Jacari Bennett,Buffalo,LB,,,,2024,HighSchool
5227709,257698,Matt Lawson,Illinois State,RB,,,,2024,HighSchool
5227659,257806,Drey Braxton,North Carolina Central,CB,,,,2024,HighSchool
5235453,257319,Davien Kerr,Syracuse,ATH,,,,2024,HighSchool
5221583,257495,Jose Balver-Mendoza,Kennesaw State,OT,,,,2024,HighSchool
5227913,257750,Delvon Gulley,Alabama A&M,CB,,,,2024,HighSchool
5227843,257485,Jack Stevens,South Dakota State,K,,,,2024,HighSchool
5228041,257350,Carson Kolb,Oregon State,LB,,,,2024,HighSchool
5226453,257733,Brennan Ridley,Hampton,WR,,,,2024,HighSchool
5228113,257326,Easton Bonnett,South Florida,LS,,,,2024,HighSchool
5156386,257433,Ronald Hull,Akron,DL,,,,2024,HighSchool
5227946,257624,Mikey Munn,South Dakota,CB,,,,2024,HighSchool
5228123,257368,Londen Taylor,Southern Miss,LS,,,,2024,HighSchool
5228126,257369,Ray Daly Jr,Southern Miss,WR,,,,2024,HighSchool
5240138,257472,Jonah Bowman,Air Force,LB,,,,2024,HighSchool
5228202,257323,Mikey Preston,West Virginia,S,,,,2024,HighSchool
4880664,257558,Verron Clarke,Bethune-Cookman,IOL,,,,2024,HighSchool
5228212,257322,Aiden Ellis,West Virginia,IOL,,,,2024,HighSchool
5228124,257367,Hayden Breal,Southern Miss,IOL,,,,2024,HighSchool
5228152,257337,Connor Calvert,Washington State,K,,,,2024,HighSchool
5221569,257490,Lucas Scheerhorn,Kennesaw State,QB,,,,2024,HighSchool
5220473,257575,Jackson Gutierrez,Navy,ATH,,,,2024,HighSchool
5226949,257757,David Avit,Villanova,RB,,,,2024,HighSchool
5194641,257442,Demetrius Ballard,Buffalo,DL,,,,2024,HighSchool
5228807,257756,D'Angelo Mayes,New Mexico,WR,,,,2024,HighSchool
5229265,257820,Luke Rives,Dartmouth,WR,,,,2024,HighSchool
5228838,257541,Cannon Lemberg,Stephen F. Austin,ATH,,,,2024,HighSchool
5228817,257544,Clayton Wayland,Stephen F. Austin,WR,,,,2024,HighSchool
5219156,257325,Connor Cameron,Arizona State,IOL,,,,2024,HighSchool
5229438,257309,Kenyatta Hardge II,Kentucky,DL,,,,2024,HighSchool
5228794,257755,Elijah Brody,New Mexico,QB,,,,2024,HighSchool
5229947,257546,Davion Godley,Weber State,RB,,,,2024,HighSchool
5229572,257554,Dennis Palmer,Bethune-Cookman,RB,,,,2024,HighSchool
5229557,257609,Randall King,Campbell,WR,,,,2024,HighSchool
5229997,257745,Cam Chapa,Northern Colorado,S,,,,2024,HighSchool
5230036,257799,Kyon Conyers,Long Island University,S,,,,2024,HighSchool
5230033,257797,Marshall Washington Jr.,Long Island University,CB,,,,2024,HighSchool
5224092,257812,Riley Smith,Furman,LS,,,,2024,HighSchool
5219405,257510,Aden Self,Army,WR,,,,2024,HighSchool
5219409,257517,Cole Searight,Army,ATH,,,,2024,HighSchool
5220031,257439,Dylan Drennan,Buffalo,P,,,,2024,HighSchool
5227400,257564,Travis Terrell Jr.,Jackson State,CB,,,,2024,HighSchool
5219467,257516,Grayson Baker,Army,TE,,,,2024,HighSchool
5197048,257428,Treyvon Adams,James Madison,DL,,,,2024,HighSchool
5219446,257507,Ben Britton,Army,DL,,,,2024,HighSchool
5196845,257357,DeQuinder Williams II,Charlotte,CB,,,,2024,HighSchool
5220785,257618,TJ Pride,New Mexico State,WR,,,,2024,HighSchool
5226561,257498,Ryland Bragg,Jacksonville State,IOL,,,,2024,HighSchool
5197123,257377,Nate Rogers,UAB,RB,,,,2024,HighSchool
5219037,257299,Austin Chambers,Auburn,DL,,,,2024,HighSchool
5194646,257440,Tyrone Davis,Buffalo,OT,,,,2024,HighSchool
5219054,257298,Nick McLarty,Ohio State,P,,,,2024,HighSchool
5197096,257450,Nehemiah Burleson,Nevada,EDGE,,,,2024,HighSchool
5196929,257361,Keenen Hatcher,Coastal Carolina,DL,,,,2024,HighSchool
5226568,257505,Jawaun Campbell,Jacksonville State,DL,,,,2024,HighSchool
5226221,257842,Deuce Oliver,Florida A&M,WR,,,,2024,HighSchool
5198261,257500,Jamal Siler,Jacksonville State,IOL,,,,2024,HighSchool
5194665,257497,Keith Sarkodieh,Massachusetts,CB,,,,2024,HighSchool
5219233,257434,Sam Keltner,SMU,K,,,,2024,HighSchool
5194677,257406,Garrett Dial,Kent State,WR,,,,2024,HighSchool
5194656,257420,Miller Malone,Western Kentucky,LB,,,,2024,HighSchool
5194687,257413,Dashaun Gibson,Northern Illinois,CB,,,,2024,HighSchool
5219471,257515,Noah Prior,Army,TE,,,,2024,HighSchool
5219484,257356,Aiden Martinez,Charlotte,IOL,,,,2024,HighSchool
5194315,257404,Sultan Badmus,Temple,EDGE,,,,2024,HighSchool
5219725,257345,Patrick Durkin,Tulane,K,,,,2024,HighSchool
5219720,257344,Ethan Head,Tulane,K,,,,2024,HighSchool
5219874,257400,Giakoby Hills,Temple,IOL,,,,2024,HighSchool
5223988,257674,Amanuel Dickson,Chattanooga,LB,,,,2024,HighSchool
5194653,257445,Adam Kaminski,Central Michigan,DL,,,,2024,HighSchool
5194631,257421,Damari Jefferson,Western Kentucky,WR,,,,2024,HighSchool
5194645,257424,Jaden Copening,Bowling Green,RB,,,,2024,HighSchool
5193652,257360,Geajorm Akpaloo,Coastal Carolina,LB,,,,2024,HighSchool
5220016,257316,Robert Shockey,NC State,QB,,,,2024,HighSchool
5234751,257704,Kordell Rodgers,Texas Southern,TE,,,,2024,HighSchool
5219877,257402,Shane Toolan,Temple,OT,,,,2024,HighSchool
5194317,257403,Cameron Jones,Temple,EDGE,,,,2024,HighSchool
5220245,257383,David Applewhite,UL Monroe,IOL,,,,2024,HighSchool
5220260,257390,Cesar Carrasco,Liberty,WR,,,,2024,HighSchool
5193215,257399,Franklin Baret Jr.,App State,WR,,,,2024,HighSchool
5197155,257334,Liam Dougherty,Houston,P,,,,2024,HighSchool
5224217,257595,Marcus Calwise Jr.,Eastern Kentucky,WR,,,,2024,HighSchool
5220326,257373,Tyrek Thompson,Troy,S,,,,2024,HighSchool
5220265,257392,Jon Montiero,Liberty,WR,,,,2024,HighSchool
5225902,257719,Hayden Johnson,Lehigh,QB,,,,2024,HighSchool
5193272,257423,Rico Steele,Bowling Green,IOL,,,,2024,HighSchool
5221063,257365,Jaxson Dunn,Arkansas State,P,,,,2024,HighSchool
5219931,257414,Romelo Ware,Northern Illinois,RB,,,,2024,HighSchool
5225778,257677,Caiden Newsome,Holy Cross,CB,,,,2024,HighSchool
5226550,257499,Khristian Lando,Jacksonville State,RB,,,,2024,HighSchool
5225537,257761,Terrence Jones II,Fordham,CB,,,,2024,HighSchool
184812,257458,Calvin Moore,Cal Poly,CB,,,,2024,HighSchool
5225792,257675,Alijah Cason,Holy Cross,WR,,,,2024,HighSchool
5226555,257501,Walter Reddick,Jacksonville State,EDGE,,,,2024,HighSchool
5193212,257429,JaKobe Campbell,James Madison,IOL,,,,2024,HighSchool
5219235,257435,Jackson Waller,SMU,P,,,,2024,HighSchool
5225779,257676,Lathan Croley,Holy Cross,LB,,,,2024,HighSchool
5295419,257584,Connor Young,Navy,DL,,,,2024,HighSchool
5229593,257561,Dairo Melendez,Bethune-Cookman,DL,,,,2024,HighSchool
5193653,257358,Jayden Bryant,Coastal Carolina,EDGE,,,,2024,HighSchool
