athleteId,id,name,committedTo,position,stars,rating,ranking,year,recruitType
4685415,113544,Travis Hunter,Jackson State,CB,5,0.9999,1,2022,HighSchool
,255783,Samuel Dankah,East Carolina,LB,3,0.8478,1,2022,HighSchool
,255780,Oumar Conde,Central Michigan,EDGE,3,0.8219,2,2022,HighSchool
4685503,113545,Walter Nolen,Texas A&M,DL,5,0.9997,2,2022,HighSchool
4685278,113546,Luther Burden III,Missouri,WR,5,0.9974,3,2022,HighSchool
,255805,TJ Urban,Wyoming,S,3,0.8206,3,2022,HighSchool
4685623,113547,Mykel Williams,Georgia,DL,5,0.9958,4,2022,HighSchool
,255769,Red Murdock,Buffalo,LB,3,0.8141,5,2022,HighSchool
,113548,Domani Jackson,USC,CB,5,0.9952,5,2022,HighSchool
,255729,Cade Anders,Duke,TE,3,0.8115,6,2022,HighSchool
4685413,113549,Cade Klubnik,Clemson,QB,5,0.9951,6,2022,HighSchool
4685372,113550,C.J. Hicks,Ohio State,LB,5,0.9948,7,2022,HighSchool
4684939,255731,Antonio Robinson,Marshall,WR,3,0.8104,7,2022,HighSchool
4685502,113551,Harold Perkins Jr.,LSU,LB,5,0.9948,8,2022,HighSchool
,256069,Eli Brickhandler,North Carolina A&T,QB,3,0.8,8,2022,HighSchool
,255931,Cade Ledesma,Idaho,WR,2,0.79,9,2022,HighSchool
,255881,Jacquon Gibson,Massachusetts,WR,2,0.79,9,2022,HighSchool
4685562,113552,Shemar Stewart,Texas A&M,DL,5,0.9945,9,2022,HighSchool
5081977,113553,DJ Campbell,Texas,IOL,5,0.9944,10,2022,HighSchool
,255790,Tavin Ward,South Florida,CB,2,0.7883,11,2022,HighSchool
4685565,113554,Evan Stewart,Texas A&M,WR,5,0.994,11,2022,HighSchool
5081807,113555,Sonny Styles,Ohio State,S,5,0.9937,12,2022,HighSchool
,255794,Denzel Mountali,UConn,TE,2,0.78,12,2022,HighSchool
5081423,113556,Zach Rice,North Carolina,OT,5,0.9937,13,2022,HighSchool
4870960,113557,LT Overton,Texas A&M,DL,5,0.9932,14,2022,HighSchool
160900,113558,Will Johnson,Michigan,CB,5,0.9924,15,2022,HighSchool
4685326,113559,Josh Conerly Jr.,Oregon,OT,5,0.9918,16,2022,HighSchool
4685273,113560,Gabriel Brownlow-Dindy,Texas A&M,DL,5,0.9913,17,2022,HighSchool
4685243,113561,Jeremiah Alexander,Alabama,EDGE,5,0.9911,18,2022,HighSchool
4685530,113562,Malaki Starks,Georgia,ATH,5,0.9905,19,2022,HighSchool
4685551,113563,Travis Shaw,North Carolina,DL,5,0.99,20,2022,HighSchool
4685287,113564,Jihaad Campbell,Alabama,EDGE,5,0.9899,21,2022,HighSchool
4685574,113565,Conner Weigman,Texas A&M,QB,5,0.9899,22,2022,HighSchool
4685388,113566,Denver Harris,Texas A&M,CB,5,0.9889,23,2022,HighSchool
4685425,113567,Marvin Jones Jr.,Georgia,EDGE,5,0.9887,24,2022,HighSchool
,113568,Chris Marshall,Texas A&M,WR,5,0.9885,25,2022,HighSchool
4685522,113569,Ty Simpson,Alabama,QB,5,0.9883,26,2022,HighSchool
4685525,113570,Jaheim Singletary,Georgia,CB,5,0.9878,27,2022,HighSchool
4685327,113571,Daylen Everette,Georgia,CB,5,0.9874,28,2022,HighSchool
4685315,113572,Dani Dennis-Sutton,Penn State,DL,5,0.9869,29,2022,HighSchool
4685444,113573,Jeadyn Lukus,Clemson,CB,5,0.986,30,2022,HighSchool
4685555,113574,Nick Singleton,Penn State,RB,5,0.986,31,2022,HighSchool
4714771,113575,Drew Allar,Penn State,QB,5,0.9852,32,2022,HighSchool
4685260,113576,Kelvin Banks Jr.,Texas,OT,5,0.9842,33,2022,HighSchool
4685527,113577,Jaylen Sneed,Notre Dame,LB,5,0.9835,34,2022,HighSchool
4691138,113578,Aaron Anderson,Alabama,WR,4,0.9832,35,2022,HighSchool
4685298,113579,Will Campbell,LSU,OT,4,0.983,36,2022,HighSchool
4685519,113580,Elijah Pritchett,Alabama,OT,4,0.9825,37,2022,HighSchool
4691786,113581,Kiyaunta Goodwin,Kentucky,OT,4,0.9823,38,2022,HighSchool
4685465,113582,Jacoby Mathews,Texas A&M,S,4,0.9817,39,2022,HighSchool
4685391,113583,Walker Howard,LSU,QB,4,0.9809,40,2022,HighSchool
4685381,113584,Emmanuel Henderson Jr.,Alabama,RB,4,0.9809,41,2022,HighSchool
,113585,Raleek Brown,USC,RB,4,0.9808,42,2022,HighSchool
4695709,113586,Devin Brown,Ohio State,QB,4,0.9808,43,2022,HighSchool
4685625,113587,Kamari Wilson,Florida,S,4,0.9807,44,2022,HighSchool
4685360,113588,Earnest Greene III,Georgia,IOL,4,0.9805,45,2022,HighSchool
4685597,113589,Jalon Walker,Georgia,LB,4,0.9803,46,2022,HighSchool
4685611,113590,Enai White,Texas A&M,EDGE,4,0.9802,47,2022,HighSchool
4685471,113591,Sam McCall,Florida State,S,4,0.9791,48,2022,HighSchool
4685461,113592,Derrick Moore,Michigan,DL,4,0.9789,49,2022,HighSchool
4685244,113593,Bear Alexander,Georgia,DL,4,0.9782,50,2022,HighSchool
4685472,113594,Tetairoa McMillan,Arizona,WR,4,0.9779,51,2022,HighSchool
4808839,113595,Isaiah Bond,Alabama,ATH,4,0.9773,52,2022,HighSchool
4685491,113596,Xavier Nwankpa,Iowa,S,4,0.9773,53,2022,HighSchool
4685307,113597,Kevin Coleman Jr.,Jackson State,WR,4,0.9773,54,2022,HighSchool
4685510,113598,Kaden Saunders,Penn State,WR,4,0.977,55,2022,HighSchool
4685516,113599,Shazz Preston,Alabama,WR,4,0.9768,56,2022,HighSchool
4685263,113600,Tyler Booker,Alabama,OT,4,0.9766,57,2022,HighSchool
4685282,113601,Zion Branch,USC,S,4,0.9758,58,2022,HighSchool
4685442,113602,Anthony Lucas,Texas A&M,DL,4,0.9757,59,2022,HighSchool
5081821,113603,Kenyatta Jackson Jr.,Ohio State,EDGE,4,0.9748,60,2022,HighSchool
5081432,113604,Antonio Williams,Clemson,WR,4,0.9731,61,2022,HighSchool
4713489,113605,Branson Robinson,Georgia,RB,4,0.9729,62,2022,HighSchool
4685236,113606,Omari Abor,Ohio State,EDGE,4,0.9724,63,2022,HighSchool
4685332,113607,Kam Dewberry,Texas A&M,IOL,4,0.9723,64,2022,HighSchool
4685505,113608,Khurtiss Perry,Alabama,DL,4,0.9722,65,2022,HighSchool
4685248,113609,David Bailey,Stanford,EDGE,4,0.9718,66,2022,HighSchool
4685400,113610,Shemar James,Florida,LB,4,0.9715,67,2022,HighSchool
5086239,113611,Smoke Bouie,Texas A&M,S,4,0.9712,68,2022,HighSchool
4685593,113612,PJ Williams,Texas A&M,OT,4,0.9711,69,2022,HighSchool
4685475,113613,Cyrus Moss,Miami,EDGE,4,0.971,70,2022,HighSchool
4685487,113614,Jehiem Oatis,Alabama,DL,4,0.971,71,2022,HighSchool
4685500,113615,Shawn Murphy,Alabama,LB,4,0.9709,72,2022,HighSchool
5085024,113616,CJ Williams,USC,WR,4,0.9706,73,2022,HighSchool
4685364,113617,Andre Greene Jr.,North Carolina,WR,4,0.9704,74,2022,HighSchool
4685439,113618,Dasan McCullough,Indiana,EDGE,4,0.9701,75,2022,HighSchool
4702756,113619,Quency Wiggins,LSU,DL,4,0.9695,76,2022,HighSchool
4685255,113620,Bryce Anderson,Texas A&M,S,4,0.9691,77,2022,HighSchool
4869965,113621,Kobe Prentice,Alabama,WR,4,0.9687,78,2022,HighSchool
4685283,113622,Kaleb Brown,Ohio State,WR,4,0.9684,79,2022,HighSchool
4698598,113623,Toriano Pride Jr.,Clemson,CB,4,0.9673,80,2022,HighSchool
4685412,113624,Julio Humphrey,Georgia,CB,4,0.9655,81,2022,HighSchool
4685470,113625,Le'Veon Moss,Texas A&M,RB,4,0.9652,82,2022,HighSchool
,113626,Terrance Brooks,Texas,CB,4,0.9642,83,2022,HighSchool
4685507,113627,Keon Sabb,Michigan,S,4,0.9638,84,2022,HighSchool
4685276,113628,Joe Brunner,Wisconsin,OT,4,0.9633,85,2022,HighSchool
4685441,113629,Kendrick Law,Alabama,ATH,4,0.9629,86,2022,HighSchool
4685477,113630,Jam Miller,Alabama,RB,4,0.9628,87,2022,HighSchool
4688541,113631,Kyion Grayes,Ohio State,WR,4,0.9627,88,2022,HighSchool
4685596,113632,Azareye'h Thomas,Florida State,ATH,4,0.9609,89,2022,HighSchool
4726151,113633,Nyjalik Kelly,Miami,DL,4,0.9609,90,2022,HighSchool
4685737,113634,Neto Umeozulu,Texas,IOL,4,0.9599,91,2022,HighSchool
4685409,113635,Jordan Hudson,TCU,WR,4,0.9595,92,2022,HighSchool
4685616,113636,Gentry Williams,Oklahoma,CB,4,0.959,93,2022,HighSchool
4685572,113637,Malick Sylla,Texas A&M,EDGE,4,0.959,94,2022,HighSchool
4685414,113638,Jake Johnson,Texas A&M,TE,4,0.9587,95,2022,HighSchool
4685272,113639,Lander Barton,Utah,LB,4,0.9587,96,2022,HighSchool
4698597,113640,Barion Brown,Kentucky,WR,4,0.9586,97,2022,HighSchool
4685545,113641,Gavin Sawchuk,Oklahoma,RB,4,0.9583,98,2022,HighSchool
4685494,113642,George Pettaway,North Carolina,RB,4,0.9582,99,2022,HighSchool
4702559,113643,Oscar Delp,Georgia,TE,4,0.9577,100,2022,HighSchool
4685511,113644,Gabe Powers,Ohio State,LB,4,0.9563,101,2022,HighSchool
4685560,113645,Jaleel Skinner,Miami,TE,4,0.9562,102,2022,HighSchool
4685479,113646,Christen Miller,Georgia,DL,4,0.956,103,2022,HighSchool
4685558,113647,Tegra Tshabola,Ohio State,OT,4,0.9557,104,2022,HighSchool
5086240,113648,Donovan Green,Texas A&M,TE,4,0.9554,105,2022,HighSchool
4685437,113649,Earl Little Jr.,Alabama,CB,4,0.9552,106,2022,HighSchool
4685575,113650,J'Mond Tapp,Texas,EDGE,4,0.9551,107,2022,HighSchool
4685293,113651,TreVonte' Citizen,Miami,RB,4,0.955,108,2022,HighSchool
4685299,113652,Joshua Burnham,Notre Dame,LB,4,0.955,109,2022,HighSchool
4685736,113653,Emery Jones Jr.,LSU,IOL,4,0.9549,110,2022,HighSchool
4685950,113654,Adam Randall,Clemson,WR,4,0.9549,111,2022,HighSchool
4685564,113655,Aamil Wagner,Notre Dame,OT,4,0.9548,112,2022,HighSchool
4820574,113656,Chris McClellan,Florida,DL,4,0.9536,113,2022,HighSchool
4685371,113657,Marquis Groves-Killebrew,Texas A&M,CB,4,0.9535,114,2022,HighSchool
4685269,113658,Jovantae Barnes,Oklahoma,RB,4,0.9532,115,2022,HighSchool
4685331,113659,Justice Finkley,Texas,EDGE,4,0.9531,116,2022,HighSchool
4685351,113660,Tre'Quon Fegans,Alabama,CB,4,0.953,117,2022,HighSchool
4685531,113661,Khamauri Rogers,Miami,CB,4,0.9525,118,2022,HighSchool
4685266,113662,Jaishawn Barham,Maryland,LB,4,0.9519,119,2022,HighSchool
4685341,113663,Tyson Ford,Notre Dame,DL,4,0.9516,120,2022,HighSchool
4685476,113664,Tobias Merriweather,Notre Dame,WR,4,0.9512,121,2022,HighSchool
4685554,113665,Drew Shelton,Penn State,OT,4,0.9512,122,2022,HighSchool
4685324,113666,Caden Curry,Ohio State,EDGE,4,0.9506,123,2022,HighSchool
4685578,113667,Gunner Stockton,Georgia,QB,4,0.9506,124,2022,HighSchool
4685241,113668,BJ Allen Jr.,Texas,S,4,0.9505,125,2022,HighSchool
4685517,113669,Talyn Shettron,Oklahoma State,WR,4,0.9505,126,2022,HighSchool
4685608,113670,Laterrance Welch,LSU,CB,4,0.9503,127,2022,HighSchool
4685355,113671,Aaron Graves,Iowa,DL,4,0.9503,128,2022,HighSchool
4868356,113672,Hero Kanu,Ohio State,DL,4,0.9502,129,2022,HighSchool
4820584,113673,Robert Spears-Jennings,Oklahoma,S,4,0.9483,130,2022,HighSchool
4685553,113674,Brenen Thompson,Texas,WR,4,0.9476,131,2022,HighSchool
4685284,113675,Caleb Burton III,Ohio State,WR,4,0.9465,132,2022,HighSchool
4685464,113676,Tyler Morris,Michigan,WR,4,0.9462,133,2022,HighSchool
4685382,113677,Omarion Hampton,North Carolina,RB,4,0.9456,134,2022,HighSchool
4685599,113678,C.J. Washington,Georgia,LB,4,0.9441,135,2022,HighSchool
4568317,113679,Zxavian Harris,Ole Miss,DL,4,0.9434,136,2022,HighSchool
5080703,113680,Isaiah Sategna,Arkansas,WR,4,0.9432,137,2022,HighSchool
4685550,113681,Jake Taylor,Oklahoma,OT,4,0.9431,138,2022,HighSchool
4685404,113682,Sam Horn,Missouri,QB,4,0.9429,139,2022,HighSchool
4685399,113683,Devon Jackson,Oregon,LB,4,0.9428,140,2022,HighSchool
4685604,113684,Robert Woodyard Jr.,Auburn,LB,4,0.9425,141,2022,HighSchool
4726007,113685,Marquis Gracial,Missouri,DL,4,0.9422,142,2022,HighSchool
4685485,113686,Addison Nichols,Tennessee,IOL,4,0.9422,143,2022,HighSchool
4685297,113687,Darrius Clemons,Michigan,WR,4,0.9422,144,2022,HighSchool
4685584,113688,Jalil Tucker,Oregon,CB,4,0.9417,145,2022,HighSchool
4869534,113689,Amari Niblack,Alabama,ATH,4,0.9416,146,2022,HighSchool
5081058,113690,Marcus Washington,Georgia,CB,4,0.9412,147,2022,HighSchool
4685314,113691,Sebastian Cheeks,North Carolina,LB,4,0.9406,148,2022,HighSchool
4685549,113692,Billy Schrauth,Notre Dame,IOL,4,0.9402,149,2022,HighSchool
4870876,113693,Kyler Kasper,Oregon,WR,4,0.9401,150,2022,HighSchool
4685256,113694,Kojo Antwi,Ohio State,WR,4,0.94,151,2022,HighSchool
4685242,113695,Julian Armella,Florida State,IOL,4,0.9395,152,2022,HighSchool
4685538,113696,Collin Sadler,Clemson,OT,4,0.9394,153,2022,HighSchool
4685308,113697,Ernest Cooper IV,Stanford,DL,4,0.9391,154,2022,HighSchool
4685246,113698,Kaytron Allen,Penn State,RB,4,0.9385,155,2022,HighSchool
4877034,113699,Jaren Kanak,Oklahoma,ATH,4,0.9378,156,2022,HighSchool
4880351,113700,Jahlil Florence,Oregon,CB,4,0.9377,157,2022,HighSchool
,113701,Joey Tanona,Notre Dame,OT,4,0.9377,158,2022,HighSchool
5081702,113702,Junior Tuihalamaka,Notre Dame,LB,4,0.9373,159,2022,HighSchool
4685375,113703,Jaylon Guilbeau,Texas,CB,4,0.9365,160,2022,HighSchool
4808749,113704,Chris Graves Jr.,Miami,ATH,4,0.9365,161,2022,HighSchool
4832035,113705,Davison Igbinosun,Ole Miss,CB,4,0.9363,162,2022,HighSchool
4708355,113706,Darris Smith,Georgia,EDGE,4,0.9352,163,2022,HighSchool
4685448,113707,Kobie McKinzie,Oklahoma,LB,4,0.9341,164,2022,HighSchool
4685609,113708,Tyre West,Tennessee,DL,4,0.9341,165,2022,HighSchool
4717697,113709,DJ Wesolak,Missouri,EDGE,4,0.9338,166,2022,HighSchool
4708488,113710,Antonio Kite,Alabama,ATH,4,0.9337,167,2022,HighSchool
4703026,113711,Aiden Gobaira,Notre Dame,EDGE,4,0.9332,168,2022,HighSchool
4685518,113712,Kamari Ramsey,UCLA,S,4,0.9322,169,2022,HighSchool
4685418,113713,Tavorus Jones,Missouri,RB,4,0.9319,170,2022,HighSchool
4794102,113714,Zeke Berry,Michigan,S,4,0.9313,171,2022,HighSchool
4755664,113715,Nick Evers,Oklahoma,QB,4,0.9312,172,2022,HighSchool
4831959,113716,Eli Raridon,Notre Dame,TE,4,0.931,173,2022,HighSchool
4717429,113717,Jaray Bledsoe,Texas,DL,4,0.9307,174,2022,HighSchool
4685691,113718,Brady Allen,Purdue,QB,4,0.9306,175,2022,HighSchool
4685334,113719,AJ Duffy,Florida State,QB,4,0.9306,176,2022,HighSchool
4685384,113720,Carson Hinzman,Ohio State,IOL,4,0.93,177,2022,HighSchool
4685567,113721,Moses Walker,Rutgers,LB,4,0.9297,178,2022,HighSchool
,113722,Maalik Murphy,Texas,QB,4,0.9292,179,2022,HighSchool
4685618,113723,Popeye Williams,Louisville,EDGE,4,0.9292,180,2022,HighSchool
4713358,113724,Jayden Gibson,Oklahoma,WR,4,0.9288,181,2022,HighSchool
4685337,113725,Mehki Flowers,Penn State,ATH,4,0.9288,182,2022,HighSchool
4685524,113726,JD Rhym,Auburn,CB,4,0.9286,183,2022,HighSchool
4685264,113727,Chace Biddle,TCU,S,4,0.9282,184,2022,HighSchool
4705474,113728,Tyreese Fearbry,Kentucky,EDGE,4,0.9281,185,2022,HighSchool
4794108,113729,Austin Ausberry,Auburn,CB,4,0.9275,186,2022,HighSchool
4869585,113730,Trevion Williams,Mississippi State,DL,4,0.9274,187,2022,HighSchool
4685275,113731,Wesley Bissainthe,Miami,LB,4,0.9274,188,2022,HighSchool
4685595,113732,Jaron Willis,Ole Miss,EDGE,4,0.9268,189,2022,HighSchool
4685350,113733,Trevor Etienne,Florida,RB,4,0.9261,190,2022,HighSchool
4685392,113734,Dave Iuli,Oregon,IOL,4,0.9238,191,2022,HighSchool
,113735,Jyaire Brown,Ohio State,CB,4,0.9237,192,2022,HighSchool
4685547,113736,Bobby Taylor,Texas A&M,CB,4,0.9233,193,2022,HighSchool
4685290,113737,Tychaun Chapman,North Carolina,WR,4,0.9233,194,2022,HighSchool
4685279,113738,Jaydon Blue,Texas,RB,4,0.9226,195,2022,HighSchool
4685397,113739,Jordan James,Oregon,RB,4,0.9224,196,2022,HighSchool
4685606,113740,Keaten Wade,Kentucky,LB,4,0.9222,197,2022,HighSchool
4801307,113741,Tayven Jackson,Tennessee,QB,4,0.9221,198,2022,HighSchool
4685376,113742,Mali Hamrick,North Carolina,EDGE,4,0.9208,199,2022,HighSchool
4685561,113743,Alex VanSumeren,Michigan State,DL,4,0.9207,200,2022,HighSchool
4685512,113744,Jadarian Price,Notre Dame,RB,4,0.9207,201,2022,HighSchool
5081394,113745,James Pearce Jr.,Tennessee,EDGE,4,0.9205,202,2022,HighSchool
5081171,113746,Isaac Thompson,Missouri,S,4,0.9205,203,2022,HighSchool
4794109,113747,DeMario Tolan,LSU,LB,4,0.9204,204,2022,HighSchool
5081433,113748,Sherrod Covil,Clemson,S,4,0.9202,205,2022,HighSchool
4685387,113749,Tayon Holloway,North Carolina,CB,4,0.9192,206,2022,HighSchool
4833355,113750,Nic Scourton,Purdue,DL,4,0.9191,207,2022,HighSchool
5081450,113751,Blake Miller,Clemson,OT,4,0.9187,208,2022,HighSchool
4685569,113752,Caden Story,Clemson,DL,4,0.9184,209,2022,HighSchool
4701936,113753,Matthew Golden,Houston,WR,4,0.9181,210,2022,HighSchool
4685601,113754,Armani Winfield,Baylor,WR,4,0.9178,211,2022,HighSchool
4685445,113755,Rayshon Luke,Arizona,RB,4,0.9178,212,2022,HighSchool
4685570,113756,Jacolby Spells,West Virginia,CB,4,0.9175,213,2022,HighSchool
4685249,113757,Jacob Allen,Rutgers,IOL,4,0.9173,214,2022,HighSchool
4795295,113758,Katin Houser,Michigan State,QB,4,0.917,215,2022,HighSchool
4870843,113759,Theo Melin Ohrstrom,Texas A&M,TE,4,0.9162,216,2022,HighSchool
4685474,113760,Jaden Mickey,Notre Dame,CB,4,0.916,217,2022,HighSchool
4685416,113761,Shaleak Knotts,Maryland,WR,4,0.9157,218,2022,HighSchool
4900374,113762,Isaiah Hastings,Alabama,DL,4,0.9155,219,2022,HighSchool
4685259,113763,Tanner Bailey,South Carolina,QB,4,0.9154,220,2022,HighSchool
4685483,113764,Keenan Nelson Jr.,South Carolina,S,4,0.9152,221,2022,HighSchool
4896353,113765,Jimmy Rolder,Michigan,LB,4,0.9151,222,2022,HighSchool
4685711,113766,Ty Chan,Notre Dame,OT,4,0.915,223,2022,HighSchool
4685352,113767,Gunner Givens,Virginia Tech,DL,4,0.9148,224,2022,HighSchool
4685396,113768,Anthony Ivey,Penn State,WR,4,0.9146,225,2022,HighSchool
4685380,113769,Mo Horn,Texas Tech,ATH,4,0.9145,226,2022,HighSchool
,113770,TJ Dottery,Clemson,LB,4,0.9143,227,2022,HighSchool
4685342,113771,Cristian Driver,Penn State,S,4,0.9142,228,2022,HighSchool
4701593,113772,Mojo Dortch,Mississippi State,WR,4,0.9141,229,2022,HighSchool
4685628,113773,Deshawn Woods,Wyoming,IOL,4,0.914,230,2022,HighSchool
4711421,113774,CJ Smith,Georgia,WR,4,0.9135,231,2022,HighSchool
4685534,113775,Myles Rowser,Campbell,S,4,0.9134,232,2022,HighSchool
,113776,Riley Quick,,OT,4,0.9133,233,2022,HighSchool
4702561,113777,De'Nylon Morrissette,Georgia,WR,4,0.9131,234,2022,HighSchool
4685424,113778,Dane Key,Kentucky,WR,4,0.9129,235,2022,HighSchool
4685289,113779,Keyan Burnett,Arizona,TE,4,0.9127,236,2022,HighSchool
4685261,113780,Germie Bernard,Michigan State,WR,4,0.9125,237,2022,HighSchool
4711533,113781,Ollie Gordon II,Oklahoma State,RB,4,0.9125,238,2022,HighSchool
4868300,113782,Nate Johnson,Utah,QB,4,0.9124,239,2022,HighSchool
4426812,113783,Ramon Brown,Maryland,RB,4,0.9121,240,2022,HighSchool
4685411,113784,Anthony Johnson,Rutgers,LB,4,0.9119,241,2022,HighSchool
,113785,Aaron Wilson,,DL,4,0.9117,242,2022,HighSchool
4699866,113786,Nic Anderson,Oklahoma,WR,4,0.9116,243,2022,HighSchool
4702557,113787,George Fitzpatrick,Ohio State,OT,4,0.9111,244,2022,HighSchool
4685335,113788,Reggie Fleurima,Northwestern,WR,4,0.9111,245,2022,HighSchool
4685501,113789,Fabian Ross,USC,CB,4,0.911,246,2022,HighSchool
4873232,113790,Mason Graham,Michigan,DL,4,0.911,247,2022,HighSchool
4685492,113791,Jack Pedersen,UCLA,TE,4,0.9107,248,2022,HighSchool
4703062,113792,Beau Atkinson,North Carolina,EDGE,4,0.9106,249,2022,HighSchool
4704532,113793,Kristopher Ross,Texas,DL,4,0.9103,250,2022,HighSchool
4702577,113794,Devin Moore,Florida,S,4,0.9103,251,2022,HighSchool
4685321,113795,Jerry Cross,Penn State,TE,4,0.9099,252,2022,HighSchool
4711065,113796,Kip Lewis,Oklahoma,LB,4,0.9098,253,2022,HighSchool
4685493,113797,Trevell Mullen,Indiana,CB,4,0.9096,254,2022,HighSchool
4685579,113798,Tevin White,Arizona State,RB,4,0.9095,255,2022,HighSchool
4685410,113799,Austin Jordan,Texas,S,4,0.9094,256,2022,HighSchool
4858848,113800,Anto Saka,Northwestern,EDGE,4,0.9091,257,2022,HighSchool
4685514,113801,Jacob Sexton,Oklahoma,OT,4,0.909,258,2022,HighSchool
4685506,113802,Ryan Otton,Washington,TE,4,0.9085,259,2022,HighSchool
4702790,113803,DJ Allen Jr.,TCU,WR,4,0.9084,260,2022,HighSchool
4685353,113804,Jaeden Gould,Nebraska,CB,4,0.9084,261,2022,HighSchool
4685523,113805,Ephesians Prysock,Arizona,CB,4,0.908,262,2022,HighSchool
4690115,113806,Jacurri Brown,Miami,QB,4,0.908,263,2022,HighSchool
4685544,113807,Tevarua Tafiti,Stanford,LB,4,0.9079,264,2022,HighSchool
4685537,113808,Joe Strickland,Purdue,DL,4,0.9079,265,2022,HighSchool
4714989,113809,Hunter Erb,Texas A&M,OT,4,0.9079,266,2022,HighSchool
4685369,113810,Gracen Halton,Oklahoma,DL,4,0.9073,267,2022,HighSchool
4685251,113811,Fisher Anderson,Stanford,OT,4,0.9068,268,2022,HighSchool
4685240,113812,Malik Agbo,Texas,OT,4,0.9064,269,2022,HighSchool
5081363,113813,Justin Williams-Thomas,Tennessee,RB,4,0.9063,270,2022,HighSchool
4714300,113814,Holden Geriner,Auburn,QB,4,0.906,271,2022,HighSchool
4819224,113815,Alex Afari Jr.,Kentucky,ATH,4,0.906,272,2022,HighSchool
,113816,Ken Talley,Penn State,EDGE,4,0.9059,273,2022,HighSchool
4685489,113817,Jaydn Ott,California,RB,4,0.9049,274,2022,HighSchool
4685528,113818,Kaian Roberts-Day,Baylor,EDGE,4,0.9047,275,2022,HighSchool
4685340,113819,Mario Eugenio,Cincinnati,EDGE,4,0.9047,276,2022,HighSchool
4685367,113820,Taylor Groves,Ole Miss,S,4,0.9047,277,2022,HighSchool
4702576,113821,Cam Miller,Penn State,CB,4,0.9046,278,2022,HighSchool
4685592,113822,Dillon Tatum,Michigan State,ATH,4,0.9046,279,2022,HighSchool
4685456,113823,Daniel Martin,Vanderbilt,LB,4,0.9045,280,2022,HighSchool
,113824,Tre Donaldson,Auburn,S,4,0.9044,281,2022,HighSchool
4698727,113825,Dallan Hayden,Ohio State,RB,4,0.9041,282,2022,HighSchool
4685591,113826,Larry Turner-Gooden,Texas,S,4,0.9039,283,2022,HighSchool
4702823,113827,Martrell Harris Jr.,Texas A&M,LB,4,0.9038,284,2022,HighSchool
4685509,113828,Gi'Bran Payne,Notre Dame,RB,4,0.9036,285,2022,HighSchool
4685602,113829,Ja'Marion Wayne,Missouri,WR,4,0.9031,286,2022,HighSchool
4725996,113830,Abdul Carter,Penn State,LB,4,0.9028,287,2022,HighSchool
4685573,113831,Holden Staes,Notre Dame,TE,4,0.9026,288,2022,HighSchool
4685459,113832,Nicco Marchiol,West Virginia,QB,4,0.9025,289,2022,HighSchool
4831989,113833,Deone Walker,Kentucky,DL,4,0.9023,290,2022,HighSchool
4685378,113834,E'Marion Harris,Arkansas,OT,4,0.9023,291,2022,HighSchool
4685237,113835,Michael Allen,NC State,RB,4,0.9022,292,2022,HighSchool
4689451,113836,Nolan Ziegler,Notre Dame,LB,4,0.9021,293,2022,HighSchool
4701934,113837,Jadyn Marshall,UCLA,WR,4,0.9021,294,2022,HighSchool
4685435,113838,Justyn Martin,UCLA,QB,4,0.902,295,2022,HighSchool
4685504,113839,Sam Roush,Stanford,TE,4,0.9018,296,2022,HighSchool
4875123,113840,Vincent Anthony Jr.,Duke,DL,4,0.9018,297,2022,HighSchool
4820583,113841,Jayden Rowe,Oklahoma,CB,4,0.9016,298,2022,HighSchool
4723820,113842,Omar Cooper Jr.,Indiana,WR,4,0.9012,299,2022,HighSchool
4715474,113843,Elijah Brown,Alabama,TE,4,0.9012,299,2022,HighSchool
4685328,113844,Hunter Deyo,Iowa State,DL,4,0.9011,301,2022,HighSchool
4723086,113846,Colston Loveland,Michigan,TE,4,0.9011,302,2022,HighSchool
4718457,113845,Noah Thomas,Texas A&M,WR,4,0.9011,302,2022,HighSchool
4685270,113847,Stone Blanton,South Carolina,LB,4,0.9011,304,2022,HighSchool
4698709,113848,Lucas Heyer,Stanford,OT,4,0.901,305,2022,HighSchool
4685540,113849,Carsen Ryan,UCLA,TE,4,0.901,306,2022,HighSchool
5081328,113850,Nick James,Indiana,DL,4,0.9009,307,2022,HighSchool
4701947,113851,E.J. Harris,Auburn,OT,4,0.9008,308,2022,HighSchool
4685594,113852,Dakota Twitty,Virginia,WR,4,0.9007,309,2022,HighSchool
4838556,113853,Kaleb Webb,Tennessee,WR,4,0.9002,310,2022,HighSchool
4872720,113854,Jeremiah Dillon,Ole Miss,WR,4,0.9,311,2022,HighSchool
4873418,113862,Kaden Helms,Oklahoma,TE,4,0.9,311,2022,HighSchool
4685422,113866,Kody Jones,Michigan,ATH,4,0.9,311,2022,HighSchool
4685274,113856,Janiran Bonner,Nebraska,WR,4,0.9,311,2022,HighSchool
4685434,113858,Sterling Lane II,Arizona,LB,4,0.9,311,2022,HighSchool
4685253,113864,Trey Bixby,Minnesota,DL,4,0.9,311,2022,HighSchool
5081938,113860,CJ Brown,Oklahoma State,RB,4,0.9,311,2022,HighSchool
,113867,Robby Snelling,,LB,4,0.9,311,2022,HighSchool
4685621,113859,T.K. Wright,NC State,LB,4,0.9,311,2022,HighSchool
4430067,113865,Jaden Mangham,Michigan State,ATH,4,0.9,311,2022,HighSchool
,113855,Erriyon Knighton,,WR,4,0.9,311,2022,HighSchool
4816107,113863,Benjamin Morrison,Notre Dame,CB,4,0.9,311,2022,HighSchool
4685366,113857,Benji Gosnell,Virginia Tech,TE,4,0.9,311,2022,HighSchool
4702581,113861,JaCorey Thomas,Georgia,S,4,0.9,311,2022,HighSchool
4685588,113868,Markeith Williams,Miami,S,4,0.8998,325,2022,HighSchool
4832823,113870,Anthony Smith,Minnesota,DL,4,0.8996,326,2022,HighSchool
4888723,113869,Wesley Grimes,Wake Forest,WR,4,0.8996,326,2022,HighSchool
4685699,113871,Damari Alston,Auburn,RB,4,0.8995,328,2022,HighSchool
4832846,113872,Demond Claiborne,Wake Forest,RB,4,0.8994,329,2022,HighSchool
5081392,113873,Joshua Josephs,Tennessee,EDGE,4,0.8993,330,2022,HighSchool
4685347,113874,Zane Durant,Penn State,DL,4,0.8991,331,2022,HighSchool
4869520,113875,Octavian Smith Jr.,Maryland,ATH,4,0.899,332,2022,HighSchool
4685405,113876,Cam Johnson,Virginia Tech,CB,4,0.899,333,2022,HighSchool
,113877,Walter Bob,Alabama,DL,4,0.8987,334,2022,HighSchool
4712577,113878,Derrick Brown,Texas,EDGE,4,0.8986,335,2022,HighSchool
4685490,113879,Bugs Mortimer,Louisville,WR,4,0.8985,336,2022,HighSchool
5081693,113880,Arlen Harris Jr.,Stanford,RB,4,0.8985,337,2022,HighSchool
5121893,113881,Tony Livingston,Florida,OT,4,0.8985,338,2022,HighSchool
4685312,113882,Andrew Chamblee,Arkansas,OT,4,0.8983,339,2022,HighSchool
4702558,113883,JQ Hardaway,Cincinnati,S,4,0.8981,340,2022,HighSchool
4794110,113884,Ryan Turner,Ohio State,CB,4,0.8979,341,2022,HighSchool
4685379,113890,Sione Hala,Boston College,S,4,0.8978,342,2022,HighSchool
4685356,113886,Greg Gaines III,Iowa State,WR,4,0.8978,342,2022,HighSchool
4685617,113885,Kevin Winston Jr.,Penn State,S,4,0.8978,342,2022,HighSchool
4685709,113891,Grant Bingham,Kentucky,OT,4,0.8978,342,2022,HighSchool
4710802,113887,Aisea Moa,BYU,DL,4,0.8978,342,2022,HighSchool
4700147,113889,Joseph Griffin Jr.,Boston College,WR,4,0.8978,342,2022,HighSchool
4702913,113888,RJ Maryland,SMU,TE,4,0.8978,342,2022,HighSchool
4685436,113892,Antonio Martin Jr.,Georgia Tech,RB,4,0.8976,349,2022,HighSchool
4808744,113893,Jaylon Glover,Utah,RB,4,0.8976,350,2022,HighSchool
4831962,113894,Kye Stokes,Ohio State,ATH,4,0.8975,351,2022,HighSchool
4722881,113895,CJ Madden,Georgia,EDGE,4,0.8973,352,2022,HighSchool
4691816,113896,Aliou Bah,Georgia,OT,4,0.8971,353,2022,HighSchool
4685359,113897,Antonio Gates Jr.,Michigan State,WR,4,0.8969,354,2022,HighSchool
,113898,Isaac Hamm,Wisconsin,DL,4,0.8969,355,2022,HighSchool
4701951,113902,Omari Kelly,Auburn,ATH,4,0.8967,356,2022,HighSchool
4819223,113903,Ryan Baer,Pittsburgh,OT,4,0.8967,356,2022,HighSchool
4685543,113901,Qae'Shon Sapp,Florida State,OT,4,0.8967,356,2022,HighSchool
4685460,113900,Nikai Martinez,UCF,CB,4,0.8967,356,2022,HighSchool
4873168,113899,Jordan Anthony,Kentucky,ATH,4,0.8967,356,2022,HighSchool
4685348,113904,Terrance Gibbs,Georgia Southern,RB,4,0.8966,361,2022,HighSchool
4685735,113905,Cole Hutson,Texas,IOL,4,0.8965,362,2022,HighSchool
4428863,113906,Trejon Williams,Oregon,S,4,0.8964,363,2022,HighSchool
5150612,113907,Cody Hagen,BYU,WR,4,0.8963,364,2022,HighSchool
4685694,113908,Steve Angeli,Notre Dame,QB,4,0.8962,365,2022,HighSchool
4685338,113909,Jaylen Early,Florida State,IOL,4,0.8961,366,2022,HighSchool
4685318,113910,Jacarius Clayton,Mississippi State,DL,4,0.8961,367,2022,HighSchool
5089172,113911,Jadais Richard,Vanderbilt,S,4,0.8959,368,2022,HighSchool
4702729,113912,Braylin Presley,Oklahoma State,ATH,4,0.8955,369,2022,HighSchool
4685482,113913,Dishawn Misa,Boise State,LB,4,0.8949,370,2022,HighSchool
4685452,113914,Jamari Lyons,Florida,DL,4,0.8949,371,2022,HighSchool
4685383,113915,Isaiah Horton,Miami,WR,4,0.8948,372,2022,HighSchool
4701945,113916,Patrick Kutas,Arkansas,IOL,4,0.8946,373,2022,HighSchool
4685695,113919,Sam Brown,Rutgers,RB,4,0.8944,374,2022,HighSchool
4717696,113917,Ish Harris,Texas A&M,LB,4,0.8944,374,2022,HighSchool
4686332,113918,Zac Swanson,Texas,DL,4,0.8944,374,2022,HighSchool
4897443,113920,Harrison Taggart,Oregon,LB,4,0.8943,377,2022,HighSchool
4698570,113921,Quincey McAdoo,Arkansas,WR,4,0.894,378,2022,HighSchool
4908867,113922,Ethan Burke,Texas,EDGE,4,0.8938,379,2022,HighSchool
5158448,113923,Ben Roberts,Oregon,DL,4,0.8937,380,2022,HighSchool
4911919,113924,Khamari Terrell,Oregon,CB,4,0.8937,380,2022,HighSchool
4869989,113925,Micheal Ibukun-Okeyode,TCU,EDGE,4,0.8935,382,2022,HighSchool
4702829,113926,Braedyn Locke,Mississippi State,QB,4,0.8935,383,2022,HighSchool
4712889,113927,Marcus Scott II,Missouri,CB,4,0.8933,384,2022,HighSchool
4698572,113930,Derrick Shepard Jr.,Cincinnati,DL,4,0.8933,384,2022,HighSchool
5081081,113931,Kobi Albert,Kentucky,ATH,4,0.8933,384,2022,HighSchool
,113929,Dayne Shor,Alabama,OT,4,0.8933,384,2022,HighSchool
,113932,Amarion Brown,Rutgers,WR,4,0.8933,384,2022,HighSchool
4685305,113933,Brandon Cleveland,NC State,DL,4,0.8933,384,2022,HighSchool
4873763,113928,Nick Cull,Ole Miss,CB,4,0.8933,384,2022,HighSchool
4801729,113935,Aaron Bryant,Texas,DL,4,0.8926,391,2022,HighSchool
4685520,113941,Xavier Simmons,Missouri,LB,4,0.8926,391,2022,HighSchool
4837473,113936,Jake Pope,Alabama,S,4,0.8926,391,2022,HighSchool
4685428,113939,George Maile,Baylor,IOL,4,0.8926,391,2022,HighSchool
,113937,Kwan Williams,Boston College,DL,4,0.8926,391,2022,HighSchool
,113934,Zavion Thomas,Mississippi State,WR,4,0.8926,391,2022,HighSchool
4790201,113938,Treyveon Longmire,Eastern Kentucky,ATH,4,0.8926,391,2022,HighSchool
,113940,Bryson Hurst,,OT,4,0.8926,391,2022,HighSchool
4717724,113942,Rashod Dubinion,Arkansas,ATH,4,0.8924,399,2022,HighSchool
4685250,113943,Dante Anderson,Florida State,EDGE,4,0.8923,400,2022,HighSchool
4869576,113944,Fatutoa Henry,Oklahoma,EDGE,4,0.8923,401,2022,HighSchool
5081405,113948,AJ Swann,Vanderbilt,QB,4,0.8922,402,2022,HighSchool
4685288,113949,Selah Brown,Louisville,DL,4,0.8922,402,2022,HighSchool
4713278,113947,Rock Caldwell,Louisville,S,4,0.8922,402,2022,HighSchool
5081054,113946,Micah Riley,Auburn,TE,4,0.8922,402,2022,HighSchool
4726148,113945,Anthony Rose,South Carolina,S,4,0.8922,402,2022,HighSchool
4685590,113950,Cameron Williams,Texas,OT,4,0.8919,407,2022,HighSchool
4685706,113951,Bennett Christian,Ohio State,TE,4,0.8917,408,2022,HighSchool
4685532,113952,Clint Stephens,UCLA,ATH,4,0.8916,409,2022,HighSchool
5081927,113953,R Mason Thomas,Oklahoma,EDGE,4,0.8915,410,2022,HighSchool
4705860,113954,Donovan Westmoreland,South Carolina,LB,4,0.8915,411,2022,HighSchool
4685420,113955,Jarred Kerr,Texas A&M,S,4,0.8914,412,2022,HighSchool
4685431,113956,Jaylin Marshall,Georgia Tech,S,4,0.8913,413,2022,HighSchool
4746127,113958,Zach Pyron,Georgia Tech,QB,4,0.8911,414,2022,HighSchool
5089861,113957,Phaizon Wilson,Grambling,WR,4,0.8911,414,2022,HighSchool
4685605,113959,Joshua White,Memphis,DL,4,0.8911,414,2022,HighSchool
4685488,113960,MJ Morris,NC State,QB,4,0.8909,417,2022,HighSchool
4685698,113961,Destin Wade,Kentucky,ATH,4,0.8909,418,2022,HighSchool
5081221,113962,Landon Samson,South Carolina,WR,4,0.8906,419,2022,HighSchool
4685521,113963,Garret Rangel,Oklahoma State,QB,4,0.8906,420,2022,HighSchool
,113965,Eli King,,ATH,4,0.8904,421,2022,HighSchool
,113966,Lamar Washington,,LB,4,0.8904,421,2022,HighSchool
4685469,113967,Sam Mbake,Arkansas,WR,4,0.8904,421,2022,HighSchool
4870077,113964,Curtis Deville,Purdue,WR,4,0.8904,421,2022,HighSchool
4837464,113968,Emory Floyd,South Carolina,S,4,0.8904,425,2022,HighSchool
4701942,113969,Jacob Hood,Georgia,OT,4,0.8902,426,2022,HighSchool
4714278,113970,Jason Llewellyn,Oklahoma,TE,3,0.89,427,2022,HighSchool
4570574,113972,Cam Miller,Tennessee,WR,3,0.89,427,2022,HighSchool
4872478,113973,Joseph Adedire,Texas Tech,DL,3,0.89,427,2022,HighSchool
4685455,113971,K.J. Miles,Georgia Tech,DL,3,0.89,427,2022,HighSchool
5150469,113974,Jadon Scarlett,Texas A&M,DL,3,0.89,427,2022,HighSchool
4880479,113975,Quan Lee,UCF,WR,3,0.8898,432,2022,HighSchool
5154336,113976,Braden Davis,South Carolina,QB,3,0.8896,433,2022,HighSchool
4873636,113977,Jordan Allen,LSU,S,3,0.8893,434,2022,HighSchool
4804878,113983,Cooper Barkate,Harvard,ATH,3,0.8889,435,2022,HighSchool
,113984,Kaleb Johnson,Iowa,RB,3,0.8889,435,2022,HighSchool
4702750,113981,Javae Gilmore,Mississippi State,LB,3,0.8889,435,2022,HighSchool
4837252,113979,Jack Pyburn,Florida,EDGE,3,0.8889,435,2022,HighSchool
4869523,113978,Nick Emmanwori,South Carolina,S,3,0.8889,435,2022,HighSchool
4808759,113980,Camden Brown,Auburn,WR,3,0.8889,435,2022,HighSchool
4832831,113985,Keon Wylie,Penn State,LB,3,0.8889,435,2022,HighSchool
5081430,113982,Bryson Jennings,North Carolina,EDGE,3,0.8889,435,2022,HighSchool
4685322,113986,Tristan Dunn,Washington,S,3,0.8885,443,2022,HighSchool
4698471,113990,Matt Ragan,Boston College,TE,3,0.8881,444,2022,HighSchool
4710638,113988,Jarell Stinson,Ole Miss,CB,3,0.8881,444,2022,HighSchool
5081397,113989,Dylan Sampson,Tennessee,RB,3,0.8881,444,2022,HighSchool
4894654,113987,Kenneth Grant,Michigan,DL,3,0.8881,444,2022,HighSchool
4685349,113991,Mekhi Fox,Colorado State,ATH,3,0.888,448,2022,HighSchool
4685304,113993,Nico Davillier,Arkansas,DL,3,0.8878,449,2022,HighSchool
4869295,234625,Landon Ibieta,LSU,WR,3,0.8878,449,2022,HighSchool
4820577,113992,DeSean Brown,Oklahoma State,EDGE,3,0.8878,449,2022,HighSchool
4685457,113996,Mathias Malaki-Donaldson,Oregon State,EDGE,3,0.887,452,2022,HighSchool
4832028,113995,Jayden Bellamy,Notre Dame,CB,3,0.887,452,2022,HighSchool
4712579,113997,Dillon Bell,Georgia,WR,3,0.887,452,2022,HighSchool
4685311,113994,Jayden Denegal,Michigan,QB,3,0.887,452,2022,HighSchool
4837378,113998,Caleb Coley,Michigan State,CB,3,0.887,456,2022,HighSchool
5082001,113999,Trey Lathan,West Virginia,LB,3,0.8869,457,2022,HighSchool
4685354,114004,Jamie Felix,Georgia Tech,RB,3,0.8867,458,2022,HighSchool
4685238,114001,Alfonzo Allen Jr.,Baylor,S,3,0.8867,458,2022,HighSchool
5092567,114000,Khalid Moore,Mississippi State,LB,3,0.8867,458,2022,HighSchool
4685496,114002,Trent Ramsey,California,OT,3,0.8867,458,2022,HighSchool
5081326,114003,DJ Moore,Indiana,IOL,3,0.8867,458,2022,HighSchool
4827042,114005,Austin Brown,Wisconsin,S,3,0.8865,463,2022,HighSchool
5091781,114018,Michael Williams,South Florida,LB,3,0.8859,464,2022,HighSchool
4685447,114010,Daniel Lyons,Florida State,DL,3,0.8859,464,2022,HighSchool
4686331,114021,Keahnist Thompson,UCF,DL,3,0.8859,464,2022,HighSchool
4429159,114016,Lucas Taylor,Mississippi State,IOL,3,0.8859,464,2022,HighSchool
4688840,114024,Jimmy Scott,Pittsburgh,DL,3,0.8859,464,2022,HighSchool
4372757,114007,Marcus Allen,North Carolina,CB,3,0.8859,464,2022,HighSchool
4911860,114022,Jacob Imming,Iowa State,LB,3,0.8859,464,2022,HighSchool
4685393,114009,Preston Howard,Maryland,ATH,3,0.8859,464,2022,HighSchool
4685478,114014,Curt Neal,Wisconsin,DL,3,0.8859,464,2022,HighSchool
4685292,114011,Jamarrien Burt,Oklahoma,ATH,3,0.8859,464,2022,HighSchool
4702789,114015,Justin Medlock,Utah,LB,3,0.8859,464,2022,HighSchool
4685319,114017,Decoldest Crawford,Nebraska,WR,3,0.8859,464,2022,HighSchool
4702572,114023,Aaron Hester,Florida State,EDGE,3,0.8859,464,2022,HighSchool
4685333,114008,Andre Dollar,Washington State,TE,3,0.8859,464,2022,HighSchool
4685696,114012,Beau Pribula,Penn State,QB,3,0.8859,464,2022,HighSchool
4685386,114013,Landon Hullaby,Texas Tech,S,3,0.8859,464,2022,HighSchool
,114020,Laquan Robinson,,S,3,0.8859,464,2022,HighSchool
4808742,114006,Ja'Cari Henderson,UCF,CB,3,0.8859,464,2022,HighSchool
4869645,114019,Caleb Douglas,Florida,WR,3,0.8859,464,2022,HighSchool
4916238,114027,Jaelyn Davis-Robinson,LSU,CB,3,0.8856,483,2022,HighSchool
4698728,114028,Domonique Orange,Iowa State,DL,3,0.8856,483,2022,HighSchool
4685429,114026,Melvin Jordan IV,Oregon State,LB,3,0.8856,483,2022,HighSchool
,114025,Bishop Thomas,Florida State,DL,3,0.8856,483,2022,HighSchool
4685374,114029,Rodney Hill,Florida State,ATH,3,0.8853,487,2022,HighSchool
4685626,114032,Emar'rion Winston,Oregon,EDGE,3,0.8852,488,2022,HighSchool
4702556,114031,Arlis Boardingham,Florida,ATH,3,0.8852,488,2022,HighSchool
4685358,114030,Kevin Green Jr.,Arizona,WR,3,0.8852,488,2022,HighSchool
4912135,114033,Justius Lowe,Oregon,ATH,3,0.8852,488,2022,HighSchool
4808766,114034,Mason Taylor,LSU,TE,3,0.885,492,2022,HighSchool
4685495,114035,Alex Orji,Michigan,QB,3,0.8848,493,2022,HighSchool
4862651,114039,Andrew Keller,Iowa State,TE,3,0.8848,494,2022,HighSchool
4837472,114036,EJ Lightsey,Georgia,LB,3,0.8848,494,2022,HighSchool
4711433,114040,Corbin Page,West Virginia,TE,3,0.8848,494,2022,HighSchool
4831988,114038,Christion Stokes,West Virginia,S,3,0.8848,494,2022,HighSchool
4702555,114037,Jonah Coleman,Arizona,RB,3,0.8848,494,2022,HighSchool
4832792,114042,Major Everhart,TCU,RB,3,0.8841,499,2022,HighSchool
4911915,114041,Jacarrius Peak,NC State,IOL,3,0.8841,499,2022,HighSchool
4685734,114043,Demetrius Hunter,Houston,IOL,3,0.884,501,2022,HighSchool
4819234,114052,Kentrell Marks,Purdue,RB,3,0.8837,502,2022,HighSchool
4702571,114055,Austin Firestone,Northwestern,DL,3,0.8837,502,2022,HighSchool
4705639,114044,Donovan Hinish,Notre Dame,DL,3,0.8837,502,2022,HighSchool
4789907,114054,Armand Membou,Missouri,IOL,3,0.8837,502,2022,HighSchool
4557348,114049,Langston Patterson,Vanderbilt,LB,3,0.8837,502,2022,HighSchool
4807124,114046,Darren Agu,Vanderbilt,EDGE,3,0.8837,502,2022,HighSchool
4702803,114053,Jalon Peoples,Texas Tech,CB,3,0.8837,502,2022,HighSchool
4819226,114045,Brody Foley,Indiana,TE,3,0.8837,502,2022,HighSchool
4878394,114048,Ajay Allen,Nebraska,RB,3,0.8837,502,2022,HighSchool
4832816,114050,Mark Nabou Jr.,Texas A&M,IOL,3,0.8837,502,2022,HighSchool
4868898,114047,Jalen Klemm,Kansas State,OT,3,0.8837,502,2022,HighSchool
4718462,114056,Caden Crawford,Iowa,DL,3,0.8837,502,2022,HighSchool
4685281,114051,Nate Burrell,California,DL,3,0.8837,502,2022,HighSchool
4715347,114059,Cameron Epps,Oklahoma State,CB,3,0.8833,515,2022,HighSchool
4808750,114057,Venson Sneed Jr.,Indiana,DL,3,0.8833,515,2022,HighSchool
,114058,JyVonte McClendon,,S,3,0.8833,515,2022,HighSchool
4905690,114061,Samuel Okunlola,Pittsburgh,DL,3,0.8833,515,2022,HighSchool
4746099,114060,Kenny Fletcher Jr.,Rutgers,EDGE,3,0.8833,515,2022,HighSchool
4833630,114062,Peyton Williams,South Carolina,S,3,0.8833,520,2022,HighSchool
4831972,114063,Ashton Craig,Notre Dame,OT,3,0.883,521,2022,HighSchool
4685395,114071,Tygee Hill,LSU,DL,3,0.8826,522,2022,HighSchool
4685484,114069,Jack Nickel,Michigan State,TE,3,0.8826,522,2022,HighSchool
4698710,114076,Santana Hopper,App State,DL,3,0.8826,522,2022,HighSchool
4826503,114077,Jason Essex,Iowa State,WR,3,0.8826,522,2022,HighSchool
4685712,114065,Deuce McGuire,Northwestern,OT,3,0.8826,522,2022,HighSchool
4878983,114074,Tay'shawn Trent,Youngstown State,WR,3,0.8826,522,2022,HighSchool
4361714,114068,Stephon Johnson,Oklahoma State,WR,3,0.8826,522,2022,HighSchool
4685581,114072,Richard Thomas,Indiana,DL,3,0.8826,522,2022,HighSchool
4816090,114073,Parker Brailsford,Washington,IOL,3,0.8826,522,2022,HighSchool
4685536,114066,Dejon Roney,San José State,DL,3,0.8826,522,2022,HighSchool
4685576,114064,Andre Stewart,Kentucky,CB,3,0.8826,522,2022,HighSchool
4911914,114070,Andrew Paul,Georgia,RB,3,0.8826,522,2022,HighSchool
,114067,Trevell Johnson,Texas,LB,3,0.8826,522,2022,HighSchool
4702755,114075,Amorion Walker,Michigan,WR,3,0.8826,522,2022,HighSchool
4912169,114078,Carson May,Iowa,QB,3,0.8825,536,2022,HighSchool
4816086,114079,Tae Woody,Florida State,IOL,3,0.8822,537,2022,HighSchool
,114082,DeAnthony Gatson,Louisiana Tech,RB,3,0.8822,537,2022,HighSchool
4715348,114080,Mason Gilkey,Oklahoma State,WR,3,0.8822,537,2022,HighSchool
4869496,114081,Tyler Gibson,Georgia Tech,OT,3,0.8822,537,2022,HighSchool
4702908,114086,Omari Evans,Penn State,WR,3,0.8819,541,2022,HighSchool
4685582,114085,Damonic Williams,TCU,DL,3,0.8819,541,2022,HighSchool
4901380,114083,Jaden Harris,Miami,CB,3,0.8819,541,2022,HighSchool
4791223,114084,Jaxson Moi,Stanford,DL,3,0.8819,541,2022,HighSchool
4794106,114092,Ryan Brubaker,South Carolina,OT,3,0.8815,545,2022,HighSchool
4816082,114087,Tre'Von McAlpine,Texas Tech,DL,3,0.8815,545,2022,HighSchool
4869243,234627,Barrett Nelson,Wisconsin,OT,3,0.8815,545,2022,HighSchool
4870712,114088,Cameron Edge,Maryland,QB,3,0.8815,545,2022,HighSchool
4701944,114091,Anthony Brown,Arkansas,S,3,0.8815,545,2022,HighSchool
4695705,114094,Marlin Klein,Michigan,TE,3,0.8815,545,2022,HighSchool
4702826,114095,LaKelsey Johnson Jr.,Baylor,TE,3,0.8815,545,2022,HighSchool
5081368,234626,Squirrel White,Tennessee,WR,3,0.8815,545,2022,HighSchool
4685732,114096,Johnny Dickson III,Virginia Tech,IOL,3,0.8815,545,2022,HighSchool
4773919,114097,Tommy Castellanos,UCF,ATH,3,0.8815,545,2022,HighSchool
4906884,114093,Aidan Vaughan,Wisconsin,LB,3,0.8815,545,2022,HighSchool
4685451,114090,Brody Meadows,Virginia Tech,OT,3,0.8815,545,2022,HighSchool
4702820,114089,Bryson Donnell,Texas Tech,RB,3,0.8815,545,2022,HighSchool
4916996,114098,Ahmad Moten Sr.,Miami,DL,3,0.8811,558,2022,HighSchool
4808767,114099,Xavier Townsend,UCF,RB,3,0.8809,559,2022,HighSchool
4702582,114101,Lorenzell Dubose,Louisiana,CB,3,0.8807,560,2022,HighSchool
4833031,114100,Mani Powell,Arkansas,LB,3,0.8807,560,2022,HighSchool
5081367,114102,Chas Nimrod,Tennessee,WR,3,0.8804,562,2022,HighSchool
4685432,114105,Ty Kana,Texas Tech,LB,3,0.8804,562,2022,HighSchool
4702747,114106,Jordan Crook,Arkansas,LB,3,0.8804,562,2022,HighSchool
4808745,114103,Leyton Nelson,Vanderbilt,OT,3,0.8804,562,2022,HighSchool
5095096,114104,AJ Johnson,Gardner-Webb,WR,3,0.8804,562,2022,HighSchool
4900905,114110,Jalil Martin,Nebraska,ATH,3,0.8804,562,2022,HighSchool
4701950,114108,Jaylen Lewis,Arkansas,CB,3,0.8804,562,2022,HighSchool
4685702,114109,Quinshon Judkins,Ole Miss,RB,3,0.8804,562,2022,HighSchool
4794105,114107,DonTerry Russell,Mississippi State,EDGE,3,0.8804,562,2022,HighSchool
4685427,114111,Peter Kikwata,Old Dominion,WR,3,0.88,571,2022,HighSchool
5092435,234628,Fitzroy Ledgister,Rutgers,WR,3,0.88,571,2022,HighSchool
4801299,114112,Rocco Becht,Iowa State,QB,3,0.8797,573,2022,HighSchool
4702562,114113,Jalen Woods,UCLA,LB,3,0.8796,574,2022,HighSchool
4832793,114114,Vega Ioane,Penn State,IOL,3,0.8796,574,2022,HighSchool
,114115,RJ Moss Jr.,South Alabama,DL,3,0.8796,574,2022,HighSchool
4685704,114117,Larry Simmons,Ole Miss,WR,3,0.8796,574,2022,HighSchool
4833622,114116,Nikolas Hall,Kentucky,OT,3,0.8796,574,2022,HighSchool
4833595,114119,Kyron Chambers,TCU,S,3,0.8793,579,2022,HighSchool
4685406,114125,Trevon Howard,Iowa State,S,3,0.8793,579,2022,HighSchool
4804885,114123,Brandon Rose,Utah,QB,3,0.8793,579,2022,HighSchool
4873075,114122,TJ Hall,Iowa,ATH,3,0.8793,579,2022,HighSchool
4816304,114120,Will Hardy,North Carolina,ATH,3,0.8793,579,2022,HighSchool
4868408,114118,Daejuan Thompson,NC State,LB,3,0.8793,579,2022,HighSchool
4701949,114126,Kaydin Pope,Mississippi State,WR,3,0.8793,579,2022,HighSchool
,114121,Daughtry Richardson,Florida State,OT,3,0.8793,579,2022,HighSchool
,114124,Nasir Pearce,,DL,3,0.8793,579,2022,HighSchool
4833353,114127,Trudell Berry,Vanderbilt,ATH,3,0.879,588,2022,HighSchool
4881838,114128,Brian Allen Jr.,Iowa,DL,3,0.8789,589,2022,HighSchool
,114129,Leroy Paige,Grambling,ATH,3,0.8789,590,2022,HighSchool
4837286,114130,Wade Woodaz,Clemson,S,3,0.8789,590,2022,HighSchool
4685329,114131,Peter Delaportas,Boston College,QB,3,0.8786,592,2022,HighSchool
4819249,114139,Ka'eo Akana,Utah,LB,3,0.8785,593,2022,HighSchool
4816093,114135,De'Andre Coleman,Coastal Carolina,WR,3,0.8785,593,2022,HighSchool
,114134,Shone Washington,Georgia,DL,3,0.8785,593,2022,HighSchool
4712578,114137,Jay Fair,Auburn,WR,3,0.8785,593,2022,HighSchool
5081787,114133,Jeremy Evans,Baylor,LB,3,0.8785,593,2022,HighSchool
4808758,114132,Kajuan Banks,South Carolina,S,3,0.8785,593,2022,HighSchool
4889169,114136,Sam Yoon,UCLA,OT,3,0.8785,593,2022,HighSchool
4912453,114138,Lucky Sutton,San Diego State,RB,3,0.8785,593,2022,HighSchool
4808830,114148,Damien Martinez,Oregon State,RB,3,0.8781,601,2022,HighSchool
4806290,114143,Connor Robertson,Texas,IOL,3,0.8781,601,2022,HighSchool
5081191,114142,Falentha Carswell,Ole Miss,OT,3,0.8781,601,2022,HighSchool
4685330,114153,Dylan Dixson,Colorado,S,3,0.8781,601,2022,HighSchool
4685697,114146,Zion Turner,UConn,QB,3,0.8781,601,2022,HighSchool
4685301,114149,Quinton Conley,Kansas,WR,3,0.8781,601,2022,HighSchool
,234629,Carson Tabaracci,Utah,ATH,3,0.8781,601,2022,HighSchool
4888606,114145,Quantaves Gaskins,Vanderbilt,CB,3,0.8781,601,2022,HighSchool
4838534,114152,Felix Hixon,South Carolina,DL,3,0.8781,601,2022,HighSchool
4819257,114147,Jonah Savaiinaea,Arizona,IOL,3,0.8781,601,2022,HighSchool
4870278,114140,Kaleb Artis,Penn State,DL,3,0.8781,601,2022,HighSchool
4869992,114144,Michael Wooten,Oregon,OT,3,0.8781,601,2022,HighSchool
4826505,114151,Mudia Reuben,Stanford,WR,3,0.8781,601,2022,HighSchool
4726755,114141,Cedric Roberts,Oklahoma,DL,3,0.8781,601,2022,HighSchool
4701937,114150,Myles Pollard,Michigan,CB,3,0.8781,601,2022,HighSchool
4804883,114155,Jalen Moss,Fresno State,WR,3,0.8778,616,2022,HighSchool
4705516,114154,Edric Weldon,Campbell,S,3,0.8778,616,2022,HighSchool
4686286,114157,Nick Campbell,NC State,DL,3,0.8774,618,2022,HighSchool
4685239,114159,Taariq Al-Uqdah,Washington State,LB,3,0.8774,618,2022,HighSchool
4831974,114160,Landen Livingston,West Virginia,IOL,3,0.8774,618,2022,HighSchool
4685701,114158,James Jointer Jr.,Arkansas,RB,3,0.8774,618,2022,HighSchool
4837470,114156,Quentel Jones,Kentucky,DL,3,0.8774,618,2022,HighSchool
4888707,114162,Danny Lewis Jr.,Alabama,TE,3,0.877,623,2022,HighSchool
4711228,114169,Anthony Jones Jr.,Oregon,ATH,3,0.877,623,2022,HighSchool
4837385,114166,Jordan McDonald,UCF,RB,3,0.877,623,2022,HighSchool
4869698,114161,Koen Entringer,Iowa,ATH,3,0.877,623,2022,HighSchool
4808748,114164,Demari Henderson,UCF,S,3,0.877,623,2022,HighSchool
4808743,114168,Omar Graham Jr.,Florida State,LB,3,0.877,623,2022,HighSchool
4869727,114163,Cam East,Ole Miss,OT,3,0.877,623,2022,HighSchool
4869120,114167,Ashton Hayes,California,RB,3,0.877,623,2022,HighSchool
,114165,Olando Trader,Iowa,CB,3,0.877,623,2022,HighSchool
4686851,114170,Thomas Amankwaa,Rutgers,S,3,0.8767,632,2022,HighSchool
4868925,114172,Braydon Brus,Northwestern,ATH,3,0.8763,633,2022,HighSchool
4685714,114171,Andre Roye Jr.,Maryland,OT,3,0.8763,633,2022,HighSchool
4702825,114173,Pierre Goree,SMU,S,3,0.8763,633,2022,HighSchool
4801301,114177,Tevin Carter,Memphis,QB,3,0.8759,636,2022,HighSchool
4837392,114183,Ty Washington,Arkansas,TE,3,0.8759,636,2022,HighSchool
4905925,114175,Devan Thompkins,USC,EDGE,3,0.8759,636,2022,HighSchool
4712886,114182,Mekhi Miller,Missouri,WR,3,0.8759,636,2022,HighSchool
4827041,114174,Jacob Bostick,Iowa,WR,3,0.8759,636,2022,HighSchool
4702822,114179,Curlee Thomas IV,California,EDGE,3,0.8759,636,2022,HighSchool
4685453,114180,Tyler Martin,Arizona,LB,3,0.8759,636,2022,HighSchool
4875378,114184,Oliver Bridges,Cincinnati,CB,3,0.8759,636,2022,HighSchool
4812340,114176,James Monds III,Indiana,CB,3,0.8759,636,2022,HighSchool
4782664,114178,Malik Spencer,Michigan State,S,3,0.8759,636,2022,HighSchool
,114185,Aubrey Smith,Colorado,LB,3,0.8759,636,2022,HighSchool
4685343,114181,Dylan Frazier,SMU,DL,3,0.8759,636,2022,HighSchool
4873906,114187,Phillip Dunnam,Indiana,S,3,0.8756,648,2022,HighSchool
4838696,114186,Dae'Quan Wright,Virginia Tech,TE,3,0.8756,648,2022,HighSchool
4702801,114188,Owen Pewee,UTSA,LB,3,0.8756,648,2022,HighSchool
4816307,114189,Joseph Himon II,Northwestern,RB,3,0.8752,651,2022,HighSchool
4837465,114198,Ryland Gandy,Pittsburgh,CB,3,0.8752,651,2022,HighSchool
4837384,114192,Bradley Mann,Vanderbilt,DL,3,0.8752,651,2022,HighSchool
4686285,114196,Francois Nolton Jr.,Syracuse,DL,3,0.8752,651,2022,HighSchool
4726152,114194,JoJo Bermudez,Cincinnati,WR,3,0.8752,651,2022,HighSchool
4827047,114201,Aidan Laughery,Illinois,ATH,3,0.8752,651,2022,HighSchool
4706856,114197,X'Avion Brice,Texas,ATH,3,0.8752,651,2022,HighSchool
4868482,114200,Nick Herzog,Northwestern,OT,3,0.8752,651,2022,HighSchool
4869324,114191,Tyler Johnson,Penn State,WR,3,0.8752,651,2022,HighSchool
,114190,Adarrius Harshaw,Austin Peay,WR,3,0.8752,651,2022,HighSchool
4880124,114193,Mansoor Delane,Virginia Tech,CB,3,0.8752,651,2022,HighSchool
4837188,114195,Jordan Phillips,Tennessee,DL,3,0.8752,651,2022,HighSchool
4806381,114199,Jarel Williams,West Virginia,WR,3,0.8752,651,2022,HighSchool
4705514,114213,Jared Badie,Illinois,LB,3,0.8748,664,2022,HighSchool
5081332,114210,Jaziun Patterson,Iowa,RB,3,0.8748,664,2022,HighSchool
4685529,114207,Christian Rapley,Western Michigan,ATH,3,0.8748,664,2022,HighSchool
4702901,114208,Zach Evans,Minnesota,RB,3,0.8748,664,2022,HighSchool
4685443,114209,Matthew McDoom,Coastal Carolina,ATH,3,0.8748,664,2022,HighSchool
4832038,114206,A'Khoury Lyde,Wisconsin,CB,3,0.8748,664,2022,HighSchool
4896304,114203,Drew Bobo,Georgia,OT,3,0.8748,664,2022,HighSchool
4884000,114211,Jackson Brown,California,OT,3,0.8748,664,2022,HighSchool
,114204,Jamal Hood,,CB,3,0.8748,664,2022,HighSchool
4685317,114205,Brian Dilworth,Kansas,CB,3,0.8748,664,2022,HighSchool
4816097,114212,Lance Holtzclaw,Washington,EDGE,3,0.8748,664,2022,HighSchool
,114202,Jaylen Thompson,,RB,3,0.8748,664,2022,HighSchool
4769792,114214,CJ Hawkins,Stanford,TE,3,0.8744,676,2022,HighSchool
4875126,114215,Horace Lockett,Georgia Tech,DL,3,0.8744,676,2022,HighSchool
4703027,114226,Eli Hall,Wake Forest,DL,3,0.8741,678,2022,HighSchool
4837458,114220,Quavian Carter,Michigan State,S,3,0.8741,678,2022,HighSchool
4702580,114227,Hayden Schwartz,Minnesota,DL,3,0.8741,678,2022,HighSchool
4685603,114225,Sioape Vatikani,California,IOL,3,0.8741,678,2022,HighSchool
4917139,114222,Jameson Wharton,Vanderbilt,CB,3,0.8741,678,2022,HighSchool
4685306,114224,Stephan Byrd,Cincinnati,RB,3,0.8741,678,2022,HighSchool
4869422,114217,Braden Pegan,UCLA,WR,3,0.8741,678,2022,HighSchool
4869584,114216,Alessandro Lorenzetti,Michigan,OT,3,0.8741,678,2022,HighSchool
4751681,114218,Ernest Hausmann,Nebraska,LB,3,0.8741,678,2022,HighSchool
4726597,114219,Powell Gordon,Auburn,LB,3,0.8741,678,2022,HighSchool
4905244,114223,Andrew Savaiinaea,Florida,DL,3,0.8741,678,2022,HighSchool
5081077,114221,Ayo Tifase,Florida State,DL,3,0.8741,678,2022,HighSchool
4702919,114233,Quincy Wright,Oregon State,DL,3,0.8737,690,2022,HighSchool
4801717,114237,Noah Fifita,Arizona,QB,3,0.8737,690,2022,HighSchool
4702748,255876,Kailep Edwards,Louisiana,LB,3,0.8737,690,2022,HighSchool
4911835,234630,Jhamal Shelby Jr.,Louisiana Tech,CB,3,0.8737,690,2022,HighSchool
4685446,114235,Trent McGaughey,Houston,TE,3,0.8737,690,2022,HighSchool
4816058,114229,Will McLaughlin,Iowa State,LB,3,0.8737,690,2022,HighSchool
4838270,114238,Jalen Farmer,Florida,IOL,3,0.8737,690,2022,HighSchool
4685385,114230,Anthony Hankerson,Colorado,RB,3,0.8737,690,2022,HighSchool
4809893,114231,Elijah Mc-Cantos,Illinois,CB,3,0.8737,690,2022,HighSchool
4837386,255728,Steven Nahmias,Duke,IOL,3,0.8737,690,2022,HighSchool
4695706,114236,Adryan Lara,Kansas State,QB,3,0.8737,690,2022,HighSchool
4909691,114228,Tavares Elston,Texas Tech,ATH,3,0.8737,690,2022,HighSchool
5081998,114239,Raleigh Collins III,West Virginia,LB,3,0.8737,690,2022,HighSchool
,234631,Jaterrious Elam,,CB,3,0.8737,690,2022,HighSchool
,114234,Randy Masters,,WR,3,0.8737,690,2022,HighSchool
4795296,114232,Victor Jones Jr.,Nebraska,WR,3,0.8737,690,2022,HighSchool
4832830,114240,Joshua Wood,Fresno State,QB,3,0.8733,706,2022,HighSchool
4833072,114241,Che Nwabuko,Pittsburgh,WR,3,0.8733,707,2022,HighSchool
,114242,Kevin Thomas,,WR,3,0.8733,707,2022,HighSchool
4816331,114245,Joshua Thompson,Stanford,CB,3,0.873,709,2022,HighSchool
,114251,Dakota Jordan,Mississippi State,ATH,3,0.873,709,2022,HighSchool
4701943,114246,Elijah Herring,Tennessee,LB,3,0.873,709,2022,HighSchool
4837335,114248,Richard Reese,Baylor,RB,3,0.873,709,2022,HighSchool
4714999,114247,Kwabena Asamoah,Rutgers,IOL,3,0.873,709,2022,HighSchool
4869592,114252,Maurice Edwards,Vanderbilt,RB,3,0.873,709,2022,HighSchool
4714298,114243,Bo Bordelon,LSU,OT,3,0.873,709,2022,HighSchool
4685401,114244,Josh Hoover,TCU,QB,3,0.873,709,2022,HighSchool
4872820,114249,Jalen Marshall,Missouri,DL,3,0.873,709,2022,HighSchool
4685458,114250,Shawn Miller,Illinois,WR,3,0.873,709,2022,HighSchool
,114253,Lynn Wyche-El,Grand Valley State,WR,3,0.8728,719,2022,HighSchool
,114262,Timi Gagophien,Ole Miss,OT,3,0.8726,720,2022,HighSchool
,114261,Quardale Patt,Houston,DL,3,0.8726,720,2022,HighSchool
4685715,114263,Kenji Swanson,Stanford,OT,3,0.8726,720,2022,HighSchool
4912039,114258,Devonte Tezino,Baylor,DL,3,0.8726,720,2022,HighSchool
4833026,114255,Avery Henry,Ohio State,OT,3,0.8726,720,2022,HighSchool
4912111,114256,Sidney Mbanasor,Utah,TE,3,0.8726,720,2022,HighSchool
4808746,114254,Micah Pollard,Michigan,LB,3,0.8726,720,2022,HighSchool
4869693,114257,Aric Burton,West Virginia,EDGE,3,0.8726,720,2022,HighSchool
4801308,114260,Khalib Johnson,Louisville,QB,3,0.8726,720,2022,HighSchool
4717726,114259,Cade McConnell,Minnesota,IOL,3,0.8726,720,2022,HighSchool
4819239,114264,Carter Smith,Indiana,OT,3,0.8724,730,2022,HighSchool
5092424,114265,DJ Allen,Rutgers,DL,3,0.8722,731,2022,HighSchool
4880453,114266,Cole Speer,Georgia,WR,3,0.8722,731,2022,HighSchool
,114268,Rashaud Pernell,Virginia Tech,DL,3,0.8722,731,2022,HighSchool
4700149,114267,Rashad Rochelle,Rutgers,WR,3,0.8722,731,2022,HighSchool
4870279,114269,Corey Gordon Jr.,Baylor,S,3,0.8719,735,2022,HighSchool
4804886,114273,Zach Rowell,Stanford,DL,3,0.8719,735,2022,HighSchool
4837377,114270,Mo Clipper Jr.,Tennessee,IOL,3,0.8719,735,2022,HighSchool
4869816,114279,Vinny Anthony II,Wisconsin,WR,3,0.8719,735,2022,HighSchool
4838539,114278,Amari Jackson,Boston College,CB,3,0.8719,735,2022,HighSchool
4833376,114277,Collin Wright,Stanford,S,3,0.8719,735,2022,HighSchool
4911836,114275,Joseph Jefferson II,Purdue,S,3,0.8719,735,2022,HighSchool
4896339,114276,Matthew McCoy,Miami,OT,3,0.8719,735,2022,HighSchool
4911864,114271,Jaden Watkins,Duke,WR,3,0.8719,735,2022,HighSchool
4702169,114274,Dylan Lopez,Oregon State,IOL,3,0.8719,735,2022,HighSchool
,114272,Jordaan Bailey,,RB,3,0.8719,735,2022,HighSchool
,114280,Dominique McKenzie,BYU,WR,3,0.8719,735,2022,HighSchool
,114281,Tyler Griffin,UCF,ATH,3,0.8719,735,2022,HighSchool
4705793,114285,Gavin Broscious,Michigan State,IOL,3,0.8715,748,2022,HighSchool
,114286,Quintavious Lockett,,RB,3,0.8715,748,2022,HighSchool
4685580,255700,Grayson Stovall,Arizona,IOL,3,0.8715,748,2022,HighSchool
4832042,234633,Kenny Soares Jr.,Northwestern,LB,3,0.8715,748,2022,HighSchool
4715344,234632,Landon Dean,Oklahoma State,DL,3,0.8715,748,2022,HighSchool
4735845,114284,Braelin Moore,Virginia Tech,IOL,3,0.8715,748,2022,HighSchool
4713158,114283,Trevyon Green,North Carolina,OT,3,0.8715,748,2022,HighSchool
4869966,114282,Malachi Preciado,Purdue,IOL,3,0.8715,748,2022,HighSchool
4833594,114288,Robert Fitzgerald,Northwestern,S,3,0.8711,756,2022,HighSchool
4685450,114287,Hassan Mahasin,San Diego State,ATH,3,0.8711,756,2022,HighSchool
4833073,114289,Zion Steptoe,Purdue,WR,3,0.8711,756,2022,HighSchool
5081420,114295,Deuce Caldwell,North Carolina,LB,3,0.8707,759,2022,HighSchool
4714009,114291,Myles Burkett,Wisconsin,QB,3,0.8707,759,2022,HighSchool
4900146,114290,Cartevious Norton,Iowa State,RB,3,0.8707,759,2022,HighSchool
4703030,114293,Jaiven Plummer,California,WR,3,0.8707,759,2022,HighSchool
4705515,114294,Grayson Mains,South Carolina,OT,3,0.8707,759,2022,HighSchool
,114292,Jordan Williams,,WR,3,0.8707,759,2022,HighSchool
5080692,114296,Edwin Kolenge,Boston College,LB,3,0.8707,759,2022,HighSchool
5091737,114297,Maxie Baudoin IV,Tulane,DL,3,0.8704,766,2022,HighSchool
4826502,114301,Ikenna Ezeogu,Iowa State,EDGE,3,0.8704,766,2022,HighSchool
4711434,114304,Eian Pugh,Illinois,WR,3,0.8704,766,2022,HighSchool
4832057,114303,Blake Gunter,Tulane,TE,3,0.8704,766,2022,HighSchool
4782662,114299,Tristan Monday,Wisconsin,LB,3,0.8704,766,2022,HighSchool
4819235,114300,Ryan Miller,Indiana,TE,3,0.8704,766,2022,HighSchool
,114298,Tajh Sanders,,WR,3,0.8704,766,2022,HighSchool
4894449,114302,Miller McCrumby,Arkansas State,TE,3,0.8704,766,2022,HighSchool
,234635,Dominique Lampkin,,ATH,3,0.87,774,2022,HighSchool
,234634,Duhron Goodman,Portland State,ATH,3,0.87,774,2022,HighSchool
4816330,114305,Isaiah Smith,SMU,EDGE,3,0.87,774,2022,HighSchool
,234636,Omar Johnson,,RB,3,0.87,774,2022,HighSchool
5089182,114306,CJ Nelson,Houston,WR,3,0.87,774,2022,HighSchool
4707184,114311,DJ McKinney,Oklahoma State,CB,3,0.8696,779,2022,HighSchool
4832064,114309,Trent Singleton,Mississippi State,ATH,3,0.8696,779,2022,HighSchool
4714046,114312,Tyrell Henry,Michigan State,WR,3,0.8696,779,2022,HighSchool
4892984,114308,Cael Vanderbush,Iowa,TE,3,0.8696,779,2022,HighSchool
4820569,114307,Damani Dent,Michigan,S,3,0.8696,779,2022,HighSchool
4702918,114310,Chandler Rivers,Duke,CB,3,0.8696,779,2022,HighSchool
4833363,114313,Austin Kawecki,Oklahoma State,OT,3,0.8693,785,2022,HighSchool
4799993,114315,Sullivan Weidman,West Virginia,OT,3,0.8693,785,2022,HighSchool
4837475,114314,Griffin Scroggs,Georgia,IOL,3,0.8693,785,2022,HighSchool
4702903,114316,Daniel Owens,Maryland,DL,3,0.8693,785,2022,HighSchool
,114317,Amari Clark,,WR,3,0.8689,789,2022,HighSchool
,114318,Dametrius Walker,,DL,3,0.8689,790,2022,HighSchool
5084552,114319,Tommy Winton III,East Tennessee State,ATH,3,0.8689,790,2022,HighSchool
4703067,114326,Mehki Wall,Duke,WR,3,0.8689,792,2022,HighSchool
5084837,114321,Tao Johnson,Utah,ATH,3,0.8689,792,2022,HighSchool
4914979,114324,Myles Oliver,Clemson,CB,3,0.8689,792,2022,HighSchool
,114325,Luther Richesson,Cincinnati,QB,3,0.8689,792,2022,HighSchool
4869252,114322,Jaron Glover,Michigan State,WR,3,0.8689,792,2022,HighSchool
4883774,114323,Jayden McGowan,Vanderbilt,WR,3,0.8689,792,2022,HighSchool
,114320,Daveon Walker,Vanderbilt,WR,3,0.8689,792,2022,HighSchool
,114337,Isaiah Crowell,NC State,CB,3,0.8685,799,2022,HighSchool
4819227,114344,Maurice Hamilton,West Virginia,IOL,3,0.8685,799,2022,HighSchool
,114334,Jarnorris Hopson,Mississippi State,WR,3,0.8685,799,2022,HighSchool
4685542,114330,Jayden Sauray,Maryland,QB,3,0.8685,799,2022,HighSchool
4685258,114341,Tayvion Beasley,Jackson State,CB,3,0.8685,799,2022,HighSchool
4810360,114328,Tristan Wilson,Missouri,IOL,3,0.8685,799,2022,HighSchool
4808760,114338,Elijah Davis,Utah,S,3,0.8685,799,2022,HighSchool
4695711,234638,Max Whisner,Missouri,TE,3,0.8685,799,2022,HighSchool
4917203,114336,Carmycah Glass,Missouri,EDGE,3,0.8685,799,2022,HighSchool
4801306,114343,Conner Harrell,North Carolina,QB,3,0.8685,799,2022,HighSchool
4808718,234637,Wesley Miller,Mississippi State,S,3,0.8685,799,2022,HighSchool
4702920,114340,Ike White,Minnesota,WR,3,0.8685,799,2022,HighSchool
4812367,114345,Ade Willie,Michigan State,CB,3,0.8685,799,2022,HighSchool
4685535,114331,CJ Stokes,Michigan,RB,3,0.8685,799,2022,HighSchool
4804881,114342,Rashad McKenzie,Washington State,DL,3,0.8685,799,2022,HighSchool
4911674,114327,Isaiah Ward,Arizona,EDGE,3,0.8685,799,2022,HighSchool
4837477,114339,Elijah Zollicoffer,Arkansas State,DL,3,0.8685,799,2022,HighSchool
4708354,114329,Jeremiah Franklin,Boston College,TE,3,0.8685,799,2022,HighSchool
4869533,114333,Jude Bowry,Boston College,OT,3,0.8685,799,2022,HighSchool
4833018,114335,Charlie Kenrich,Purdue,TE,3,0.8685,799,2022,HighSchool
5086628,114346,AJ Jones,Arizona,WR,3,0.8685,799,2022,HighSchool
4812341,114332,Chris Petrucci,Northwestern,TE,3,0.8685,799,2022,HighSchool
4869131,114347,Kaden Sieracki,Baylor,OT,3,0.8681,821,2022,HighSchool
4915050,114348,Kawika Rogers,Oregon,OT,3,0.8681,821,2022,HighSchool
4827044,114350,Val Erickson,Missouri,OT,3,0.8681,821,2022,HighSchool
4826635,114349,Jaxon Dailey,Arkansas State,QB,3,0.8681,821,2022,HighSchool
4685710,114351,Chance Bogan,Idaho,TE,3,0.8681,821,2022,HighSchool
4832953,114352,Chase Carter,Michigan State,EDGE,3,0.8681,821,2022,HighSchool
4869497,114354,Tommy McIntosh,Wisconsin,WR,3,0.8678,827,2022,HighSchool
,114353,Dainsus Miller,,CB,3,0.8678,827,2022,HighSchool
,114359,Quaron Adams,Iowa State,RB,3,0.8674,829,2022,HighSchool
,114366,Jerry Johnson,,ATH,3,0.8674,829,2022,HighSchool
4824135,114355,Grayson Morgan,Vanderbilt,OT,3,0.8674,829,2022,HighSchool
4832041,114365,Q'yaeir Price,Rutgers,DL,3,0.8674,829,2022,HighSchool
4820579,114362,Jocelyn Malaska,Utah,CB,3,0.8674,829,2022,HighSchool
4808747,114364,Jamaal Whyce Jr.,South Carolina,DL,3,0.8674,829,2022,HighSchool
4881031,114356,Jamari Sharpe,Indiana,CB,3,0.8674,829,2022,HighSchool
4702906,114357,Tre Emory,Baylor,DL,3,0.8674,829,2022,HighSchool
4715345,114358,Devin Farrell,Virginia Tech,QB,3,0.8674,829,2022,HighSchool
4801303,114360,Kaden Cobb,Ball State,QB,3,0.8674,829,2022,HighSchool
5081395,114361,Kalib Perry,Tennessee,LB,3,0.8674,829,2022,HighSchool
4808765,114363,Marcus Peterson,Cincinnati,TE,3,0.8674,829,2022,HighSchool
4685265,114370,Isaiah Broadway,Central Arkansas,RB,3,0.867,841,2022,HighSchool
4695707,114372,Juju Lewis,Georgia Tech,WR,3,0.867,841,2022,HighSchool
4775136,114371,Owen McCown,Colorado,QB,3,0.867,841,2022,HighSchool
4870241,114369,Ahmad Robinson,Arkansas State,CB,3,0.867,841,2022,HighSchool
4794107,114373,Marlon Gunn Jr.,East Carolina,RB,3,0.867,841,2022,HighSchool
4911841,114367,Donovan Rieman,Kansas State,EDGE,3,0.867,841,2022,HighSchool
5091777,114368,Eddie Kelly Jr.,South Florida,DL,3,0.867,841,2022,HighSchool
4869991,114374,Caden Veltkamp,Western Kentucky,QB,3,0.867,841,2022,HighSchool
4736246,114378,Jacob Knuth,Minnesota,QB,3,0.8667,849,2022,HighSchool
4838544,114375,Malcolm Jones,Michigan State,S,3,0.8667,849,2022,HighSchool
4832827,114379,Jack Velling,Oregon State,TE,3,0.8667,849,2022,HighSchool
4833357,114376,Jeremiah Cooper,Iowa State,S,3,0.8667,849,2022,HighSchool
5081396,114380,Masai Reddick,Tennessee,OT,3,0.8667,849,2022,HighSchool
4832828,114377,Luka Vincic,Oregon State,OT,3,0.8667,849,2022,HighSchool
4816324,114381,Jake Maikkula,Stanford,OT,3,0.8663,855,2022,HighSchool
5168642,114386,Bert Emanuel Jr.,Central Michigan,QB,3,0.8663,855,2022,HighSchool
5173901,114382,Noble Thomas,Oregon State,CB,3,0.8663,855,2022,HighSchool
4869597,114383,Kylic Horton,South Carolina,WR,3,0.8663,855,2022,HighSchool
4806291,114392,Terian Williams II,Stanford,ATH,3,0.8663,855,2022,HighSchool
5081399,114387,Jourdan Thomas,Tennessee,S,3,0.8663,855,2022,HighSchool
4701946,114388,Karson Gay,Virginia,TE,3,0.8663,855,2022,HighSchool
4701953,114391,Kenzy Paul,Duke,ATH,3,0.8663,855,2022,HighSchool
4868927,114390,Kale Krogh,Iowa,OT,3,0.8663,855,2022,HighSchool
4833629,114389,Jace Wilson,UTSA,WR,3,0.8663,855,2022,HighSchool
4685454,114384,Jayden Maiava,UNLV,QB,3,0.8663,855,2022,HighSchool
4833625,114393,Jordan Nabors,Baylor,WR,3,0.8663,855,2022,HighSchool
4826504,114385,Kaleb Purdy,Kansas,S,3,0.8663,855,2022,HighSchool
4837476,114394,Caleb Wooden,Auburn,S,3,0.8663,855,2022,HighSchool
4685693,114397,Devin Kargman,Kent State,QB,3,0.8659,869,2022,HighSchool
4812383,114395,Tawfiq Thomas,Louisville,DL,3,0.8659,869,2022,HighSchool
,114396,Camarion Thornton,,ATH,3,0.8659,869,2022,HighSchool
4857878,114398,Tobi Osunsanmi,Kansas State,LB,3,0.8657,872,2022,HighSchool
4726128,114400,Ethan Green,Cincinnati,OT,3,0.8656,873,2022,HighSchool
4869601,114399,Chance Morrow,Louisville,WR,3,0.8656,873,2022,HighSchool
4911912,114401,Yilanan Ouattara,Vanderbilt,DL,3,0.8656,873,2022,HighSchool
4878440,114402,Avery Sledge,Mississippi State,LB,3,0.8656,873,2022,HighSchool
4702828,114403,A.J. Holmes Jr.,Houston,DL,3,0.8656,873,2022,HighSchool
4869604,114414,Enyce Sledge,Auburn,DL,3,0.8652,878,2022,HighSchool
4804880,114410,Eoghan Kerry,Colorado,LB,3,0.8652,878,2022,HighSchool
4832891,114404,Gilbert Tongrongou,Boston College,DL,3,0.8652,878,2022,HighSchool
4832911,114411,Tyler Banks,Ole Miss,ATH,3,0.8652,878,2022,HighSchool
4837390,114413,Nathan Vail,Duke,S,3,0.8652,878,2022,HighSchool
4808993,114412,Derrell Johnson II,Wake Forest,IOL,3,0.8652,878,2022,HighSchool
4830617,114415,Travis Throckmorton,Oregon State,QB,3,0.8652,878,2022,HighSchool
4712885,114406,Carmello Jones,Baylor,EDGE,3,0.8652,878,2022,HighSchool
4877626,114405,Reggie Bush II,Baylor,S,3,0.8652,878,2022,HighSchool
4845333,114407,Brian Grant,Tennessee,OT,3,0.8652,878,2022,HighSchool
5091764,114409,Ismael Zamor,Boston College,WR,3,0.8652,878,2022,HighSchool
4870517,114408,Xavier Chaplin,Virginia Tech,OT,3,0.8652,878,2022,HighSchool
,114416,Nick Williams,,OT,3,0.865,890,2022,HighSchool
4916587,114418,Darius Thomas,Western Kentucky,S,3,0.8648,891,2022,HighSchool
4799991,114417,Cole Spence,Vanderbilt,TE,3,0.8648,891,2022,HighSchool
4714773,114420,Joey Okla,Illinois,IOL,3,0.8648,891,2022,HighSchool
4806463,114421,Bryce Archie,Coastal Carolina,QB,3,0.8648,891,2022,HighSchool
4832922,114419,Wesley Williams,Duke,TE,3,0.8648,891,2022,HighSchool
5089174,114423,Jeffrey Ugochukwu,Vanderbilt,S,3,0.8644,896,2022,HighSchool
4832819,114426,Djouvensky Schlenbaker,Washington State,RB,3,0.8644,896,2022,HighSchool
4832790,114425,Garrison Madden,USC,LB,3,0.8644,896,2022,HighSchool
4832593,114424,Paul Oyewale,TCU,DL,3,0.8644,896,2022,HighSchool
5089062,114422,BJ Diakite,Vanderbilt,ATH,3,0.8644,896,2022,HighSchool
4832800,114427,Denzel Boston,Washington,WR,3,0.8644,896,2022,HighSchool
4832824,234640,Austin Terry,Boise State,TE,3,0.8641,902,2022,HighSchool
4832955,114437,Emmett Johnson,Nebraska,RB,3,0.8641,902,2022,HighSchool
4900789,114436,Cam Robertson,North Texas,EDGE,3,0.8641,902,2022,HighSchool
4832876,114433,Kyree Moyston,Virginia Tech,DL,3,0.8641,902,2022,HighSchool
,114429,Mumu Bin-Wahad,West Virginia,S,3,0.8641,902,2022,HighSchool
,114428,Marcus McKenzie,BYU,ATH,3,0.8641,902,2022,HighSchool
4816094,114431,Russell Davis II,Arizona,EDGE,3,0.8641,902,2022,HighSchool
,114430,Shannon Blair,,ATH,3,0.8641,902,2022,HighSchool
4869294,114435,Jake Appleget,Nebraska,EDGE,3,0.8641,902,2022,HighSchool
,114434,Shakaun Bowser,Colorado,LB,3,0.8641,902,2022,HighSchool
4824137,234639,Izaiah Reed,Louisville,OT,3,0.8641,902,2022,HighSchool
4869732,114432,James Schott,Michigan State,EDGE,3,0.8641,902,2022,HighSchool
4911851,114441,LeQuint Allen,Syracuse,RB,3,0.8639,914,2022,HighSchool
4804887,114440,Joe Swen,Oregon State,S,3,0.8639,914,2022,HighSchool
,114443,Tyler Woodard,,CB,3,0.8639,914,2022,HighSchool
,114442,Gavin Meyers,,LB,3,0.8639,914,2022,HighSchool
,114439,Giovanni Davis,,DL,3,0.8639,914,2022,HighSchool
4917132,114438,Connor Lingren,TCU,DL,3,0.8639,914,2022,HighSchool
,114447,JP Zamora,,QB,3,0.8637,920,2022,HighSchool
5081208,114446,Snoop Leota-Amaama,Virginia,IOL,3,0.8637,920,2022,HighSchool
4896317,114445,Jacob Manu,Arizona,LB,3,0.8637,920,2022,HighSchool
4880281,114444,Jordyn Tyson,Colorado,WR,3,0.8637,920,2022,HighSchool
4688542,114448,Eli Henderson,Arkansas,IOL,3,0.8637,920,2022,HighSchool
4917119,114449,Devin Alves,Virginia Tech,ATH,3,0.8633,925,2022,HighSchool
4868039,114451,Jack Dotzler,Iowa,OT,3,0.8633,926,2022,HighSchool
4883647,114457,Elic Ayomanor,Stanford,WR,3,0.8633,926,2022,HighSchool
4837460,114453,Audavion Collins,Mississippi State,CB,3,0.8633,926,2022,HighSchool
4685252,114454,Henry Belin IV,Duke,QB,3,0.8633,926,2022,HighSchool
4833023,114452,Dom Foster,Syracuse,ATH,3,0.8633,926,2022,HighSchool
4869551,114456,Roman Pitre,Purdue,ATH,3,0.8633,926,2022,HighSchool
4870402,114455,Donovan Spellman,App State,EDGE,3,0.8633,926,2022,HighSchool
4784593,114450,Kalvin Dinkins,Mississippi State,DL,3,0.8633,926,2022,HighSchool
4685733,114464,CJ Doggette Jr.,Cincinnati,DL,3,0.863,934,2022,HighSchool
4806851,114466,Sean Fitzsimmons,Pittsburgh,DL,3,0.863,934,2022,HighSchool
4832005,114463,Jackson Pruitt,Temple,IOL,3,0.863,934,2022,HighSchool
4714496,114469,Taj White,Rutgers,OT,3,0.863,934,2022,HighSchool
4911908,114467,JJ Hollingsworth,Arkansas,DL,3,0.863,934,2022,HighSchool
4702560,114462,Grant Page,Colorado,ATH,3,0.863,934,2022,HighSchool
,114461,Maleek McNeil,Penn State,OT,3,0.863,934,2022,HighSchool
4685357,114471,Erik Gray,Texas Tech,IOL,3,0.863,934,2022,HighSchool
4781744,114465,Victor Venn,Colorado,RB,3,0.863,934,2022,HighSchool
5081999,114468,CJ Donaldson,West Virginia,TE,3,0.863,934,2022,HighSchool
,114459,Miguel Mitchell,Florida,ATH,3,0.863,934,2022,HighSchool
4816103,114458,Taylor Love,Tulane,LB,3,0.863,934,2022,HighSchool
4869646,114460,Justin Kanyuk,North Carolina,OT,3,0.863,934,2022,HighSchool
4832899,114470,Isaiah Montgomery,Pittsburgh,OT,3,0.863,934,2022,HighSchool
5087179,114472,Carson Hegerle,North Dakota State,ATH,3,0.8628,948,2022,HighSchool
4871148,114474,Jaylin Lucas,Indiana,ATH,3,0.8626,949,2022,HighSchool
4833366,114473,Syncere Massey,Texas Tech,DL,3,0.8626,949,2022,HighSchool
4808762,114476,Aidan Gousby,Minnesota,ATH,3,0.8622,951,2022,HighSchool
4702800,114477,Kaleb Brown,UTSA,LB,3,0.8622,951,2022,HighSchool
4685433,234642,Jihad Lateef,Sam Houston,IOL,3,0.8622,951,2022,HighSchool
4757958,114478,Ashton Lepo,Michigan State,OT,3,0.8622,951,2022,HighSchool
4869593,114479,Perry Fisher,Maryland,ATH,3,0.8622,951,2022,HighSchool
4685557,114481,Cam Sidney,California,CB,3,0.8622,951,2022,HighSchool
4703069,234641,Jackson Vick,NC State,CB,3,0.8622,951,2022,HighSchool
,114475,Joe Brown,,IOL,3,0.8622,951,2022,HighSchool
4868600,114480,Zamari Stevenson,Wake Forest,CB,3,0.8622,951,2022,HighSchool
,114486,Jason Oliver,Colorado,CB,3,0.8619,960,2022,HighSchool
,114482,Marquan Pope,Pittsburgh,LB,3,0.8619,960,2022,HighSchool
4838518,114485,Kadin Bailey,Syracuse,LB,3,0.8619,960,2022,HighSchool
4873442,114484,Xavier Brown,Virginia,RB,3,0.8619,960,2022,HighSchool
4702916,114483,Treylin Payne,Houston,LB,3,0.8619,960,2022,HighSchool
4834817,114487,Jayshon Platt,Florida Atlantic,WR,3,0.8617,965,2022,HighSchool
4781740,114488,Chase Harrison,Marshall,QB,3,0.8615,966,2022,HighSchool
,114503,Anthony Mix Jr.,,QB,3,0.8611,967,2022,HighSchool
,114505,Dax Courtney,Arkansas,TE,3,0.8611,967,2022,HighSchool
4741636,114506,Richard Torres,Nebraska,QB,3,0.8611,967,2022,HighSchool
4833592,114495,Devyn Bobby,Baylor,CB,3,0.8611,967,2022,HighSchool
4881605,114498,Jacoby Kelly,San Diego State,WR,3,0.8611,967,2022,HighSchool
5086027,114502,TJ Harden,UCLA,RB,3,0.8611,967,2022,HighSchool
4917349,114493,Jamari Hawkins,Memphis,WR,3,0.8611,967,2022,HighSchool
4840118,114489,Tucker Holloway,Virginia Tech,WR,3,0.8611,967,2022,HighSchool
4831986,114496,Deshaun Lee,Iowa,CB,3,0.8611,967,2022,HighSchool
4738818,114497,Jamaal Johnson,UCF,DL,3,0.8611,967,2022,HighSchool
5081172,114507,Xayvion Turner-Bradshaw,Virginia Tech,ATH,3,0.8611,967,2022,HighSchool
4840124,114490,D.J. Moore,Georgia Tech,WR,3,0.8611,967,2022,HighSchool
4832875,114508,Leon Haughton Jr.,Maryland,WR,3,0.8611,967,2022,HighSchool
4720949,114504,Kristen Hoskins,Minnesota,WR,3,0.8611,967,2022,HighSchool
5084936,114492,Magnus Moller,Illinois,OT,3,0.8611,967,2022,HighSchool
4869443,114491,TK King,Texas Tech,WR,3,0.8611,967,2022,HighSchool
4837268,114499,Gregory Delaine Jr.,Syracuse,CB,3,0.8611,967,2022,HighSchool
4804842,114501,Croix Stewart,UCLA,S,3,0.8611,967,2022,HighSchool
4702819,114494,Alvin Ebosele,Baylor,OT,3,0.8611,967,2022,HighSchool
4713649,114500,Drew Dickey,Vanderbilt,QB,3,0.8611,967,2022,HighSchool
4878232,114513,Tomiwa Durojaiye,Kentucky,DL,3,0.8607,987,2022,HighSchool
4877627,114517,Chase Gillespie,Vanderbilt,RB,3,0.8607,987,2022,HighSchool
4816084,114509,Jaylen Ward,Middle Tennessee,WR,3,0.8607,987,2022,HighSchool
,114514,Dallas Vakalahi,Utah,DL,3,0.8607,987,2022,HighSchool
4812373,114515,TJ Bullard,UCF,LB,3,0.8607,987,2022,HighSchool
4804879,114516,Quincy Craig,Portland State,RB,3,0.8607,987,2022,HighSchool
4831971,114511,Kalen Carroll,Cincinnati,CB,3,0.8607,987,2022,HighSchool
4720942,114510,Coleton Price,Baylor,IOL,3,0.8607,987,2022,HighSchool
4911904,114512,Keyron Crawford,Arkansas State,EDGE,3,0.8607,987,2022,HighSchool
4702917,114518,Jacob Sacra,East Carolina,OT,3,0.8604,996,2022,HighSchool
4872581,114523,Steven Sannieniola,Vanderbilt,S,3,0.86,997,2022,HighSchool
4873443,114529,Keyshawn Burgos,Virginia Tech,EDGE,3,0.86,997,2022,HighSchool
4870242,255726,Evan Smith,Northwestern,ATH,3,0.86,997,2022,HighSchool
4816111,114525,Deuce Spurlock II,Michigan,LB,3,0.86,997,2022,HighSchool
4838522,234650,Stevie Bracey,Virginia,LB,3,0.86,997,2022,HighSchool
4838679,114528,Ashton Daniels,Stanford,QB,3,0.86,997,2022,HighSchool
4836472,114521,Bryan Thomas Jr.,South Carolina,EDGE,3,0.86,997,2022,HighSchool
4905601,114527,Gavin Gibson,Maryland,S,3,0.86,997,2022,HighSchool
4819232,234647,Isaiah Jones,Indiana,LB,3,0.86,997,2022,HighSchool
4716507,114524,Quincy Burroughs,Cincinnati,WR,3,0.86,997,2022,HighSchool
4869121,114519,Caleb Wheatland,Maryland,LB,3,0.86,997,2022,HighSchool
4869745,234649,Kyirin Heath,Ole Miss,TE,3,0.86,997,2022,HighSchool
4702749,114522,Fitzgerald West Jr.,LSU,DL,3,0.86,997,2022,HighSchool
4868249,114520,Davis Lane Jr.,Virginia,QB,3,0.86,997,2022,HighSchool
4832805,234651,Jaelin Green,Eastern Washington,ATH,3,0.86,997,2022,HighSchool
5082268,234648,DeAndre Gill,Colorado State,LB,3,0.86,997,2022,HighSchool
,234646,Caleb Harris,,TE,3,0.86,997,2022,HighSchool
,234644,Nick Adimora,,ATH,3,0.86,997,2022,HighSchool
4868341,234643,Champ Lewis,TCU,CB,3,0.86,997,2022,HighSchool
,114526,Keshlon Jackson,Louisiana Tech,WR,3,0.86,997,2022,HighSchool
4782663,234645,Linus Zunk,Vanderbilt,DL,3,0.86,997,2022,HighSchool
4899046,114530,Brendan Sorsby,Indiana,QB,3,0.8596,1019,2022,HighSchool
4816326,114538,Braden Miller,Michigan State,OT,3,0.8596,1019,2022,HighSchool
4794150,114539,Kylon Griffin,Clemson,S,3,0.8596,1019,2022,HighSchool
4833372,114535,Sean Sallis,Marshall,TE,3,0.8596,1019,2022,HighSchool
4711234,114536,Sir Mells,Oregon,DL,3,0.8596,1019,2022,HighSchool
4911897,114533,Lionell Whitaker,Maryland,CB,3,0.8596,1019,2022,HighSchool
4833602,114537,Jakson LaHue,Mississippi State,OT,3,0.8596,1019,2022,HighSchool
4711413,114534,Connor Jones,Michigan,OT,3,0.8596,1019,2022,HighSchool
4836471,114531,Jackson Stratton,Colorado State,QB,3,0.8596,1019,2022,HighSchool
4832037,114532,Denis Jaquez Jr.,Syracuse,EDGE,3,0.8596,1019,2022,HighSchool
4837207,114544,Preston Cushman,Ole Miss,OT,3,0.8593,1029,2022,HighSchool
5091748,114540,Jayden Virgin,Boise State,LB,3,0.8593,1029,2022,HighSchool
4880273,114541,Kyle Louis,Pittsburgh,ATH,3,0.8593,1029,2022,HighSchool
4812366,114545,Corey Yeoman,Temple,LB,3,0.8593,1029,2022,HighSchool
,114543,Nyair Graham,,LB,3,0.8593,1029,2022,HighSchool
4881100,114542,David Conner,Florida,OT,3,0.8593,1029,2022,HighSchool
5087158,114546,Jaquise Alexander,North Dakota State,CB,3,0.8589,1035,2022,HighSchool
4837258,114547,Travis Bates,Duke,RB,3,0.8589,1035,2022,HighSchool
,114549,Ali Wells,Murray State,RB,3,0.8589,1035,2022,HighSchool
4819225,114550,Delian Bradley,Harvard,S,3,0.8589,1035,2022,HighSchool
,114548,Derrick Graham,Southeastern Louisiana,RB,3,0.8589,1035,2022,HighSchool
,114559,Jordan Anderson,Illinois,RB,3,0.8589,1040,2022,HighSchool
,114563,JD Stewart,,LB,3,0.8589,1040,2022,HighSchool
,114562,Terence Thomas,Purdue,ATH,3,0.8589,1040,2022,HighSchool
4705859,114554,KD Hutchinson,Western Kentucky,ATH,3,0.8589,1040,2022,HighSchool
4812439,114551,Brian Courtney,Florida State,TE,3,0.8589,1040,2022,HighSchool
4911891,114553,Sam Mason Jr.,Oregon State,WR,3,0.8589,1040,2022,HighSchool
4702821,114556,Camron Cooper,UTSA,EDGE,3,0.8589,1040,2022,HighSchool
4833364,114555,Bray Lynch,Indiana,OT,3,0.8589,1040,2022,HighSchool
4695703,114558,Kellan Wyatt,Maryland,LB,3,0.8589,1040,2022,HighSchool
4832874,114561,Bryce Duke,Virginia Tech,RB,3,0.8589,1040,2022,HighSchool
4685389,114560,Josh Hunter,San Diego State,CB,3,0.8589,1040,2022,HighSchool
4869582,114557,Cam Barfield,Boston College,RB,3,0.8589,1040,2022,HighSchool
4812356,114552,Jaydn Girard,Wake Forest,WR,3,0.8589,1040,2022,HighSchool
4832954,114568,Deylin Hasert,Iowa State,IOL,3,0.8585,1053,2022,HighSchool
4356017,114570,Luke Dalton,Cincinnati,OT,3,0.8585,1053,2022,HighSchool
4832951,114567,Chase Androff,Nebraska,TE,3,0.8585,1053,2022,HighSchool
4814926,234653,Hunter Whitenack,Illinois,OT,3,0.8585,1053,2022,HighSchool
4816104,114566,Michael Masunas,Michigan State,TE,3,0.8585,1053,2022,HighSchool
,114569,Avery Powell,Holy Cross,CB,3,0.8585,1053,2022,HighSchool
4726129,114565,Harrison Saint Germain,Virginia Tech,TE,3,0.8585,1053,2022,HighSchool
4838533,114564,Cason Henry,South Carolina,OT,3,0.8585,1053,2022,HighSchool
4833613,234652,Joshua Wiggins,Colorado,CB,3,0.8585,1053,2022,HighSchool
,114571,Jack Curtis,Air Force,EDGE,3,0.8583,1062,2022,HighSchool
4832916,114572,Lemar Law,Virginia Tech,DL,3,0.8581,1063,2022,HighSchool
5084465,114575,Theron Johnson,Northwestern State,WR,3,0.8578,1064,2022,HighSchool
4713486,114580,Cody Mladenka,Baylor,TE,3,0.8578,1064,2022,HighSchool
4837351,114573,Bryce Cowan,Vanderbilt,LB,3,0.8578,1064,2022,HighSchool
4907826,114577,Zilan Williams,Rutgers,CB,3,0.8578,1064,2022,HighSchool
4837391,114584,Maurice Turner,Louisville,WR,3,0.8578,1064,2022,HighSchool
4868720,114576,Markel Fortenberry,Liberty,WR,3,0.8578,1064,2022,HighSchool
,114586,Reco Trimble,,RB,3,0.8578,1064,2022,HighSchool
,114574,Alex Williams,,LB,3,0.8578,1064,2022,HighSchool
,114578,Aaron Alexander,,LB,3,0.8578,1064,2022,HighSchool
,114585,Jadairion Smith,,EDGE,3,0.8578,1064,2022,HighSchool
4896391,114579,JR Wilson Jr.,Virginia,WR,3,0.8578,1064,2022,HighSchool
4832817,114581,Keith Olson,Utah,OT,3,0.8578,1064,2022,HighSchool
4882061,114588,Jake Newell,Arizona State,TE,3,0.8578,1064,2022,HighSchool
4711410,114582,Brett Griffis,Wake Forest,QB,3,0.8578,1064,2022,HighSchool
4832034,114583,Matt Fries,Illinois,OT,3,0.8578,1064,2022,HighSchool
4837468,114587,DeAunte Hunter,South Florida,LB,3,0.8578,1064,2022,HighSchool
4823975,114592,Avyonne Jones,Wisconsin,CB,3,0.8574,1080,2022,HighSchool
4879818,114589,AJ Odom,Memphis,LB,3,0.8574,1080,2022,HighSchool
4824128,114594,Eric Gaston,Memphis,DL,3,0.8574,1080,2022,HighSchool
4833601,114595,Tai Leonard,UTSA,DL,3,0.8574,1080,2022,HighSchool
4873903,114590,Tevin Shaw,Houston,IOL,3,0.8574,1080,2022,HighSchool
4882000,114596,Chad Schuster,Syracuse,OT,3,0.8574,1080,2022,HighSchool
4837376,114593,Kanaya Charlton,Florida State,IOL,3,0.8574,1080,2022,HighSchool
4816323,114591,Nate Kurisky,Louisville,TE,3,0.8574,1080,2022,HighSchool
4702728,114598,Kristian Phillips,Michigan State,IOL,3,0.857,1088,2022,HighSchool
,114597,Mekhi Lynn,,QB,3,0.857,1088,2022,HighSchool
,114616,O'Ryan James,Louisiana Tech,WR,3,0.8567,1090,2022,HighSchool
,114615,Cole Prusia,,WR,3,0.8567,1090,2022,HighSchool
4824124,114612,Alex Broome,Boston College,RB,3,0.8567,1090,2022,HighSchool
4838514,114611,Kyle Efford,Georgia Tech,LB,3,0.8567,1090,2022,HighSchool
4917378,114603,J'mari Monette,Indiana,DL,3,0.8567,1090,2022,HighSchool
4833356,114602,Zach Courtney,Colorado,TE,3,0.8567,1090,2022,HighSchool
4837388,114609,VJ Payne,Kansas State,LB,3,0.8567,1090,2022,HighSchool
4837474,114604,Clayton Powell-Lee,Georgia Tech,S,3,0.8567,1090,2022,HighSchool
4812346,114614,Eric Weatherly,Duke,RB,3,0.8567,1090,2022,HighSchool
5084093,114599,AJ Davis,SMU,CB,3,0.8567,1090,2022,HighSchool
4894450,114607,Brodie Tagaloa,Nebraska,TE,3,0.8567,1090,2022,HighSchool
4869253,114601,Rhyland Kelly,Minnesota,CB,3,0.8567,1090,2022,HighSchool
4695710,114610,Addison Copeland III,Pittsburgh,WR,3,0.8567,1090,2022,HighSchool
4702902,114608,Dorian Friend,Houston,CB,3,0.8567,1090,2022,HighSchool
4869808,114613,Eric Wilder,Washington State,OT,3,0.8567,1090,2022,HighSchool
4876608,114606,McKale Boley,Virginia,OT,3,0.8567,1090,2022,HighSchool
4895711,114605,Chris Reed,Utah,WR,3,0.8567,1090,2022,HighSchool
4910223,114600,Malcolm Hartzog,Nebraska,CB,3,0.8567,1090,2022,HighSchool
4837462,234654,Jaiden Credle,Northern Illinois,RB,3,0.8567,1108,2022,HighSchool
,114617,Tanner Salisbury,UNLV,LB,3,0.8567,1108,2022,HighSchool
,114623,Cory Hendrix,,IOL,3,0.8563,1110,2022,HighSchool
4685363,114622,Isaiah Gordon,Marshall,ATH,3,0.8563,1110,2022,HighSchool
5081186,114618,Trip White,Ole Miss,LB,3,0.8563,1110,2022,HighSchool
4883053,114619,Jordan Buchanan,Purdue,S,3,0.8563,1110,2022,HighSchool
4832000,114621,Tag Bonnema,Western Michigan,LB,3,0.8563,1110,2022,HighSchool
4808764,114620,Leon Hart Jr.,Marshall,LB,3,0.8563,1110,2022,HighSchool
4833373,114625,Devin Turner,Northwestern,S,3,0.8556,1116,2022,HighSchool
5081211,114632,DQ Smith,South Carolina,ATH,3,0.8556,1116,2022,HighSchool
4869820,114631,Terry Moore,Duke,ATH,3,0.8556,1116,2022,HighSchool
4826528,114640,Caleb Merritt,Wyoming,WR,3,0.8556,1116,2022,HighSchool
4688561,114636,Jack Funke,Boston College,OT,3,0.8556,1116,2022,HighSchool
4711233,114633,Davonte Miles,Bowling Green,DL,3,0.8556,1116,2022,HighSchool
4869314,114629,Jaleel Johnson,Oklahoma State,DL,3,0.8556,1116,2022,HighSchool
4888764,114634,Max Garrison,San Diego State,ATH,3,0.8556,1116,2022,HighSchool
4899880,114626,Bennett Meredith,Arizona State,QB,3,0.8556,1116,2022,HighSchool
4880395,114627,Tae Meadows,Troy,RB,3,0.8556,1116,2022,HighSchool
4870238,114639,Zamondre Merriweather,Boise State,ATH,3,0.8556,1116,2022,HighSchool
4869075,114641,Kaden Ludwick,Colorado,LB,3,0.8556,1116,2022,HighSchool
,114630,Bennett Galloway,,RB,3,0.8556,1116,2022,HighSchool
,114642,Toby Payne,Marshall,TE,3,0.8556,1116,2022,HighSchool
4901128,114628,Demetrius Watson,South Carolina,DL,3,0.8556,1116,2022,HighSchool
4832799,114637,Patrick Body Jr,Cincinnati,CB,3,0.8556,1116,2022,HighSchool
4869254,114624,Tariq Watson,Minnesota,CB,3,0.8556,1116,2022,HighSchool
4869341,114635,Cade Yacamelli,Wisconsin,ATH,3,0.8556,1116,2022,HighSchool
4715000,114638,Joe De Croce,Rutgers,OT,3,0.8556,1116,2022,HighSchool
4832055,114643,Carter Edwards,Colorado,OT,3,0.8556,1116,2022,HighSchool
4900746,114644,Joshua Hardy,Boston College,EDGE,3,0.8552,1136,2022,HighSchool
4832003,114648,Ka'Marii Landers,Akron,OT,3,0.8552,1136,2022,HighSchool
4839485,114645,Brandon Best,Georgia Tech,IOL,3,0.8552,1136,2022,HighSchool
4868405,114647,Malachi Hood,Illinois,LB,3,0.8552,1136,2022,HighSchool
4869128,114646,James Edwards,App State,CB,3,0.8552,1136,2022,HighSchool
,114650,Dominique Henry,,WR,3,0.855,1141,2022,HighSchool
5100403,114649,Zion Odoms,Marshall,WR,3,0.855,1141,2022,HighSchool
4715346,114654,Simeon Harris,Colorado,CB,3,0.8548,1143,2022,HighSchool
5100166,114653,Miguel Maldonado,UCF,IOL,3,0.8548,1143,2022,HighSchool
5086046,114652,Chad Mascoe,Campbell,QB,3,0.8548,1143,2022,HighSchool
4869239,114651,Clive Wilson,Boston College,DL,3,0.8548,1143,2022,HighSchool
4726127,114655,Tacario Davis,Arizona,CB,3,0.8544,1147,2022,HighSchool
4833600,114657,Chase Kennedy,Utah,EDGE,3,0.8544,1147,2022,HighSchool
4764902,114659,Coltin Deery,Maryland,IOL,3,0.8544,1147,2022,HighSchool
4869242,114663,Jakob Galloway,San José State,ATH,3,0.8544,1147,2022,HighSchool
4702905,114660,Sheridan Wilson,Texas Tech,IOL,3,0.8544,1147,2022,HighSchool
4695708,114658,Gabe Brown,Oklahoma State,LB,3,0.8544,1147,2022,HighSchool
4702899,114661,Matt Craycraft,Duke,OT,3,0.8544,1147,2022,HighSchool
4869519,114662,Gabe Burkle,Iowa State,TE,3,0.8544,1147,2022,HighSchool
4909948,114656,Ashton Beers,Minnesota,IOL,3,0.8544,1147,2022,HighSchool
5081387,114667,Christian Harrison,Tennessee,CB,3,0.8541,1156,2022,HighSchool
4808990,114670,Cincear Lewis,Cincinnati,S,3,0.8541,1156,2022,HighSchool
4751465,114664,Tim Dawn,Baylor,IOL,3,0.8541,1156,2022,HighSchool
4689196,114669,Tyler Gillison,Cincinnati,DL,3,0.8541,1156,2022,HighSchool
4905597,114672,Anez Cooper,Miami,OT,3,0.8541,1156,2022,HighSchool
4689117,114674,Brian Parker II,Duke,OT,3,0.8541,1156,2022,HighSchool
4833626,114668,Ben Roberts,Texas Tech,LB,3,0.8541,1156,2022,HighSchool
4782660,114671,Nasir Bowers,Toledo,CB,3,0.8541,1156,2022,HighSchool
,114666,Alton Tarber IV,Oklahoma,DL,3,0.8541,1156,2022,HighSchool
4819215,114665,Josh Kattus,Kentucky,TE,3,0.8541,1156,2022,HighSchool
4816098,114673,Makhi Hughes,Tulane,RB,3,0.8541,1156,2022,HighSchool
4869605,114675,Gage Stenger,Nebraska,LB,3,0.8537,1167,2022,HighSchool
4826574,114678,Owen Anderson,Illinois,TE,3,0.8533,1168,2022,HighSchool
4872750,114687,Takari Hickle,Oregon State,DL,3,0.8533,1168,2022,HighSchool
4782658,114690,Kyler Jordan,Baylor,EDGE,3,0.8533,1168,2022,HighSchool
4878501,114686,Joey Baker,Kansas,OT,3,0.8533,1168,2022,HighSchool
4870516,114688,Aaron Austin,Colorado,DL,3,0.8533,1168,2022,HighSchool
4868598,114679,Kage Casey,Boise State,OT,3,0.8533,1168,2022,HighSchool
4736757,114677,Jackson Cannon,Mississippi State,OT,3,0.8533,1168,2022,HighSchool
5177602,114680,Terrell Timmons Jr.,NC State,WR,3,0.8533,1168,2022,HighSchool
4808997,114682,Mekhi Mason,Syracuse,LB,3,0.8533,1168,2022,HighSchool
4702832,114689,Keith Wheeler,Tulsa,WR,3,0.8533,1168,2022,HighSchool
4909263,114684,Joe Humphreys,Miami (OH),QB,3,0.8533,1168,2022,HighSchool
4837267,114676,Daveon Crouch,Boston College,LB,3,0.8533,1168,2022,HighSchool
4869728,114685,Jeremiah Hasley,Duke,LB,3,0.8533,1168,2022,HighSchool
4816096,114681,Jacob Holmes,Fresno State,DL,3,0.8533,1168,2022,HighSchool
,114691,Nikki Taylor,,WR,3,0.8533,1168,2022,HighSchool
4869442,114683,Brayden Loftin,Kansas State,TE,3,0.8533,1168,2022,HighSchool
,114692,Jerry Wilson,Syracuse,CB,3,0.8533,1168,2022,HighSchool
4880272,114695,Byrum Brown,South Florida,QB,3,0.853,1185,2022,HighSchool
4880275,114694,Jonathan Thompson,Cincinnati,LB,3,0.853,1185,2022,HighSchool
4812339,114693,Kobe McCloud,Clemson,LB,3,0.853,1185,2022,HighSchool
4685254,114700,Jabari Bates,San José State,RB,3,0.8528,1188,2022,HighSchool
,114703,Matthew James,,WR,3,0.8528,1188,2022,HighSchool
,114702,Cameron Collins,,IOL,3,0.8528,1188,2022,HighSchool
,114698,Mikeece Jones,,ATH,3,0.8528,1188,2022,HighSchool
,114701,TJ Banks,,S,3,0.8528,1188,2022,HighSchool
,114696,Devin Smith,,LB,3,0.8528,1188,2022,HighSchool
5095219,114699,Dareion Murphy,Princeton,RB,3,0.8528,1188,2022,HighSchool
4905594,114697,Jawaun Northington,Murray State,ATH,3,0.8528,1188,2022,HighSchool
4832002,114704,Glenie Cross,Princeton,S,3,0.8528,1188,2022,HighSchool
4903471,114705,Elijah Reed,Kentucky,CB,3,0.8526,1197,2022,HighSchool
4894839,114712,Brandon White,Kentucky,WR,3,0.8522,1198,2022,HighSchool
4685286,114709,Kareem Burke,Florida A&M,WR,3,0.8522,1198,2022,HighSchool
4832059,114728,DJ Jackson,NC State,DL,3,0.8522,1198,2022,HighSchool
4781738,114720,Coleman Bryson,Minnesota,S,3,0.8522,1198,2022,HighSchool
4714569,114714,Nelson Monegro,Rutgers,OT,3,0.8522,1198,2022,HighSchool
4873456,114713,Addison Ostrenga,Iowa,TE,3,0.8522,1198,2022,HighSchool
4833029,114722,Max Klare,Purdue,TE,3,0.8522,1198,2022,HighSchool
4870235,114717,Jake Clifton,Kansas State,LB,3,0.8522,1198,2022,HighSchool
4833627,114708,Bryce Simpson,Baylor,OT,3,0.8522,1198,2022,HighSchool
4905595,114721,Elijah Russell,Marshall,EDGE,3,0.8522,1198,2022,HighSchool
4870518,114707,Zeon Chriss-Gremillion,Louisiana,QB,3,0.8522,1198,2022,HighSchool
4872623,114716,Carter Wyatt,Duke,LB,3,0.8522,1198,2022,HighSchool
4911859,114725,Andre Hodge,Wake Forest,CB,3,0.8522,1198,2022,HighSchool
4911975,114726,Asani Redwood,West Virginia,EDGE,3,0.8522,1198,2022,HighSchool
4831975,114715,Jeffrey Simmons,Miami (OH),TE,3,0.8522,1198,2022,HighSchool
5086618,114710,Logan Tanner,San Diego State,TE,3,0.8522,1198,2022,HighSchool
,114711,Noah Moeaki,BYU,LB,3,0.8522,1198,2022,HighSchool
4869390,114723,Wyatt Sullivan,Florida Atlantic,ATH,3,0.8522,1198,2022,HighSchool
5085186,114724,Moso'oipala Tuitele,California,EDGE,3,0.8522,1198,2022,HighSchool
4790117,114706,Belizaire Bassette,Syracuse,DL,3,0.8522,1198,2022,HighSchool
,114718,Jalen Swindell,Wake Forest,DL,3,0.8522,1198,2022,HighSchool
,114727,Donovan Johnson,,S,3,0.8522,1198,2022,HighSchool
4869083,114719,Hut Graham,Texas Tech,S,3,0.8522,1198,2022,HighSchool
4916941,114733,Coy Eakin,Texas Tech,ATH,3,0.8519,1221,2022,HighSchool
5081391,114732,Jayson Jenkins,Tennessee,DL,3,0.8519,1221,2022,HighSchool
4695704,114735,Aveon Grose,Charlotte,S,3,0.8519,1221,2022,HighSchool
4820578,114729,Maliek Bogard,Eastern Michigan,EDGE,3,0.8519,1221,2022,HighSchool
4819254,114737,Laakea Kapoi,San Diego State,OT,3,0.8519,1221,2022,HighSchool
4819228,114736,Rodney Harris II,Ohio,WR,3,0.8519,1221,2022,HighSchool
4878660,114730,Trevor Hardy,Memphis,S,3,0.8519,1221,2022,HighSchool
4910230,114734,Tyler Knaak,Utah,OT,3,0.8519,1221,2022,HighSchool
4854182,114731,Seth Martin,Texas Tech,IOL,3,0.8519,1221,2022,HighSchool
4878442,114740,Josh Anderson,Eastern Michigan,IOL,3,0.8517,1230,2022,HighSchool
5093183,114742,Demarcus Lacey,North Alabama,ATH,3,0.8517,1230,2022,HighSchool
4836476,114739,Davin Wydner,Ole Miss,QB,3,0.8517,1230,2022,HighSchool
4911905,114741,Davis Dotson,Oklahoma State,OT,3,0.8517,1230,2022,HighSchool
4838692,114738,Jason Reynolds,Northwestern,LB,3,0.8517,1230,2022,HighSchool
,114743,Maika Matelau,,OT,3,0.8517,1230,2022,HighSchool
4812358,114744,D'Angelo Hutchinson,Louisville,S,3,0.8515,1236,2022,HighSchool
4716652,114745,Jomarion Briggs,Fresno State,CB,3,0.8515,1236,2022,HighSchool
4837387,114752,Jordan Perry,Kansas State,ATH,3,0.8511,1238,2022,HighSchool
4715349,114758,Ahmaad Moses,SMU,S,3,0.8511,1238,2022,HighSchool
4869648,114750,Ja'Kavion Nonar,Maryland,OT,3,0.8511,1238,2022,HighSchool
4869804,114753,Jacobie Henderson,Marshall,S,3,0.8511,1238,2022,HighSchool
4869692,114746,Tommy Bebie,Wake Forest,LB,3,0.8511,1238,2022,HighSchool
4838273,114761,Rawson MacNeill,Rice,WR,3,0.8511,1238,2022,HighSchool
4873464,114762,Lavain Scruggs,Maryland,ATH,3,0.8511,1238,2022,HighSchool
5082622,114749,Tavo Motu'apuaka,Utah State,OT,3,0.8511,1238,2022,HighSchool
4869962,114756,Ashton Hollins,Illinois,ATH,3,0.8511,1238,2022,HighSchool
4870400,114755,Drenon Fite III,SMU,EDGE,3,0.8511,1238,2022,HighSchool
4879602,114759,Chris Hicks,Sam Houston,WR,3,0.8511,1238,2022,HighSchool
5091778,114747,Jackson Long,South Florida,TE,3,0.8511,1238,2022,HighSchool
4879782,114757,John Pastore,Kansas State,IOL,3,0.8511,1238,2022,HighSchool
4868767,114748,Cross Watson,Purdue,OT,3,0.8511,1238,2022,HighSchool
4790202,114751,Keyshon Mills,Colorado,CB,3,0.8511,1238,2022,HighSchool
,114754,Christian Williams,Florida,IOL,3,0.8511,1238,2022,HighSchool
4790965,114760,Donovan Leary,Illinois,QB,3,0.8511,1238,2022,HighSchool
4685345,114763,JC French IV,Memphis,QB,3,0.8507,1255,2022,HighSchool
4901373,114764,Harvey Dyson,Texas Tech,DL,3,0.8507,1255,2022,HighSchool
4891670,114766,Jake McTaggart,Charlotte,TE,3,0.8504,1257,2022,HighSchool
5081857,114765,Carson Willich,Iowa State,LB,3,0.8504,1257,2022,HighSchool
4870141,114768,Devin Grant,Buffalo,ATH,3,0.8504,1257,2022,HighSchool
4832022,114767,James Livingston,Kansas,OT,3,0.8504,1257,2022,HighSchool
4915623,114774,Klabron Pollard,Southern Miss,OT,3,0.85,1261,2022,HighSchool
3949586,114779,Jake Taylor,Duke,TE,3,0.85,1261,2022,HighSchool
5151553,114773,Nick Morrow,California,OT,3,0.85,1261,2022,HighSchool
4917402,234655,Nasir Pogue,Troy,CB,3,0.85,1261,2022,HighSchool
4812345,114792,Rylan Vann,NC State,IOL,3,0.85,1261,2022,HighSchool
4688540,114789,Treyson Bourguet,Western Michigan,QB,3,0.85,1261,2022,HighSchool
4718463,114796,Cornell Perry,Syracuse,ATH,3,0.85,1261,2022,HighSchool
4837244,114770,Gabe Jacas,Illinois,EDGE,3,0.85,1261,2022,HighSchool
4869697,114781,Drake Bequeaith,Kansas State,OT,3,0.85,1261,2022,HighSchool
5081911,234656,Alex Key,Kansas State,IOL,3,0.85,1261,2022,HighSchool
5087176,234663,Max Rader,North Dakota State,OT,3,0.85,1261,2022,HighSchool
5095221,234659,D’Shawn Jones,Princeton,CB,3,0.85,1261,2022,HighSchool
4689122,114797,Weylin Lapuaho,Utah State,IOL,3,0.85,1261,2022,HighSchool
4871101,114780,Savion Riley,Vanderbilt,ATH,3,0.85,1261,2022,HighSchool
4917344,234665,Louie Canepa,New Mexico State,OT,3,0.85,1261,2022,HighSchool
4896318,114769,Javan Robinson,Washington State,CB,3,0.85,1261,2022,HighSchool
4833590,114772,Kentrell Webb,Tulane,S,3,0.85,1261,2022,HighSchool
4693646,114794,Kivon Wright,Boston College,DL,3,0.85,1261,2022,HighSchool
4905593,114784,Brylan Green,Liberty,CB,3,0.85,1261,2022,HighSchool
4911888,114777,Mike Higgins,Rutgers,TE,3,0.85,1261,2022,HighSchool
4838272,114778,Malachi Madison,Virginia Tech,DL,3,0.85,1261,2022,HighSchool
4757957,114771,Kaden Henley,Arkansas,LB,3,0.85,1261,2022,HighSchool
4736776,114786,Jacobe Chester,Sam Houston,S,3,0.85,1261,2022,HighSchool
5083138,234661,Brian Dukes Jr.,Cal Poly,ATH,3,0.85,1261,2022,HighSchool
4912163,114791,Braden Turner,Northwestern,CB,3,0.85,1261,2022,HighSchool
4711227,114793,Tyson Struber,Kansas State,WR,3,0.85,1261,2022,HighSchool
4816321,114785,Travis Gray,Colorado,OT,3,0.85,1261,2022,HighSchool
,234664,Armon Tucker,,RB,3,0.85,1261,2022,HighSchool
,234662,Antwone Woolfolk,,TE,3,0.85,1261,2022,HighSchool
4784594,114783,CJ Clinkscales,Boston College,ATH,3,0.85,1261,2022,HighSchool
,234660,Jaylon James,,OT,3,0.85,1261,2022,HighSchool
,234658,Austin Howell,,ATH,3,0.85,1261,2022,HighSchool
5083719,114787,Erick Conley,Sam Houston,DL,3,0.85,1261,2022,HighSchool
4685700,114790,Rian Black,Coastal Carolina,WR,3,0.85,1261,2022,HighSchool
4912143,114776,Tyson Rooks,Illinois,WR,3,0.85,1261,2022,HighSchool
,114795,Benson Prosper,Arkansas State,WR,3,0.85,1261,2022,HighSchool
4917085,234657,Cieonta Davis,San José State,WR,3,0.85,1261,2022,HighSchool
,114788,Van Wells,Colorado,IOL,3,0.85,1261,2022,HighSchool
,114775,Irae Leilua,Utah State,IOL,3,0.85,1261,2022,HighSchool
,255955,Cole Sechrest,Youngstown State,ATH,3,0.85,1261,2022,HighSchool
4917090,114782,Jairus Satele,San José State,DL,3,0.85,1261,2022,HighSchool
4890973,114798,Ashton Jeanty,Boise State,RB,3,0.8496,1303,2022,HighSchool
4812334,114800,Tray Brown,Coastal Carolina,LB,3,0.8496,1304,2022,HighSchool
,114801,Vincent Paige,,LB,3,0.8496,1304,2022,HighSchool
4917133,114799,Noah Matthews,Kentucky,DL,3,0.8496,1304,2022,HighSchool
4833021,114803,Jonathan Harder,Cincinnati,OT,3,0.8493,1307,2022,HighSchool
4833015,114810,Jeremiah Earby,California,CB,3,0.8493,1307,2022,HighSchool
4869961,114804,Chris Bell,Louisville,WR,3,0.8493,1307,2022,HighSchool
5091739,114809,Chris Brazzell II,Tulane,WR,3,0.8493,1307,2022,HighSchool
4877628,114808,Dre Martin,South Carolina,DL,3,0.8493,1307,2022,HighSchool
4869310,114802,Ken Willis,Cincinnati,CB,3,0.8493,1307,2022,HighSchool
4912171,114805,Landyn Van Kekerix,Iowa,LB,3,0.8493,1307,2022,HighSchool
4917086,114806,Zamar Grove,Temple,EDGE,3,0.8493,1307,2022,HighSchool
4869322,114807,JT Seagreaves,Wisconsin,TE,3,0.8493,1307,2022,HighSchool
,114826,Beau Green,Mercer,QB,3,0.8489,1316,2022,HighSchool
4812380,114819,Kam Moore,UCF,LB,3,0.8489,1316,2022,HighSchool
5151456,114815,Malaki Te'o,Hawai'i,LB,3,0.8489,1316,2022,HighSchool
4814929,114813,Tyrin Woodby,West Virginia,S,3,0.8489,1316,2022,HighSchool
4872721,114811,Cardell Williams,Tulsa,QB,3,0.8489,1316,2022,HighSchool
4875149,114821,Karson Jones,Houston,OT,3,0.8489,1316,2022,HighSchool
4912067,114817,Chase Sowell,Colorado,WR,3,0.8489,1316,2022,HighSchool
4751684,114822,Tony Nelson,Minnesota,OT,3,0.8489,1316,2022,HighSchool
4832019,114814,Jordan Kwiatkowski,Central Michigan,LB,3,0.8489,1316,2022,HighSchool
4824122,114816,Antwain Barham,Memphis,LB,3,0.8489,1316,2022,HighSchool
4832021,114812,Elijah Jackson-Anderson,Eastern Michigan,RB,3,0.8489,1316,2022,HighSchool
4870406,114825,Quan Peterson,Syracuse,CB,3,0.8489,1316,2022,HighSchool
4911903,114818,Jai-Ayviauynn Celestine,Arizona,ATH,3,0.8489,1316,2022,HighSchool
4878233,114823,Zy Ford,Louisiana Tech,LB,3,0.8489,1316,2022,HighSchool
4910801,114824,Jayden Lawton,SMU,CB,3,0.8489,1316,2022,HighSchool
4805256,114820,Sutton Smith,Memphis,RB,3,0.8489,1316,2022,HighSchool
4702909,114828,Qualon Farrar,North Texas,RB,3,0.8485,1332,2022,HighSchool
4705409,114829,Dontrell Jackson,Coastal Carolina,QB,3,0.8485,1332,2022,HighSchool
,114827,Kaden Martin,,QB,3,0.8485,1332,2022,HighSchool
,114830,Jarinn Kalama,BYU,ATH,3,0.8481,1335,2022,HighSchool
4869647,114832,Carlos Mack Jr.,Oregon State,S,3,0.8481,1335,2022,HighSchool
4832820,114833,Jakobus Seth,Washington State,EDGE,3,0.8481,1335,2022,HighSchool
4832802,114834,Hudson Cedarland,Washington State,LB,3,0.8481,1335,2022,HighSchool
4718461,114835,Miles Bailey,Fresno State,DL,3,0.8481,1335,2022,HighSchool
4898202,114831,Nathan Elu,Oregon State,OT,3,0.8481,1335,2022,HighSchool
4833369,114843,Jerrale Powers,Florida State,TE,3,0.8478,1341,2022,HighSchool
4888129,114837,Nunu Campbell,Tulsa,CB,3,0.8478,1341,2022,HighSchool
4710276,114846,Caldra Williford,Murray State,S,3,0.8478,1341,2022,HighSchool
4838271,114842,Jadin Jones,South Carolina State,LB,3,0.8478,1341,2022,HighSchool
4685440,114852,Kyle Lowe,Middle Tennessee,QB,3,0.8478,1341,2022,HighSchool
4685449,114844,Marquis Lymon,Western Carolina,S,3,0.8478,1341,2022,HighSchool
4832031,114848,Pat Caughey,Stanford,DL,3,0.8478,1341,2022,HighSchool
,114861,Iceberk Cave,,LB,3,0.8478,1341,2022,HighSchool
4916885,114847,Jaylen Jenkins,Washington State,RB,3,0.8478,1341,2022,HighSchool
,114851,Dayvon Young,,WR,3,0.8478,1341,2022,HighSchool
,114849,Joanes Fortlien,Jackson State,WR,3,0.8478,1341,2022,HighSchool
4868409,114860,Dionte Thornton,Boise State,S,3,0.8478,1341,2022,HighSchool
,114841,Spruceton Buddenhagen,,OT,3,0.8478,1341,2022,HighSchool
,114836,Cooper Roy,Air Force,LB,3,0.8478,1341,2022,HighSchool
4816302,114857,Travelle Anderson,Central Arkansas,RB,3,0.8478,1341,2022,HighSchool
,114838,Noah Clifford,Boston College,OT,3,0.8478,1341,2022,HighSchool
,114858,Deshawn Fuller,,CB,3,0.8478,1341,2022,HighSchool
4900152,114853,Zyion Claville,Louisiana Tech,WR,3,0.8478,1341,2022,HighSchool
4832952,114862,Mekhi Collins,North Dakota State,WR,3,0.8478,1341,2022,HighSchool
5086070,114854,Paul Hutson III,Campbell,DL,3,0.8478,1341,2022,HighSchool
4702898,114850,Davion Carter,Rice,DL,3,0.8478,1341,2022,HighSchool
4832051,114845,Vince Carpenter,Purdue,OT,3,0.8478,1341,2022,HighSchool
4808763,114839,London Hall,Temple,CB,3,0.8478,1341,2022,HighSchool
4832040,114856,Andre Oben,Purdue,OT,3,0.8478,1341,2022,HighSchool
4908813,114840,Joey Gerlach,Minnesota,LB,3,0.8478,1341,2022,HighSchool
4703025,114859,Ahmarian Granger,Old Dominion,ATH,3,0.8478,1341,2022,HighSchool
4816108,114855,Tyler Powell,Arizona,TE,3,0.8478,1341,2022,HighSchool
4812336,114864,Mike Jackson,Florida International,WR,3,0.8474,1368,2022,HighSchool
4832020,114867,Kade Kostus,Central Michigan,DL,3,0.8474,1368,2022,HighSchool
,114866,Tajae Broadie,Old Dominion,TE,3,0.8474,1368,2022,HighSchool
4790203,114863,Zak Rozsman,Georgia Southern,QB,3,0.8474,1368,2022,HighSchool
,114865,Silas Etter,,ATH,3,0.8474,1368,2022,HighSchool
4899668,114868,Nathan Jones,Minnesota,TE,3,0.847,1373,2022,HighSchool
4910798,114869,Xavier Smith,Colorado,S,3,0.847,1373,2022,HighSchool
5086598,114870,Sheldon Canley II,San Diego State,RB,3,0.847,1373,2022,HighSchool
4826637,114871,Henry Boyer,Illinois,TE,3,0.8467,1376,2022,HighSchool
4685462,114876,Virgil Marshall,Western Kentucky,ATH,3,0.8467,1376,2022,HighSchool
4898018,114883,Josh Sapp,Clemson,TE,3,0.8467,1376,2022,HighSchool
4911964,114877,Uluakinofo Taliauli,San José State,IOL,3,0.8467,1376,2022,HighSchool
4905599,114872,Corey Lambert Jr.,Colorado State,S,3,0.8467,1376,2022,HighSchool
4917004,114873,Xavier Scott,Illinois,CB,3,0.8467,1376,2022,HighSchool
4812474,114884,DJ Riles,Middle Tennessee,ATH,3,0.8467,1376,2022,HighSchool
,114874,Brandon Connard,Middle Tennessee,RB,3,0.8467,1376,2022,HighSchool
4869319,114882,Johnny Garrett,Virginia Tech,OT,3,0.8467,1376,2022,HighSchool
4832856,114881,Emir Stinette,Rutgers,IOL,3,0.8467,1376,2022,HighSchool
4812355,114878,Websley Etienne,Arkansas State,S,3,0.8467,1376,2022,HighSchool
4799988,114879,Jerrod Cameron,Coastal Carolina,CB,3,0.8467,1376,2022,HighSchool
4837186,114880,Emmanuel McNeil-Warren,Toledo,S,3,0.8467,1376,2022,HighSchool
4869579,114875,Chris Johnson,San Diego State,CB,3,0.8467,1376,2022,HighSchool
5094038,114887,Ezekiel Larry,Yale,EDGE,3,0.8467,1390,2022,HighSchool
4912454,114888,Jason Thompson,Stanford,WR,3,0.8467,1390,2022,HighSchool
4494562,114885,Rodney Johnson,Alabama,CB,3,0.8467,1390,2022,HighSchool
4826529,114886,Gracen Bell,Navy,TE,3,0.8467,1390,2022,HighSchool
,114889,Cameron Sampson,Nevada,CB,3,0.8463,1394,2022,HighSchool
4832039,114890,Sam Martin Jr.,Temple,RB,3,0.8463,1395,2022,HighSchool
5081350,114892,John Griffith,Maryland,QB,3,0.8463,1395,2022,HighSchool
4868900,114893,Rayshawn Pleasant,Tulane,ATH,3,0.8463,1395,2022,HighSchool
4912040,114891,Jordan Williams,Colorado State,TE,3,0.8463,1395,2022,HighSchool
4814930,114894,Hank Beatty,Illinois,WR,3,0.8459,1399,2022,HighSchool
4812374,114895,Terrell Crosby Jr.,Iowa State,ATH,3,0.8459,1399,2022,HighSchool
4818476,114896,Micah Wilson,BYU,LB,3,0.8459,1399,2022,HighSchool
4784597,114897,Jake Gassaway,Northern Illinois,LB,3,0.8456,1402,2022,HighSchool
5092783,114898,Devontae Mozee,Louisiana Tech,S,3,0.8456,1402,2022,HighSchool
4716687,114913,Jalen Holly,Bowling Green,WR,3,0.8456,1404,2022,HighSchool
4832060,114903,Jahiem Lawson,Clemson,DL,3,0.8456,1404,2022,HighSchool
4837166,114912,Grant Stevens,UCF,TE,3,0.8456,1404,2022,HighSchool
4685313,114908,Anthony Costanzo,UNLV,ATH,3,0.8456,1404,2022,HighSchool
4789223,114911,Malachi Davis,Toledo,DL,3,0.8456,1404,2022,HighSchool
4868171,114907,Tate Carney,Wake Forest,RB,3,0.8456,1404,2022,HighSchool
4839501,114902,Zion Young,Michigan State,DL,3,0.8456,1404,2022,HighSchool
4914980,114904,Cole Turner,Clemson,WR,3,0.8456,1404,2022,HighSchool
4833597,114900,Brayden Fowler-Nicolosi,Colorado State,QB,3,0.8456,1404,2022,HighSchool
4880274,114899,Javohn Thomas,South Florida,WR,3,0.8456,1404,2022,HighSchool
4833628,114906,Jacob Waller,SMU,OT,3,0.8456,1404,2022,HighSchool
4831976,114910,Javon Tracy,Miami (OH),ATH,3,0.8456,1404,2022,HighSchool
4827049,114915,Max Reese,Eastern Michigan,TE,3,0.8456,1404,2022,HighSchool
4837205,114901,Donovan Branch,UConn,EDGE,3,0.8456,1404,2022,HighSchool
4836465,114905,Brendan Flakes,Northwestern,DL,3,0.8456,1404,2022,HighSchool
4751685,114914,Kaiden Turner,Indiana,LB,3,0.8456,1404,2022,HighSchool
5121792,114909,Jimmy Liston,Purdue,IOL,3,0.8456,1404,2022,HighSchool
,114917,Zion Cheeks,,LB,3,0.8452,1421,2022,HighSchool
,114916,Dontierre Fisher,Ohio,RB,3,0.8452,1421,2022,HighSchool
4870232,114918,Tyson Flowers,Rice,S,3,0.845,1423,2022,HighSchool
4869654,114923,Justin Eklund,San José State,LB,3,0.8448,1424,2022,HighSchool
5086603,114927,Eric Butler,San Diego State,CB,3,0.8448,1424,2022,HighSchool
4869817,114926,Cole Pennington,Marshall,QB,3,0.8448,1424,2022,HighSchool
4869734,114924,Chris Smalley,Nevada,ATH,3,0.8448,1424,2022,HighSchool
5082315,114921,Nathan Acevedo,Fresno State,WR,3,0.8448,1424,2022,HighSchool
4910715,114920,James Smyre,Marshall,LB,3,0.8448,1424,2022,HighSchool
4895773,114919,Ryan Henderson,San Diego State,DL,3,0.8448,1424,2022,HighSchool
4891039,114925,Talin Togiai,BYU,DL,3,0.8448,1424,2022,HighSchool
4875851,114922,Kord Shaw,Oregon State,ATH,3,0.8448,1424,2022,HighSchool
4812381,114937,Gunnar Smith,South Florida,QB,3,0.8444,1433,2022,HighSchool
4894437,114935,Robby Harrison,Arizona State,DL,3,0.8444,1433,2022,HighSchool
4781742,114929,Trey McDonald,Virginia,LB,3,0.8444,1433,2022,HighSchool
4819236,114940,Mason Mennell,Kent State,IOL,3,0.8444,1433,2022,HighSchool
4812359,114930,Daverrick Jenkins,Arkansas State,WR,3,0.8444,1433,2022,HighSchool
4690811,114936,Savion Red,Texas,ATH,3,0.8444,1433,2022,HighSchool
4888607,114931,Destun Thomas,Memphis,WR,3,0.8444,1433,2022,HighSchool
4816091,114938,Markus Clark,App State,DL,3,0.8444,1433,2022,HighSchool
4870146,114928,DJ Burks,App State,ATH,3,0.8444,1433,2022,HighSchool
5078224,114934,Aubrey Scott,Colorado State,OT,3,0.8444,1433,2022,HighSchool
4880964,114939,Terron Kellman,Northern Illinois,RB,3,0.8444,1433,2022,HighSchool
4833619,114941,J.P. Deeter,Purdue,DL,3,0.8444,1433,2022,HighSchool
4833623,114933,Caden Kitler,UCF,IOL,3,0.8444,1433,2022,HighSchool
4837327,114932,Christian Ellis,New Mexico,S,3,0.8444,1433,2022,HighSchool
4868721,114945,Tyler Voss,San José State,QB,3,0.8437,1447,2022,HighSchool
4819256,114944,Matt Rose,Stanford,LB,3,0.8437,1447,2022,HighSchool
4907415,114943,Leyton Smithson,Washington State,WR,3,0.8437,1447,2022,HighSchool
4528999,114942,Jalen Rogers,Tulane,WR,3,0.8437,1447,2022,HighSchool
4816073,114946,Colby McCalister,Kansas State,CB,3,0.8437,1447,2022,HighSchool
4917270,114947,Harry Lodge,Wake Forest,TE,3,0.8433,1452,2022,HighSchool
,114948,Junior Taase Faumui,Hawai'i,IOL,3,0.8433,1452,2022,HighSchool
4912189,114949,Hunter McLain,Virginia Tech,IOL,3,0.8433,1454,2022,HighSchool
4869318,114953,Max Cabana,Louisville,OT,3,0.8433,1454,2022,HighSchool
4879728,114954,Benjamin Hudson,Stanford,LB,3,0.8433,1454,2022,HighSchool
4917271,114951,Curtis Peagler,Missouri,IOL,3,0.8433,1454,2022,HighSchool
4899897,114952,Keon Kindred,Maryland,OT,3,0.8433,1454,2022,HighSchool
5084197,114955,Jai Rodriquez,New Mexico State,OT,3,0.8433,1454,2022,HighSchool
4833361,114950,Dorian Gates,East Texas A&M,EDGE,3,0.8433,1454,2022,HighSchool
4613202,114956,Kendall Williams,Washington State,DL,3,0.843,1461,2022,HighSchool
4827043,114958,SaVeon Brown,Western Michigan,S,3,0.843,1461,2022,HighSchool
4832789,114957,Carson Haggard,Tulane,QB,3,0.843,1461,2022,HighSchool
,114991,Molik Mason,,OT,3,0.8417,1463,2022,HighSchool
,114963,Tahj Shabazz,,WR,3,0.8428,1464,2022,HighSchool
4819240,114962,Te'Sean Smoot,Jacksonville State,QB,3,0.8428,1464,2022,HighSchool
,114959,Delaney Wilburn,,S,3,0.8428,1464,2022,HighSchool
,114960,Braylon Stewart,,RB,3,0.8428,1464,2022,HighSchool
4832054,114964,Zan Dunham,South Carolina State,QB,3,0.8428,1464,2022,HighSchool
4917171,114961,Blazen Lono-Wong,Arizona State,EDGE,3,0.8428,1464,2022,HighSchool
4868407,114966,Jayden Montgomery,Iowa,LB,3,0.8426,1470,2022,HighSchool
4869071,114967,Levi Harber,Vanderbilt,OT,3,0.8426,1470,2022,HighSchool
4875542,114965,Justin Stearns,San José State,LB,3,0.8426,1470,2022,HighSchool
,114973,Semaj Flagg,Florida International,S,3,0.8422,1473,2022,HighSchool
,114968,Ambrose Wilson,Central Michigan,ATH,3,0.8422,1473,2022,HighSchool
4917046,114972,Jay Green,Washington,S,3,0.8422,1473,2022,HighSchool
4703031,114974,Ryan Nolan,Old Dominion,IOL,3,0.8422,1473,2022,HighSchool
4915512,114969,Houston Curry,Virginia,OT,3,0.8422,1473,2022,HighSchool
4901423,114970,Terrell Jones,Virginia,DL,3,0.8422,1473,2022,HighSchool
4801276,114971,Houston Thomas,UTSA,TE,3,0.8422,1473,2022,HighSchool
5081435,114975,Keith Adams Jr.,Clemson,RB,3,0.8419,1480,2022,HighSchool
,114976,Jeffrey Bonica,,IOL,3,0.8419,1480,2022,HighSchool
,114989,Khari Butler,,WR,3,0.8417,1482,2022,HighSchool
,114988,Quincy Briggs,Georgetown,ATH,3,0.8417,1482,2022,HighSchool
5084051,114987,O'Shawn Ross Jr.,Tennessee Tech,RB,3,0.8417,1482,2022,HighSchool
,114985,Damon Williams,,ATH,3,0.8417,1482,2022,HighSchool
,114981,Zoom Esplin,BYU,OT,3,0.8417,1482,2022,HighSchool
,114979,Dijmon Wheeler,,WR,3,0.8417,1482,2022,HighSchool
,114994,Bra'lon Jones,,LB,3,0.8417,1482,2022,HighSchool
,114993,Juan Wilson,,WR,3,0.8417,1482,2022,HighSchool
4916955,114982,Naivyan Cargill,Illinois,TE,3,0.8417,1482,2022,HighSchool
5089859,114986,Floyd Chalk IV,Grambling,RB,3,0.8417,1482,2022,HighSchool
,114992,Trent Bennett,,S,3,0.8417,1482,2022,HighSchool
5086647,114978,Jacob Rich Kongaika,Arizona,DL,3,0.8417,1482,2022,HighSchool
5081355,114983,Jordan Cannon,Maryland,LB,3,0.8417,1482,2022,HighSchool
4905600,114996,Micah Wing,Rutgers,LB,3,0.8417,1482,2022,HighSchool
5085761,114995,Jahsiah Galvan,Northern Iowa,S,3,0.8417,1482,2022,HighSchool
4685262,114990,Elijah Barclay,Nevada,WR,3,0.8417,1482,2022,HighSchool
4837182,114977,Eden James,Howard,RB,3,0.8417,1482,2022,HighSchool
4702895,114984,Tyler Bailey,Sam Houston,WR,3,0.8417,1482,2022,HighSchool
5100583,114980,Will Dixon,West Virginia,TE,3,0.8417,1482,2022,HighSchool
4877630,114997,Ben Rios,UTSA,OT,3,0.8415,1502,2022,HighSchool
4869807,114999,Jacob Strand,Oregon State,OT,3,0.8415,1502,2022,HighSchool
4910239,115003,Justus Ross-Simmons,Colorado State,WR,3,0.8415,1502,2022,HighSchool
4869315,115002,Keenan McCaddy,Boise State,ATH,3,0.8415,1502,2022,HighSchool
4869311,115004,Roger Carreon,Boise State,OT,3,0.8415,1502,2022,HighSchool
4869391,115001,JJ Talo,Boise State,DL,3,0.8415,1502,2022,HighSchool
4879888,115005,Braxton Fely,Boise State,DL,3,0.8415,1502,2022,HighSchool
4869967,114998,James Reed III,Arkansas State,CB,3,0.8415,1502,2022,HighSchool
4870399,115000,Peter Falaniko,BYU,IOL,3,0.8415,1502,2022,HighSchool
4905124,115008,Bobby Mooney,Georgia Tech,OT,3,0.8411,1511,2022,HighSchool
5082374,115007,AJ Brown,UAB,S,3,0.8411,1511,2022,HighSchool
4838693,115006,Rodney Shelley,Georgia Tech,CB,3,0.8411,1511,2022,HighSchool
4833028,115011,Jaylen Jennings,Bowling Green,RB,3,0.8411,1511,2022,HighSchool
4812377,115009,Elijah Hopkins,Coastal Carolina,ATH,3,0.8411,1511,2022,HighSchool
4837200,115010,Junior Vandeross III,Toledo,ATH,3,0.8411,1511,2022,HighSchool
4868597,115012,Malachi Clark,Miami (OH),DL,3,0.8407,1517,2022,HighSchool
4912184,115014,Kameron Hamilton,Tulane,DL,3,0.8406,1518,2022,HighSchool
4917050,115013,Zack Miller,Washington State,OT,3,0.8406,1518,2022,HighSchool
5093001,115015,James Quinnelly,Memphis,DL,3,0.8404,1520,2022,HighSchool
4868257,115017,Grant Lyons,Miami (OH),LB,3,0.8404,1520,2022,HighSchool
4904970,115018,Javante Mackey,Arkansas State,EDGE,3,0.8404,1520,2022,HighSchool
4869733,115016,Zavier Short,South Carolina,WR,3,0.8404,1520,2022,HighSchool
4832033,115019,Justin Evans,Nebraska,IOL,3,0.8404,1524,2022,HighSchool
5081092,234689,Mikey Pauley,Nebraska,QB,3,0.84,1525,2022,HighSchool
5083045,234691,Jeremiah Flemmons,Austin Peay,ATH,3,0.84,1525,2022,HighSchool
4916306,115022,Bobby Golden,Akron,WR,3,0.84,1525,2022,HighSchool
5085554,234695,Curtis Hill,Idaho State,DL,3,0.84,1525,2022,HighSchool
5081502,255900,Nathan Kent,Navy,WR,3,0.84,1525,2022,HighSchool
5093381,234688,Takhari Carr,Montana State,CB,3,0.84,1525,2022,HighSchool
5085598,234666,Tanner Beaman,Portland State,LB,3,0.84,1525,2022,HighSchool
5085564,234685,Julian Mason,Idaho State,WR,3,0.84,1525,2022,HighSchool
5093367,234674,Hunter Lysholm,San Diego,ATH,3,0.84,1525,2022,HighSchool
4832956,115023,Martin Koivisto,Central Michigan,IOL,3,0.84,1525,2022,HighSchool
5085557,234686,Hunter Hill,Idaho State,DL,3,0.84,1525,2022,HighSchool
5089195,234697,Luna Larson,Wisconsin,LB,3,0.84,1525,2022,HighSchool
4812354,234677,Bryce Capers,Florida,LB,3,0.84,1525,2022,HighSchool
,255832,Larry Robinson,Army,QB,3,0.84,1525,2022,HighSchool
5082009,234669,Donovan Giles,Florida Atlantic,WR,3,0.84,1525,2022,HighSchool
4916944,115020,Tony Carter,Washington State,LB,3,0.84,1525,2022,HighSchool
5094032,234671,Nico Brown,Yale,ATH,3,0.84,1525,2022,HighSchool
,234667,Terrance Edler,,ATH,3,0.84,1525,2022,HighSchool
,234668,Nick Moore,Army,IOL,3,0.84,1525,2022,HighSchool
,234672,Cartize Booth,,EDGE,3,0.84,1525,2022,HighSchool
,234675,Harvey Ray,,TE,3,0.84,1525,2022,HighSchool
,234680,Bronson Childs,Weber State,EDGE,3,0.84,1525,2022,HighSchool
,234681,Nathan Castor,,RB,3,0.84,1525,2022,HighSchool
,234682,Tyrece Fairly,,ATH,3,0.84,1525,2022,HighSchool
,234684,Aaron Jones,Navy,ATH,3,0.84,1525,2022,HighSchool
,234692,Armond Scott,,WR,3,0.84,1525,2022,HighSchool
,234693,Tano Letuli,Army,ATH,3,0.84,1525,2022,HighSchool
,234694,Deandre Smith,,QB,3,0.84,1525,2022,HighSchool
,234696,Derrick Johnson,,S,3,0.84,1525,2022,HighSchool
,255759,Jaris McIntosh,Air Force,CB,3,0.84,1525,2022,HighSchool
5089535,255910,Desmond Reid,Western Carolina,ATH,3,0.84,1525,2022,HighSchool
,115021,Zaakir Brown,,RB,3,0.84,1525,2022,HighSchool
4917506,256025,Fred Perry,Jacksonville State,S,3,0.84,1525,2022,HighSchool
5085767,234678,Ben Kuehnast,Northern Iowa,OT,3,0.84,1525,2022,HighSchool
4912043,234676,Kylish Hicks,UConn,WR,3,0.84,1525,2022,HighSchool
5084133,234679,Alex Perry,Hawai'i,WR,3,0.84,1525,2022,HighSchool
5081697,234687,Kaz Melzer,Stanford,EDGE,3,0.84,1525,2022,HighSchool
5099841,234670,Jordan Martin,Southern Miss,ATH,3,0.84,1525,2022,HighSchool
5083141,234673,Don Saunders,Cal Poly,S,3,0.84,1525,2022,HighSchool
5084192,234683,AJ Vaipulu,New Mexico State,IOL,3,0.84,1525,2022,HighSchool
4880985,234690,Terrell Foster,Georgia,LB,3,0.84,1525,2022,HighSchool
,115055,James Smiley Jr.,,RB,3,0.8378,1535,2022,HighSchool
4910713,115030,Ike Nnakenyi,Nevada,EDGE,3,0.8393,1571,2022,HighSchool
4912070,115026,Adam Tomczyk,Utah State,DL,3,0.8393,1571,2022,HighSchool
4867887,115024,Terrance Carter Jr.,Louisiana,TE,3,0.8393,1571,2022,HighSchool
4911917,115025,Marcus Simien,Fresno State,IOL,3,0.8393,1571,2022,HighSchool
4868928,115027,Wil Saxton,Southern Miss,IOL,3,0.8393,1571,2022,HighSchool
4833024,115028,Ashton Duncan,Miami (OH),DL,3,0.8393,1571,2022,HighSchool
4868339,115029,Eli Coppess,Miami (OH),S,3,0.8393,1571,2022,HighSchool
,115110,Jonathan Murray,,WR,3,0.8367,1576,2022,HighSchool
,115109,Claishon Ivory,,ATH,3,0.8367,1576,2022,HighSchool
,115031,James Kyle,,TE,3,0.8389,1578,2022,HighSchool
,115033,BJ Blake,,CB,3,0.8389,1578,2022,HighSchool
4571364,115032,Desaun Williams,Campbell,IOL,3,0.8389,1578,2022,HighSchool
4812338,115039,Maurice Jones,Marshall,RB,3,0.8389,1581,2022,HighSchool
4837459,115036,Miyon Conaway,Liberty,EDGE,3,0.8389,1581,2022,HighSchool
4869803,115037,Kiel Eldridge,Toledo,EDGE,3,0.8389,1581,2022,HighSchool
4833030,115034,Markim McKinnie,Bowling Green,RB,3,0.8389,1581,2022,HighSchool
4819260,115035,Adam Trick,Miami (OH),LB,3,0.8389,1581,2022,HighSchool
4816308,115038,Chase Jessup,Arkansas State,IOL,3,0.8389,1581,2022,HighSchool
4917124,115040,Isaiah Farris,Boston College,CB,3,0.8383,1587,2022,HighSchool
5086646,115043,Isaiah Johnson,Arizona,DL,3,0.8381,1588,2022,HighSchool
4915713,115041,Walter Taylor III,Vanderbilt,QB,3,0.8381,1588,2022,HighSchool
4908401,115044,Delaney Crawford,Virginia,QB,3,0.8381,1588,2022,HighSchool
4869699,115047,Jackson Paradis,Buffalo,RB,3,0.8381,1588,2022,HighSchool
,115046,Jordan Ramsey,Central Michigan,RB,3,0.8381,1588,2022,HighSchool
4816105,115048,Andrew Morris,Marshall,LB,3,0.8381,1588,2022,HighSchool
,115042,Tyson Molio’o,Boise State,IOL,3,0.8381,1588,2022,HighSchool
4912180,115045,Ja'mori Coard,Buffalo,DL,3,0.8381,1588,2022,HighSchool
,115054,Josiah Lancaster,,OT,3,0.8378,1596,2022,HighSchool
,115056,Kyron Henderson,,WR,3,0.8378,1596,2022,HighSchool
,115063,Reid Pulliam,Virginia Tech,LB,3,0.8378,1596,2022,HighSchool
,115064,Yaser Al-Awadi,,OT,3,0.8378,1596,2022,HighSchool
,115057,Michael Hawkins,Campbell,TE,3,0.8378,1596,2022,HighSchool
4784602,115052,Cameron Knox,Southern Miss,WR,3,0.8378,1596,2022,HighSchool
4816332,115061,Kaden Weatherby,Texas Tech,OT,3,0.8378,1596,2022,HighSchool
,115066,James Aloisio,Utah State,OT,3,0.8378,1596,2022,HighSchool
,115060,Jaylin Carson,,RB,3,0.8378,1596,2022,HighSchool
5109506,115051,Stephen Gales,Toledo,OT,3,0.8378,1596,2022,HighSchool
4912072,115050,Rowan Zolman,Miami (OH),S,3,0.8378,1596,2022,HighSchool
4913037,115067,Jontez Williams,Iowa State,ATH,3,0.8378,1596,2022,HighSchool
4833022,115059,Derell Bedingfield Jr.,Toledo,LB,3,0.8378,1596,2022,HighSchool
5084084,115068,Kevin Jennings,SMU,QB,3,0.8378,1596,2022,HighSchool
4833367,115049,Malachi Medlock,Abilene Christian,RB,3,0.8378,1596,2022,HighSchool
4837159,115070,Izaiah Guy,Georgia State,ATH,3,0.8378,1596,2022,HighSchool
4870519,115053,Alex McPherson,Auburn,K,3,0.8378,1596,2022,HighSchool
4870240,115062,Omari Philyaw,App State,CB,3,0.8378,1596,2022,HighSchool
4873701,115058,Isaiah Brown-Murray,East Carolina,CB,3,0.8378,1596,2022,HighSchool
4900024,115069,Rhett Larson,SMU,IOL,3,0.8378,1596,2022,HighSchool
4703066,115065,Cade Goldman,Charlotte,OT,3,0.8378,1596,2022,HighSchool
4875125,115072,Max Brown,Florida,QB,3,0.8374,1618,2022,HighSchool
4804882,115071,Garrett Oakley,Kansas State,TE,3,0.8374,1618,2022,HighSchool
4888886,115074,Kenyon Clay,Southern Miss,RB,3,0.8374,1618,2022,HighSchool
4831973,115073,Keylen Davis,Akron,OT,3,0.8374,1618,2022,HighSchool
4911861,115081,Sterling Lockett,Kansas State,WR,3,0.837,1622,2022,HighSchool
4881606,115075,Sean DuBose Jr.,Abilene Christian,EDGE,3,0.837,1622,2022,HighSchool
4880603,115082,Tim Thomas,Fresno State,LB,3,0.837,1622,2022,HighSchool
4906211,115084,Nate Maier,Fresno State,OT,3,0.837,1622,2022,HighSchool
5086635,115079,Ta'ita'i Uiagalelei,Arizona,EDGE,3,0.837,1622,2022,HighSchool
4870233,115077,Vae Soifua,BYU,IOL,3,0.837,1622,2022,HighSchool
,115083,Cannon DeVries,BYU,ATH,3,0.837,1622,2022,HighSchool
4716635,115085,Brady Ploucha,Central Michigan,OT,3,0.837,1622,2022,HighSchool
4832814,115080,KeeKee McQueen,Nevada,CB,3,0.837,1622,2022,HighSchool
5084934,115078,TJ Griffin,Illinois,S,3,0.837,1622,2022,HighSchool
4900754,115076,Drew Azzopardi,San Diego State,OT,3,0.837,1622,2022,HighSchool
4832918,115086,Ethan Vasko,Kansas,QB,3,0.837,1622,2022,HighSchool
5086043,115088,Matt Hoffman,UConn,TE,3,0.8367,1634,2022,HighSchool
4837371,115087,Maverick Baranowski,Minnesota,LB,3,0.8367,1634,2022,HighSchool
4902657,115089,Gabriel Grubbs,Marshall,S,3,0.8367,1634,2022,HighSchool
4826530,115094,Jaylen Banks,Southern Illinois,DL,3,0.8367,1637,2022,HighSchool
5151353,115100,Prince Strachan,Boise State,WR,3,0.8367,1637,2022,HighSchool
5086629,115106,Rex Haynes,Colorado State,WR,3,0.8367,1637,2022,HighSchool
5084120,115101,Derek Boyd,Hawai'i,ATH,3,0.8367,1637,2022,HighSchool
4917317,115099,Zion Allen,BYU,CB,3,0.8367,1637,2022,HighSchool
4837193,115091,Jmariyae Robinson,Missouri State,WR,3,0.8367,1637,2022,HighSchool
5084849,115098,Kevin Jobity Jr.,Syracuse,DL,3,0.8367,1637,2022,HighSchool
4912300,115092,Jayden Sweeney,Liberty,S,3,0.8367,1637,2022,HighSchool
5085372,115096,Duncan Parham II,Central Arkansas,LB,3,0.8367,1637,2022,HighSchool
5084027,115104,Miles Williams,Eastern Washington,WR,3,0.8367,1637,2022,HighSchool
4869659,115095,Corey Warren,Coastal Carolina,DL,3,0.8367,1637,2022,HighSchool
5095224,115093,Tahj Owens,Princeton,RB,3,0.8367,1637,2022,HighSchool
,115107,Eric Hemphill,Missouri State,CB,3,0.8367,1637,2022,HighSchool
5150627,115108,Nason Coleman,BYU,TE,3,0.8367,1637,2022,HighSchool
,115103,Darrell DeMesme,,S,3,0.8367,1637,2022,HighSchool
,115111,Jaishon Davis,,ATH,3,0.8367,1637,2022,HighSchool
4879824,115105,Callum Wither,Ohio,QB,3,0.8367,1637,2022,HighSchool
4917155,115090,Korbyn Green,BYU,CB,3,0.8367,1637,2022,HighSchool
,115097,Winston Griffin,,EDGE,3,0.8367,1637,2022,HighSchool
,115102,Michael Hayes,,RB,3,0.8367,1637,2022,HighSchool
4876678,115113,Donovan Brown,Syracuse,WR,3,0.8363,1659,2022,HighSchool
,115112,Damon Youngblood,Louisiana,S,3,0.8363,1659,2022,HighSchool
4781745,115117,Jermaine Wiggins Jr,Arizona,DL,3,0.8359,1661,2022,HighSchool
4838276,115116,Antonio Watts,Louisville,S,3,0.8359,1661,2022,HighSchool
5151339,115115,Anthony Garcia,San José State,QB,3,0.8359,1661,2022,HighSchool
4878545,115114,Jake Ripp,Boise State,LB,3,0.8359,1661,2022,HighSchool
4900577,115118,JD Drew,Utah State,ATH,3,0.8356,1665,2022,HighSchool
4917172,115119,Chris Brooks Jr.,Wisconsin,WR,3,0.8356,1665,2022,HighSchool
,115121,Da'Shawn Davis,Georgia Southern,DL,3,0.8356,1667,2022,HighSchool
4878112,115130,Charles Robertson,Louisiana,WR,3,0.8356,1667,2022,HighSchool
,115125,Khalif Kemp,,LB,3,0.8356,1667,2022,HighSchool
4781741,115127,Charlie Katarincic,West Virginia,IOL,3,0.8356,1667,2022,HighSchool
4784595,115123,Kamron Barnes,Southern Miss,IOL,3,0.8356,1667,2022,HighSchool
4908400,115129,Dantae Chin,Rutgers,IOL,3,0.8356,1667,2022,HighSchool
4837461,115133,David Dallas,Georgia Southern,QB,3,0.8356,1667,2022,HighSchool
4837211,115124,D'Yoni Hill,Marshall,CB,3,0.8356,1667,2022,HighSchool
4870578,115131,Ethan Moczulski,Texas A&M,K,3,0.8356,1667,2022,HighSchool
4833635,115132,Landry Lyddy,Louisiana Tech,QB,3,0.8356,1667,2022,HighSchool
4838549,115134,Kam Perry,Indiana,WR,3,0.8356,1667,2022,HighSchool
5093012,115120,Gerrod Henderson,Tulane,DL,3,0.8356,1667,2022,HighSchool
4833362,115128,Calvin Harvey,Oklahoma State,OT,3,0.8356,1667,2022,HighSchool
4837466,115122,Michai Hill,Georgia State,EDGE,3,0.8356,1667,2022,HighSchool
4836468,115126,Reggie Jean,Northern Illinois,DL,3,0.8356,1667,2022,HighSchool
4716444,115135,Caden Becker,Wyoming,QB,3,0.8352,1682,2022,HighSchool
4816327,115136,Jordan Norwood,Liberty,LB,3,0.835,1683,2022,HighSchool
4917327,115137,Jonathan Maldonado,Nevada,EDGE,3,0.835,1683,2022,HighSchool
4911906,115139,Kanen Hamlett,App State,ATH,3,0.8348,1685,2022,HighSchool
4869968,115138,David Siegel,Vanderbilt,OT,3,0.8348,1685,2022,HighSchool
4808720,115140,Trey Porter,Northern Illinois,ATH,3,0.8348,1685,2022,HighSchool
4869553,115143,Bishop Davenport,Utah State,QB,3,0.8348,1685,2022,HighSchool
4912140,115141,Jamare Glasker,Wake Forest,CB,3,0.8348,1685,2022,HighSchool
4868792,115142,Quinton Harris,TCU,OT,3,0.8348,1685,2022,HighSchool
4869316,115144,Oakie Salave'a,Colorado,ATH,3,0.8348,1685,2022,HighSchool
,115148,Segree Graham,,DL,3,0.8344,1692,2022,HighSchool
5093010,115145,Charles Hodge IV,Tulsa,WR,3,0.8344,1692,2022,HighSchool
4808719,115149,Zach Wilcke,Southern Miss,QB,3,0.8344,1692,2022,HighSchool
4869657,115146,J.D. Lampley,East Carolina,DL,3,0.8344,1692,2022,HighSchool
4869658,115147,CJ Mims,East Carolina,DL,3,0.8344,1692,2022,HighSchool
4869655,115150,Jameel Gardner,Kent State,WR,3,0.8341,1697,2022,HighSchool
4873234,115152,Victor Rosa,UConn,ATH,3,0.8341,1697,2022,HighSchool
4826578,115151,Ashtin Rustemeyer,Arkansas State,DL,3,0.8341,1697,2022,HighSchool
,115153,Jack Struebing,Central Arkansas,IOL,3,0.8339,1700,2022,HighSchool
4894438,115156,Noah McKinney,UNLV,OT,3,0.8337,1701,2022,HighSchool
4875473,115155,Ryan Gunter,UAB,OT,3,0.8337,1701,2022,HighSchool
4912062,115154,Kyle Crum,San Diego State,QB,3,0.8337,1701,2022,HighSchool
4838528,115160,Noah DeMeritt,Virginia,IOL,3,0.8333,1704,2022,HighSchool
4838520,115159,Micah Bell,Charlotte,RB,3,0.8333,1704,2022,HighSchool
5150620,115161,Maika Kaufusi,BYU,S,3,0.8333,1704,2022,HighSchool
4869320,115157,Eli McWilliams,Tulsa,LB,3,0.8333,1704,2022,HighSchool
4784596,115158,Kyron Barnes,Southern Miss,OT,3,0.8333,1704,2022,HighSchool
4899340,115163,Saidou Ba,Arkansas State,OT,3,0.833,1709,2022,HighSchool
4837344,115162,Maguire Neal,Charlotte,LB,3,0.833,1709,2022,HighSchool
4869746,115164,Damonie Perkins,San José State,LB,3,0.833,1709,2022,HighSchool
4832847,115170,Marquell Darnell,Akron,TE,3,0.8328,1712,2022,HighSchool
5085377,115169,Mark Welch,Central Arkansas,IOL,3,0.8328,1712,2022,HighSchool
,115167,Yann Ulrich Longa,,RB,3,0.8328,1712,2022,HighSchool
,115166,Shomari Seymour,,OT,3,0.8328,1712,2022,HighSchool
,115165,Da'Quan Gonzales,,CB,3,0.8328,1712,2022,HighSchool
,115168,Jeremiah Jackson,Air Force,IOL,3,0.8328,1712,2022,HighSchool
4877102,115171,Gavin Rohrs,Miami (OH),IOL,3,0.8326,1718,2022,HighSchool
4878544,115176,Gavin Hambrick,Boise State,LB,3,0.8326,1718,2022,HighSchool
4880358,115175,Cam Pedro,Marshall,WR,3,0.8326,1718,2022,HighSchool
4877629,115173,Keanon McNally,Tulane,OT,3,0.8326,1718,2022,HighSchool
4832818,115178,Hall Schmidt,Boise State,OT,3,0.8326,1718,2022,HighSchool
4869735,115172,Roger Walters,Charlotte,ATH,3,0.8326,1718,2022,HighSchool
4870513,115177,Maddux Madsen,Boise State,QB,3,0.8326,1718,2022,HighSchool
4893420,115174,Josh Lukusa,Miami (OH),EDGE,3,0.8326,1718,2022,HighSchool
,115179,Ja'Maurion Franklin,East Carolina,EDGE,3,0.8322,1726,2022,HighSchool
4812384,115183,Cornelius Wright,Massachusetts,CB,3,0.8322,1726,2022,HighSchool
4833238,115182,Jaydon Johnson,Louisiana,WR,3,0.8322,1726,2022,HighSchool
5082994,115181,Brandon Moore,Miami (OH),OT,3,0.8322,1726,2022,HighSchool
4832027,115180,Nicholas Alvarado,Northern Illinois,S,3,0.8322,1726,2022,HighSchool
4838530,115189,Pershaun Fann,Buffalo,LB,3,0.8317,1731,2022,HighSchool
5085434,115195,LT Sanders,Western Kentucky,RB,3,0.8317,1731,2022,HighSchool
4816099,115196,Javen Jacobs,Arizona State,ATH,3,0.8317,1731,2022,HighSchool
4880356,115192,Kaleb Hutchinson,Coastal Carolina,S,3,0.8317,1731,2022,HighSchool
4572717,115204,Kendall Jackson,Chattanooga,RB,3,0.8317,1731,2022,HighSchool
5081385,115184,Camron Douglas,Tennessee,DL,3,0.8317,1731,2022,HighSchool
4910711,115191,Justin Holmes,Kent State,QB,3,0.8317,1731,2022,HighSchool
5085356,115203,Austin Myers,Central Arkansas,QB,3,0.8317,1731,2022,HighSchool
5086058,115202,Christopher Jackson,Campbell,LB,3,0.8317,1731,2022,HighSchool
4837264,115187,Derrieon Craig,Massachusetts,LB,3,0.8317,1731,2022,HighSchool
4833606,115185,David Oke,Abilene Christian,EDGE,3,0.8317,1731,2022,HighSchool
,115188,Daniel Santiago,,DL,3,0.8317,1731,2022,HighSchool
4816095,115198,Blaine Hipa,Princeton,QB,3,0.8317,1731,2022,HighSchool
4917278,115190,Jude Buchanan,Old Dominion,LB,3,0.8317,1731,2022,HighSchool
,115186,John Vanisi,,TE,3,0.8317,1731,2022,HighSchool
,115194,Malachi Hooper,,LB,3,0.8317,1731,2022,HighSchool
,115193,Travion Barnes,,LB,3,0.8317,1731,2022,HighSchool
,115205,Kaevon Freshwater,,DL,3,0.8317,1731,2022,HighSchool
,115201,Marques Dunn,,TE,3,0.8317,1731,2022,HighSchool
,115200,Xavier Preston,Austin Peay,ATH,3,0.8317,1731,2022,HighSchool
,115199,Nakelin McAfee,,RB,3,0.8317,1731,2022,HighSchool
,115197,Jaylen Sulton,,ATH,3,0.8317,1731,2022,HighSchool
4812473,115206,Dami'on Thompson,Coastal Carolina,WR,3,0.8315,1753,2022,HighSchool
4819250,115212,AJ Bianco,Nevada,QB,3,0.8315,1753,2022,HighSchool
4875616,115210,Chrystyile Caldwell,South Alabama,LB,3,0.8315,1753,2022,HighSchool
4838527,115209,Josh Dallas,Georgia Southern,ATH,3,0.8315,1753,2022,HighSchool
4839498,115207,Keylan Rutledge,Middle Tennessee,OT,3,0.8315,1753,2022,HighSchool
4832845,115213,Isaiah Boyd,Tulane,DL,3,0.8315,1753,2022,HighSchool
4869815,115208,Tabry Shettron,Oklahoma State,TE,3,0.8315,1753,2022,HighSchool
5089179,115211,Bryan Henry,Houston,TE,3,0.8315,1753,2022,HighSchool
4709449,115214,Domanick Moon,Purdue,LB,3,0.8311,1761,2022,HighSchool
4837175,115216,Miguel Cedeno,Rice,OT,3,0.8311,1761,2022,HighSchool
4910712,115219,Rambo Mageo,San Diego State,IOL,3,0.8311,1761,2022,HighSchool
4900639,115217,Mo Omonode,Purdue,DL,3,0.8311,1761,2022,HighSchool
4816072,115215,Clayton Leonard,Illinois,IOL,3,0.8311,1761,2022,HighSchool
4878517,115218,Dawson Alters,Virginia,IOL,3,0.8311,1761,2022,HighSchool
,115220,Kao Hansen,,ATH,3,0.8307,1767,2022,HighSchool
4837373,115221,Michael Boone,Florida Atlantic,CB,3,0.8307,1767,2022,HighSchool
4910682,115225,Jamal Hailey,Western Michigan,RB,3,0.8306,1769,2022,HighSchool
4909124,115224,Malachi Carney,South Alabama,OT,3,0.8306,1769,2022,HighSchool
4839486,115226,Matteo Carriere,Central Michigan,WR,3,0.8306,1769,2022,HighSchool
4912282,115223,Carl Fauntroy,UAB,S,3,0.8306,1769,2022,HighSchool
,115222,Quinton Henry,Western Kentucky,WR,3,0.8306,1769,2022,HighSchool
4912168,115234,Bryce Dixon,Liberty,DL,3,0.8304,1774,2022,HighSchool
4917136,115229,Andrew Paige,Middle Tennessee,WR,3,0.8304,1774,2022,HighSchool
4799987,115235,Ryan Burger,App State,QB,3,0.8304,1774,2022,HighSchool
4915710,115232,Matthew Bailey,Illinois,S,3,0.8304,1774,2022,HighSchool
4837273,115228,Jeremiah McGill,Massachusetts,S,3,0.8304,1774,2022,HighSchool
4906883,115227,David Rowaiye,New Mexico,DL,3,0.8304,1774,2022,HighSchool
4884266,115233,Merhauti Xepera,Fresno State,TE,3,0.8304,1774,2022,HighSchool
4912120,115230,James Kreutz,Illinois,LB,3,0.8304,1774,2022,HighSchool
5095066,115231,Anthony Dunn Jr.,Marshall,DL,3,0.8304,1774,2022,HighSchool
4833016,234730,Chedon James,Idaho State,WR,3,0.83,1783,2022,HighSchool
5087323,234726,Noah Miles,Howard,OT,3,0.83,1783,2022,HighSchool
5092430,234741,Dariel Djabome,Rutgers,LB,3,0.83,1783,2022,HighSchool
4917400,234725,Kiawan Murphy,Akron,DL,3,0.83,1783,2022,HighSchool
5085189,234708,Jack Endries,California,TE,3,0.83,1783,2022,HighSchool
5085185,234739,Sam Ross,California,LB,3,0.83,1783,2022,HighSchool
4871220,115241,Will Bettridge,Virginia,K,3,0.83,1783,2022,HighSchool
5096400,234736,AK Kelly,Wake Forest,WR,3,0.83,1783,2022,HighSchool
4911961,115236,Jack Lausch,Northwestern,QB,3,0.83,1783,2022,HighSchool
5084029,234699,Drew Carter,Eastern Washington,ATH,3,0.83,1783,2022,HighSchool
4376213,234734,Robert Harris,Western Kentucky,CB,3,0.83,1783,2022,HighSchool
,234733,Logan Booher,,WR,3,0.83,1783,2022,HighSchool
,234732,Christian Yousefzadeh,Army,EDGE,3,0.83,1783,2022,HighSchool
5083463,234735,Luke Teskey,New Hampshire,EDGE,3,0.83,1783,2022,HighSchool
,234727,Ghana Oboh,,RB,3,0.83,1783,2022,HighSchool
,234731,Cobye Baldwin,,WR,3,0.83,1783,2022,HighSchool
4868340,115239,Joey Klunder,Michigan,DL,3,0.83,1783,2022,HighSchool
,234718,Sione Moa,,DL,3,0.83,1783,2022,HighSchool
,234716,Donovan Poe,,LB,3,0.83,1783,2022,HighSchool
,234715,Quad Harrison,,ATH,3,0.83,1783,2022,HighSchool
,234713,Xavier Davis,,RB,3,0.83,1783,2022,HighSchool
,234712,Sam Dec,Army,OT,3,0.83,1783,2022,HighSchool
,234710,Braeden Smith,,ATH,3,0.83,1783,2022,HighSchool
,234707,Jason Jones,,RB,3,0.83,1783,2022,HighSchool
,234706,Maxx Silao,,LB,3,0.83,1783,2022,HighSchool
5089556,115237,Christian Murphy,Western Carolina,LB,3,0.83,1783,2022,HighSchool
5082166,234709,Caden Harman,Army,EDGE,3,0.83,1783,2022,HighSchool
,234704,Daryl Searcy Jr.,,RB,3,0.83,1783,2022,HighSchool
,234703,Cam Done,,DL,3,0.83,1783,2022,HighSchool
,234729,Terrell Stoker,,ATH,3,0.83,1783,2022,HighSchool
,234701,Mike Westbrook,,S,3,0.83,1783,2022,HighSchool
,234700,Jackson Holt,,QB,3,0.83,1783,2022,HighSchool
,234698,Cedric Wells,,IOL,3,0.83,1783,2022,HighSchool
5084731,234705,Takoda Bridges,Northern Arizona,WR,3,0.83,1783,2022,HighSchool
,234740,Ruben Adams,,DL,3,0.83,1783,2022,HighSchool
,234723,Keilan Powell,,CB,3,0.83,1783,2022,HighSchool
,234738,Jett Meine,,WR,3,0.83,1783,2022,HighSchool
,234722,Rob Brown,,RB,3,0.83,1783,2022,HighSchool
,234724,Scott Truninger,,TE,3,0.83,1783,2022,HighSchool
4868929,115240,Will Stone,Texas,K,3,0.83,1783,2022,HighSchool
,234721,Dylan Gebbia,Hawai'i,QB,3,0.83,1783,2022,HighSchool
,234719,Dallas Daley,Air Force,ATH,3,0.83,1783,2022,HighSchool
5089273,115238,Montarious Reed,Western Illinois,S,3,0.83,1783,2022,HighSchool
4912254,234720,Jordan McCants,Jacksonville State,WR,3,0.83,1783,2022,HighSchool
4832804,234737,Jordan Dwyer,Idaho,WR,3,0.83,1783,2022,HighSchool
5085586,234714,Peyton Wing,Portland State,ATH,3,0.83,1783,2022,HighSchool
5085570,234702,Logan Gonzalez,Portland State,QB,3,0.83,1783,2022,HighSchool
5085112,234728,Emmett Brown,Washington State,QB,3,0.83,1783,2022,HighSchool
4913758,115243,Dijon Jennings,Akron,QB,3,0.83,1783,2022,HighSchool
4914482,234711,Charlie Mirer,Stanford,QB,3,0.83,1783,2022,HighSchool
4715350,115242,Peter Zamora,Marshall,QB,3,0.83,1783,2022,HighSchool
5082673,234717,Austin Harnetiaux,Washington,LB,3,0.83,1783,2022,HighSchool
4869973,115245,Trevin Ostler,BYU,ATH,3,0.8296,1835,2022,HighSchool
4838535,115246,Isaiah Holland,Georgia State,S,3,0.8296,1835,2022,HighSchool
,115244,Jordan Morris,San Diego State,TE,3,0.8296,1835,2022,HighSchool
4868460,115251,Jake McNamara,UTEP,QB,3,0.8293,1838,2022,HighSchool
,115249,Claudel Bazile,Liberty,EDGE,3,0.8293,1838,2022,HighSchool
4869802,115253,Davis Dalton,Southern Miss,WR,3,0.8293,1838,2022,HighSchool
4799994,115247,Brett Thorson,Georgia,P,3,0.8293,1838,2022,HighSchool
4832848,115250,Nick Del Grande,Coastal Carolina,OT,3,0.8293,1838,2022,HighSchool
4912252,115252,Gavriel Lightfoot,Fresno State,DL,3,0.8293,1838,2022,HighSchool
4880362,115248,Reid Williford,Charlotte,LB,3,0.8293,1838,2022,HighSchool
4833019,115254,Dakari Frazier,Ball State,DL,3,0.8293,1838,2022,HighSchool
4869730,115255,Nik McMillan,Buffalo,WR,3,0.8289,1846,2022,HighSchool
5082360,115256,Trey Miles,UAB,QB,3,0.8289,1847,2022,HighSchool
4916380,115257,Armon Parker,Washington,DL,3,0.8289,1847,2022,HighSchool
4868599,115259,Spencer Alvarez,Minnesota,OT,3,0.8285,1849,2022,HighSchool
4896289,115258,Gavin Freeman,Oklahoma,ATH,3,0.8285,1849,2022,HighSchool
5158415,115260,Antonio Patterson,Florida International,RB,3,0.8283,1851,2022,HighSchool
5081343,115261,Will Hubert,Iowa,EDGE,3,0.8283,1851,2022,HighSchool
4837348,115263,Donta Whack,Massachusetts,RB,3,0.8283,1851,2022,HighSchool
4899096,115262,Evan Crenshaw,Coastal Carolina,P,3,0.8283,1851,2022,HighSchool
4869321,115267,AJ Padgett,Rice,QB,3,0.8281,1855,2022,HighSchool
4916436,115268,E.J. Warner,Temple,QB,3,0.8281,1855,2022,HighSchool
4905591,115266,Bryce Grays,Washington State,S,3,0.8281,1855,2022,HighSchool
4869389,115264,Sam Secrest,Louisville,IOL,3,0.8281,1855,2022,HighSchool
4873076,115265,Clayton Lynam,UC Davis,LB,3,0.8281,1855,2022,HighSchool
4868461,115269,Isaiah Street,Western Michigan,EDGE,3,0.8281,1855,2022,HighSchool
4832049,115274,DJ Aiken,Florida International,DL,3,0.8278,1861,2022,HighSchool
4704484,115270,Dewuan Mack,Northern Iowa,CB,3,0.8278,1861,2022,HighSchool
,115272,Peter Taoipu,,DL,3,0.8278,1861,2022,HighSchool
,115271,Elijah Griffin,,ATH,3,0.8278,1861,2022,HighSchool
4879780,115273,Trevor Helburg,Houston,K,3,0.8278,1861,2022,HighSchool
4720950,115275,Jahzon Jacks,Fresno State,DL,3,0.8274,1866,2022,HighSchool
4881563,115276,Mike Sharpe II,Arkansas State,RB,3,0.8274,1866,2022,HighSchool
4838553,115278,MJ Stroud,Georgia Southern,EDGE,3,0.827,1868,2022,HighSchool
4882697,115279,Nemo Squire,East Carolina,RB,3,0.827,1868,2022,HighSchool
4879884,115277,Mario Easterly,Old Dominion,WR,3,0.827,1868,2022,HighSchool
4915980,115283,John Mateer,Washington State,QB,3,0.8267,1871,2022,HighSchool
4869421,115281,Jack Stone,Michigan State,K,3,0.8267,1871,2022,HighSchool
5081130,115282,Nathan Dibert,LSU,K,3,0.8267,1871,2022,HighSchool
4838682,115280,Derrell Farrar,App State,LB,3,0.8267,1871,2022,HighSchool
5086028,115294,Jaxon Harley,UCLA,S,3,0.8267,1875,2022,HighSchool
4832029,115287,Alex Bauman,Tulane,EDGE,3,0.8267,1875,2022,HighSchool
5089860,115289,Chance Williams,Grambling,RB,3,0.8267,1875,2022,HighSchool
4812378,115285,Tellek Lockette,UL Monroe,IOL,3,0.8267,1875,2022,HighSchool
4869656,115286,Makhi Green,Monmouth,WR,3,0.8267,1875,2022,HighSchool
4832957,115302,Rashad McKinley,New Mexico State,WR,3,0.8267,1875,2022,HighSchool
4912286,115297,Iverson Hooks,UAB,ATH,3,0.8267,1875,2022,HighSchool
4812365,115292,Idris Williams,Campbell,ATH,3,0.8267,1875,2022,HighSchool
5083528,115288,Zeke Burnett,Sacramento State,RB,3,0.8267,1875,2022,HighSchool
,115300,Kendrix Goodman,,IOL,3,0.8267,1875,2022,HighSchool
,115301,Breven Stubbs,,CB,3,0.8267,1875,2022,HighSchool
,115291,Maleeyon Winfield,,WR,3,0.8267,1875,2022,HighSchool
4912265,115284,J.C. Sivley,UAB,TE,3,0.8267,1875,2022,HighSchool
,115290,Shanard Lo-Ray,,EDGE,3,0.8267,1875,2022,HighSchool
,115293,Kody Finley,Southeastern Louisiana,WR,3,0.8267,1875,2022,HighSchool
,115295,Albert Taggart,,RB,3,0.8267,1875,2022,HighSchool
,115296,Nathanael Sulka,Youngstown State,LB,3,0.8267,1875,2022,HighSchool
,115298,Puna Alatini,,ATH,3,0.8267,1875,2022,HighSchool
,115299,Tyron Darby,,RB,3,0.8267,1875,2022,HighSchool
5089541,115303,Ken Moore Jr.,Western Carolina,CB,3,0.8263,1894,2022,HighSchool
4868811,115304,Bryant Williams,Louisiana,OT,3,0.8263,1894,2022,HighSchool
4878659,115305,Joe Cruz,Syracuse,OT,3,0.8263,1894,2022,HighSchool
4898201,115307,Trey White,San Diego State,LB,3,0.8263,1894,2022,HighSchool
4880360,115306,Josiah Robinson,Coastal Carolina,LB,3,0.8263,1894,2022,HighSchool
5082618,115311,Maximus Fonoti-Maikui,Utah State,LB,3,0.8259,1899,2022,HighSchool
4899669,115308,Jalen Slappy,Marshall,OT,3,0.8259,1899,2022,HighSchool
4838683,115314,Mateo Guevara,Middle Tennessee,IOL,3,0.8259,1899,2022,HighSchool
4912020,115318,Tommy Hamann,Iowa State,EDGE,3,0.8259,1899,2022,HighSchool
5081441,115317,Robert Gunn III,Clemson,K,3,0.8259,1899,2022,HighSchool
4862220,115315,Alex Bacchetta,Penn State,P,3,0.8259,1899,2022,HighSchool
4869132,115309,Reggie Virgil,Miami (OH),ATH,3,0.8259,1899,2022,HighSchool
,115313,Trevion Florence,Arkansas State,IOL,3,0.8259,1899,2022,HighSchool
540473,115319,David Johnson,Washington State,WR,3,0.8259,1899,2022,HighSchool
4880091,115320,Brady Wayburn,UConn,OT,3,0.8259,1899,2022,HighSchool
4834814,115316,Chibby Nwajuaku,Rice,DL,3,0.8259,1899,2022,HighSchool
4717725,115310,Devin Johnson,Miami (OH),WR,3,0.8259,1899,2022,HighSchool
4869609,115312,Josiah Wyatt,App State,DL,3,0.8259,1899,2022,HighSchool
4873077,115326,Brayten Silbor,Lehigh,QB,3,0.8256,1912,2022,HighSchool
4869603,115329,Cam Pickett,Ball State,WR,3,0.8256,1912,2022,HighSchool
5086640,115321,Wendell Moe Jr.,Arizona,IOL,3,0.8256,1912,2022,HighSchool
4826579,115322,Tyler Siddons,Central Arkansas,OT,3,0.8256,1912,2022,HighSchool
4898359,115323,Oliver Billotte,Kent State,DL,3,0.8256,1912,2022,HighSchool
,115328,Kemper Hodges,Air Force,QB,3,0.8256,1912,2022,HighSchool
,115324,Marcus Vinson,,TE,3,0.8256,1912,2022,HighSchool
,115327,Corey Phillips,,TE,3,0.8256,1912,2022,HighSchool
5151903,115325,Kade Frew,Air Force,RB,3,0.8256,1912,2022,HighSchool
,115330,Andrew Lane,,TE,3,0.8256,1921,2022,HighSchool
4870401,115331,Jacob Reece,Arizona,IOL,3,0.8252,1922,2022,HighSchool
5082623,115333,Teague Andersen,Utah State,IOL,3,0.8252,1922,2022,HighSchool
4906882,115332,Kejuan Bullard,San José State,ATH,3,0.8252,1922,2022,HighSchool
4912119,115337,Tucker Kilcrease,Troy,QB,3,0.8248,1925,2022,HighSchool
4875311,115334,Eric Smith,Miami (OH),OT,3,0.8248,1925,2022,HighSchool
,115336,Jacob Ashley,,IOL,3,0.8248,1925,2022,HighSchool
,115335,Liutai Kinikini,BYU,LB,3,0.8248,1925,2022,HighSchool
4869340,115338,Brock Spalding,East Carolina,WR,3,0.8248,1925,2022,HighSchool
4702900,115342,DeMone Green,Rice,DL,3,0.8244,1930,2022,HighSchool
4713437,115344,Dameon Smallwood,North Texas,IOL,3,0.8244,1930,2022,HighSchool
4869607,115339,Taran Tyo,Ball State,IOL,3,0.8244,1930,2022,HighSchool
4869552,115341,Robert Briggs Jr.,Utah State,ATH,3,0.8244,1930,2022,HighSchool
4916379,115340,Jayvon Parker,Washington,DL,3,0.8244,1930,2022,HighSchool
4426796,115343,Carter Brown,Arizona State,K,3,0.8244,1930,2022,HighSchool
5082104,115347,Ethan Lang,East Carolina,IOL,3,0.8241,1936,2022,HighSchool
4784600,115345,Bryce Radford,Utah State,OT,3,0.8241,1936,2022,HighSchool
5082331,115346,Avery Smith,Toledo,QB,3,0.8241,1936,2022,HighSchool
4808740,115348,Nate Anderson,Western Michigan,WR,3,0.8237,1939,2022,HighSchool
4890881,115350,Cam Ball,Buffalo,TE,3,0.8237,1939,2022,HighSchool
4502324,115349,Caden Johnson,Ball State,LB,3,0.8237,1939,2022,HighSchool
4879807,115351,Jordan Coleman,Ball State,ATH,3,0.8237,1939,2022,HighSchool
,115353,Luke Sudul,Air Force,IOL,3,0.823,1943,2022,HighSchool
4838691,115352,Dexter Ricks Jr.,Liberty,CB,3,0.823,1943,2022,HighSchool
5150313,115354,Kanye Udoh,Army,RB,3,0.8228,1945,2022,HighSchool
,115355,Jaydon Hodge,Pennsylvania,S,3,0.8228,1945,2022,HighSchool
,115356,Kieran Collins,,CB,3,0.8228,1945,2022,HighSchool
4898589,115358,Oliver Straw,West Virginia,P,3,0.8226,1948,2022,HighSchool
4869591,115357,Nick Bryan,Kent State,IOL,3,0.8226,1948,2022,HighSchool
4801298,115361,Liu Aumavae,San Diego State,QB,3,0.8226,1948,2022,HighSchool
4869461,115359,Trey Smack,Florida,K,3,0.8226,1948,2022,HighSchool
4880280,115362,Kadan Lewis,Arkansas State,DL,3,0.8226,1948,2022,HighSchool
4905602,115360,Derek Spearman,UConn,S,3,0.8226,1948,2022,HighSchool
4868722,115363,IIiyas Fuavai,Southern Miss,DL,3,0.8222,1954,2022,HighSchool
4876720,115366,Aidan Birr,Georgia Tech,K,3,0.8222,1955,2022,HighSchool
4877642,115364,Tyler Bivens,Kent State,CB,3,0.8222,1955,2022,HighSchool
4882138,115365,Buck Buchanan,Louisiana Tech,K,3,0.8222,1955,2022,HighSchool
4911913,115367,Kam Olds,Buffalo,EDGE,3,0.8219,1958,2022,HighSchool
4911852,115373,Sam Candotti,Boston College,P,3,0.8217,1959,2022,HighSchool
4824129,115371,Charles Ingram V,Furman,ATH,3,0.8217,1959,2022,HighSchool
5086642,115368,Jake George,Arizona,WR,3,0.8217,1959,2022,HighSchool
5153686,115382,Tiger Adolpho,Weber State,QB,3,0.8217,1959,2022,HighSchool
4689118,115377,Jyzaiah Rockwell,Sam Houston,WR,3,0.8217,1959,2022,HighSchool
4832066,115369,Chase Sweigart,South Carolina,OT,3,0.8217,1959,2022,HighSchool
4685548,115376,Jaidan Scott,Sam Houston,S,3,0.8217,1959,2022,HighSchool
4832855,115374,J.R. Strauss,Villanova,LB,3,0.8217,1959,2022,HighSchool
4917051,115372,Blake Steen,Virginia,OT,3,0.8217,1959,2022,HighSchool
,115370,Elijah Statham,,DL,3,0.8217,1959,2022,HighSchool
,115379,Cody Stordahl,,LB,3,0.8217,1959,2022,HighSchool
,115378,Zaylan Reese,,WR,3,0.8217,1959,2022,HighSchool
,115375,Osiris Ross,,ATH,3,0.8217,1959,2022,HighSchool
,115380,EJ Evett,,WR,3,0.8217,1959,2022,HighSchool
,115381,Tyreak Allen,,S,3,0.8217,1959,2022,HighSchool
4869317,115385,Diego Tello,UTSA,QB,3,0.8215,1974,2022,HighSchool
4872550,115387,Chase Brewster,Massachusetts,QB,3,0.8215,1974,2022,HighSchool
5086155,115386,Franklin Richardson,Coastal Carolina,OT,3,0.8215,1974,2022,HighSchool
5092994,115384,DJ Bell,Memphis,S,3,0.8215,1974,2022,HighSchool
5151316,115391,Brandon Tennison,UTSA,QB,3,0.8215,1974,2022,HighSchool
4880276,115392,Ashton Whitner,Georgia Southern,S,3,0.8215,1974,2022,HighSchool
5082420,115388,Chase Presnell,App State,OT,3,0.8215,1974,2022,HighSchool
4838552,115389,Eli Samples,East Carolina,OT,3,0.8215,1974,2022,HighSchool
4912847,115383,Jacob Parrish,Kansas State,ATH,3,0.8215,1974,2022,HighSchool
4878109,115390,Hayden Hansen,Florida,TE,3,0.8215,1974,2022,HighSchool
,115393,Jake Steele,San José State,OT,3,0.8211,1984,2022,HighSchool
5089552,115395,Darian Anderson,Western Carolina,CB,3,0.8211,1985,2022,HighSchool
4869313,115394,Alex Heininger,Central Michigan,OT,3,0.8211,1985,2022,HighSchool
4833020,115397,Owen Bainbridge,Bowling Green,QB,3,0.8207,1987,2022,HighSchool
4920896,115396,Louis Brown IV,Colorado State,WR,3,0.8207,1987,2022,HighSchool
4832849,115403,Gavin Garcia,Kent State,RB,3,0.8206,1989,2022,HighSchool
4912915,115402,Wes King,Wyoming,DL,3,0.8206,1989,2022,HighSchool
4912352,115401,Jaden Robinson,New Mexico State,EDGE,3,0.8206,1989,2022,HighSchool
4912066,115399,Camdan McWright,San José State,RB,3,0.8206,1989,2022,HighSchool
5084769,115398,Angel Flores,Northern Arizona,QB,3,0.8206,1989,2022,HighSchool
4912182,115400,Jacob Finley,Northern Illinois,CB,3,0.8206,1989,2022,HighSchool
4878108,115407,Paul Fitzgerald,Utah State,EDGE,3,0.8204,1995,2022,HighSchool
,115404,Tony Newsome,South Florida,CB,3,0.8204,1995,2022,HighSchool
4869550,115408,AG McGhee,Marshall,CB,3,0.8204,1995,2022,HighSchool
4911952,115405,Keyshaun Elliott,New Mexico State,ATH,3,0.8204,1995,2022,HighSchool
5160964,115406,Brooks Jones,BYU,ATH,3,0.8204,1995,2022,HighSchool
4871221,115409,Kona Moore,Hawai'i,S,3,0.82,2000,2022,HighSchool
5086035,234797,Lee Molette III,UConn,ATH,3,0.82,2000,2022,HighSchool
4917338,115410,Connor Vaughn,Tulsa,TE,3,0.82,2000,2022,HighSchool
5082599,234749,Makai Smith,San José State,WR,3,0.82,2000,2022,HighSchool
4901136,234814,Reggie Givhan,Charlotte,WR,3,0.82,2000,2022,HighSchool
5081344,234754,Kyson Van Vugt,Iowa,OT,3,0.82,2000,2022,HighSchool
5083176,234778,Dylan Layne,Idaho,ATH,3,0.82,2000,2022,HighSchool
5088894,234761,Sam Mikaele,UTEP,WR,3,0.82,2000,2022,HighSchool
5087307,234788,Cameron Dyson,Howard,LB,3,0.82,2000,2022,HighSchool
4833027,234775,Drew Logan,Cincinnati,DL,3,0.82,2000,2022,HighSchool
5083374,234768,Trae Tomlinson,Richmond,CB,3,0.82,2000,2022,HighSchool
5084034,234771,Myles Mayovsky,Eastern Washington,ATH,3,0.82,2000,2022,HighSchool
5082591,234764,Ian Jernagin,San José State,RB,3,0.82,2000,2022,HighSchool
5084577,234796,Dylan King,Tennessee State,S,3,0.82,2000,2022,HighSchool
4877019,115412,Luke Roaten,Washington State,DL,3,0.82,2000,2022,HighSchool
5094040,234779,Brogan McCaughey,Yale,QB,3,0.82,2000,2022,HighSchool
5087305,234813,Derrick Hartley Jr.,Howard,CB,3,0.82,2000,2022,HighSchool
4916956,234806,Blayne Myrick,South Alabama,LB,3,0.82,2000,2022,HighSchool
502356,234789,Damien Brown,Lehigh,ATH,3,0.82,2000,2022,HighSchool
4819259,234742,Devon Tauaefa,Hawai'i,WR,3,0.82,2000,2022,HighSchool
5081449,234794,Mason Johnstone,Clemson,OT,3,0.82,2000,2022,HighSchool
5081177,234770,Braden Waterman,Ole Miss,QB,3,0.82,2000,2022,HighSchool
4912316,234809,Kofi Asare,Massachusetts,EDGE,3,0.82,2000,2022,HighSchool
5082663,234795,Brady Kopetz,Colorado,LB,3,0.82,2000,2022,HighSchool
5081425,234753,Bo Burkes,North Carolina,IOL,3,0.82,2000,2022,HighSchool
5085034,234800,Austin Overn,USC,WR,3,0.82,2000,2022,HighSchool
5085550,234755,Tuaoa Tauili'ili,Idaho State,DL,3,0.82,2000,2022,HighSchool
5085545,234756,Deville Dickerson,Idaho State,CB,3,0.82,2000,2022,HighSchool
5085880,234744,Dom Montiel,Oregon State,QB,3,0.82,2000,2022,HighSchool
5098685,234792,Trent Henry,Grambling,ATH,3,0.82,2000,2022,HighSchool
,234803,Jack Fairchild,,ATH,3,0.82,2000,2022,HighSchool
4812363,234767,Jason Seraphin,Howard,IOL,3,0.82,2000,2022,HighSchool
4876697,234745,Jaden Thomas,Jacksonville State,LB,3,0.82,2000,2022,HighSchool
4879810,115413,Eric Holley,Toledo,ATH,3,0.82,2000,2022,HighSchool
4912221,115411,John Bock II,Florida International,IOL,3,0.82,2000,2022,HighSchool
4917173,234807,Nathaniel Gillis,BYU,ATH,3,0.82,2000,2022,HighSchool
5082667,234773,Jackson Jones,Washington,QB,3,0.82,2000,2022,HighSchool
5082969,234808,Rocco Nicholl,Kent State,LB,3,0.82,2000,2022,HighSchool
5084738,234750,Brevin Czosnyka,Northern Arizona,ATH,3,0.82,2000,2022,HighSchool
5089480,234791,Isaac McNamee,Murray State,QB,3,0.82,2000,2022,HighSchool
5089539,234804,Censere Lee,Western Carolina,ATH,3,0.82,2000,2022,HighSchool
,234815,Tobi Olawole,Furman,WR,3,0.82,2000,2022,HighSchool
,234812,Zavotray Brown,,EDGE,3,0.82,2000,2022,HighSchool
,234811,Maicah Talavou,,IOL,3,0.82,2000,2022,HighSchool
,234810,Dominic Arango-Serna,,WR,3,0.82,2000,2022,HighSchool
,234805,Marcus Moore,,WR,3,0.82,2000,2022,HighSchool
,234802,Ashley Tucker,,QB,3,0.82,2000,2022,HighSchool
,234801,Jalen Jones,,WR,3,0.82,2000,2022,HighSchool
,234799,Blaze Iglesias,,EDGE,3,0.82,2000,2022,HighSchool
,234798,Malachi Hannah,,LB,3,0.82,2000,2022,HighSchool
,234793,Aiden Lal,Air Force,ATH,3,0.82,2000,2022,HighSchool
,234790,Robert Freeman IV,,ATH,3,0.82,2000,2022,HighSchool
,234787,Durell Daigre,,DL,3,0.82,2000,2022,HighSchool
,234786,Brendan Hale,,CB,3,0.82,2000,2022,HighSchool
,234785,Gunnar Hensley,,QB,3,0.82,2000,2022,HighSchool
,234784,Dillon Golden,,TE,3,0.82,2000,2022,HighSchool
,234783,Fisher Ingersoll,,WR,3,0.82,2000,2022,HighSchool
,234782,Cristian Pilimai,,DL,3,0.82,2000,2022,HighSchool
,234781,Hayden Hall,Weber State,WR,3,0.82,2000,2022,HighSchool
,234780,Brady Shannon,UCF,QB,3,0.82,2000,2022,HighSchool
,234777,Salesi Moala,,LB,3,0.82,2000,2022,HighSchool
,234776,Maxton Woodward,,DL,3,0.82,2000,2022,HighSchool
,234774,Elijah Manning,,LB,3,0.82,2000,2022,HighSchool
,234772,Micah Lutu,,IOL,3,0.82,2000,2022,HighSchool
,234769,Bobby Piland Jr.,Air Force,DL,3,0.82,2000,2022,HighSchool
,234766,Jaylen Greenwood,,CB,3,0.82,2000,2022,HighSchool
,234765,Chris Henley,,RB,3,0.82,2000,2022,HighSchool
,234763,Dominic Wiseman,Iowa,DL,3,0.82,2000,2022,HighSchool
,234762,Jackson Esary,Providence,QB,3,0.82,2000,2022,HighSchool
,234760,Tavian Cord,,ATH,3,0.82,2000,2022,HighSchool
,234759,Zachary Siskowic,,QB,3,0.82,2000,2022,HighSchool
,234758,Trevor Cadam,,WR,3,0.82,2000,2022,HighSchool
,234757,Will Futhey,,WR,3,0.82,2000,2022,HighSchool
,234752,Connor Kelley,,EDGE,3,0.82,2000,2022,HighSchool
,234751,Jaylen Nobles,,RB,3,0.82,2000,2022,HighSchool
,234748,Cliffton Weber,,LB,3,0.82,2000,2022,HighSchool
,234747,Cephus Harris,Youngstown State,RB,3,0.82,2000,2022,HighSchool
,234746,Elijah Young,Grambling,LB,3,0.82,2000,2022,HighSchool
,234743,Davis Joyner,,LB,3,0.82,2000,2022,HighSchool
4912276,115417,Joshua Williams,Utah State,LB,3,0.8196,2079,2022,HighSchool
4899342,115416,Max Fletcher,Arkansas,P,3,0.8196,2079,2022,HighSchool
4905664,115414,A.J. Haulcy,New Mexico,S,3,0.8196,2079,2022,HighSchool
4837215,115415,Joseph Sipp Jr.,Bowling Green,LB,3,0.8196,2079,2022,HighSchool
4869821,115419,DeCorion Temple,Central Michigan,TE,3,0.8194,2083,2022,HighSchool
4431035,115420,Roy Williams,Northern Illinois,DL,3,0.8194,2083,2022,HighSchool
4910237,115418,Abiathar Curry,Northern Illinois,OT,3,0.8194,2083,2022,HighSchool
4874662,115421,PJ Simmons,Georgia State,S,3,0.8193,2086,2022,HighSchool
4869805,115422,Kyndall McKenzie,Memphis,IOL,3,0.8193,2086,2022,HighSchool
4781743,115423,Chase Tuatagaloa,Utah State,ATH,3,0.8193,2086,2022,HighSchool
4869809,115426,Matthew Yuschak,Marshall,IOL,3,0.8185,2089,2022,HighSchool
4838688,115424,Blake Matthews,Troy,ATH,3,0.8185,2089,2022,HighSchool
4761574,115425,Landon Roaten,Washington State,OT,3,0.8185,2089,2022,HighSchool
4878623,115427,Josh Dixon,Wyoming,CB,3,0.8181,2092,2022,HighSchool
4880893,115428,John Love,Virginia Tech,K,3,0.8181,2092,2022,HighSchool
,115430,Kevin Smith,,QB,3,0.8178,2094,2022,HighSchool
,115431,Quanye Veney,,WR,3,0.8178,2094,2022,HighSchool
,115429,Kedrick Debron,,RB,3,0.8178,2094,2022,HighSchool
4876679,115434,Deandre Marshall,UTSA,IOL,3,0.817,2097,2022,HighSchool
4869525,115436,Teigan Martin,Liberty,TE,3,0.817,2097,2022,HighSchool
4806380,115435,Jackson Smith,Kentucky,K,3,0.817,2097,2022,HighSchool
5082548,115433,A.J. Turner,Marshall,RB,3,0.817,2097,2022,HighSchool
4812379,115432,Jordy Lowery,Western Carolina,CB,3,0.817,2097,2022,HighSchool
4888706,115437,Parker Kingston,BYU,ATH,3,0.8167,2102,2022,HighSchool
4917335,115438,Howard Sampson,North Texas,OT,3,0.8167,2102,2022,HighSchool
4826577,115447,Jimmy Lansing,Southern Illinois,OT,3,0.8167,2104,2022,HighSchool
5083631,115440,Jayden Boyd,Lamar,WR,3,0.8167,2104,2022,HighSchool
,115450,Na'hiem Lilly,,RB,3,0.8167,2104,2022,HighSchool
,115442,Ira Sampson,,RB,3,0.8167,2104,2022,HighSchool
,115449,Isaac Rollins,,ATH,3,0.8167,2104,2022,HighSchool
,115451,Camden Royal,,RB,3,0.8167,2104,2022,HighSchool
5151909,115448,Kaden Cloud,Air Force,RB,3,0.8167,2104,2022,HighSchool
,115443,Vontrez Jackson,,OT,3,0.8167,2104,2022,HighSchool
,115444,Alejandro Colbert,,CB,3,0.8167,2104,2022,HighSchool
4832850,115445,Brad Harris,Rutgers,IOL,3,0.8167,2104,2022,HighSchool
4832842,115439,Max Bowman,Harvard,OT,3,0.8167,2104,2022,HighSchool
4837191,115441,Cade Roberts,South Florida,WR,3,0.8167,2104,2022,HighSchool
4832043,115446,Jakobe Watkins,Southeast Missouri State,IOL,3,0.8167,2104,2022,HighSchool
4898017,115452,Aaron Karas,Colorado State,OT,3,0.8163,2117,2022,HighSchool
4869074,115453,Tyler Perkins,Iowa State,P,3,0.8163,2117,2022,HighSchool
4912222,115454,Marcus Boston Brinkley,Charlotte,IOL,3,0.8163,2117,2022,HighSchool
5089866,115456,Robert Wilson,Grambling,CB,3,0.8159,2120,2022,HighSchool
4839483,115457,Zakye Barker,East Carolina,LB,3,0.8159,2120,2022,HighSchool
4900487,115455,Keaton Law,Western Kentucky,EDGE,3,0.8159,2120,2022,HighSchool
4880396,115458,Pichon Wimbley,Georgia Southern,IOL,3,0.8159,2120,2022,HighSchool
4912288,115464,Rex Johnsen,Wyoming,IOL,3,0.8156,2124,2022,HighSchool
4912041,115470,Kendrick Rucker,Louisiana Tech,TE,3,0.8156,2124,2022,HighSchool
4912117,115467,Mykel Janise,Wyoming,OT,3,0.8156,2124,2022,HighSchool
4826575,115459,Saco Alofipo,Utah State,S,3,0.8156,2124,2022,HighSchool
5082164,115460,Patrick Smith-Young,North Texas,CB,3,0.8156,2124,2022,HighSchool
,115466,Jaydon Wannstedt,Murray State,DL,3,0.8156,2124,2022,HighSchool
5150634,115463,Kaden Chidester,BYU,TE,3,0.8156,2124,2022,HighSchool
4868406,115465,Jashawn Johnson,Western Michigan,WR,3,0.8156,2124,2022,HighSchool
4869250,115468,Mack Indestad,Eastern Michigan,OT,3,0.8156,2124,2022,HighSchool
4717723,115461,Reese Clark,Temple,ATH,3,0.8156,2124,2022,HighSchool
5081398,115462,Derek Taylor,Tennessee,ATH,3,0.8156,2124,2022,HighSchool
4912281,115469,Taven Curry,UAB,RB,3,0.8156,2124,2022,HighSchool
4880353,115472,Brodrick Gooch,App State,ATH,3,0.8152,2136,2022,HighSchool
4816328,115473,Ky Oday Jr.,Colorado State,WR,3,0.8152,2136,2022,HighSchool
,115471,Cameron Pascal,,IOL,3,0.8152,2136,2022,HighSchool
4558733,115474,Christopher Hood,Ball State,OT,3,0.8148,2139,2022,HighSchool
4906305,115475,Bryce McFerson,Notre Dame,P,3,0.8144,2140,2022,HighSchool
4871099,115477,Denaris DeRosa Jr.,San José State,IOL,3,0.8144,2141,2022,HighSchool
5082306,115479,Jayden Davis,Fresno State,WR,3,0.8144,2141,2022,HighSchool
,115478,Jade Arroyo,,TE,3,0.8144,2141,2022,HighSchool
4869387,115476,Ricky Fletcher,South Alabama,S,3,0.8144,2141,2022,HighSchool
4799984,115483,Chauncey Kamakea,Georgia State,IOL,3,0.8141,2145,2022,HighSchool
4837353,115482,Marquis Jones,New Mexico,LB,3,0.8141,2145,2022,HighSchool
4869695,115480,Evan Wibberley,Western Kentucky,OT,3,0.8141,2145,2022,HighSchool
4869606,115481,Max Sullivan,Ball State,TE,3,0.8141,2145,2022,HighSchool
4867888,115484,Mario Wilbourn,Southern Miss,LB,3,0.8137,2149,2022,HighSchool
5151599,115491,Christian Washington,New Mexico,RB,3,0.8133,2150,2022,HighSchool
4917444,115489,Mekah Ryder,Ohio,CB,3,0.8133,2150,2022,HighSchool
5091690,115486,AJ Vinatieri,Ball State,K,3,0.8133,2150,2022,HighSchool
4917368,115488,Samora Ezekiel,North Texas,OT,3,0.8133,2150,2022,HighSchool
5088939,115487,Mackavelli Malotumau,Utah Tech,DL,3,0.8133,2150,2022,HighSchool
,115485,Trevion Mitchell,UTEP,IOL,3,0.8133,2150,2022,HighSchool
4912157,115490,Makhete Gueye,Louisville,OT,3,0.8133,2150,2022,HighSchool
5092349,115492,Jalen Handford,Central Michigan,LB,3,0.8133,2157,2022,HighSchool
4880355,115494,Jacob Hammonds,Georgia Southern,LB,3,0.813,2158,2022,HighSchool
4878106,115493,Max Alford,Utah State,RB,3,0.813,2158,2022,HighSchool
5086044,115496,Timothy Passmore Jr.,UConn,DL,3,0.8126,2160,2022,HighSchool
4714090,115495,Tom Ellard,Western Kentucky,P,3,0.8126,2160,2022,HighSchool
4799990,115499,Jett Solomon,Utah State,CB,3,0.8119,2162,2022,HighSchool
5081453,115500,Jack Smith,Clemson,P,3,0.8119,2162,2022,HighSchool
4879813,115497,Darius Lorfils,Bowling Green,CB,3,0.8119,2162,2022,HighSchool
4870234,115498,Reggion Bennett,Jacksonville State,ATH,3,0.8119,2162,2022,HighSchool
4917383,115503,Caron McNair,Old Dominion,IOL,3,0.8117,2166,2022,HighSchool
,115508,Noah Sanders,,QB,3,0.8117,2166,2022,HighSchool
,115505,Jorden Manu,,OT,3,0.8117,2166,2022,HighSchool
,115501,Damir McCrary,,LB,3,0.8117,2166,2022,HighSchool
4361039,115523,Ky'mani Williams,Campbell,EDGE,3,0.8117,2166,2022,HighSchool
,115522,Ramier Lewis,,OT,3,0.8117,2166,2022,HighSchool
4916982,115520,Luke Sandy,Wyoming,DL,3,0.8117,2166,2022,HighSchool
,115521,Rene Miller,,OT,3,0.8117,2166,2022,HighSchool
,115519,Marlique Fleming,,OT,3,0.8117,2166,2022,HighSchool
5084730,115506,Devon Grubbs,Northern Arizona,RB,3,0.8117,2166,2022,HighSchool
,115513,Zayveon Wells,Western Carolina,CB,3,0.8117,2166,2022,HighSchool
,115512,Jaleak Gates,,LB,3,0.8117,2166,2022,HighSchool
,115510,Rodrick Huntley,,ATH,3,0.8117,2166,2022,HighSchool
,115509,Aquantez Love,,RB,3,0.8117,2166,2022,HighSchool
,115507,Aziya Jamison,,RB,3,0.8117,2166,2022,HighSchool
,115515,Demarion Hicks,,S,3,0.8117,2166,2022,HighSchool
,115514,Zack Chalmers,,ATH,3,0.8117,2166,2022,HighSchool
5095822,115516,Albert Redd,North Carolina Central,LB,3,0.8117,2166,2022,HighSchool
4912558,115511,Stephen Daley,Kent State,TE,3,0.8117,2166,2022,HighSchool
4910845,115517,Thomas Jewett,Sam Houston,TE,3,0.8117,2166,2022,HighSchool
4837192,115518,Avian Rice,Alabama A&M,LB,3,0.8117,2166,2022,HighSchool
4801302,115504,Julian Calvez,Grambling,QB,3,0.8117,2166,2022,HighSchool
4812342,115502,Anthony Rucker,North Carolina A&T,TE,3,0.8117,2166,2022,HighSchool
4880352,115526,Trent Fraley,Marshall,IOL,3,0.8115,2189,2022,HighSchool
4880361,115527,Luke Slusher,Western Kentucky,OT,3,0.8115,2189,2022,HighSchool
4878107,115525,Sully Burns,Tulane,OT,3,0.8115,2189,2022,HighSchool
4897730,115528,Bam McReynolds,South Alabama,RB,3,0.8111,2192,2022,HighSchool
4909949,115529,Marc Stampley II,Georgia Southern,S,3,0.8107,2193,2022,HighSchool
4869537,115532,Malachi McLean,New Mexico State,S,3,0.8107,2193,2022,HighSchool
4890883,115531,Devin Morgan,Buffalo,DL,3,0.8107,2193,2022,HighSchool
,115530,Atticus Bertrams,USC,P,3,0.8107,2193,2022,HighSchool
,115534,Ryker Lotulelei,Utah State,LB,3,0.8106,2197,2022,HighSchool
5082004,115535,A’Ceon Cobb,Florida Atlantic,WR,3,0.8106,2197,2022,HighSchool
5151660,115536,Luke Jones,UAB,OT,3,0.8106,2197,2022,HighSchool
4917045,115533,Alexander Ford,Western Kentucky,CB,3,0.8106,2197,2022,HighSchool
4915712,115537,Drew Terrill,Miami (OH),OT,3,0.8104,2201,2022,HighSchool
5085585,234819,Davin Beason,Portland State,LB,3,0.81,2202,2022,HighSchool
4801305,234825,Prometheus Franklin,South Carolina State,QB,3,0.81,2202,2022,HighSchool
5085886,234823,Tyree Blake,Oregon State,LB,3,0.81,2202,2022,HighSchool
4837279,115540,Jaylin Terzado,Western Carolina,WR,3,0.81,2202,2022,HighSchool
4914981,234824,Jordan Velasquez,Idaho,S,3,0.81,2202,2022,HighSchool
5093361,234877,Conor Lawlor,San Diego,WR,3,0.81,2202,2022,HighSchool
5082330,115538,John Alan Richter,Toledo,QB,3,0.81,2202,2022,HighSchool
4837247,234879,Deante McCray,Western Kentucky,EDGE,3,0.81,2202,2022,HighSchool
5086930,234840,Christopher Allen Jr.,North Carolina A&T,DL,3,0.81,2202,2022,HighSchool
4894659,234854,Bryant Meredith,Northern Arizona,CB,3,0.81,2202,2022,HighSchool
5085587,234871,Elias Sanders,Portland State,EDGE,3,0.81,2202,2022,HighSchool
5085574,234870,Michael Hurst Jr.,Portland State,S,3,0.81,2202,2022,HighSchool
,234881,Cody Hoffman,,TE,3,0.81,2202,2022,HighSchool
5082184,234845,Hunter Roddy,Army,RB,3,0.81,2202,2022,HighSchool
,234872,Tyson Bordeaux,,WR,3,0.81,2202,2022,HighSchool
,234868,Nick Pasquarella,,S,3,0.81,2202,2022,HighSchool
,234867,Bo Kelly,,QB,3,0.81,2202,2022,HighSchool
,234865,Reuben Leiataua,,DL,3,0.81,2202,2022,HighSchool
,234864,Malik Brown,,ATH,3,0.81,2202,2022,HighSchool
,234863,Joel Thomas,,S,3,0.81,2202,2022,HighSchool
,234862,Kody Walk,,TE,3,0.81,2202,2022,HighSchool
,234861,Cody Ahola,Air Force,TE,3,0.81,2202,2022,HighSchool
,234860,Omarion Dickens,,S,3,0.81,2202,2022,HighSchool
,234859,Cole Weightman,,LB,3,0.81,2202,2022,HighSchool
,234858,Jacolby Cochran,,ATH,3,0.81,2202,2022,HighSchool
,234857,Imarion Kelly,,ATH,3,0.81,2202,2022,HighSchool
,234856,Elijah Jackson,,ATH,3,0.81,2202,2022,HighSchool
,234855,Malik Ross,,RB,3,0.81,2202,2022,HighSchool
,234853,Trevor Pay,BYU,IOL,3,0.81,2202,2022,HighSchool
,234852,Travis Roberts,,CB,3,0.81,2202,2022,HighSchool
,234851,Cade Law,,QB,3,0.81,2202,2022,HighSchool
,234850,Thomas Taufui,,RB,3,0.81,2202,2022,HighSchool
,234848,Malakhi Demoss,,RB,3,0.81,2202,2022,HighSchool
,234847,Alec Falk,Air Force,IOL,3,0.81,2202,2022,HighSchool
,234844,Tyler Lawrence,Air Force,OT,3,0.81,2202,2022,HighSchool
,234843,Ja'Quan Dickey,Campbell,IOL,3,0.81,2202,2022,HighSchool
,234841,Brett Spencer,Idaho State,ATH,3,0.81,2202,2022,HighSchool
,234839,Logan Bowers,,LB,3,0.81,2202,2022,HighSchool
,234838,Nui Tovey,Utah Tech,LB,3,0.81,2202,2022,HighSchool
,234835,Garrett McGriff,Army,CB,3,0.81,2202,2022,HighSchool
,234834,La'akea Louis,,LB,3,0.81,2202,2022,HighSchool
,234830,Jhalyn Bailey,,WR,3,0.81,2202,2022,HighSchool
,234829,Dylan Carson,Air Force,RB,3,0.81,2202,2022,HighSchool
,234822,Jackson Adams,Air Force,LB,3,0.81,2202,2022,HighSchool
,234821,Royce Fasel,,LB,3,0.81,2202,2022,HighSchool
,234820,Sione Laulea,,ATH,3,0.81,2202,2022,HighSchool
,234818,Drew Ramsey,,ATH,3,0.81,2202,2022,HighSchool
,234817,David Moultry,,WR,3,0.81,2202,2022,HighSchool
,234816,Amir Brown,,LB,3,0.81,2202,2022,HighSchool
,234883,Cooper Wallace,,WR,3,0.81,2202,2022,HighSchool
,234880,Easton Comer,,QB,3,0.81,2202,2022,HighSchool
4705737,234873,Kyeaure Magloire,Eastern Kentucky,CB,3,0.81,2202,2022,HighSchool
,234884,Ayden Knapik,Idaho,OT,3,0.81,2202,2022,HighSchool
,234885,Simeon Williams,,ATH,3,0.81,2202,2022,HighSchool
,234878,Nijah Richards,,ATH,3,0.81,2202,2022,HighSchool
5084030,234837,Amani Pressley,Eastern Washington,CB,3,0.81,2202,2022,HighSchool
,234882,Shlomo Bass,,OT,3,0.81,2202,2022,HighSchool
,234876,Tyler Moses,,LB,3,0.81,2202,2022,HighSchool
,234874,Lyrik Fata,,EDGE,3,0.81,2202,2022,HighSchool
5082271,115541,Quinton Jackson,Rice,WR,3,0.81,2202,2022,HighSchool
5086156,234836,Danny Lauter,Georgetown,QB,3,0.81,2202,2022,HighSchool
5082619,234831,Avery Ellis,Utah State,LB,3,0.81,2202,2022,HighSchool
5083175,234849,Anthony Woods,Idaho,RB,3,0.81,2202,2022,HighSchool
5083157,234875,Soni Finau,Cal Poly,DL,3,0.81,2202,2022,HighSchool
5084125,234832,Isaiah Malloe,Hawai'i,S,3,0.81,2202,2022,HighSchool
5083165,234846,Tyler Hoffman,Cal Poly,TE,3,0.81,2202,2022,HighSchool
5084816,234833,Kalim Mikhail,Houston Christian,LB,3,0.81,2202,2022,HighSchool
4833591,234826,Ky Woods,Texas,RB,3,0.81,2202,2022,HighSchool
5085507,234828,D.J. Crowther,Dartmouth,RB,3,0.81,2202,2022,HighSchool
5085625,234866,Gavin Ortega,Weber State,OT,3,0.81,2202,2022,HighSchool
5087689,234869,Kaden Huot,Montana,QB,3,0.81,2202,2022,HighSchool
4917351,234827,Evan Johnson,BYU,WR,3,0.81,2202,2022,HighSchool
4889168,115539,Cayden Hawkins,Wyoming,LB,3,0.81,2202,2022,HighSchool
5081637,234842,Jackson Crozier,Florida,OT,3,0.81,2202,2022,HighSchool
5092470,115544,Ty Mims,Southern Miss,WR,3,0.8096,2276,2022,HighSchool
4879603,115542,Kenton Jerido,South Alabama,IOL,3,0.8096,2276,2022,HighSchool
4869129,115546,Ethan Johnson,App State,CB,3,0.8096,2276,2022,HighSchool
4869590,115545,Tyler Dostin,Kent State,TE,3,0.8096,2276,2022,HighSchool
4879811,115543,John Jackson,Kent State,DL,3,0.8096,2276,2022,HighSchool
,115548,Braxton White,,EDGE,3,0.8094,2281,2022,HighSchool
,115550,Jermarius Lewis,Southern Miss,ATH,3,0.8094,2281,2022,HighSchool
4911953,115547,Malachi Finau,Hawai'i,DL,3,0.8094,2281,2022,HighSchool
4909947,115549,Anthony Brackenridge,Western Kentucky,LB,3,0.8094,2281,2022,HighSchool
5082999,115551,Zeke Williams,Northern Illinois,ATH,3,0.8094,2281,2022,HighSchool
4900578,115553,Luke Seib,UTEP,TE,3,0.8093,2286,2022,HighSchool
4868481,115552,Edward Conoran,Central Michigan,WR,3,0.8093,2286,2022,HighSchool
4879886,115554,Tremel States-Jones,South Alabama,CB,3,0.8093,2286,2022,HighSchool
4917298,115556,Percy Courtney,Florida International,S,3,0.8089,2289,2022,HighSchool
,115557,Cooper Ross,BYU,TE,3,0.8089,2289,2022,HighSchool
4868926,115555,Camden Byrd,Richmond,EDGE,3,0.8089,2289,2022,HighSchool
4916957,115558,Donovan Turner,Massachusetts,CB,3,0.8083,2292,2022,HighSchool
4912116,115559,Khalil Jacobs,South Alabama,LB,3,0.8083,2292,2022,HighSchool
4869964,115562,Garrett Masterson,Kent State,OT,3,0.8081,2294,2022,HighSchool
4870138,115561,Tariq Montgomery,Marshall,OT,3,0.8081,2294,2022,HighSchool
4799985,115560,Jaylen Wester,Florida Atlantic,LB,3,0.8081,2294,2022,HighSchool
4871100,115563,John Locke Jr.,Louisiana Tech,TE,3,0.8067,2297,2022,HighSchool
5086048,115564,Akim Sledge,Campbell,CB,3,0.8067,2298,2022,HighSchool
5083404,115570,Trequan Alexander,Rhode Island,IOL,3,0.8067,2298,2022,HighSchool
4837469,115568,Amari Jones,Florida International,QB,3,0.8067,2298,2022,HighSchool
,115572,Hayden White,,OT,3,0.8067,2298,2022,HighSchool
,115567,Xavier Copening,,ATH,3,0.8067,2298,2022,HighSchool
4912333,115571,Ashton Carroll,Ball State,LB,3,0.8067,2298,2022,HighSchool
,115566,JaVawn Burden Jr.,,WR,3,0.8067,2298,2022,HighSchool
,115565,Nasir Hill,,ATH,3,0.8067,2298,2022,HighSchool
,115569,Marcus Johnson,,EDGE,3,0.8067,2298,2022,HighSchool
4869600,115573,Roland McGhee Jr.,Toledo,ATH,3,0.8063,2307,2022,HighSchool
4837204,115574,D'Mon Brinson,UConn,CB,3,0.8063,2307,2022,HighSchool
4869399,115576,Danny Royster,Ball State,LB,3,0.8056,2309,2022,HighSchool
5091746,115579,Cadien Robinson,Tulane,S,3,0.8056,2309,2022,HighSchool
4912071,115584,Kalen Woods,New Mexico,ATH,3,0.8056,2309,2022,HighSchool
4371972,115575,DeAndre Jones,Chattanooga,DL,3,0.8056,2309,2022,HighSchool
4912198,115586,Canaan Williams,Bowling Green,CB,3,0.8056,2309,2022,HighSchool
5092313,115580,Donald Dixon,New Mexico,IOL,3,0.8056,2309,2022,HighSchool
,115577,Bridger Knee,Army,DL,3,0.8056,2309,2022,HighSchool
5089547,115581,Corey Reddick Jr.,Western Carolina,RB,3,0.8056,2309,2022,HighSchool
4869549,115583,Ridge Docekal,Idaho,QB,3,0.8056,2309,2022,HighSchool
4912559,115585,Mohammed Hazime,Kent State,TE,3,0.8056,2309,2022,HighSchool
4900153,115582,JayT Jackson,Georgia State,CB,3,0.8056,2309,2022,HighSchool
4912361,115578,Devan Williams,Tulsa,WR,3,0.8056,2309,2022,HighSchool
4891038,115589,Aaron Jones,Temple,DL,3,0.8052,2321,2022,HighSchool
5082428,115591,Jaylon White-McClain,Old Dominion,EDGE,3,0.8052,2321,2022,HighSchool
4870280,115587,Zach Person,Toledo,TE,3,0.8052,2321,2022,HighSchool
4880354,115588,Antonio Gaines,Charlotte,DL,3,0.8052,2321,2022,HighSchool
5082195,115590,Jax Van Zandt,North Texas,LB,3,0.8052,2321,2022,HighSchool
4832923,115592,Maarten Woudsma,Old Dominion,IOL,3,0.8044,2326,2022,HighSchool
4876609,115593,Christopher Davis Jr.,South Alabama,WR,3,0.8044,2327,2022,HighSchool
5085906,115594,LaMarion Pierce,UT Martin,ATH,3,0.8044,2327,2022,HighSchool
4869729,115598,Koa McIntyre,Wyoming,S,3,0.8044,2327,2022,HighSchool
4912185,115596,Jalen Huskey,Bowling Green,CB,3,0.8044,2327,2022,HighSchool
5082171,115599,Moh Bility,North Texas,CB,3,0.8044,2327,2022,HighSchool
4912139,115595,Mason Ellis,Kansas,ATH,3,0.8044,2327,2022,HighSchool
4912340,115597,Mason Howard,Old Dominion,IOL,3,0.8044,2327,2022,HighSchool
4899344,115600,Aleric Watson,Arkansas State,OT,3,0.8041,2334,2022,HighSchool
4912577,115603,Keenan Speer-Johnson,Nevada,WR,3,0.8033,2335,2022,HighSchool
5172400,115602,Luke Meyer,Air Force,EDGE,3,0.8033,2335,2022,HighSchool
4838678,115601,Cameron Crowell,Northern Illinois,DL,3,0.8033,2335,2022,HighSchool
4911863,115606,Sam Vander Haar,Pittsburgh,P,3,0.8033,2338,2022,HighSchool
5082219,115605,James Ferguson-Reynolds,Boise State,P,3,0.8033,2338,2022,HighSchool
,115604,Kauasi Hansen,Utah State,OT,3,0.8033,2338,2022,HighSchool
4869241,115607,DJ Burgess,Southern Miss,EDGE,3,0.8026,2341,2022,HighSchool
4868899,115608,Mason Moore,Miami (OH),S,3,0.8019,2342,2022,HighSchool
,115610,Nazir Dale,,ATH,3,0.8017,2343,2022,HighSchool
,115612,Bryce Barnes,,CB,3,0.8017,2343,2022,HighSchool
,115609,Gabe Peterson,New Mexico State,LB,3,0.8017,2343,2022,HighSchool
4687191,115611,Brock Burns,Arkansas,IOL,3,0.8017,2343,2022,HighSchool
4894657,115613,Cornell Evans,Buffalo,DL,3,0.8011,2347,2022,HighSchool
4912118,115618,Matthew Johnson,Troy,OT,3,0.8006,2348,2022,HighSchool
4877018,115627,Dawson Ripperda,Northern Illinois,EDGE,3,0.8006,2348,2022,HighSchool
5159855,115614,Dillon Moore,Western Michigan,ATH,3,0.8006,2348,2022,HighSchool
4880092,115626,Joden Nelson,Towson,OT,3,0.8006,2348,2022,HighSchool
4894676,115624,Kendall Stanley,Charlotte,OT,3,0.8006,2348,2022,HighSchool
5151338,115620,Viliami Teu,San José State,RB,3,0.8006,2348,2022,HighSchool
4912355,115616,Chris Spencer,Old Dominion,DL,3,0.8006,2348,2022,HighSchool
4912231,115623,Max Elkman,New Mexico,DL,3,0.8006,2348,2022,HighSchool
4879815,115628,Evan Malcore,Northern Illinois,OT,3,0.8006,2348,2022,HighSchool
4912264,115625,Trevor Shaw,Western Michigan,OT,3,0.8006,2348,2022,HighSchool
,115621,Christopher Calhoun II,Navy,QB,3,0.8006,2348,2022,HighSchool
,115619,Kareem Lewis,,S,3,0.8006,2348,2022,HighSchool
,115615,Kyle Johnson,Grand Valley State,S,3,0.8006,2348,2022,HighSchool
,115629,Ben Reiland,,ATH,3,0.8006,2348,2022,HighSchool
4879812,115622,Jalen Johnson,Northern Illinois,WR,3,0.8006,2348,2022,HighSchool
4879816,115617,Rashon Myles Jr.,Northern Illinois,S,3,0.8006,2348,2022,HighSchool
,234959,Chikala Warden,,CB,3,0.8,2364,2022,HighSchool
4816322,234937,Blake Haggerty,Northern Colorado,ATH,3,0.8,2364,2022,HighSchool
4917091,115630,Steven Shannon,Florida International,DL,3,0.8,2364,2022,HighSchool
5082259,235009,Rocco Schramm,Colorado State,ATH,3,0.8,2364,2022,HighSchool
5082670,234915,Jakson Berman,Washington,ATH,3,0.8,2364,2022,HighSchool
,234886,Dante Antonini,UC Davis,S,3,0.8,2364,2022,HighSchool
,234887,Desmin Hatfield-Rushton,,WR,3,0.8,2364,2022,HighSchool
,234888,Jack Quigley,,QB,3,0.8,2364,2022,HighSchool
,234889,Hymond Drinkard,,RB,3,0.8,2364,2022,HighSchool
,234891,Travis Plugge,,QB,3,0.8,2364,2022,HighSchool
,234892,Omari Murdock,Air Force,TE,3,0.8,2364,2022,HighSchool
,234893,Roshane Cruickshank,,WR,3,0.8,2364,2022,HighSchool
,234895,Lamarr Box,Western Illinois,CB,3,0.8,2364,2022,HighSchool
,234896,Kyle Baker,Utah State,TE,3,0.8,2364,2022,HighSchool
,234897,Justis Laulu,,DL,3,0.8,2364,2022,HighSchool
,234898,Keyvuntae Featherson,,S,3,0.8,2364,2022,HighSchool
,234900,Tanner Colvin,,S,3,0.8,2364,2022,HighSchool
,234901,Drew DeArman,,LB,3,0.8,2364,2022,HighSchool
,234902,Devon Nofoa-Masoe,,LB,3,0.8,2364,2022,HighSchool
,234903,Quintin Yon-Wagner,,LB,3,0.8,2364,2022,HighSchool
,234904,Henry Martin,,QB,3,0.8,2364,2022,HighSchool
,234905,Cruz Herrera,,QB,3,0.8,2364,2022,HighSchool
,234906,Malakai Martinez,,QB,3,0.8,2364,2022,HighSchool
,234908,Jordan McCarty,Air Force,QB,3,0.8,2364,2022,HighSchool
,234911,Malakai Hoeft,,S,3,0.8,2364,2022,HighSchool
,234912,Ryan Vaughan,,QB,3,0.8,2364,2022,HighSchool
,234916,Ethan Moore,,QB,3,0.8,2364,2022,HighSchool
,234918,Nate Vidlak,,ATH,3,0.8,2364,2022,HighSchool
,234920,Joey Thede,,DL,3,0.8,2364,2022,HighSchool
,234921,Lorenzo Vitti,Navy,CB,3,0.8,2364,2022,HighSchool
,234922,Keiyon Turner,,S,3,0.8,2364,2022,HighSchool
,234923,Alfred Smith,,CB,3,0.8,2364,2022,HighSchool
,234924,Kameron Knox,,IOL,3,0.8,2364,2022,HighSchool
,234925,Colton Antzoulatos,,LB,3,0.8,2364,2022,HighSchool
,234926,Deuce Zimmerman,,ATH,3,0.8,2364,2022,HighSchool
,234930,Larry Royal,,ATH,3,0.8,2364,2022,HighSchool
,234933,Darian Leon-Guerrero,,ATH,3,0.8,2364,2022,HighSchool
,234935,AJ Perez,,QB,3,0.8,2364,2022,HighSchool
,234940,Cameron Grays,,S,3,0.8,2364,2022,HighSchool
,234941,Donovan Guyton,,S,3,0.8,2364,2022,HighSchool
,234942,Kyri Shoels,,WR,3,0.8,2364,2022,HighSchool
,234943,Tucker Miller,,TE,3,0.8,2364,2022,HighSchool
,234944,Dyllan Devitt,,QB,3,0.8,2364,2022,HighSchool
,234945,Bryan King,,S,3,0.8,2364,2022,HighSchool
,234948,Mykel Johnson,,RB,3,0.8,2364,2022,HighSchool
,234949,A'Shaki Davis,,ATH,3,0.8,2364,2022,HighSchool
,234950,Kyron Albright,,ATH,3,0.8,2364,2022,HighSchool
,234951,Percy Speights,,OT,3,0.8,2364,2022,HighSchool
,234953,Jabari Phillips,,RB,3,0.8,2364,2022,HighSchool
,234955,Luke Rossi,,QB,3,0.8,2364,2022,HighSchool
,234956,Zac Waible,Montana State,LB,3,0.8,2364,2022,HighSchool
,234961,Nakian Jackson,Sacramento State,RB,3,0.8,2364,2022,HighSchool
,234963,Logalima Lesa,Southern Utah,LB,3,0.8,2364,2022,HighSchool
,234964,Spencer McKelligon,Dayton,LB,3,0.8,2364,2022,HighSchool
,234965,Henry Rickels,Air Force,OT,3,0.8,2364,2022,HighSchool
,234966,Trevor Burnett,,RB,3,0.8,2364,2022,HighSchool
,234971,Jaxson Miner,,QB,3,0.8,2364,2022,HighSchool
,234972,Drew Bennett,,S,3,0.8,2364,2022,HighSchool
,234974,Jamai East,,WR,3,0.8,2364,2022,HighSchool
,234975,Khalid Robinson,,ATH,3,0.8,2364,2022,HighSchool
,234976,Kennedy McGill,,QB,3,0.8,2364,2022,HighSchool
,234977,Daniel Asisi,,LB,3,0.8,2364,2022,HighSchool
,234978,Caden Young,,QB,3,0.8,2364,2022,HighSchool
,234979,Romello Jones,Navy,ATH,3,0.8,2364,2022,HighSchool
,234980,Thomas Jones,,RB,3,0.8,2364,2022,HighSchool
,234982,Taylor Nichols,,IOL,3,0.8,2364,2022,HighSchool
,234983,Malikye Simpson,,CB,3,0.8,2364,2022,HighSchool
,234985,Bryce Brown-Johnson,,CB,3,0.8,2364,2022,HighSchool
,234986,Antwuan Jackson Jr.,,QB,3,0.8,2364,2022,HighSchool
,234988,Daniel Hughes,,S,3,0.8,2364,2022,HighSchool
,234989,Dominiq Ponder,,QB,3,0.8,2364,2022,HighSchool
,234993,Carson Tujague,BYU,LB,3,0.8,2364,2022,HighSchool
,234994,Taylor Freeman,Idaho State,WR,3,0.8,2364,2022,HighSchool
,234996,Isaiah Blair,,ATH,3,0.8,2364,2022,HighSchool
,234997,Tobey Schmidt,,QB,3,0.8,2364,2022,HighSchool
,234998,Ryan Tuaolo,,LB,3,0.8,2364,2022,HighSchool
,234999,Tyler Hampton,,WR,3,0.8,2364,2022,HighSchool
,235001,Elijah Gipson,Portland State,CB,3,0.8,2364,2022,HighSchool
,235003,Isaac Sheeran,,DL,3,0.8,2364,2022,HighSchool
,235004,Jalen Shaw,,RB,3,0.8,2364,2022,HighSchool
,235006,Tywon Mitchell,,TE,3,0.8,2364,2022,HighSchool
,235008,Andre McKinney Jr.,,WR,3,0.8,2364,2022,HighSchool
,235010,Derrick Williams,,DL,3,0.8,2364,2022,HighSchool
,235011,Porter Small,BYU,EDGE,3,0.8,2364,2022,HighSchool
,235012,Teddy Booras,,QB,3,0.8,2364,2022,HighSchool
,235013,Issac Madrigal,,QB,3,0.8,2364,2022,HighSchool
,235014,Rashad Beckham,,IOL,3,0.8,2364,2022,HighSchool
,235015,Elijah Ortiz,,QB,3,0.8,2364,2022,HighSchool
,235016,Everett Hunter,,TE,3,0.8,2364,2022,HighSchool
,235018,Michael Sutton-Shy,,ATH,3,0.8,2364,2022,HighSchool
,235021,Jaden Thrower,,WR,3,0.8,2364,2022,HighSchool
,235022,Ray-John Spears,,ATH,3,0.8,2364,2022,HighSchool
,235023,Tony Freeman,,RB,3,0.8,2364,2022,HighSchool
4911911,235002,Jaylen Murphy,Massachusetts,EDGE,3,0.8,2364,2022,HighSchool
5083140,234910,Makhi Johnson,Cal Poly,WR,3,0.8,2364,2022,HighSchool
5083172,234981,Ormanie Arnold,Idaho,ATH,3,0.8,2364,2022,HighSchool
5083191,234932,Tigana Cisse,Idaho,OT,3,0.8,2364,2022,HighSchool
5085508,234952,Desmin Jackson,Dartmouth,RB,3,0.8,2364,2022,HighSchool
4383841,234990,Gage Jones,Idaho State,S,3,0.8,2364,2022,HighSchool
5083576,234992,Derek Osman,Harvard,IOL,3,0.8,2364,2022,HighSchool
5095231,234931,Cooper Koers,Princeton,OT,3,0.8,2364,2022,HighSchool
5085951,234927,Zaven Koltookian,Colgate,LB,3,0.8,2364,2022,HighSchool
5081633,234987,Cruz Rushing,Florida,S,3,0.8,2364,2022,HighSchool
5081377,234962,Tyler Stolsky,Minnesota,LB,3,0.8,2364,2022,HighSchool
5083582,235020,Alex DeGrieck,Harvard,EDGE,3,0.8,2364,2022,HighSchool
5084959,234934,Kola Babalola,Nevada,WR,3,0.8,2364,2022,HighSchool
5086632,234907,Jax Stam,Arizona,S,3,0.8,2364,2022,HighSchool
5087707,234938,Jareb Ramos,Montana,DL,3,0.8,2364,2022,HighSchool
5095254,234890,Jayden Johnson,South Carolina State,IOL,3,0.8,2364,2022,HighSchool
5084740,234967,Dwayne McDougle,Northern Arizona,ATH,3,0.8,2364,2022,HighSchool
4896390,234939,Brandon Mann,Michigan,QB,3,0.8,2364,2022,HighSchool
4911929,234947,Alonza Barnett III,James Madison,QB,3,0.8,2364,2022,HighSchool
4917441,235007,Landon Williams,New Mexico,EDGE,3,0.8,2364,2022,HighSchool
5085181,234899,Julian Womack,California,ATH,3,0.8,2364,2022,HighSchool
4917364,235005,Brad Baur,Rice,OT,3,0.8,2364,2022,HighSchool
4917433,234958,Ahmad Nalls,Kent State,EDGE,3,0.8,2364,2022,HighSchool
5091734,234957,Ethan Mikita,Boise State,ATH,3,0.8,2364,2022,HighSchool
5085536,235019,Jack Benson,Idaho State,QB,3,0.8,2364,2022,HighSchool
5093366,234929,Nelson Hemmert,San Diego,DL,3,0.8,2364,2022,HighSchool
4832813,234946,Malcolm McClure,California,LB,3,0.8,2364,2022,HighSchool
5093357,235017,Alijah Brown,San Diego,TE,3,0.8,2364,2022,HighSchool
4891191,234973,Christian Anaya,Montana State,WR,3,0.8,2364,2022,HighSchool
5085113,234969,Will Eaton,Washington State,ATH,3,0.8,2364,2022,HighSchool
5093338,234913,Xavier Van,San Diego,WR,3,0.8,2364,2022,HighSchool
4910238,234914,Keyshaun Pipkin,Northern Illinois,WR,3,0.8,2364,2022,HighSchool
5083599,234917,Aaron King,Lamar,CB,3,0.8,2364,2022,HighSchool
5083223,234894,Shea Kuykendall,Northern Colorado,QB,3,0.8,2364,2022,HighSchool
5093380,234928,Caden Dowler,Montana State,S,3,0.8,2364,2022,HighSchool
5093355,234968,Nick Struempf,San Diego,IOL,3,0.8,2364,2022,HighSchool
5085582,234984,Charlie White,Portland State,TE,3,0.8,2364,2022,HighSchool
4832583,234970,Tanner Murray,UTSA,QB,3,0.8,2364,2022,HighSchool
5088569,234909,Zachery Grisham,Oregon,ATH,3,0.8,2364,2022,HighSchool
5088564,234936,Ellis Bynum,Oregon,RB,3,0.8,2364,2022,HighSchool
4832950,234919,Austin Altepeter,North Dakota State,LB,3,0.8,2364,2022,HighSchool
5083533,235000,Lamont Johnson-Burrell,Sacramento State,CB,3,0.8,2364,2022,HighSchool
5088563,234960,Marcus Sanders,Oregon,QB,3,0.8,2364,2022,HighSchool
5085883,234995,Jake Reichle,Oregon State,LB,3,0.8,2364,2022,HighSchool
5083229,234954,Rocco Traore,Northern Colorado,ATH,3,0.8,2364,2022,HighSchool
5083532,234991,Elias Mullican,Sacramento State,ATH,3,0.8,2364,2022,HighSchool
4874541,115632,Kyler Gibson,Troy,OT,3,0.7994,2503,2022,HighSchool
4869960,115633,KZ Adams,Georgia State,RB,3,0.7994,2503,2022,HighSchool
5086235,115631,Jordan Kelly,Central Michigan,WR,3,0.7994,2503,2022,HighSchool
4888163,115636,Avion McBride,Georgia State,TE,3,0.7989,2506,2022,HighSchool
4889173,115634,Braeden McAlister,Charlotte,K,3,0.7989,2506,2022,HighSchool
4781737,115635,Dylan Graber,Ball State,DL,3,0.7989,2506,2022,HighSchool
4912297,115637,Pierce Humpich,New Mexico State,ATH,3,0.7989,2506,2022,HighSchool
4875962,115638,Desmond Boatwright,The Citadel,RB,3,0.7989,2506,2022,HighSchool
4912560,115639,Dustyn Morell,Kent State,OT,3,0.7983,2511,2022,HighSchool
4877632,115644,Reece Sylvester,Washington State,S,3,0.7983,2511,2022,HighSchool
5082434,115641,John Grant III,Coastal Carolina,TE,3,0.7983,2511,2022,HighSchool
4917356,115640,Marquish Seabon Jr.,Florida Atlantic,RB,3,0.7983,2511,2022,HighSchool
4917319,115642,Dean Briski,Hawai'i,DL,3,0.7983,2511,2022,HighSchool
4912293,115643,Jaden Williams,Wyoming,DL,3,0.7983,2511,2022,HighSchool
4899341,115645,Jordan Doelling,Florida International,P,3,0.7978,2517,2022,HighSchool
4869971,115646,D-Icey Hopkins,Georgia State,CB,3,0.7978,2517,2022,HighSchool
4869608,115647,Maximus Webster,Ball State,QB,2,0.7967,2519,2022,HighSchool
4702574,115648,Daterius Lee,Florida A&M,LB,2,0.7967,2520,2022,HighSchool
4832914,115649,Jimmy Kibble,Georgetown,WR,2,0.7967,2520,2022,HighSchool
4910393,115653,Daniel Ademisoye,Tulsa,OT,2,0.7956,2522,2022,HighSchool
5085068,115656,Mike DePillo,Buffalo,QB,2,0.7956,2522,2022,HighSchool
4900025,115651,Kanye Roberts,App State,RB,2,0.7956,2522,2022,HighSchool
,115650,Joshua Brown,,CB,2,0.7956,2522,2022,HighSchool
4917285,115652,David Hensley,Texas State,IOL,2,0.7956,2522,2022,HighSchool
,115655,Zenin Rudnick,,IOL,2,0.7956,2522,2022,HighSchool
,115654,D'Shawn Trowers,,RB,2,0.7956,2522,2022,HighSchool
,115657,Barry Manning,,S,2,0.7944,2529,2022,HighSchool
5151194,115660,Amier Boyd,UTEP,ATH,2,0.7944,2530,2022,HighSchool
4804889,115662,Tristan White,New Mexico,WR,2,0.7944,2530,2022,HighSchool
5091814,115659,Joshua Lane,Stephen F. Austin,OT,2,0.7944,2530,2022,HighSchool
4911842,115661,Cooper Sheehan,New Mexico State,OT,2,0.7944,2530,2022,HighSchool
4880093,115658,Nathan Voorhis,UConn,EDGE,2,0.7944,2530,2022,HighSchool
4912301,115667,Ethan Wesloski,North Texas,LB,2,0.7933,2535,2022,HighSchool
4904997,115665,Jah'mar Sanders,New Mexico,WR,2,0.7933,2535,2022,HighSchool
5084188,115669,Buddha Peleti,New Mexico State,LB,2,0.7933,2535,2022,HighSchool
4837248,115666,Fernando Mendoza,California,QB,2,0.7933,2535,2022,HighSchool
4917332,115668,Jordan Pollard,San José State,LB,2,0.7933,2535,2022,HighSchool
5084761,115663,CJ McMillan,Northern Arizona,OT,2,0.7933,2535,2022,HighSchool
4917350,115664,Bernock Iya,Texas State,CB,2,0.7933,2535,2022,HighSchool
4912328,115670,Karl Odrick,Ball State,DL,2,0.7933,2542,2022,HighSchool
4914987,115671,Naeer Jackson,Florida International,OT,2,0.7922,2543,2022,HighSchool
5155178,115672,Lucas Lenhoff,UNLV,QB,2,0.7917,2544,2022,HighSchool
4869444,115673,Eli Stein,Arkansas,LS,2,0.7911,2545,2022,HighSchool
4911869,115674,Lance St. Louis,Texas,LS,2,0.7911,2545,2022,HighSchool
5082451,115677,Jourden Hale,Akron,OT,2,0.7906,2547,2022,HighSchool
4879806,115678,Malik Armstrong,Northern Illinois,WR,2,0.7906,2547,2022,HighSchool
,115675,Derrick Parker II,Grand Valley State,EDGE,2,0.7906,2547,2022,HighSchool
5085008,115679,Brandon Smith,Western Michigan,DL,2,0.7906,2547,2022,HighSchool
4917053,115676,Sterling Webb,New Mexico State,DL,2,0.7906,2547,2022,HighSchool
5083236,235141,Franky Morales,Northern Colorado,S,2,0.79,2552,2022,HighSchool
4695417,235095,Jalen Lee,South Dakota State,CB,2,0.79,2552,2022,HighSchool
4917087,235025,Daveon Hook,Rice,S,2,0.79,2552,2022,HighSchool
5095226,235074,Will Beesley,Princeton,S,2,0.79,2552,2022,HighSchool
5093386,235092,Logan Fredericksen,Montana State,LB,2,0.79,2552,2022,HighSchool
5091730,235064,Seth Knothe,Boise State,ATH,2,0.79,2552,2022,HighSchool
4837355,235078,Davon Kiser,Cornell,WR,2,0.79,2552,2022,HighSchool
4832852,235028,Aiden Mack,Richmond,TE,2,0.79,2552,2022,HighSchool
4832901,235045,Price Williams,Princeton,ATH,2,0.79,2552,2022,HighSchool
5087213,235121,Cade Borud,North Dakota,IOL,2,0.79,2552,2022,HighSchool
4916220,235083,Trevor Stephens,New Mexico State,TE,2,0.79,2552,2022,HighSchool
4832959,235027,Jack Teiken,North Dakota,DL,2,0.79,2552,2022,HighSchool
4912556,235142,Josh Baka,Kent State,CB,2,0.79,2552,2022,HighSchool
5087142,235126,Brian Beidatsch Jr.,Duquesne,IOL,2,0.79,2552,2022,HighSchool
5084026,235066,Wesley Garrett,Eastern Washington,ATH,2,0.79,2552,2022,HighSchool
5085591,235132,Braylon Cornell,Portland State,OT,2,0.79,2552,2022,HighSchool
5084332,235034,Cam Roetherford,Arkansas-Pine Bluff,IOL,2,0.79,2552,2022,HighSchool
5085568,235049,Garrett McKenna,Idaho State,LB,2,0.79,2552,2022,HighSchool
5085565,235120,Bryler Shurtliff,Idaho State,ATH,2,0.79,2552,2022,HighSchool
5085302,235069,Luke Abshire,Montana State,QB,2,0.79,2552,2022,HighSchool
5084952,235146,Ben Nelson,Michigan State,IOL,2,0.79,2552,2022,HighSchool
5084954,235075,Tyler Vroman,Michigan State,WR,2,0.79,2552,2022,HighSchool
5083544,235113,Tyler Henry,Sacramento State,DL,2,0.79,2552,2022,HighSchool
5083249,235101,Fisher Clements,Northern Colorado,TE,2,0.79,2552,2022,HighSchool
5084576,235087,Dion Villiers,Tennessee State,ATH,2,0.79,2552,2022,HighSchool
5084841,235123,Helaman Ofahengaue,Utah,LB,2,0.79,2552,2022,HighSchool
4917382,235138,Brady Denaburg,Syracuse,K,2,0.79,2552,2022,HighSchool
5091733,235043,Taylor Marcum,Boise State,RB,2,0.79,2552,2022,HighSchool
5088906,235143,Mosula Tapusoa,Morgan State,IOL,2,0.79,2552,2022,HighSchool
5088430,235033,Noah Smith,South Dakota,IOL,2,0.79,2552,2022,HighSchool
5083722,235104,Aaron Rice,Eastern Illinois,WR,2,0.79,2552,2022,HighSchool
5085122,235136,Bryson Lamb,Washington State,EDGE,2,0.79,2552,2022,HighSchool
5087697,235053,Marcus Evans,Montana,ATH,2,0.79,2552,2022,HighSchool
4917504,235097,Austin Okerwa,Utah State,WR,2,0.79,2552,2022,HighSchool
5087691,235079,Sam Alford,Montana,WR,2,0.79,2552,2022,HighSchool
5095077,235112,Ephraim Floyd,Gardner-Webb,WR,2,0.79,2552,2022,HighSchool
5084095,235139,Collin Rogers,SMU,K,2,0.79,2552,2022,HighSchool
5084378,235096,Ty Holtz,Brown,QB,2,0.79,2552,2022,HighSchool
5095256,235111,Tray Franklin,South Carolina State,OT,2,0.79,2552,2022,HighSchool
5085119,235106,Jonny Lester,Washington State,TE,2,0.79,2552,2022,HighSchool
4917325,235140,Darrien Lewis,Temple,LB,2,0.79,2552,2022,HighSchool
5081373,235071,Max Grand,Minnesota,RB,2,0.79,2552,2022,HighSchool
5084412,235148,Alec Wills,Pennsylvania,ATH,2,0.79,2552,2022,HighSchool
5085619,235093,Cameren Cope,Weber State,EDGE,2,0.79,2552,2022,HighSchool
5081523,235072,Riley Bergeson,Navy,ATH,2,0.79,2552,2022,HighSchool
5081527,235076,Peter Roll,Navy,S,2,0.79,2552,2022,HighSchool
5081692,235122,Donovan Jones,Stanford,TE,2,0.79,2552,2022,HighSchool
5091728,235108,Mason Jacobsen,Boise State,EDGE,2,0.79,2552,2022,HighSchool
5085777,235026,Kaden Johnson,South Dakota State,LB,2,0.79,2552,2022,HighSchool
,235147,Kenny Manassero,,RB,2,0.79,2552,2022,HighSchool
,235149,Andy Thomsen,,EDGE,2,0.79,2552,2022,HighSchool
,235150,Joshua Sanders,,WR,2,0.79,2552,2022,HighSchool
,235116,Greyton Gannon,South Dakota State,QB,2,0.79,2552,2022,HighSchool
,235118,Thomas Haney,Nevada,IOL,2,0.79,2552,2022,HighSchool
,235119,Jordan Shuler,Air Force,LB,2,0.79,2552,2022,HighSchool
,235124,Mason Goettl,,OT,2,0.79,2552,2022,HighSchool
,235125,Jack Baretz,,LB,2,0.79,2552,2022,HighSchool
,235127,Michael Bunyan,,TE,2,0.79,2552,2022,HighSchool
,235128,Joseph Johnson,Grand Valley State,OT,2,0.79,2552,2022,HighSchool
,235129,Houston Thomas,,RB,2,0.79,2552,2022,HighSchool
,235130,Jaceon Doss,,WR,2,0.79,2552,2022,HighSchool
,235131,Colin Chase,St. Thomas,WR,2,0.79,2552,2022,HighSchool
,235133,Wesley Taylor,,WR,2,0.79,2552,2022,HighSchool
,235134,Troy Fletcher,,RB,2,0.79,2552,2022,HighSchool
,235135,Jake East,,WR,2,0.79,2552,2022,HighSchool
,235137,Joey Farthing,Youngstown State,WR,2,0.79,2552,2022,HighSchool
,235144,Donnell Dye,,ATH,2,0.79,2552,2022,HighSchool
,235145,Amari Powell,,QB,2,0.79,2552,2022,HighSchool
,235091,Jaxson Washington,,DL,2,0.79,2552,2022,HighSchool
,235094,Blake Siebert,,DL,2,0.79,2552,2022,HighSchool
,235098,Colin Stewart,Air Force,DL,2,0.79,2552,2022,HighSchool
,235099,Jeryll McIntosh,,RB,2,0.79,2552,2022,HighSchool
,235100,Joseph Williams,,WR,2,0.79,2552,2022,HighSchool
,235102,Tayson Reid,,LB,2,0.79,2552,2022,HighSchool
,235103,Gabe Olvera,,RB,2,0.79,2552,2022,HighSchool
,235105,Bo Graham,,TE,2,0.79,2552,2022,HighSchool
,235107,Zack Schlottmann,,TE,2,0.79,2552,2022,HighSchool
,235109,Wyatt Sandford,,IOL,2,0.79,2552,2022,HighSchool
,235110,Anthony Redix,,WR,2,0.79,2552,2022,HighSchool
,235114,Colter Dawson,,ATH,2,0.79,2552,2022,HighSchool
,235115,Zak Ahern,,QB,2,0.79,2552,2022,HighSchool
,235117,Austin Ratliff,,ATH,2,0.79,2552,2022,HighSchool
,235024,Bo Poljan,,DL,2,0.79,2552,2022,HighSchool
,235029,Carter Schultz,,QB,2,0.79,2552,2022,HighSchool
,235030,Jazen Guillory,,LB,2,0.79,2552,2022,HighSchool
,235031,Dondrae Fair,Portland State,ATH,2,0.79,2552,2022,HighSchool
,235032,Brian Mannion,,QB,2,0.79,2552,2022,HighSchool
,235035,Caleb Kim,,RB,2,0.79,2552,2022,HighSchool
,235036,Justin Brennan,,QB,2,0.79,2552,2022,HighSchool
,235037,Omari Embree,Army,ATH,2,0.79,2552,2022,HighSchool
,235038,Noah Rushing,,ATH,2,0.79,2552,2022,HighSchool
,235039,Jalen Jordan,,ATH,2,0.79,2552,2022,HighSchool
,235040,Shon Reid,,LB,2,0.79,2552,2022,HighSchool
,235041,Anthony Martin,,ATH,2,0.79,2552,2022,HighSchool
,235042,Liam Mallory,,ATH,2,0.79,2552,2022,HighSchool
,235044,Amir Dendy,,RB,2,0.79,2552,2022,HighSchool
,235046,Quintez Evans,,RB,2,0.79,2552,2022,HighSchool
,235047,Logan Banse,,EDGE,2,0.79,2552,2022,HighSchool
,235048,Jadye Foxworth,,WR,2,0.79,2552,2022,HighSchool
,235050,Ashton Paine,Washington State,ATH,2,0.79,2552,2022,HighSchool
,235051,Max Williams,Indiana,OT,2,0.79,2552,2022,HighSchool
,235052,Dayne Arnett,,DL,2,0.79,2552,2022,HighSchool
,235054,Ashton Olevao,,RB,2,0.79,2552,2022,HighSchool
,235055,Grant Woods,,LB,2,0.79,2552,2022,HighSchool
,235056,Saia Lomu,,RB,2,0.79,2552,2022,HighSchool
,235057,Christian Newberry-Jones,,OT,2,0.79,2552,2022,HighSchool
,235058,Isaiah Griffin,,ATH,2,0.79,2552,2022,HighSchool
,235059,Janari Boone,,ATH,2,0.79,2552,2022,HighSchool
,235060,Daniel Duran,,QB,2,0.79,2552,2022,HighSchool
,235061,Camden Miller,,IOL,2,0.79,2552,2022,HighSchool
,235062,Gage Dayley,,QB,2,0.79,2552,2022,HighSchool
,235063,JaSean McLean,Navy,S,2,0.79,2552,2022,HighSchool
,235065,Alan Caracheo,,S,2,0.79,2552,2022,HighSchool
,235067,Trishion Sullivan,,EDGE,2,0.79,2552,2022,HighSchool
,235068,Kyle Imboden,,IOL,2,0.79,2552,2022,HighSchool
,235070,Jeff Utzinger,Indiana,LB,2,0.79,2552,2022,HighSchool
,235073,Jeremiah Johnson,,ATH,2,0.79,2552,2022,HighSchool
,235077,Davis Thacker,,WR,2,0.79,2552,2022,HighSchool
,235080,Tyler Cullen,,LB,2,0.79,2552,2022,HighSchool
,235081,Vladimir Dabovich,,IOL,2,0.79,2552,2022,HighSchool
,235082,Logan Corray,,LB,2,0.79,2552,2022,HighSchool
,235084,Favor Komolafe,,OT,2,0.79,2552,2022,HighSchool
,235085,Logan Bartley,,IOL,2,0.79,2552,2022,HighSchool
,235086,Amari Gilmore,,CB,2,0.79,2552,2022,HighSchool
,235088,Christian Benham-Sheppard,,ATH,2,0.79,2552,2022,HighSchool
,235089,Tyler Stott,,QB,2,0.79,2552,2022,HighSchool
,235090,Jordan Huff,,WR,2,0.79,2552,2022,HighSchool
,115687,Bryan Henderson,,DL,2,0.7894,2679,2022,HighSchool
,115682,JJ Bwire,Air Force,TE,2,0.7894,2679,2022,HighSchool
,115685,Sam Buras,Ball State,OT,2,0.7894,2679,2022,HighSchool
,115681,Mapa Vaenuku,Utah State,S,2,0.7894,2679,2022,HighSchool
4912130,115683,Trell Harris,Kent State,WR,2,0.7894,2679,2022,HighSchool
4910396,115684,Tanyon Zachary,Tulsa,IOL,2,0.7894,2679,2022,HighSchool
4910683,115688,August Johanningsmeier,Western Michigan,TE,2,0.7894,2679,2022,HighSchool
4869581,115689,Braylen Walker,Rice,WR,2,0.7894,2679,2022,HighSchool
5158344,115680,Karson Lopati,Navy,QB,2,0.7894,2679,2022,HighSchool
5104813,115686,Jackson Ross,Tennessee,P,2,0.7894,2679,2022,HighSchool
4917370,115696,Brooks Johnson,Coastal Carolina,WR,2,0.7883,2689,2022,HighSchool
4869963,115694,Charlie Kreinbucher,Bucknell,TE,2,0.7883,2689,2022,HighSchool
,115698,Andrew Tillett,Air Force,DL,2,0.7883,2689,2022,HighSchool
4879876,115695,Isaac Schoenfeld,Wyoming,TE,2,0.7883,2689,2022,HighSchool
4917135,115692,Sione Noa,Fresno State,EDGE,2,0.7883,2689,2022,HighSchool
4879783,115693,Caeleb Schlachter,South Alabama,WR,2,0.7883,2689,2022,HighSchool
,115699,Christoph Horton,,TE,2,0.7883,2689,2022,HighSchool
4869694,115697,Langston Lewis,Central Michigan,WR,2,0.7883,2689,2022,HighSchool
5082307,115691,Michael Whaley,Fresno State,S,2,0.7883,2689,2022,HighSchool
4869547,115690,Omari Allen,East Carolina,IOL,2,0.7883,2689,2022,HighSchool
4869599,115701,Chrishon McCray,Kent State,RB,2,0.7856,2699,2022,HighSchool
4899709,115700,Jahmad Harmon,Kent State,CB,2,0.7856,2699,2022,HighSchool
5081553,115702,Giuseppe Gottfried,Navy,IOL,2,0.7856,2699,2022,HighSchool
4878110,115703,Rino Monteforte,Notre Dame,LS,2,0.7844,2702,2022,HighSchool
4869538,115709,Dane Pardridge,Northern Illinois,WR,2,0.7844,2703,2022,HighSchool
5102026,115705,Phillip Gray,Richmond,IOL,2,0.7844,2703,2022,HighSchool
4912258,115706,Zach Morris,New Mexico,S,2,0.7844,2703,2022,HighSchool
,115707,Lebron Bessick,Central Michigan,CB,2,0.7844,2703,2022,HighSchool
4917088,115704,Bryan McCoy Jr.,Akron,LB,2,0.7844,2703,2022,HighSchool
4879881,115710,Malique Singleton,Wyoming,S,2,0.7844,2703,2022,HighSchool
,115711,Rashan Murray,,WR,2,0.7844,2703,2022,HighSchool
,115708,K'Von Sherman,,LB,2,0.7844,2703,2022,HighSchool
4894148,115721,LJ Richardson,Wyoming,RB,2,0.7833,2711,2022,HighSchool
5150310,115716,Jamir Reyes,Army,S,2,0.7833,2711,2022,HighSchool
5151942,115714,Bruin Fleischmann,Air Force,TE,2,0.7833,2711,2022,HighSchool
4879877,115722,Ethan Spencer,Hawai'i,IOL,2,0.7833,2711,2022,HighSchool
4912242,115720,Luke Hodge,Troy,LB,2,0.7833,2711,2022,HighSchool
4912302,115717,Makhilyn Young,New Mexico State,RB,2,0.7833,2711,2022,HighSchool
,115718,Dearis Thomas,Florida Atlantic,LB,2,0.7833,2711,2022,HighSchool
4832806,115715,Jonathan Brady,New Mexico State,WR,2,0.7833,2711,2022,HighSchool
5085301,115712,Taco Dowler,Montana State,WR,2,0.7833,2711,2022,HighSchool
4917354,115719,Hezekiah Masses,Florida International,CB,2,0.7833,2711,2022,HighSchool
5082313,115713,Matai Bell,Fresno State,OT,2,0.7833,2711,2022,HighSchool
4912224,115723,Fisher Camac,UNLV,LB,2,0.7833,2722,2022,HighSchool
,235301,Lamont Richardson,,ATH,2,0.78,2723,2022,HighSchool
,235389,Jayden Robinson,,CB,2,0.78,2723,2022,HighSchool
,235388,Skyler Partridge,,QB,2,0.78,2723,2022,HighSchool
,235386,Skyler Olsen,,TE,2,0.78,2723,2022,HighSchool
,235385,Henry Isackson,,EDGE,2,0.78,2723,2022,HighSchool
,235382,Taeshon McDaniels,,DL,2,0.78,2723,2022,HighSchool
,235381,Jeremiah Symington,,WR,2,0.78,2723,2022,HighSchool
,235379,Bruce Uperesa,,LB,2,0.78,2723,2022,HighSchool
,235377,Mason Brouillet,,OT,2,0.78,2723,2022,HighSchool
,235376,Jackson Mason,,ATH,2,0.78,2723,2022,HighSchool
,235375,Jahari Johnson,,WR,2,0.78,2723,2022,HighSchool
,235374,Aiden Whipple,,CB,2,0.78,2723,2022,HighSchool
,235372,Kadin Schmitz,Navy,LB,2,0.78,2723,2022,HighSchool
,235371,Khaleel Robinson,,ATH,2,0.78,2723,2022,HighSchool
,235370,Brenden Bush,,QB,2,0.78,2723,2022,HighSchool
,235369,Aden Eckenwiler,,LB,2,0.78,2723,2022,HighSchool
,235368,Josiah Laban,,IOL,2,0.78,2723,2022,HighSchool
,235367,Bryson Summers,,OT,2,0.78,2723,2022,HighSchool
,235366,Wayde Bowman,,QB,2,0.78,2723,2022,HighSchool
,235365,Atonio Fifita,,RB,2,0.78,2723,2022,HighSchool
,235364,Alex Bush,,WR,2,0.78,2723,2022,HighSchool
,235363,Darryl West,,ATH,2,0.78,2723,2022,HighSchool
,235362,Brandon Treggs,,WR,2,0.78,2723,2022,HighSchool
,235361,Eric Gordon,,ATH,2,0.78,2723,2022,HighSchool
,235360,Bronson Burrow,,TE,2,0.78,2723,2022,HighSchool
,235359,Brett Weaver,Grand Valley State,TE,2,0.78,2723,2022,HighSchool
,235357,Matthew Taliauli,,DL,2,0.78,2723,2022,HighSchool
,235356,Khephren Clark,,EDGE,2,0.78,2723,2022,HighSchool
,235355,AJ Edwards,,LB,2,0.78,2723,2022,HighSchool
,235354,Tyler Ball,,LB,2,0.78,2723,2022,HighSchool
,235353,Andrew Rostam,,ATH,2,0.78,2723,2022,HighSchool
,235350,Ryan Rogers,,IOL,2,0.78,2723,2022,HighSchool
,235349,Kemoe'atu Kefu,,DL,2,0.78,2723,2022,HighSchool
,235348,Kyler Johnson,,QB,2,0.78,2723,2022,HighSchool
,235347,Josiah Ayon,,ATH,2,0.78,2723,2022,HighSchool
,235346,Tanner Relling,,IOL,2,0.78,2723,2022,HighSchool
,235343,Brandon Wong,,LB,2,0.78,2723,2022,HighSchool
,235342,Jack Laphen,,OT,2,0.78,2723,2022,HighSchool
,235341,Jake Calcagno,,WR,2,0.78,2723,2022,HighSchool
,235340,Kaden Taylor,,QB,2,0.78,2723,2022,HighSchool
,235337,Machi Robinson,,DL,2,0.78,2723,2022,HighSchool
,235336,Macray Madruga,,LB,2,0.78,2723,2022,HighSchool
,235335,Jayden Niumata,,LB,2,0.78,2723,2022,HighSchool
,235333,Chase McGurran,,WR,2,0.78,2723,2022,HighSchool
,235332,Gino Mencarini,,EDGE,2,0.78,2723,2022,HighSchool
,235329,Nick Nelson,,ATH,2,0.78,2723,2022,HighSchool
,235327,Marshall Howe,,QB,2,0.78,2723,2022,HighSchool
,235326,Sadler Smith,,QB,2,0.78,2723,2022,HighSchool
,235325,Kenny Lueth,,QB,2,0.78,2723,2022,HighSchool
,235324,Kris Prince,,DL,2,0.78,2723,2022,HighSchool
,235323,Garrett Stone,,ATH,2,0.78,2723,2022,HighSchool
,235322,Alex Ginnever,,ATH,2,0.78,2723,2022,HighSchool
,235321,Jack Johnson,,S,2,0.78,2723,2022,HighSchool
,235319,Ty Faker,,WR,2,0.78,2723,2022,HighSchool
,235317,Joey Pfaff,,QB,2,0.78,2723,2022,HighSchool
,235316,Tyher Howard-Thompson,,EDGE,2,0.78,2723,2022,HighSchool
,235315,Braydon Thornton,,WR,2,0.78,2723,2022,HighSchool
,235314,Justin Parnell,,IOL,2,0.78,2723,2022,HighSchool
,235313,Maurice Savage,,WR,2,0.78,2723,2022,HighSchool
,235312,Justin Ibarra,,LB,2,0.78,2723,2022,HighSchool
,235311,Gabriel Herrera,,LB,2,0.78,2723,2022,HighSchool
,235310,Christian Keyhea,,WR,2,0.78,2723,2022,HighSchool
,235309,Ziggy Loa,,EDGE,2,0.78,2723,2022,HighSchool
,235308,Frank Valentino,,ATH,2,0.78,2723,2022,HighSchool
,235306,Jesse Toilolo,,EDGE,2,0.78,2723,2022,HighSchool
,235305,Preston Landeis,,WR,2,0.78,2723,2022,HighSchool
,235304,Jaiden Brown,,ATH,2,0.78,2723,2022,HighSchool
,235303,Jeremiah Tyes,,ATH,2,0.78,2723,2022,HighSchool
,235302,Zac Malcolm,,IOL,2,0.78,2723,2022,HighSchool
,235300,Jake Rendina,,ATH,2,0.78,2723,2022,HighSchool
,235299,David Connors,,WR,2,0.78,2723,2022,HighSchool
,235298,Tyler Tremain,,QB,2,0.78,2723,2022,HighSchool
,235297,Isaiah Young,,RB,2,0.78,2723,2022,HighSchool
,235296,Peter Burke,,TE,2,0.78,2723,2022,HighSchool
,235295,Kellen Hale,,LB,2,0.78,2723,2022,HighSchool
,235294,Isaiah Funches-Foster,,CB,2,0.78,2723,2022,HighSchool
,235293,Jalen Byrd,,S,2,0.78,2723,2022,HighSchool
,235292,Carter Fortin,,QB,2,0.78,2723,2022,HighSchool
,235291,Jacob Edmonds,Utah,IOL,2,0.78,2723,2022,HighSchool
,235289,Samuel Gbatu,,WR,2,0.78,2723,2022,HighSchool
,235288,Jordan Sands,,WR,2,0.78,2723,2022,HighSchool
,235285,Elisha Evans,,WR,2,0.78,2723,2022,HighSchool
,235284,Mason Harris,,LB,2,0.78,2723,2022,HighSchool
,235283,Samson Tupuola,,DL,2,0.78,2723,2022,HighSchool
,235282,Isaiah Sawyer,,TE,2,0.78,2723,2022,HighSchool
,235281,Colton Herring,,ATH,2,0.78,2723,2022,HighSchool
,235280,Caden Kelley,,LB,2,0.78,2723,2022,HighSchool
,235279,Etu Finau,,TE,2,0.78,2723,2022,HighSchool
,235278,Talon Betts,Eastern Washington,ATH,2,0.78,2723,2022,HighSchool
,235277,Te'Ron Nix,,WR,2,0.78,2723,2022,HighSchool
,235276,Jakob Hollingshaus,Weber State,QB,2,0.78,2723,2022,HighSchool
,235275,Frank Payne,,RB,2,0.78,2723,2022,HighSchool
,235274,Matt Shapiro,,IOL,2,0.78,2723,2022,HighSchool
,235273,Tyree Lockett,,WR,2,0.78,2723,2022,HighSchool
,235272,Marvin Denson,,WR,2,0.78,2723,2022,HighSchool
,235271,Logan Smith,,QB,2,0.78,2723,2022,HighSchool
,235270,Ethan Castillo,,WR,2,0.78,2723,2022,HighSchool
,235268,Khary Shaw,,S,2,0.78,2723,2022,HighSchool
,235266,Jack Ruff,,QB,2,0.78,2723,2022,HighSchool
,235263,Kasson Kimbrough,,ATH,2,0.78,2723,2022,HighSchool
,235262,Anthony Aguirre,,WR,2,0.78,2723,2022,HighSchool
,235261,Levi Durrell,,QB,2,0.78,2723,2022,HighSchool
,235260,Alistair Larson,,OT,2,0.78,2723,2022,HighSchool
,235259,Demetrius Freeney,,QB,2,0.78,2723,2022,HighSchool
,235258,Abayomi Babalola,,ATH,2,0.78,2723,2022,HighSchool
,235257,Petelo Richards-Gi,,RB,2,0.78,2723,2022,HighSchool
,235256,Kyle McCormick,,QB,2,0.78,2723,2022,HighSchool
,235252,Kavika Fitisemanu,,OT,2,0.78,2723,2022,HighSchool
,235251,Jordan McClom,,S,2,0.78,2723,2022,HighSchool
,235250,Tilman Ritchie-Tuisue,,IOL,2,0.78,2723,2022,HighSchool
,235249,Nathaniel Lyken,,ATH,2,0.78,2723,2022,HighSchool
,235248,Damarion Delaney,,WR,2,0.78,2723,2022,HighSchool
,235247,Noah Chambers,,QB,2,0.78,2723,2022,HighSchool
,235246,Gunner Yates,,RB,2,0.78,2723,2022,HighSchool
,235245,Jackson McCullough,,OT,2,0.78,2723,2022,HighSchool
,235244,Maleik Pabon,,ATH,2,0.78,2723,2022,HighSchool
,235243,Deion Tawzer,,DL,2,0.78,2723,2022,HighSchool
,235242,Myale Jones,,IOL,2,0.78,2723,2022,HighSchool
,235241,Thomas Richardson,,QB,2,0.78,2723,2022,HighSchool
,235239,Quentin Riley,,WR,2,0.78,2723,2022,HighSchool
,235238,Paul Haywood,,IOL,2,0.78,2723,2022,HighSchool
,235237,Travis Bates,Austin Peay,DL,2,0.78,2723,2022,HighSchool
,235235,Evander Jones,,DL,2,0.78,2723,2022,HighSchool
,235234,Joshua Nisa,,DL,2,0.78,2723,2022,HighSchool
,235233,Cole Miller,,ATH,2,0.78,2723,2022,HighSchool
,235232,Sam Stowers,,DL,2,0.78,2723,2022,HighSchool
,235231,Chase Brown,,ATH,2,0.78,2723,2022,HighSchool
,235230,Chase Vehmeyer,,QB,2,0.78,2723,2022,HighSchool
,235229,Mikey Gibson,,QB,2,0.78,2723,2022,HighSchool
,235227,Joseph Nanai,,EDGE,2,0.78,2723,2022,HighSchool
,235226,Maddox Stretz,,LB,2,0.78,2723,2022,HighSchool
,235225,Marcus Chan,,S,2,0.78,2723,2022,HighSchool
,235223,Anthony Parker,,ATH,2,0.78,2723,2022,HighSchool
,235222,Jeremiah Simms,,RB,2,0.78,2723,2022,HighSchool
,235220,Bryce Buckingham,,DL,2,0.78,2723,2022,HighSchool
,235217,Michael Ingrassia,,QB,2,0.78,2723,2022,HighSchool
,235216,Sam Rensch,,ATH,2,0.78,2723,2022,HighSchool
,235215,Kamaree Wells,,CB,2,0.78,2723,2022,HighSchool
,235212,Trenton Hughes,,ATH,2,0.78,2723,2022,HighSchool
,235211,Jaremey McQueen,,DL,2,0.78,2723,2022,HighSchool
,235210,Alden Waddington,,WR,2,0.78,2723,2022,HighSchool
,235208,Cruz Hepburn,,ATH,2,0.78,2723,2022,HighSchool
,235207,Isiah Kemp,,ATH,2,0.78,2723,2022,HighSchool
,235206,Lebron Jackson,,WR,2,0.78,2723,2022,HighSchool
,235205,Elijah Wash,,ATH,2,0.78,2723,2022,HighSchool
,235204,Simeon Mitchell,,IOL,2,0.78,2723,2022,HighSchool
,235203,Hayden Jones,,IOL,2,0.78,2723,2022,HighSchool
,235202,Kaden Cox,,QB,2,0.78,2723,2022,HighSchool
,235201,Ethan Jackson,,QB,2,0.78,2723,2022,HighSchool
,235200,Adarius Edwards,,QB,2,0.78,2723,2022,HighSchool
,235199,Zac Crews,,ATH,2,0.78,2723,2022,HighSchool
,235197,Devon Gordon,,ATH,2,0.78,2723,2022,HighSchool
,235195,Paras Clines,Florida International,EDGE,2,0.78,2723,2022,HighSchool
,235194,Demaurion Ginn,,LB,2,0.78,2723,2022,HighSchool
,235193,Leif Beers,,DL,2,0.78,2723,2022,HighSchool
,235192,Zack Mercado,Nevada,DL,2,0.78,2723,2022,HighSchool
,235191,Jaylen Blacksher,,RB,2,0.78,2723,2022,HighSchool
,235190,Amarion York,,CB,2,0.78,2723,2022,HighSchool
,235189,K.J. Johnson-Gibson,,ATH,2,0.78,2723,2022,HighSchool
,235188,Riley Van Camp,,WR,2,0.78,2723,2022,HighSchool
,235187,Cade Moran,,LB,2,0.78,2723,2022,HighSchool
,235185,Evai Malu,Utah Tech,DL,2,0.78,2723,2022,HighSchool
,235183,Andy Ruiz,,ATH,2,0.78,2723,2022,HighSchool
,235181,Joseph Russell,,ATH,2,0.78,2723,2022,HighSchool
,235180,Ethan Fischer,,OT,2,0.78,2723,2022,HighSchool
,235179,Elijah Klock,,IOL,2,0.78,2723,2022,HighSchool
,235177,Jamar Flippen,,RB,2,0.78,2723,2022,HighSchool
,235176,Tahir Dukes,,IOL,2,0.78,2723,2022,HighSchool
,235174,Tre Kofe,,RB,2,0.78,2723,2022,HighSchool
,235173,Dominick Menegas,,DL,2,0.78,2723,2022,HighSchool
,235171,Lucas Wolfe,,ATH,2,0.78,2723,2022,HighSchool
,235170,Andrew Stewart,,S,2,0.78,2723,2022,HighSchool
,235169,Emmanuel Sia,,WR,2,0.78,2723,2022,HighSchool
,235168,Robbie Roper,,QB,2,0.78,2723,2022,HighSchool
,235167,Myles Walton,,CB,2,0.78,2723,2022,HighSchool
,235166,Jalen Smith,,ATH,2,0.78,2723,2022,HighSchool
,235165,Riley Hernandez,,LB,2,0.78,2723,2022,HighSchool
,235163,Keanu Kuma,,LB,2,0.78,2723,2022,HighSchool
,235162,Xavier Pulea,,LB,2,0.78,2723,2022,HighSchool
,235161,Stephen Mars,,CB,2,0.78,2723,2022,HighSchool
,235160,Jaedon Moody,,CB,2,0.78,2723,2022,HighSchool
,235159,Marcus Failla,,IOL,2,0.78,2723,2022,HighSchool
,235158,Andrew Petersen,,DL,2,0.78,2723,2022,HighSchool
,235157,Michael Hodge,,WR,2,0.78,2723,2022,HighSchool
,235155,Nate Elwood,Air Force,IOL,2,0.78,2723,2022,HighSchool
,235154,Damon Carter,,LB,2,0.78,2723,2022,HighSchool
,235152,Nico Andrighetto,,RB,2,0.78,2723,2022,HighSchool
,235151,Camilo Arquette,,ATH,2,0.78,2723,2022,HighSchool
5093395,235153,Zachary Dodson-Greene,Montana State,WR,2,0.78,2723,2022,HighSchool
5089493,235267,Owen Gish,Murray State,TE,2,0.78,2723,2022,HighSchool
5084037,235178,Bret Fullington,Eastern Washington,IOL,2,0.78,2723,2022,HighSchool
5084033,235219,Elijah Rodriguez,Eastern Washington,ATH,2,0.78,2723,2022,HighSchool
5082675,235330,Griffin Miller,Washington,ATH,2,0.78,2723,2022,HighSchool
4812372,235253,Camari Berry,Cornell,S,2,0.78,2723,2022,HighSchool
4878973,235198,Tico Jones Jr,Youngstown State,DL,2,0.78,2723,2022,HighSchool
4912052,235172,Justin Joly,UConn,WR,2,0.78,2723,2022,HighSchool
5091742,235156,Wyatt Redding,Boise State,K,2,0.78,2723,2022,HighSchool
5088432,235339,Brandon Vander Sluis,South Dakota,IOL,2,0.78,2723,2022,HighSchool
5083171,235182,Jack Layne,Idaho,QB,2,0.78,2723,2022,HighSchool
5086643,235254,Gavin Smith,Arizona,WR,2,0.78,2723,2022,HighSchool
5083164,235307,Jordan Sanders,Cal Poly,DL,2,0.78,2723,2022,HighSchool
5093385,235338,Jake Vigen,Montana State,ATH,2,0.78,2723,2022,HighSchool
4900756,235331,Tate Sandell,UTSA,K,2,0.78,2723,2022,HighSchool
5081520,235286,Nick Bell,Navy,S,2,0.78,2723,2022,HighSchool
5085755,235358,Keith Moko,Northern Iowa,CB,2,0.78,2723,2022,HighSchool
5085622,235351,Matt Herron,Weber State,EDGE,2,0.78,2723,2022,HighSchool
5086637,235213,Brandon Craddock,Arizona,LB,2,0.78,2723,2022,HighSchool
5083407,235236,Hunter Hopperton,Rhode Island,TE,2,0.78,2723,2022,HighSchool
5091747,235383,Hunter Steacker,Boise State,ATH,2,0.78,2723,2022,HighSchool
5085624,235334,Nelson Arapa,Weber State,EDGE,2,0.78,2723,2022,HighSchool
5085759,235378,Dalesean Staley,Northern Iowa,ATH,2,0.78,2723,2022,HighSchool
5085121,235175,Cole Pruett,Washington State,WR,2,0.78,2723,2022,HighSchool
5088416,235318,Caleb McKenzie,South Dakota,CB,2,0.78,2723,2022,HighSchool
5085117,235352,Cole Scott,Washington State,IOL,2,0.78,2723,2022,HighSchool
5084951,235228,Jacob Merritt,Michigan State,OT,2,0.78,2723,2022,HighSchool
5088917,235224,Logologo Va'a,UTEP,DL,2,0.78,2723,2022,HighSchool
5084540,235373,Clayton Hixon,Wofford,OT,2,0.78,2723,2022,HighSchool
5094050,235265,Melik Williams,Yale,LB,2,0.78,2723,2022,HighSchool
5092927,235255,Jack Greer,Indiana,IOL,2,0.78,2723,2022,HighSchool
5087318,235209,Cam May,Howard,OT,2,0.78,2723,2022,HighSchool
5083410,235186,AJ Simpkins,Columbia,QB,2,0.78,2723,2022,HighSchool
5085571,235184,Brooks Ferguson,Portland State,QB,2,0.78,2723,2022,HighSchool
5083238,235345,Hunter Green,Northern Colorado,K,2,0.78,2723,2022,HighSchool
5085583,235290,Elijah Mareko,Portland State,LB,2,0.78,2723,2022,HighSchool
5085576,235320,Ezriel Vasquez,Portland State,CB,2,0.78,2723,2022,HighSchool
5087156,235196,Nathan Hayes,North Dakota State,QB,2,0.78,2723,2022,HighSchool
5085533,235328,Ian Hershey,Idaho State,K,2,0.78,2723,2022,HighSchool
5093341,235240,Logan Person,San Diego,RB,2,0.78,2723,2022,HighSchool
5084953,235269,Andy Hartman,Michigan State,OT,2,0.78,2723,2022,HighSchool
5083543,235344,Brandon Sousa,Sacramento State,IOL,2,0.78,2723,2022,HighSchool
5082310,235380,Amil Savage,Fresno State,OT,2,0.78,2723,2022,HighSchool
5086014,235264,Josh Nichols,Michigan,ATH,2,0.78,2723,2022,HighSchool
5098701,235218,Deshawn Willoughby,Morgan State,DL,2,0.78,2723,2022,HighSchool
4912045,235387,Ben Murawski,UConn,IOL,2,0.78,2723,2022,HighSchool
5083155,235384,Julius Jordan,Cal Poly,LB,2,0.78,2723,2022,HighSchool
5087198,235221,Haydn Stay,North Dakota,TE,2,0.78,2723,2022,HighSchool
5083536,235164,Alex Rocha,Sacramento State,LB,2,0.78,2723,2022,HighSchool
5087220,235287,Dallas Brown,Illinois State,S,2,0.78,2723,2022,HighSchool
4832920,235214,Sage Webb,Pennsylvania,ATH,2,0.78,2723,2022,HighSchool
4910395,115725,Tai Newhouse,Tulsa,DL,2,0.7794,2962,2022,HighSchool
4782661,115724,Cahlede Jackson,Georgetown,DL,2,0.7794,2962,2022,HighSchool
,115733,Connor Clinton,Army,S,2,0.7783,2964,2022,HighSchool
4917236,115732,Kareem Wilson,Florida Atlantic,DL,2,0.7783,2964,2022,HighSchool
4879820,115726,Blair Schonhorst,Ball State,CB,2,0.7783,2964,2022,HighSchool
4869587,115727,Myron Carter,New Mexico,ATH,2,0.7783,2964,2022,HighSchool
4900768,115728,Zach Vigil,New Mexico,RB,2,0.7783,2964,2022,HighSchool
4912226,115729,Stone Combs,Nevada,LB,2,0.7783,2964,2022,HighSchool
5151606,115730,Cayden Romero,New Mexico,IOL,2,0.7783,2964,2022,HighSchool
4872725,115731,Alec Johnson,Georgia State,IOL,2,0.7783,2964,2022,HighSchool
4879819,115734,Eli Reed,Northern Illinois,ATH,2,0.7744,2972,2022,HighSchool
4912278,115736,Tate Zimmerman,New Mexico,LB,2,0.7733,2973,2022,HighSchool
4869990,115737,Tyler Leinberger,Massachusetts,OT,2,0.7733,2973,2022,HighSchool
4909541,115735,T.Y. Harding,Massachusetts,ATH,2,0.7733,2973,2022,HighSchool
4910799,115738,Braxton Todd,Bowling Green,LB,2,0.7733,2973,2022,HighSchool
5093347,235473,Peyton Smith,San Diego,TE,2,0.77,2977,2022,HighSchool
5081168,235523,Jack McGarry,Missouri,IOL,2,0.77,2977,2022,HighSchool
4910847,235512,Kaden Morgan,Sam Houston,K,2,0.77,2977,2022,HighSchool
4914830,235422,Easton Messer,Western Kentucky,WR,2,0.77,2977,2022,HighSchool
5084041,235428,Tariq May,Eastern Washington,ATH,2,0.77,2977,2022,HighSchool
5087223,235551,MJ Cannon,Illinois State,CB,2,0.77,2977,2022,HighSchool
2094390,235536,Michael Dansby,San José State,ATH,2,0.77,2977,2022,HighSchool
,235408,Miles Sprague,,LB,2,0.77,2977,2022,HighSchool
,235462,Travis Royal,Cal Poly,WR,2,0.77,2977,2022,HighSchool
,235463,Jason Hardy,Grand Valley State,CB,2,0.77,2977,2022,HighSchool
,235464,Terrance Cullivan,Air Force,S,2,0.77,2977,2022,HighSchool
,235465,Banipal Yaro,,IOL,2,0.77,2977,2022,HighSchool
,235466,Dylan Smith,,RB,2,0.77,2977,2022,HighSchool
,235467,Kameron Lewis,,S,2,0.77,2977,2022,HighSchool
,235468,Luke Vonderhaar,Air Force,OT,2,0.77,2977,2022,HighSchool
,235470,Jacob Lawver,,S,2,0.77,2977,2022,HighSchool
,235472,Kai Posey,,WR,2,0.77,2977,2022,HighSchool
,235474,Honor Alo,,DL,2,0.77,2977,2022,HighSchool
,235475,Jack Susank,,ATH,2,0.77,2977,2022,HighSchool
,235476,Austin Emmons,,OT,2,0.77,2977,2022,HighSchool
,235477,Ky McClure,,QB,2,0.77,2977,2022,HighSchool
,235478,Lin Johnson,,QB,2,0.77,2977,2022,HighSchool
,235479,Jacob Rosendahl,,RB,2,0.77,2977,2022,HighSchool
,235480,Gabe Martin,,ATH,2,0.77,2977,2022,HighSchool
,235481,Ryan Ware,,IOL,2,0.77,2977,2022,HighSchool
,235482,Evan Rawlick,,IOL,2,0.77,2977,2022,HighSchool
,235483,Marcus Tialavea,,S,2,0.77,2977,2022,HighSchool
,235484,Jackson Beck,,EDGE,2,0.77,2977,2022,HighSchool
,235485,Charles Judy,,EDGE,2,0.77,2977,2022,HighSchool
,235486,Cross Dobbs,Grand Valley State,LB,2,0.77,2977,2022,HighSchool
,235487,Terrance Ballard,,QB,2,0.77,2977,2022,HighSchool
,235488,Kaden Schell,,DL,2,0.77,2977,2022,HighSchool
,235489,Glen Leith-Ross,,RB,2,0.77,2977,2022,HighSchool
,235490,Chris Carter,,QB,2,0.77,2977,2022,HighSchool
,235492,Bennett Ferris,,LB,2,0.77,2977,2022,HighSchool
,235493,Connor Kemmerling,Grand Valley State,OT,2,0.77,2977,2022,HighSchool
,235494,Albersh Kuwa,,ATH,2,0.77,2977,2022,HighSchool
,235495,Sage Allen,,CB,2,0.77,2977,2022,HighSchool
,235497,Brayden Garrison,,ATH,2,0.77,2977,2022,HighSchool
,235505,Luke Levengood,,DL,2,0.77,2977,2022,HighSchool
,235506,Connor Chalich,,DL,2,0.77,2977,2022,HighSchool
,235507,Matthew Fullmer,,DL,2,0.77,2977,2022,HighSchool
,235508,Jeremiah Matthews,,RB,2,0.77,2977,2022,HighSchool
,235509,Adam Ball,,ATH,2,0.77,2977,2022,HighSchool
,235510,Kaimen Peebles,,QB,2,0.77,2977,2022,HighSchool
,235511,Michael Kistner,,S,2,0.77,2977,2022,HighSchool
,235513,Zach Juckel,,LB,2,0.77,2977,2022,HighSchool
,235514,Jackson Marley,,EDGE,2,0.77,2977,2022,HighSchool
,235498,Jakobe Handy,,ATH,2,0.77,2977,2022,HighSchool
,235517,Andrew Butler,,ATH,2,0.77,2977,2022,HighSchool
,235518,Jackson Kink,,LB,2,0.77,2977,2022,HighSchool
,235519,Jadiah Shockley,,ATH,2,0.77,2977,2022,HighSchool
,235520,Austin Stoddard,,ATH,2,0.77,2977,2022,HighSchool
,235499,Dreyan Paul,,QB,2,0.77,2977,2022,HighSchool
,235521,Joziah Hamilton,,ATH,2,0.77,2977,2022,HighSchool
,235522,Nino Gama,,CB,2,0.77,2977,2022,HighSchool
,235525,Tanner Branson,,WR,2,0.77,2977,2022,HighSchool
,235526,Trais Higgins,,WR,2,0.77,2977,2022,HighSchool
,235431,Xavier Simpson,Montana State,RB,2,0.77,2977,2022,HighSchool
,235500,Ethan Archuleta,,RB,2,0.77,2977,2022,HighSchool
,235527,Oliver Bragg,,EDGE,2,0.77,2977,2022,HighSchool
,235528,Austin Leykam,,IOL,2,0.77,2977,2022,HighSchool
,235501,Daishun Nichols,,ATH,2,0.77,2977,2022,HighSchool
,235502,Ryan Dring,,EDGE,2,0.77,2977,2022,HighSchool
,235529,Johnnie Barbie,,S,2,0.77,2977,2022,HighSchool
,235531,Evahn Perez,,WR,2,0.77,2977,2022,HighSchool
,235503,Bryce Dyer,,TE,2,0.77,2977,2022,HighSchool
,235532,Hale Prior,,LB,2,0.77,2977,2022,HighSchool
,235533,Jadon Perkins,,QB,2,0.77,2977,2022,HighSchool
,235534,Trenton Hill,,RB,2,0.77,2977,2022,HighSchool
,235535,Jackson Muzzy,,ATH,2,0.77,2977,2022,HighSchool
,235537,Isaiah McGaha,,EDGE,2,0.77,2977,2022,HighSchool
,235538,Brody Stratz,,TE,2,0.77,2977,2022,HighSchool
,235504,Max Von Arx,,ATH,2,0.77,2977,2022,HighSchool
,235540,JC Gilbreath,,EDGE,2,0.77,2977,2022,HighSchool
,235541,Dexter Francis,,WR,2,0.77,2977,2022,HighSchool
,235542,Jairus Phillips,,LB,2,0.77,2977,2022,HighSchool
,235543,Tyler Palm,,OT,2,0.77,2977,2022,HighSchool
,235544,Dallas Currin,,EDGE,2,0.77,2977,2022,HighSchool
,235545,Will Berrien,,WR,2,0.77,2977,2022,HighSchool
,235546,Jackson Berger,,LB,2,0.77,2977,2022,HighSchool
,235547,Trayce Hanks,,RB,2,0.77,2977,2022,HighSchool
,235548,Grant Gauthier,,ATH,2,0.77,2977,2022,HighSchool
,235549,Jack Kenneally,,TE,2,0.77,2977,2022,HighSchool
,235550,Markee Jones,,DL,2,0.77,2977,2022,HighSchool
,235552,Jon Kirkley,,ATH,2,0.77,2977,2022,HighSchool
,235515,Tomi Bisiriyu,,OT,2,0.77,2977,2022,HighSchool
,235516,Payton Hoyt,,ATH,2,0.77,2977,2022,HighSchool
5084763,235446,Alexis Sanchez,Northern Arizona,IOL,2,0.77,2977,2022,HighSchool
,235432,J.J. Toefaeono,,DL,2,0.77,2977,2022,HighSchool
5082662,235491,Cole Boscia,Colorado,WR,2,0.77,2977,2022,HighSchool
5082671,235403,Tristan Warner,Washington,ATH,2,0.77,2977,2022,HighSchool
5082965,235469,Tommy Ulatowski,Kent State,QB,2,0.77,2977,2022,HighSchool
,235430,Chase Harmon,,QB,2,0.77,2977,2022,HighSchool
,235433,Preston Reid,,ATH,2,0.77,2977,2022,HighSchool
,235434,Kenneth Duncan,,ATH,2,0.77,2977,2022,HighSchool
,235435,Logan Chastain,,DL,2,0.77,2977,2022,HighSchool
,235436,Denali Dukes,,ATH,2,0.77,2977,2022,HighSchool
,235437,Landen Powell,,QB,2,0.77,2977,2022,HighSchool
,235438,Kai Santos,,S,2,0.77,2977,2022,HighSchool
,235439,Kendall Allen,,ATH,2,0.77,2977,2022,HighSchool
,235440,Stryder Todd-Fields,,WR,2,0.77,2977,2022,HighSchool
,235429,Wade Smith,,QB,2,0.77,2977,2022,HighSchool
,235427,Noah Niemela,,ATH,2,0.77,2977,2022,HighSchool
,235426,Nick Weber,,IOL,2,0.77,2977,2022,HighSchool
,235425,Clash Orsborn,,QB,2,0.77,2977,2022,HighSchool
,235424,Isaac Looker,,QB,2,0.77,2977,2022,HighSchool
,235423,Cooper Carlson,,IOL,2,0.77,2977,2022,HighSchool
,235421,Jason Simmons,,LB,2,0.77,2977,2022,HighSchool
,235420,Aidan Palmer,,OT,2,0.77,2977,2022,HighSchool
,235419,Logan Ketcham,,LB,2,0.77,2977,2022,HighSchool
,235418,Caleb Alalem,,DL,2,0.77,2977,2022,HighSchool
,235417,Isaiah Smiley,,LB,2,0.77,2977,2022,HighSchool
,235416,Marcus Martin,,QB,2,0.77,2977,2022,HighSchool
,235415,Christian Kirenga,,CB,2,0.77,2977,2022,HighSchool
,235414,Andy Cole,,ATH,2,0.77,2977,2022,HighSchool
,235413,Nate Beck,,QB,2,0.77,2977,2022,HighSchool
,235412,Anthony Lowe,,S,2,0.77,2977,2022,HighSchool
,235411,Solon Sanders,,ATH,2,0.77,2977,2022,HighSchool
,235410,Jayvon Only,,LB,2,0.77,2977,2022,HighSchool
,235406,Keyone Nixon,Morgan State,CB,2,0.77,2977,2022,HighSchool
,235405,Marcus Johnson,,OT,2,0.77,2977,2022,HighSchool
,235404,Mason Carr,Washington State,LB,2,0.77,2977,2022,HighSchool
,235402,Howard Golden,,ATH,2,0.77,2977,2022,HighSchool
,235401,Noah Mauga,,IOL,2,0.77,2977,2022,HighSchool
,235400,Donovan Lowe,,LB,2,0.77,2977,2022,HighSchool
,235399,T.J. Paaga,,DL,2,0.77,2977,2022,HighSchool
,235398,Josh Holder,,IOL,2,0.77,2977,2022,HighSchool
,235397,Austin Siitia,,IOL,2,0.77,2977,2022,HighSchool
,235396,MJ Artmore Jr.,Baylor,CB,2,0.77,2977,2022,HighSchool
,235395,Trent Nobach,,QB,2,0.77,2977,2022,HighSchool
,235394,Ili Fuiava,,IOL,2,0.77,2977,2022,HighSchool
,235393,Jimel Quann,,RB,2,0.77,2977,2022,HighSchool
,235392,Gavin James-Dues,,IOL,2,0.77,2977,2022,HighSchool
,235391,Camden Loidhamer,,TE,2,0.77,2977,2022,HighSchool
,235390,Tayshaun Mayfield,,WR,2,0.77,2977,2022,HighSchool
,235441,Esteban Guillory,Army,S,2,0.77,2977,2022,HighSchool
,235442,Nehemiah Musika,,IOL,2,0.77,2977,2022,HighSchool
,235443,Ayden Robinson-Wayne,,ATH,2,0.77,2977,2022,HighSchool
,235445,Lyon Colon,,RB,2,0.77,2977,2022,HighSchool
,235447,Jakoby Moss,,QB,2,0.77,2977,2022,HighSchool
,235448,Matt MacLeod,,QB,2,0.77,2977,2022,HighSchool
,235449,Lindell Betts,,CB,2,0.77,2977,2022,HighSchool
,235450,Dylan Tulcaro,,IOL,2,0.77,2977,2022,HighSchool
,235451,Tusi Apelu,,ATH,2,0.77,2977,2022,HighSchool
,235452,Mohamed Mohamed,,ATH,2,0.77,2977,2022,HighSchool
,235453,Joseph Kennerly,Youngstown State,WR,2,0.77,2977,2022,HighSchool
,235454,Finn Sposato,,ATH,2,0.77,2977,2022,HighSchool
,235455,Kross Antonnacchi,,RB,2,0.77,2977,2022,HighSchool
,235456,Anthony Bridges,,RB,2,0.77,2977,2022,HighSchool
,235457,Tederian Blair,,IOL,2,0.77,2977,2022,HighSchool
,235458,Bryce Indell,,LB,2,0.77,2977,2022,HighSchool
,235459,Andre Northrup,,ATH,2,0.77,2977,2022,HighSchool
,235460,Jayden Martinez,,EDGE,2,0.77,2977,2022,HighSchool
5085960,235407,Brady Hutchison,Colgate,WR,2,0.77,2977,2022,HighSchool
5083142,235409,Jay'Vion Cole,Cal Poly,ATH,2,0.77,2977,2022,HighSchool
5086013,235461,Declan Byle,Michigan,QB,2,0.77,2977,2022,HighSchool
5081638,235530,Nicolas Flynn,Florida,IOL,2,0.77,2977,2022,HighSchool
4917235,235496,Melvin Priestly,Grambling,IOL,2,0.77,2977,2022,HighSchool
5083579,235471,Aidan Kilstrom,Harvard,IOL,2,0.77,2977,2022,HighSchool
5084778,235444,Van Keen,Youngstown State,IOL,2,0.77,2977,2022,HighSchool
5085754,235539,Matthew Schecklman,Northern Iowa,QB,2,0.77,2977,2022,HighSchool
5088892,235524,Buzz Flabiano,UTEP,K,2,0.77,2977,2022,HighSchool
5082432,115739,Nate Merchant,Coastal Carolina,LS,2,0.7633,3142,2022,HighSchool
5085780,235625,Jason Harris,South Dakota State,WR,2,0.76,3143,2022,HighSchool
5086150,235565,Ryan Schwendeman,Southern Illinois,TE,2,0.76,3143,2022,HighSchool
5089285,235623,Ryan Crandall,Western Illinois,S,2,0.76,3143,2022,HighSchool
5081370,235613,Cole Berghorn,Minnesota,ATH,2,0.76,3143,2022,HighSchool
5081070,235566,Dylan McNamara,Florida State,QB,2,0.76,3143,2022,HighSchool
5083183,235631,Xavier Slayton,Idaho,DL,2,0.76,3143,2022,HighSchool
4712979,235567,Zaire Riley,Florida A&M,CB,2,0.76,3143,2022,HighSchool
5085768,235630,Brady McCullough,Northern Iowa,TE,2,0.76,3143,2022,HighSchool
4837339,235560,TJ Demas,Florida A&M,IOL,2,0.76,3143,2022,HighSchool
5089187,235614,Drew Evans,Wisconsin,IOL,2,0.76,3143,2022,HighSchool
5089196,235607,Deven Magli,Wisconsin,CB,2,0.76,3143,2022,HighSchool
,235618,Jeremy Pilch,,ATH,2,0.76,3143,2022,HighSchool
,235634,Chase Berg,,S,2,0.76,3143,2022,HighSchool
,235619,Ryan Warkentin,,RB,2,0.76,3143,2022,HighSchool
,235635,Kelvin Squires,,EDGE,2,0.76,3143,2022,HighSchool
,235620,Jakob Zuniga,,IOL,2,0.76,3143,2022,HighSchool
,235636,Isaiah Claunch,,QB,2,0.76,3143,2022,HighSchool
,235637,Nate Bailey,,TE,2,0.76,3143,2022,HighSchool
,235638,Dante Montgomery,,WR,2,0.76,3143,2022,HighSchool
,235639,Landyn Young,,DL,2,0.76,3143,2022,HighSchool
,235640,Bryce Cordell,,IOL,2,0.76,3143,2022,HighSchool
,235641,Jayden Hollis,,ATH,2,0.76,3143,2022,HighSchool
,235642,Eric Buck,,LB,2,0.76,3143,2022,HighSchool
,235643,Spencer Lyman,,EDGE,2,0.76,3143,2022,HighSchool
,235617,Lucas Dahl,,WR,2,0.76,3143,2022,HighSchool
,235588,James Yoon,,K,2,0.76,3143,2022,HighSchool
5084040,235595,Korey Bozovich,Eastern Washington,WR,2,0.76,3143,2022,HighSchool
,235633,Evan Leggett,,QB,2,0.76,3143,2022,HighSchool
,235589,Ashton Foster,,QB,2,0.76,3143,2022,HighSchool
,235590,Avery Walker,,QB,2,0.76,3143,2022,HighSchool
,235591,Derek Bergeson,,ATH,2,0.76,3143,2022,HighSchool
,235632,Carson Christensen,,QB,2,0.76,3143,2022,HighSchool
,235592,Jake Bice,,QB,2,0.76,3143,2022,HighSchool
,235616,Aidan Canada,,ATH,2,0.76,3143,2022,HighSchool
,235593,Julian Amituanai,,LB,2,0.76,3143,2022,HighSchool
,235615,Ezra Waterman,,LB,2,0.76,3143,2022,HighSchool
,235594,Sayre Williamson,,RB,2,0.76,3143,2022,HighSchool
,235596,Bjorn Bergstrom,,QB,2,0.76,3143,2022,HighSchool
,235597,Tom Nash,,TE,2,0.76,3143,2022,HighSchool
,235598,Alden Save,,LB,2,0.76,3143,2022,HighSchool
,235599,Hudson Miller,,TE,2,0.76,3143,2022,HighSchool
,235600,Vishaan Narayan,,DL,2,0.76,3143,2022,HighSchool
,235601,Trey Hammork,,ATH,2,0.76,3143,2022,HighSchool
,235602,Nic Saunders,,ATH,2,0.76,3143,2022,HighSchool
,235603,Liam Reeves,,ATH,2,0.76,3143,2022,HighSchool
,235604,Braden Rohde,,DL,2,0.76,3143,2022,HighSchool
,235605,Chace Pence,Montana State,QB,2,0.76,3143,2022,HighSchool
,235606,Luis Salgado,,ATH,2,0.76,3143,2022,HighSchool
,235608,Mario Sanders II,,WR,2,0.76,3143,2022,HighSchool
,235609,Chris Holt,,LB,2,0.76,3143,2022,HighSchool
,235610,Ethan Williamson,,DL,2,0.76,3143,2022,HighSchool
,235621,Bryce Johnson,,WR,2,0.76,3143,2022,HighSchool
,235611,Robert Collier,,RB,2,0.76,3143,2022,HighSchool
,235622,Josiah Jordan,,IOL,2,0.76,3143,2022,HighSchool
,235624,Liam Johnston,,ATH,2,0.76,3143,2022,HighSchool
,235626,Gavin Thoreson,,LB,2,0.76,3143,2022,HighSchool
,235553,Myles Lee,,RB,2,0.76,3143,2022,HighSchool
,235554,Connor Owens,,OT,2,0.76,3143,2022,HighSchool
,235627,Ben Marion,,CB,2,0.76,3143,2022,HighSchool
,235555,Garrett Lavin,,WR,2,0.76,3143,2022,HighSchool
,235556,Nathan Skebba,,OT,2,0.76,3143,2022,HighSchool
,235628,James Mozon,,CB,2,0.76,3143,2022,HighSchool
,235612,Jose Oliveros,,DL,2,0.76,3143,2022,HighSchool
,235557,Kone Aumua-Uiagalelei,,IOL,2,0.76,3143,2022,HighSchool
,235558,Cameron Beck,,RB,2,0.76,3143,2022,HighSchool
,235559,Devin Runnels,Mississippi Valley State,OT,2,0.76,3143,2022,HighSchool
,235561,Caleb Womack,San José State,WR,2,0.76,3143,2022,HighSchool
,235562,Riley Peterson,,WR,2,0.76,3143,2022,HighSchool
,235563,Tyler Luzan,,OT,2,0.76,3143,2022,HighSchool
,235564,Elijah Miller,,IOL,2,0.76,3143,2022,HighSchool
,235568,Jaydin Knapp,,ATH,2,0.76,3143,2022,HighSchool
,235569,Teddy Beaver,,ATH,2,0.76,3143,2022,HighSchool
,235570,Tyler Copeland,,WR,2,0.76,3143,2022,HighSchool
,235571,Carson Giles,,IOL,2,0.76,3143,2022,HighSchool
,235572,Ben Clawson,Air Force,ATH,2,0.76,3143,2022,HighSchool
,235573,Brett Birch,,ATH,2,0.76,3143,2022,HighSchool
,235574,Casey Cope,,QB,2,0.76,3143,2022,HighSchool
,235575,Chris Skiljan,,LB,2,0.76,3143,2022,HighSchool
,235576,Easton Korody,Youngstown State,OT,2,0.76,3143,2022,HighSchool
,235629,Bryson Clarson,,LB,2,0.76,3143,2022,HighSchool
,235577,Aiden Prado,,CB,2,0.76,3143,2022,HighSchool
,235578,Parker Callander,,IOL,2,0.76,3143,2022,HighSchool
,235579,Oshea Wallace,,QB,2,0.76,3143,2022,HighSchool
,235580,Kale Paslay,,DL,2,0.76,3143,2022,HighSchool
,235581,Teeg Slone,,ATH,2,0.76,3143,2022,HighSchool
,235582,Wyatt Hatcher,,ATH,2,0.76,3143,2022,HighSchool
,235583,Za'Darion Nardi,,ATH,2,0.76,3143,2022,HighSchool
,235584,Jaylen Lattimore,,EDGE,2,0.76,3143,2022,HighSchool
,235585,Thaddeus Umi-Tuato’o,,S,2,0.76,3143,2022,HighSchool
,235586,DJ Daugherty,,RB,2,0.76,3143,2022,HighSchool
,235587,Cole Elmore,,LB,2,0.76,3143,2022,HighSchool
4895774,115740,Jack Tremblay,Central Michigan,WR,2,0.7583,3234,2022,HighSchool
4868896,115741,DeJuan Echoles Jr.,Ball State,LB,2,0.7556,3235,2022,HighSchool
5095225,235667,Solomon Williams,Princeton,S,2,0.75,3236,2022,HighSchool
4917428,235709,Jackson Lee,Florida International,LS,2,0.75,3236,2022,HighSchool
5089186,235697,John Clifford,Wisconsin,IOL,2,0.75,3236,2022,HighSchool
5086989,235689,A.K. Agee,Dayton,WR,2,0.75,3236,2022,HighSchool
5087687,235652,Eli Gillman,Montana,RB,2,0.75,3236,2022,HighSchool
5095359,235710,Camdyn Stiegeler,Washington,QB,2,0.75,3236,2022,HighSchool
5087181,235691,Kelton McCaslin,North Dakota State,EDGE,2,0.75,3236,2022,HighSchool
5085957,235685,Miles Salinas,Colgate,OT,2,0.75,3236,2022,HighSchool
5085517,235708,Vasean Washington,Dartmouth,OT,2,0.75,3236,2022,HighSchool
5087246,235660,Jacob Anderson,Illinois State,DL,2,0.75,3236,2022,HighSchool
5083877,235674,Julian Wilson,Lehigh,S,2,0.75,3236,2022,HighSchool
5087218,235704,Kendis Ledbetter,North Dakota,DL,2,0.75,3236,2022,HighSchool
5095138,235658,Trevor Wilson,Robert Morris,ATH,2,0.75,3236,2022,HighSchool
,235681,Keyan Parker,,ATH,2,0.75,3236,2022,HighSchool
,235707,Tyler Tackage,,ATH,2,0.75,3236,2022,HighSchool
,235706,James Cummings,,ATH,2,0.75,3236,2022,HighSchool
,235705,Spencer Mickelberry,,OT,2,0.75,3236,2022,HighSchool
,235703,Toriano Tate,,ATH,2,0.75,3236,2022,HighSchool
,235702,Berlie Fincham,,WR,2,0.75,3236,2022,HighSchool
,235659,Geremiah Moore,,ATH,2,0.75,3236,2022,HighSchool
,235701,Elijah Reed,,RB,2,0.75,3236,2022,HighSchool
,235700,Sloan Lambson,,EDGE,2,0.75,3236,2022,HighSchool
,235699,Payton Howe,,ATH,2,0.75,3236,2022,HighSchool
,235698,Luke McCorkle,,CB,2,0.75,3236,2022,HighSchool
,235696,Metitilani Noaese,,LB,2,0.75,3236,2022,HighSchool
,235695,Brody Hasselstrom,,RB,2,0.75,3236,2022,HighSchool
,235694,Paxton Page,,QB,2,0.75,3236,2022,HighSchool
,235693,Jasper Beeler,,CB,2,0.75,3236,2022,HighSchool
,235692,Wade Zenner,,S,2,0.75,3236,2022,HighSchool
,235690,Logan Eller,,LB,2,0.75,3236,2022,HighSchool
,235688,Jayden Oquendo,Air Force,IOL,2,0.75,3236,2022,HighSchool
,235687,Ricardo Acevedo,,LB,2,0.75,3236,2022,HighSchool
,235686,Charlie Pyfer,,ATH,2,0.75,3236,2022,HighSchool
,235684,Luke Souza,,QB,2,0.75,3236,2022,HighSchool
,235683,Elijah Ortiz,,IOL,2,0.75,3236,2022,HighSchool
,235682,Ashton Wolff,,K,2,0.75,3236,2022,HighSchool
,235680,James Williams,,DL,2,0.75,3236,2022,HighSchool
,235679,Nolan Recker,,TE,2,0.75,3236,2022,HighSchool
,235678,Aidan Lucero,Grand Valley State,QB,2,0.75,3236,2022,HighSchool
,235677,Gabe Rousseau,,IOL,2,0.75,3236,2022,HighSchool
,235676,Ty Jones,,LB,2,0.75,3236,2022,HighSchool
,235675,Matthew White,,RB,2,0.75,3236,2022,HighSchool
,235673,Theodore Sparks,,IOL,2,0.75,3236,2022,HighSchool
,235672,Noah Christensen,,IOL,2,0.75,3236,2022,HighSchool
,235671,Khalil Walker,,IOL,2,0.75,3236,2022,HighSchool
,235670,Seth Mills,,ATH,2,0.75,3236,2022,HighSchool
,235669,Les Callen,,QB,2,0.75,3236,2022,HighSchool
,235668,Asher Gregory,,RB,2,0.75,3236,2022,HighSchool
,235665,Carson Brown,,CB,2,0.75,3236,2022,HighSchool
,235664,Jeremy West-Pirtle,,LB,2,0.75,3236,2022,HighSchool
,235663,Gavin Knights,,RB,2,0.75,3236,2022,HighSchool
,235662,Jason Vu,,RB,2,0.75,3236,2022,HighSchool
,235661,Nick Flegler,Air Force,S,2,0.75,3236,2022,HighSchool
,235654,Ty Hopp,,LB,2,0.75,3236,2022,HighSchool
,235653,Vinny Booth,,QB,2,0.75,3236,2022,HighSchool
,235651,Mitchell Jaskowiak,,ATH,2,0.75,3236,2022,HighSchool
,235650,Karriem Sharrieff,,RB,2,0.75,3236,2022,HighSchool
,235649,Henry Mercado,,QB,2,0.75,3236,2022,HighSchool
,235648,Payton Accetturo,,QB,2,0.75,3236,2022,HighSchool
,235647,Justin Fisher,,QB,2,0.75,3236,2022,HighSchool
,235646,Marcus Heffernan,,WR,2,0.75,3236,2022,HighSchool
,235645,Owen Wood,Indiana State,OT,2,0.75,3236,2022,HighSchool
,235657,Jackson Smith,,WR,2,0.75,3236,2022,HighSchool
,235656,CJ Brooks,,QB,2,0.75,3236,2022,HighSchool
,235655,Ryan Pelton,,RB,2,0.75,3236,2022,HighSchool
5083787,235644,Tyson Miller,Southeast Missouri State,OT,2,0.75,3236,2022,HighSchool
5083728,235666,Diego Oliver,Eastern Illinois,CB,2,0.75,3236,2022,HighSchool
,235716,Samuel Watts,,ATH,2,0.74,3303,2022,HighSchool
,235714,Jireh Mays,,DL,2,0.74,3303,2022,HighSchool
,235713,Cameron Set-Chan,,LB,2,0.74,3303,2022,HighSchool
,235712,Jackson Gridley,,LB,2,0.74,3303,2022,HighSchool
5093180,235715,Frank Wilson,Bethune-Cookman,DL,2,0.74,3303,2022,HighSchool
,235733,Kuron Parchmon,,WR,2,0.74,3303,2022,HighSchool
,235732,Ashton Montgomery,,IOL,2,0.74,3303,2022,HighSchool
,235731,Sylas Christie,,QB,2,0.74,3303,2022,HighSchool
,235730,Jeffery Beverly,,QB,2,0.74,3303,2022,HighSchool
,235728,Judah Jackson,,DL,2,0.74,3303,2022,HighSchool
,235726,Spencer Barnes,,CB,2,0.74,3303,2022,HighSchool
,235725,Braxdon Bailey,,CB,2,0.74,3303,2022,HighSchool
,235724,Suleiman Abuaqel,,EDGE,2,0.74,3303,2022,HighSchool
,235723,Jordan Greuel,,OT,2,0.74,3303,2022,HighSchool
,235722,Jaden Spaulding,,RB,2,0.74,3303,2022,HighSchool
,235721,Lance Spaniel,,P,2,0.74,3303,2022,HighSchool
,235719,Gino Cresci,,ATH,2,0.74,3303,2022,HighSchool
,235718,Tronice Hammond,Morgan State,EDGE,2,0.74,3303,2022,HighSchool
,235717,Alex Macksam,,DL,2,0.74,3303,2022,HighSchool
5083484,235734,Keegan Opper,Cornell,IOL,2,0.74,3303,2022,HighSchool
5084944,235720,Christian Lorenzo,Illinois,DL,2,0.74,3303,2022,HighSchool
5087190,235727,Jamal Dixon,North Dakota,CB,2,0.74,3303,2022,HighSchool
5085003,235711,Mark Konecny,Western Michigan,QB,2,0.74,3303,2022,HighSchool
5085941,235729,Zach Osborne,Colgate,QB,2,0.74,3303,2022,HighSchool
,235738,Alex Belongia,,WR,2,0.73,3327,2022,HighSchool
,235744,Dace Jones,,ATH,2,0.73,3327,2022,HighSchool
,235745,C.J. Jones,,LB,2,0.73,3327,2022,HighSchool
,235746,Jordon Clerkley,,CB,2,0.73,3327,2022,HighSchool
,235735,Evan Tyler,,DL,2,0.73,3327,2022,HighSchool
,235736,Aidan Leffler,,QB,2,0.73,3327,2022,HighSchool
,235737,Brayden White,,ATH,2,0.73,3327,2022,HighSchool
,235743,Zachary Clark,,CB,2,0.73,3327,2022,HighSchool
,235739,Tomy Bradshaw,,ATH,2,0.73,3327,2022,HighSchool
,235740,Nick Ostas,,DL,2,0.73,3327,2022,HighSchool
,235741,Cody Silzer,,DL,2,0.73,3327,2022,HighSchool
,235742,Carson Clark,,QB,2,0.73,3327,2022,HighSchool
,235751,Nathan Brown,,QB,2,0.72,3339,2022,HighSchool
,235749,Luke Jones,Purdue,ATH,2,0.72,3339,2022,HighSchool
,235747,McKade Jelinek,,QB,2,0.72,3339,2022,HighSchool
,235754,Amare Jenkins,,QB,2,0.72,3339,2022,HighSchool
,235753,Terence Maize,,DL,2,0.72,3339,2022,HighSchool
,235752,Kade Thompson,,WR,2,0.72,3339,2022,HighSchool
,235750,Evan Oberg,,IOL,2,0.72,3339,2022,HighSchool
5098169,235748,Reece Lozano,Indiana,QB,2,0.72,3339,2022,HighSchool
,235755,Brett Peterson,Grand Valley State,TE,2,0.71,3347,2022,HighSchool
,235764,Will Chlebecek,St. Thomas,TE,2,0.7,3348,2022,HighSchool
,235762,Caden Vandenberge,Northern Illinois,TE,2,0.7,3348,2022,HighSchool
,235760,Terique Denning,,EDGE,2,0.7,3348,2022,HighSchool
,235757,Nate Briggs,,CB,2,0.7,3348,2022,HighSchool
,235758,Drew Dubuclet,Air Force,LB,2,0.7,3348,2022,HighSchool
,235763,Keaton Arendt,,ATH,2,0.7,3348,2022,HighSchool
,235768,Fayez Al-Ziyadi,,IOL,2,0.7,3348,2022,HighSchool
,235767,Shaun Shahu,,OT,2,0.7,3348,2022,HighSchool
,235766,Anthony Garrett,,QB,2,0.7,3348,2022,HighSchool
,235759,Breon Key,Grand Valley State,IOL,2,0.7,3348,2022,HighSchool
,235765,Malique Amos,,ATH,2,0.7,3348,2022,HighSchool
5085775,235756,Jeff Becker,South Dakota State,QB,2,0.7,3348,2022,HighSchool
5087222,235769,Rylan Crawford,Illinois State,WR,2,0.7,3348,2022,HighSchool
5099145,235770,Amari Ward,Jackson State,IOL,2,0.7,3348,2022,HighSchool
5083846,235761,Ryan Schuster,Lafayette,QB,2,0.7,3348,2022,HighSchool
,235771,Player Of The Year,,IOL,2,0.09,3364,2022,HighSchool
5089443,255941,Noah Perez,Akron,K,,,,2022,HighSchool
,255688,Beckham Sunderland,Michigan,K,,,,2022,HighSchool
5089540,255915,Cole Gonzales,Western Carolina,QB,,,,2022,HighSchool
5087082,256193,Matt Brunelle,Holy Cross,WR,,,,2022,HighSchool
5087079,256189,Joe Metzger,Holy Cross,IOL,,,,2022,HighSchool
5087083,256191,Christian Ross,Holy Cross,EDGE,,,,2022,HighSchool
5087069,256190,Max Mosey,Holy Cross,WR,,,,2022,HighSchool
5084597,256168,Jamari Freeman,Tennessee State,IOL,,,,2022,HighSchool
,255691,Tom Maginness,North Carolina,P,,,,2022,HighSchool
,255694,Liam Boyd,North Carolina,K,,,,2022,HighSchool
5084751,255975,Marcus Lye,Northern Arizona,K,,,,2022,HighSchool
,255695,Reggie Love II,North Carolina,CB,,,,2022,HighSchool
5084729,255970,BJ Fleming,Northern Arizona,WR,,,,2022,HighSchool
5084584,256164,Micah Gay,Tennessee State,LB,,,,2022,HighSchool
5084589,256169,Logan McGraw,Tennessee State,LB,,,,2022,HighSchool
5084049,256201,Ashton Taylor,Tennessee Tech,LB,,,,2022,HighSchool
5084054,256200,Justin Pegues,Tennessee Tech,RB,,,,2022,HighSchool
,255696,Damon Bremer,North Carolina,ATH,,,,2022,HighSchool
,255734,Chase Buckingham,Washington State,LB,,,,2022,HighSchool
,255735,Gauge Machado,Washington State,IOL,,,,2022,HighSchool
,255697,Nicky Sodano,North Carolina,K,,,,2022,HighSchool
5083726,256204,MJ Flowers,Eastern Illinois,RB,,,,2022,HighSchool
5083747,256203,Justin Bowick,Eastern Illinois,WR,,,,2022,HighSchool
,255830,Jamari Broady,Charlotte,CB,,,,2022,HighSchool
5083730,256202,NiJhay Burt,Eastern Illinois,RB,,,,2022,HighSchool
5083733,256206,Mike Smith Jr.,Eastern Illinois,CB,,,,2022,HighSchool
,255827,Lane Williams,New Mexico,OT,,,,2022,HighSchool
5083717,255889,Orion Irving,Sam Houston,OT,,,,2022,HighSchool
5083458,256210,Peyton Strickland,New Hampshire,TE,,,,2022,HighSchool
,255698,Luke Dunne,Oregon,P,,,,2022,HighSchool
,255736,Peter Eyabi,Washington State,ATH,,,,2022,HighSchool
,255704,Aden Cannon,Indiana,EDGE,,,,2022,HighSchool
,255713,Bryce Kissi,Rutgers,WR,,,,2022,HighSchool
5082953,255770,Anthony Venneri,Buffalo,P,,,,2022,HighSchool
,255718,Joseph Hagman,Baylor,RB,,,,2022,HighSchool
,255748,Garrick Ponder,Southern Miss,LB,,,,2022,HighSchool
5082199,255928,Isaiah Villanueva,North Texas,IOL,,,,2022,HighSchool
,255720,Luca Lombardo,Boston College,K,,,,2022,HighSchool
,255751,Keaton Schultz,SMU,IOL,,,,2022,HighSchool
5082249,255753,Brannan Mannix,Colorado State,S,,,,2022,HighSchool
,255722,Angel Toombs,Wisconsin,TE,,,,2022,HighSchool
,255723,Derrick Carroll,TCU,LB,,,,2022,HighSchool
,255754,Marshon Oxley,Colorado State,EDGE,,,,2022,HighSchool
5082179,255835,James Maloney,Army,OT,,,,2022,HighSchool
,255725,Dalton Carnes,Houston,WR,,,,2022,HighSchool
5081970,255686,Graham Gillespie,Texas,S,,,,2022,HighSchool
5082039,255810,JaDarious Lee,Florida International,IOL,,,,2022,HighSchool
,255755,Herman Brister III,Air Force,ATH,,,,2022,HighSchool
5082019,255938,Riley Thompson,Florida Atlantic,P,,,,2022,HighSchool
5082040,255808,Ashton Rivera,Florida International,IOL,,,,2022,HighSchool
5082030,255809,Larry Preston,Florida International,CB,,,,2022,HighSchool
5081766,255791,Jason Albritton,South Florida,RB,,,,2022,HighSchool
5081781,255817,Jacob Porter,Temple,EDGE,,,,2022,HighSchool
5081779,255819,Johnny Pergine,Temple,WR,,,,2022,HighSchool
4917302,255746,Shadre Hurst,Tulane,OT,,,,2022,HighSchool
4916387,255939,Tyhler Williams,Akron,IOL,,,,2022,HighSchool
,255987,Jakob Lentz,Grand Valley State,OT,,,,2022,HighSchool
,255756,Kevin Miniefield,Air Force,ATH,,,,2022,HighSchool
4917310,255879,Zylan Perry,Louisiana,ATH,,,,2022,HighSchool
,255757,Caden Camese,,DL,,,,2022,HighSchool
4917296,256029,Jacob Barrick,Jacksonville State,EDGE,,,,2022,HighSchool
,255730,Kash Amos,USC,DL,,,,2022,HighSchool
,255758,Mario Crawford Jr.,Air Force,EDGE,,,,2022,HighSchool
4917288,255940,Charles Kellom,Akron,RB,,,,2022,HighSchool
,255986,Charles Wilson,Grand Valley State,S,,,,2022,HighSchool
,255760,Dylan Evans,Air Force,WR,,,,2022,HighSchool
4916983,256033,Hayden Zepp,Jacksonville State,IOL,,,,2022,HighSchool
,255761,Tristan Wiley,Air Force,WR,,,,2022,HighSchool
,255762,Kurt Chesney,Air Force,LS,,,,2022,HighSchool
,255763,Lukia Rawls,Air Force,DL,,,,2022,HighSchool
,255764,Brent Winfree,Air Force,DL,,,,2022,HighSchool
,255765,Levi Brown,Air Force,S,,,,2022,HighSchool
4912238,255777,Turner Helton,Western Kentucky,QB,,,,2022,HighSchool
,255766,Zach Juckel,Air Force,LB,,,,2022,HighSchool
,255767,KJ Truehill,Air Force,CB,,,,2022,HighSchool
4912229,255855,Palmer Domschke,Western Michigan,K,,,,2022,HighSchool
,255768,Beau Edwards,Air Force,DL,,,,2022,HighSchool
,255985,Matthew Hahn,Grand Valley State,IOL,,,,2022,HighSchool
4912337,256252,Justin Eaglin,James Madison,CB,,,,2022,HighSchool
4912341,256255,Anthony Johnson,James Madison,WR,,,,2022,HighSchool
4912271,255825,Bryson Taylor,New Mexico,CB,,,,2022,HighSchool
4912335,255884,Connor Cook,Tulsa,LS,,,,2022,HighSchool
,255984,Antwan Blackshear,Grand Valley State,DL,,,,2022,HighSchool
,255983,Cooper Phillips,Grand Valley State,OT,,,,2022,HighSchool
4912236,255826,Hunter Haemker,New Mexico,LB,,,,2022,HighSchool
4912298,255820,Antwon Jackson,Liberty,CB,,,,2022,HighSchool
,255789,Joseph Auzenne,Louisiana Tech,DL,,,,2022,HighSchool
4912283,255806,Jagger Filippone,Wyoming,OT,,,,2022,HighSchool
,255982,Jeff Burton,Grand Valley State,OT,,,,2022,HighSchool
,255792,Jonathan Ross,South Florida,EDGE,,,,2022,HighSchool
,255981,Khalil Eichelberger,Grand Valley State,RB,,,,2022,HighSchool
,255795,Chase Riedel,Toledo,IOL,,,,2022,HighSchool
,255796,CC Ezirim,Toledo,TE,,,,2022,HighSchool
,255799,Karson Keiser,New Mexico State,QB,,,,2022,HighSchool
4912338,256248,Aiden Fisher,James Madison,LB,,,,2022,HighSchool
4912172,255741,Maximilian Von Marburg,Syracuse,P,,,,2022,HighSchool
,255980,Jaylin Caldwell,Grand Valley State,OT,,,,2022,HighSchool
,255812,Rainey Raashaun,Florida International,DL,,,,2022,HighSchool
,255956,Alex McDonald,Youngstown State,EDGE,,,,2022,HighSchool
,255954,George Linberger,Youngstown State,ATH,,,,2022,HighSchool
,255951,Xavier Bausley,,OT,,,,2022,HighSchool
,255968,Luke Kotat,North Dakota State,TE,,,,2022,HighSchool
,255927,Michael Whitaker,UTEP,RB,,,,2022,HighSchool
,255926,AJ Barton,UTEP,OT,,,,2022,HighSchool
,255925,AJ Barton,UTEP,OT,,,,2022,HighSchool
,255912,Tahjae Mullix,,EDGE,,,,2022,HighSchool
,255908,Alex McCalop,Navy,EDGE,,,,2022,HighSchool
,255907,Michael Reemts,Navy,IOL,,,,2022,HighSchool
,255905,Micah Barnett,Navy,IOL,,,,2022,HighSchool
,255853,Greg Johnson,Hawai'i,CB,,,,2022,HighSchool
,255852,Makanale'a Meyer,Hawai'i,WR,,,,2022,HighSchool
,255904,Justice Rider,Navy,DL,,,,2022,HighSchool
,255902,Cameron Nichols,Navy,IOL,,,,2022,HighSchool
,255901,Tanner Call,Navy,SDE,,,,2022,HighSchool
,255848,Henry Appleton,Army,IOL,,,,2022,HighSchool
,255899,Tyler Baker,Navy,QB,,,,2022,HighSchool
,255847,Samari Howard,Army,RB,,,,2022,HighSchool
,255898,Denim Edwards,Navy,RB,,,,2022,HighSchool
,255846,Tyler Lee,Army,OT,,,,2022,HighSchool
,255845,RJ De Madet,Army,CB,,,,2022,HighSchool
,255897,Tyler Morris,Navy,ATH,,,,2022,HighSchool
,255843,Ryan Nolan,Army,S,,,,2022,HighSchool
,255883,Zachary Nielsen,Tulsa,LB,,,,2022,HighSchool
,255842,Cale Hellums,Army,QB,,,,2022,HighSchool
,255841,Trenton White,Army,RB,,,,2022,HighSchool
,255882,Magnus von Saldern,Massachusetts,DL,,,,2022,HighSchool
,255840,Corey Singleton Jr.,Army,RB,,,,2022,HighSchool
,255957,Shane Keenan,Youngstown State,DL,,,,2022,HighSchool
,255836,Steven Powers,Army,LB,,,,2022,HighSchool
,255834,Elo Modozie,Army,EDGE,,,,2022,HighSchool
,255833,Holden Sapp,Army,LB,,,,2022,HighSchool
,255863,Owen Harmon,Grambling,TE,,,,2022,HighSchool
,255977,Davon Tyler,Northern Arizona,QB,,,,2022,HighSchool
,255813,NaQuari Rogers,Campbell,RB,,,,2022,HighSchool
,255909,Ja'marcus Piper,Navy,LB,,,,2022,HighSchool
,256079,Kyree Hammond,Mercer,S,,,,2022,HighSchool
4403581,256052,Brenden Hall,Florida A&M,WR,,,,2022,HighSchool
,256113,Logan Ridolph,Missouri State,OT,,,,2022,HighSchool
,256151,Maddox Epperson,Furman,IOL,,,,2022,HighSchool
,256157,Blaise Tita,Lamar,LB,,,,2022,HighSchool
,256158,Emmanuel Oguns,Lamar,EDGE,,,,2022,HighSchool
,256159,Jayden Madkins,Lamar,DL,,,,2022,HighSchool
,256167,Austin Yelder,Tennessee State,LB,,,,2022,HighSchool
,256187,Myles Saulsberry,Southeast Missouri State,DL,,,,2022,HighSchool
,256188,Jeremiah Connelly,Bethune-Cookman,CB,,,,2022,HighSchool
,256195,JaQuel Mack,Northwestern State,LB,,,,2022,HighSchool
,256199,Gerald Kilgore,Tennessee Tech,QB,,,,2022,HighSchool
,256175,Robby Mandel,Rhode Island,OT,,,,2022,HighSchool
,256266,Jerrell Wimbley,Stephen F. Austin,RB,,,,2022,HighSchool
,256267,Benneth Nnanna,Stephen F. Austin,IOL,,,,2022,HighSchool
,256268,Amari Deason,Stephen F. Austin,DL,,,,2022,HighSchool
,256274,Jake Dixon,Duquesne,OT,,,,2022,HighSchool
,256275,Christian Kuntz,Duquesne,LS,,,,2022,HighSchool
,256215,Rodney Nelson,Monmouth,RB,,,,2022,HighSchool
,256222,Demetrie Morgan,Alabama A&M,EDGE,,,,2022,HighSchool
,256223,Jalen Wright,Alabama A&M,LB,,,,2022,HighSchool
,256236,Scott Pfieffer,Houston Christian,QB,,,,2022,HighSchool
,256241,Joel Castleberry,UT Martin,CB,,,,2022,HighSchool
,256067,Jace Sifore,South Dakota State,DL,,,,2022,HighSchool
,256062,Cade Borud,North Dakota,IOL,,,,2022,HighSchool
,256061,Zach Palmer-Smith,Richmond,RB,,,,2022,HighSchool
,256059,Camden Coleman,Richmond,QB,,,,2022,HighSchool
,256021,Laderius Fitts,Austin Peay,CB,,,,2022,HighSchool
,256050,Rowan Briggs,Southeastern Louisiana,DL,,,,2022,HighSchool
,256049,Kaleb Proctor,Southeastern Louisiana,DL,,,,2022,HighSchool
,256019,Ethan Caselberry,Austin Peay,LB,,,,2022,HighSchool
5094031,256037,Leo Bluhm,Yale,IOL,,,,2022,HighSchool
5094030,256036,Michael Bennett III,Yale,OT,,,,2022,HighSchool
5094035,256038,Wilhelm Daal II,Yale,RB,,,,2022,HighSchool
5093757,256257,Anisi Purcell,Southern Utah,DL,,,,2022,HighSchool
,256034,Bronson Laney,Jacksonville State,IOL,,,,2022,HighSchool
5093392,256007,Conner Moore,Montana State,OT,,,,2022,HighSchool
5092322,255823,Dominic Dutton,Old Dominion,WR,,,,2022,HighSchool
5092328,255824,Jahleel Culbreath,Old Dominion,LB,,,,2022,HighSchool
5092287,255858,Muaaz Byard,Middle Tennessee,LB,,,,2022,HighSchool
,256048,Ian Conerly-Goodly,Southeastern Louisiana,S,,,,2022,HighSchool
5089578,255917,Wisdom Simms,Western Carolina,DL,,,,2022,HighSchool
5089886,255859,Ashanti Cole,Grambling,OT,,,,2022,HighSchool
5089885,255861,Dalton Lyons,Grambling,IOL,,,,2022,HighSchool
5089863,255860,Norey Johnson,Grambling,S,,,,2022,HighSchool
,255989,Aleks Popovic,Grand Valley State,ATH,,,,2022,HighSchool
5089561,255913,Antarron Turner,Western Carolina,LB,,,,2022,HighSchool
,255988,Kellen Reed,Grand Valley State,WR,,,,2022,HighSchool
5089568,255920,Evan Carney,Western Carolina,OT,,,,2022,HighSchool
5089536,255919,Hayward McQueen,Western Carolina,LB,,,,2022,HighSchool
4838538,255869,Zyere Horton,Georgia Southern,LB,,,,2022,HighSchool
5084135,255850,Pofele Ashlock,Hawai'i,WR,,,,2022,HighSchool
4912358,256250,Tyrique Tucker,James Madison,DL,,,,2022,HighSchool
4840123,255873,Nate Lewis,Georgia Southern,IOL,,,,2022,HighSchool
5084520,256288,Javis Mynatt,Wofford,CB,,,,2022,HighSchool
5082456,255880,Carter Milliron,Louisiana,LS,,,,2022,HighSchool
5097521,255699,Jack Kautz,Missouri,LS,,,,2022,HighSchool
4838673,255994,Isaiah Abbey,Harvard,RB,,,,2022,HighSchool
4840121,255821,A'Khori Jones,Liberty,CB,,,,2022,HighSchool
5095838,256226,Kendrick DuJour,North Carolina Central,EDGE,,,,2022,HighSchool
5088438,256139,Mi'Quise Humphrey-Grace,South Dakota,DL,,,,2022,HighSchool
4839493,255710,Ethan Joseph,Arkansas,ATH,,,,2022,HighSchool
5081434,255689,Trent Pearman,Clemson,QB,,,,2022,HighSchool
4838687,255872,Treston Jordan,Georgia Southern,S,,,,2022,HighSchool
5083819,256280,Nathan Natoli,Bucknell,OT,,,,2022,HighSchool
5083468,256170,Joey Cheshire,Cornell,LB,,,,2022,HighSchool
4838674,255775,Wyatt Anderson,Western Kentucky,IOL,,,,2022,HighSchool
4840113,255971,Chase Belcher,Northern Arizona,RB,,,,2022,HighSchool
5085515,256134,Maxwell Wentz,Dartmouth,IOL,,,,2022,HighSchool
5085505,256133,Sean Ward,Dartmouth,TE,,,,2022,HighSchool
4838269,255867,Omari Arnold,Georgia Southern,RB,,,,2022,HighSchool
4912354,256245,Jo Simmons,James Madison,IOL,,,,2022,HighSchool
5086143,256081,Ben Bogle,Southern Illinois,LB,,,,2022,HighSchool
5084754,255972,Tyler Wigglesworth,Northern Arizona,LS,,,,2022,HighSchool
4917498,255877,Kaden Moreau,Louisiana,OT,,,,2022,HighSchool
5093837,255701,Chris Hunter,Arizona,WR,,,,2022,HighSchool
5089545,255911,De'Andre Tamarez,Western Carolina,WR,,,,2022,HighSchool
5084582,256166,Jordan Gant,Tennessee State,RB,,,,2022,HighSchool
5098514,256165,Boogie Trotter,Tennessee State,CB,,,,2022,HighSchool
4907573,255875,Dalen Cobb,Georgia Southern,WR,,,,2022,HighSchool
4917485,256247,Chauncey Logan Jr.,James Madison,CB,,,,2022,HighSchool
5083380,256060,Parker Mitchell,Richmond,OT,,,,2022,HighSchool
4833587,255888,James Dawn,Sam Houston,IOL,,,,2022,HighSchool
4893102,115524,Amariyun Knighten,Northern Illinois,CB,3,0.8115,,2022,HighSchool
5093390,256006,Omar Aigbedion,Montana State,IOL,,,,2022,HighSchool
4833172,255993,Jackson Newville,Harvard,OG,,,,2022,HighSchool
4889935,255953,Julian Jackson,Youngstown State,IOL,,,,2022,HighSchool
4833240,256234,Nathan Livingston,Houston Christian,RB,,,,2022,HighSchool
4914368,255798,Gavin Frakes,New Mexico State,QB,,,,2022,HighSchool
5097713,255997,Jack Burgess,Weber State,P,,,,2022,HighSchool
4837158,256150,Dylan Chiedo,Furman,LB,,,,2022,HighSchool
5084732,255976,Tre Moore,Northern Arizona,S,,,,2022,HighSchool
5084728,255973,Edward Rhambo,Northern Arizona,CB,,,,2022,HighSchool
4912197,255922,Nathanial Vakos,Ohio,K,,,,2022,HighSchool
5085725,256117,JJ O'Neal,Missouri State,S,,,,2022,HighSchool
5083448,256208,Kevin Gallic,New Hampshire,LS,,,,2022,HighSchool
5085232,255712,Tanner Johnson,Mississippi State,S,,,,2022,HighSchool
5083898,256153,Alex Mitchell,Chattanooga,LB,,,,2022,HighSchool
4912356,256253,Amar Thomas,James Madison,EDGE,,,,2022,HighSchool
5084386,256272,Nick Hudson,Brown,CB,,,,2022,HighSchool
5082990,255750,Hudson Powell,Miami (OH),LS,,,,2022,HighSchool
5092811,256073,CJ Miller,Mercer,RB,,,,2022,HighSchool
5083788,256185,Jamarcus Hill,Southeast Missouri State,OT,,,,2022,HighSchool
5092816,256074,Isaac Prince,Mercer,LB,,,,2022,HighSchool
4837194,256218,Jaylan Sanchez,Villanova,WR,,,,2022,HighSchool
5087131,256273,Ty Howard,Duquesne,LB,,,,2022,HighSchool
4911930,256256,Trent Hendrick,James Madison,LB,,,,2022,HighSchool
5085397,255727,Mitch McCarthy,UCF,P,,,,2022,HighSchool
4911931,256246,Carter Miller,James Madison,IOL,,,,2022,HighSchool
5086141,256082,Desman Hearns,Southern Illinois,S,,,,2022,HighSchool
5083824,256277,John Ohnegian,Bucknell,IOL,,,,2022,HighSchool
5083802,256281,Alex Brown,Bucknell,QB,,,,2022,HighSchool
5092477,255849,Nick Cenacle,Hawai'i,WR,,,,2022,HighSchool
4911932,255868,Jet Thompson,Georgia Southern,WR,,,,2022,HighSchool
5083813,256278,Jack Goheen,Bucknell,LB,,,,2022,HighSchool
5085367,255943,Dillon Williams,Central Arkansas,CB,,,,2022,HighSchool
5098702,256110,Jordan Jeudy,Morgan State,DL,,,,2022,HighSchool
5083472,256171,Ben Sahakian,Cornell,EDGE,,,,2022,HighSchool
5085503,256128,Grayson O'Bara,Dartmouth,WR,,,,2022,HighSchool
5084798,256231,Ismail Mahdi,Houston Christian,RB,,,,2022,HighSchool
5085519,256135,Delby Lemieux,Dartmouth,IOL,,,,2022,HighSchool
5083739,256207,Carson Fichtel,Eastern Illinois,IOL,,,,2022,HighSchool
4907543,255874,Marcus Sanders,Georgia Southern,WR,,,,2022,HighSchool
4917324,255886,Kyron Grayson,Tulsa,CB,,,,2022,HighSchool
4917314,255797,Will Thomas,New Mexico State,OT,,,,2022,HighSchool
4917399,255933,Alejandro Mata,Jackson State,K,,,,2022,HighSchool
4917323,255865,Elhadj Fall,Georgia Southern,DL,,,,2022,HighSchool
4917372,255818,Antwone Santiago,Temple,LB,,,,2022,HighSchool
4917326,255885,Vontroy Malone,Tulsa,DL,,,,2022,HighSchool
4917353,256032,Jabari Mack,Jacksonville State,CB,,,,2022,HighSchool
4917499,255878,Trent Murphy,Louisiana,IOL,,,,2022,HighSchool
4917362,255779,Trent Zappe,Western Kentucky,LB,,,,2022,HighSchool
4917421,255788,Nevan Cremascoli,Northern Illinois,QB,,,,2022,HighSchool
4917490,255752,Nuer Gatkuoth,Colorado State,LB,,,,2022,HighSchool
4917321,255787,Andre Cobb,Northern Illinois,CB,,,,2022,HighSchool
4917450,255866,Latrell Bullard,Georgia Southern,DL,,,,2022,HighSchool
5086169,256058,Losini Maka,Georgetown,IOL,,,,2022,HighSchool
4890204,256209,Nick Mazzie,New Hampshire,K,,,,2022,HighSchool
5094689,255801,Nikhil Webb Walker,New Mexico State,DL,,,,2022,HighSchool
5080707,255706,Hunter Talley,Arkansas,ATH,,,,2022,HighSchool
5080712,255708,Kai Hamilton,Arkansas,IOL,,,,2022,HighSchool
5080715,255707,Kamron Bibby,Arkansas,WR,,,,2022,HighSchool
4749271,256040,Justin Smith-Brown,South Carolina State,WR,,,,2022,HighSchool
5081240,255831,Xander Lamb,Charlotte,WR,,,,2022,HighSchool
5081245,255828,Omari Orgertrice,Charlotte,S,,,,2022,HighSchool
5086986,256198,Gideon Lampron,Dayton,LB,,,,2022,HighSchool
5081241,255829,Johnny Martin,Charlotte,RB,,,,2022,HighSchool
5081220,255703,Mac Walters,South Carolina,OT,,,,2022,HighSchool
5086178,256056,Max McCormick,Georgetown,TE,,,,2022,HighSchool
5089875,255862,Tahj Martin,Grambling,IOL,,,,2022,HighSchool
5081532,255906,Mike Raney,Navy,IOL,,,,2022,HighSchool
5082123,255839,Charlie Barnett,Army,K,,,,2022,HighSchool
5082126,255837,Mason Davis,Army,DL,,,,2022,HighSchool
5082141,255838,Michael Davis,Army,WR,,,,2022,HighSchool
5082437,255743,David Portu,Coastal Carolina,EDGE,,,,2022,HighSchool
5082398,256249,Brent Austin,James Madison,CB,,,,2022,HighSchool
5082404,256251,Erick Harris,James Madison,WR,,,,2022,HighSchool
5082414,255771,Tony Harris,App State,CB,,,,2022,HighSchool
5082424,255742,Dominic Zvada,Arkansas State,K,,,,2022,HighSchool
5082407,255772,Connor Barry,App State,QB,,,,2022,HighSchool
5082621,255749,Caden Kellow,Utah State,LS,,,,2022,HighSchool
5082590,255747,Kayden Collins,San José State,RB,,,,2022,HighSchool
5082584,255979,DJ Epps,Troy,WR,,,,2022,HighSchool
5087700,256053,Vincent Genatone,Montana,LB,,,,2022,HighSchool
5083184,255930,Tyson Jacobson,Idaho,LS,,,,2022,HighSchool
5083187,255929,Jack Foster,Idaho,OT,,,,2022,HighSchool
5083610,256161,Jake Ferree,Lamar,EDGE,,,,2022,HighSchool
5083396,256174,Syeed Gibbs,Rhode Island,CB,,,,2022,HighSchool
5083415,256283,Xadrian Huerta,Columbia,RB,,,,2022,HighSchool
5083308,255923,Austin Brawley,Ohio,WR,,,,2022,HighSchool
5083430,256284,Edan Stagg,Columbia,WR,,,,2022,HighSchool
5083425,256282,Mark Chapman,Columbia,IOL,,,,2022,HighSchool
5083443,256211,Will Tracey,New Hampshire,WR,,,,2022,HighSchool
5083632,256163,Bo Baker,Lamar,ATH,,,,2022,HighSchool
5083677,256292,Richard Myers III,Indiana State,OT,,,,2022,HighSchool
5083652,256291,Kai Rios,Indiana State,TE,,,,2022,HighSchool
5083706,255887,Sylas Gomez,Sam Houston,QB,,,,2022,HighSchool
5083894,256152,Camden Overton-Howard,Chattanooga,TE,,,,2022,HighSchool
5083885,256092,Christian Richter,Lehigh,OT,,,,2022,HighSchool
5083900,256155,Andrew Southard,Chattanooga,K,,,,2022,HighSchool
5083895,256154,Lukas Schomburg,Chattanooga,QB,,,,2022,HighSchool
5087196,256065,Jett Sutton,North Dakota,S,,,,2022,HighSchool
5084134,255851,Chuuky Hines,Hawai'i,WR,,,,2022,HighSchool
5087170,255960,Caleb Bowers,North Dakota State,LS,,,,2022,HighSchool
5084183,255800,Kheagian Heckaman,New Mexico State,QB,,,,2022,HighSchool
5096976,256180,Nahamani Harris,Texas Southern,CB,,,,2022,HighSchool
5084404,256104,Liam O'Brien,Pennsylvania,QB,,,,2022,HighSchool
5084196,255803,Deven Dyer,New Mexico State,DL,,,,2022,HighSchool
5084409,256099,Jared Richardson,Pennsylvania,WR,,,,2022,HighSchool
5084343,256269,Anas Luqman,Arkansas-Pine Bluff,LB,,,,2022,HighSchool
5084564,256182,Jaylen George,East Tennessee State,DL,,,,2022,HighSchool
5084519,256290,Rickie Shaw,Wofford,WR,,,,2022,HighSchool
5084549,256184,Tyree Rainey,East Tennessee State,S,,,,2022,HighSchool
5084824,256233,Nolan Hay,Houston Christian,OT,,,,2022,HighSchool
5084793,256230,Caleb Flagg,Houston Christian,S,,,,2022,HighSchool
5084819,256238,Jacoby Brass,Houston Christian,EDGE,,,,2022,HighSchool
5084802,256232,AJ Wilson,Houston Christian,WR,,,,2022,HighSchool
5084796,256237,Caleb King,Houston Christian,S,,,,2022,HighSchool
5084813,256239,Josh McCarter,Houston Christian,TE,,,,2022,HighSchool
5084794,256235,Joshua McMillan,Houston Christian,WR,,,,2022,HighSchool
5085238,255711,Marlon Hauck,Mississippi State,K,,,,2022,HighSchool
5084421,256097,Netinho Olivieri,Pennsylvania,OT,,,,2022,HighSchool
5084408,256100,Bisi Owens,Pennsylvania,WR,,,,2022,HighSchool
5085129,255744,Ian VerSteeg,Wake Forest,WR,,,,2022,HighSchool
5085382,255945,Isaiah King,Central Arkansas,WR,,,,2022,HighSchool
5085383,255947,Triston Edwards,Central Arkansas,WR,,,,2022,HighSchool
5085385,255944,Samuel Horton,Central Arkansas,DL,,,,2022,HighSchool
5085430,255776,Reid Jamerson,Western Kentucky,EDGE,,,,2022,HighSchool
5085432,255774,Manny Moss,Western Kentucky,S,,,,2022,HighSchool
5085433,255773,Frank Naughton,Western Kentucky,LS,,,,2022,HighSchool
5085498,256130,Zyion Freer-Brown,Dartmouth,LB,,,,2022,HighSchool
5085509,256127,Chris Corbo,Dartmouth,TE,,,,2022,HighSchool
5085501,256132,Patrick Campbell,Dartmouth,CB,,,,2022,HighSchool
5085511,256129,Thaddeus Gianaris,Dartmouth,EDGE,,,,2022,HighSchool
5085514,256131,Dakota Quinonez,Dartmouth,DL,,,,2022,HighSchool
5085631,256001,Marvin Session,Weber State,WR,,,,2022,HighSchool
5085800,256216,Shalik Hubbard,Monmouth,IOL,,,,2022,HighSchool
5085726,256112,Kaleb Peleki,Missouri State,DL,,,,2022,HighSchool
5085733,256118,Cash Hudson,Missouri State,IOL,,,,2022,HighSchool
5095134,256294,Mofe Adewole,Robert Morris,IOL,,,,2022,HighSchool
5085740,256116,Jayson McGaskey-Caldwell,Missouri State,EDGE,,,,2022,HighSchool
5085769,256005,Cole Filloon,Northern Iowa,WR,,,,2022,HighSchool
5095112,256295,Zach Tanner,Robert Morris,QB,,,,2022,HighSchool
5085766,256004,Gavin Proudfoot,Northern Iowa,OT,,,,2022,HighSchool
5086031,255738,Niki Prongos,UCLA,IOL,,,,2022,HighSchool
5085950,256137,Cole Kozlowski,Colgate,LB,,,,2022,HighSchool
5085935,256240,Charles Perkins,UT Martin,DL,,,,2022,HighSchool
5085948,256138,Will Cornwell,Colgate,CB,,,,2022,HighSchool
5088418,256144,Tyler Ebel,South Dakota,P,,,,2022,HighSchool
5086161,256054,Jaden Dugger,Georgetown,S,,,,2022,HighSchool
5086142,256080,Charles Young,Southern Illinois,S,,,,2022,HighSchool
5086149,256083,Brian Brown,Southern Illinois,WR,,,,2022,HighSchool
5086151,256084,Chase Reeves,Southern Illinois,K,,,,2022,HighSchool
5086180,256055,Mateen Ibirogba,Georgetown,EDGE,,,,2022,HighSchool
5087159,255964,Darius Givance,North Dakota State,LB,,,,2022,HighSchool
5083285,256219,Tanner Maddocks,Villanova,QB,,,,2022,HighSchool
5085612,256000,Damario Parks-Vinson,Weber State,ATH,,,,2022,HighSchool
5085616,255999,Montae Pate,Weber State,CB,,,,2022,HighSchool
5087336,256243,RJ Chapman,Towson,CB,,,,2022,HighSchool
5087343,256242,Dan Volpe,Towson,OT,,,,2022,HighSchool
5088414,256140,Gary Bryant III,South Dakota,LB,,,,2022,HighSchool
5088411,256145,Cergio Perez,South Dakota,PRO,,,,2022,HighSchool
5088427,256146,Colton Rada,South Dakota,IOL,,,,2022,HighSchool
5088412,256147,Dominic Reaves,South Dakota,CB,,,,2022,HighSchool
5088961,256090,Ryan Kean,Utah Tech,LS,,,,2022,HighSchool
5088911,256111,Zeke Long,Morgan State,ATH,,,,2022,HighSchool
5088941,256089,Justin Kirkland,Utah Tech,DL,,,,2022,HighSchool
5089287,256107,Carter Gorder,Western Illinois,IOL,,,,2022,HighSchool
5082119,255844,Anderson Britton,Army,K,,,,2022,HighSchool
5091753,255978,Fabian Rogosch,Troy,EDGE,,,,2022,HighSchool
5089562,255914,Justin Wallace,Western Carolina,DL,,,,2022,HighSchool
5091516,256043,Simion Hines,UL Monroe,CB,,,,2022,HighSchool
4834815,255709,Kyle Thompson,Arkansas,DL,,,,2022,HighSchool
5085268,256028,Larry Worth III,Jacksonville State,LB,,,,2022,HighSchool
5091792,256263,Anthony Jackson,Stephen F. Austin,DL,,,,2022,HighSchool
5091798,256265,Nick Hallmon,Stephen F. Austin,CB,,,,2022,HighSchool
5091799,256262,Ryan Williams,Stephen F. Austin,LB,,,,2022,HighSchool
5091804,256264,Micah Leejay,Stephen F. Austin,LB,,,,2022,HighSchool
5091791,256261,Kylon Harris,Stephen F. Austin,WR,,,,2022,HighSchool
5091788,256260,Aaron Sears,Stephen F. Austin,CB,,,,2022,HighSchool
5092432,255717,Sam Gadie,Rutgers,EDGE,,,,2022,HighSchool
5089549,255916,Malik Knight,Western Carolina,WR,,,,2022,HighSchool
5092440,255716,Ryan Russo,Rutgers,LB,,,,2022,HighSchool
5080704,255705,Rykar Acebo,Arkansas,QB,,,,2022,HighSchool
5092433,255714,Timmy Hinspeter,Rutgers,LB,,,,2022,HighSchool
5092439,255715,David Onuoha,Rutgers,EDGE,,,,2022,HighSchool
5094047,256035,Joshua Tarver,Yale,S,,,,2022,HighSchool
5084310,256270,Kenji Lewis,Arkansas-Pine Bluff,WR,,,,2022,HighSchool
5095078,256121,Mel Brown,Gardner-Webb,RB,,,,2022,HighSchool
5094593,256051,Chris Williams,Florida A&M,IOL,,,,2022,HighSchool
5095089,256123,Aaron McIver,Gardner-Webb,IOL,,,,2022,HighSchool
5094686,255802,RJ Chakolis,New Mexico State,LB,,,,2022,HighSchool
5095075,256126,Glenn Rice,Gardner-Webb,QB,,,,2022,HighSchool
5095071,256120,Darius Johnson Jr.,Gardner-Webb,CB,,,,2022,HighSchool
5095081,256124,Jecari Bryson,Gardner-Webb,LB,,,,2022,HighSchool
5095091,256122,Evan Ferguson,Gardner-Webb,IOL,,,,2022,HighSchool
5095252,256041,Tamorye Thompson,South Carolina State,EDGE,,,,2022,HighSchool
5095260,256042,Shamontae Burgess,South Carolina State,ATH,,,,2022,HighSchool
5095245,256039,Andre Washington,South Carolina State,QB,,,,2022,HighSchool
5083431,256285,Jordan Kelley,Columbia,WR,,,,2022,HighSchool
5096966,256179,Oscar Gordon,Texas Southern,QB,,,,2022,HighSchool
5096991,256181,Tadderick Mathis,Texas Southern,IOL,,,,2022,HighSchool
5097055,255811,Bo Blanchard,Florida International,OT,,,,2022,HighSchool
5096994,256176,Dennis Jones,Texas Southern,OT,,,,2022,HighSchool
5096987,256178,Isaiah Bogerty,Texas Southern,EDGE,,,,2022,HighSchool
5096990,256177,Brian Booker,Texas Southern,DL,,,,2022,HighSchool
5097480,255687,Kolin Dinkins,Penn State,CB,,,,2022,HighSchool
5098200,256212,Blake Cotton,UC Davis,CB,,,,2022,HighSchool
5099135,255932,Kristopher Cassel,Jackson State,DL,,,,2022,HighSchool
5104968,256259,Gabe Nunez,Southern Utah,WR,,,,2022,HighSchool
5112995,255958,Kai Rapolla,Cal Poly,CB,,,,2022,HighSchool
5086631,255702,Devin Dunn,Arizona,S,,,,2022,HighSchool
560144,256030,Darrell Prater,Jacksonville State,DL,,,,2022,HighSchool
5083604,256162,Du'Wayne Paulhill,Lamar,S,,,,2022,HighSchool
5083607,256160,Ian Box,Lamar,DL,,,,2022,HighSchool
5083042,256016,Skyler Locklear,Austin Peay,QB,,,,2022,HighSchool
5083052,256011,Ellis Ellis Jr.,Austin Peay,S,,,,2022,HighSchool
5083871,256095,Michael Jordan,Lehigh,CB,,,,2022,HighSchool
5083811,256279,Donquarius Parker,Bucknell,DL,,,,2022,HighSchool
5083800,256186,Nasim Cairo,Southeast Missouri State,DL,,,,2022,HighSchool
5083881,256094,David LaGanga,Lehigh,LS,,,,2022,HighSchool
5084397,256271,Hayden Bozich,Brown,OT,,,,2022,HighSchool
5084419,256106,Jake Bingham,Pennsylvania,IOL,,,,2022,HighSchool
5084422,256101,Maxwell Freeman,Pennsylvania,IOL,,,,2022,HighSchool
5083048,256013,Jaden Lyles,Austin Peay,CB,,,,2022,HighSchool
5084426,256105,Brady Ioannidis,Pennsylvania,EDGE,,,,2022,HighSchool
5084467,256197,BJ Higgins,Northwestern State,QB,,,,2022,HighSchool
5084468,256194,Hogan Wasson,Northwestern State,ATH,,,,2022,HighSchool
5084415,256103,Jake Davis,Pennsylvania,EDGE,,,,2022,HighSchool
5086168,256057,Trevor Swan,Georgetown,OT,,,,2022,HighSchool
5083067,256020,Ian Poe,Austin Peay,IOL,,,,2022,HighSchool
5083055,256023,Vinay Singh,Austin Peay,LB,,,,2022,HighSchool
5088421,256141,Charles Pierre Jr.,South Dakota,RB,,,,2022,HighSchool
5084963,255857,Harry Webster,Nevada,P,,,,2022,HighSchool
5083047,256024,Tra Stover,Austin Peay,S,,,,2022,HighSchool
5083066,256014,Donovan Haslam,Austin Peay,IOL,,,,2022,HighSchool
5083046,256015,Mike Evans,Austin Peay,CB,,,,2022,HighSchool
5084425,256098,Chase Meyer,Pennsylvania,K,,,,2022,HighSchool
5083044,256018,Jahlani Biddersingh,Austin Peay,WR,,,,2022,HighSchool
5083068,256012,Kenny Odom,Austin Peay,WR,,,,2022,HighSchool
5083070,256017,Kendyle Ball,Austin Peay,DL,,,,2022,HighSchool
5084961,255856,KK Meier,Nevada,S,,,,2022,HighSchool
5087177,255969,Devin Lockerby,North Dakota State,IOL,,,,2022,HighSchool
5085365,255946,Deorius Cobbs,Central Arkansas,ATH,,,,2022,HighSchool
5085274,256026,Jaleel Birdsong,Jacksonville State,LB,,,,2022,HighSchool
5082551,255733,Beau Blankenship,Marshall,WR,,,,2022,HighSchool
5085363,255948,Jaiden Robertson,Central Arkansas,CB,,,,2022,HighSchool
5085369,255949,Jace Benesch,Central Arkansas,LB,,,,2022,HighSchool
5087172,255963,Nathaniel Staehling,North Dakota State,LB,,,,2022,HighSchool
5085378,255942,Zach Cochnauer,Central Arkansas,IOL,,,,2022,HighSchool
5082559,255732,Rece Verhoff,Marshall,K,,,,2022,HighSchool
5085300,256008,Jared White,Montana State,RB,,,,2022,HighSchool
5085379,255950,Will Diggins,Central Arkansas,OT,,,,2022,HighSchool
5093733,256258,Joshua Acord,Southern Utah,TE,,,,2022,HighSchool
5082477,256044,Austin Cartwright,UL Monroe,CB,,,,2022,HighSchool
5085537,255893,Sam Benjamin,Idaho State,DL,,,,2022,HighSchool
5087240,256172,Eddie Kasper,Illinois State,WR,,,,2022,HighSchool
5083234,256047,LaDavion Osborn,Northern Colorado,CB,,,,2022,HighSchool
5082283,255854,Alex Scherle,Rice,TE,,,,2022,HighSchool
5088429,256142,Joe Cotton,South Dakota,OT,,,,2022,HighSchool
5081913,255739,Erwin Nash,Kansas State,WR,,,,2022,HighSchool
5084414,256096,John Lista,Pennsylvania,LB,,,,2022,HighSchool
5087182,255962,Toby Anene,North Dakota State,LB,,,,2022,HighSchool
5102181,256009,AJ Campos,Sacramento State,LS,,,,2022,HighSchool
5102177,256227,Thomas Johnson,North Carolina Central,EDGE,,,,2022,HighSchool
5088431,256143,Jordan Larsen,South Dakota,IOL,,,,2022,HighSchool
5087303,256002,C.J. Wesley,Howard,EDGE,,,,2022,HighSchool
5081504,255896,Blake Horvath,Navy,QB,,,,2022,HighSchool
5081508,255895,Eli Heidenreich,Navy,RB,,,,2022,HighSchool
5084768,255974,Warren-Stevens Tayou,Northern Arizona,DL,,,,2022,HighSchool
5081428,255693,Kody Kovacevic,North Carolina,IOL,,,,2022,HighSchool
5085613,255996,Adrian Cormier,Weber State,RB,,,,2022,HighSchool
5087081,256192,Blake Youngblood,Holy Cross,WR,,,,2022,HighSchool
5085803,256214,Gavin Nelson,Monmouth,WR,,,,2022,HighSchool
5081418,255690,Major Byrd,North Carolina,ATH,,,,2022,HighSchool
5081416,255692,Aiden Cloninger,North Carolina,ATH,,,,2022,HighSchool
5085864,256149,Eli Brasher,Furman,IOL,,,,2022,HighSchool
5086607,255740,Mikey Welsh,San Diego State,WR,,,,2022,HighSchool
4917339,255807,Carson York,Wyoming,LS,,,,2022,HighSchool
5084423,256102,Carter Janki,Pennsylvania,ATH,,,,2022,HighSchool
5087183,255966,Logan Larson,North Dakota State,DL,,,,2022,HighSchool
5086059,255816,Jalen Johnson,Campbell,EDGE,,,,2022,HighSchool
5086117,256088,Brad Gurley Jr.,Eastern Kentucky,DL,,,,2022,HighSchool
5081094,255721,Charlie Weinrich,Nebraska,K,,,,2022,HighSchool
5086063,255815,Joshua Noble,Campbell,OT,,,,2022,HighSchool
5086109,256087,Jeremiah Bailey,Eastern Kentucky,LB,,,,2022,HighSchool
5083292,256221,Eli Smith,Villanova,RB,,,,2022,HighSchool
5086102,256085,Cameron Hergott,Eastern Kentucky,QB,,,,2022,HighSchool
5086111,256086,Anthony Johns,Eastern Kentucky,IOL,,,,2022,HighSchool
4698411,256196,Christian Thomas,Northwestern State,EDGE,,,,2022,HighSchool
5086051,255814,VJ Wilkins,Campbell,WR,,,,2022,HighSchool
5086236,255781,Grayson Curtis,Central Michigan,LS,,,,2022,HighSchool
5086512,256213,David Main,UC Davis,OT,,,,2022,HighSchool
5089548,255918,Samuel Cornett,Western Carolina,QB,,,,2022,HighSchool
5086924,256072,Joshua Benton,North Carolina A&T,S,,,,2022,HighSchool
5086927,256071,Tyshon Bullock,North Carolina A&T,EDGE,,,,2022,HighSchool
5086929,256070,Caleb Jones,North Carolina A&T,DL,,,,2022,HighSchool
5083150,255959,Mason Rivera,Cal Poly,S,,,,2022,HighSchool
5087192,256063,Antonio Bluiett,North Dakota,CB,,,,2022,HighSchool
5087211,256066,Liam Becher,North Dakota,OT,,,,2022,HighSchool
4915714,255737,King Williams,Washington State,CB,,,,2022,HighSchool
5087163,255965,Kelby Azure,North Dakota State,DL,,,,2022,HighSchool
5084535,256287,Blake Shirley,Wofford,LS,,,,2022,HighSchool
5088938,256091,Ilya Uvaydov,Utah Tech,K,,,,2022,HighSchool
4915711,256031,Brad Harper,Jacksonville State,LB,,,,2022,HighSchool
5087214,256064,Brett Kelzenberg,North Dakota,IOL,,,,2022,HighSchool
5159814,255804,Alonzo Brown,Arizona State,WR,,,,2022,HighSchool
5083875,256093,Nick Peltekian,Lehigh,S,,,,2022,HighSchool
5087227,256173,Lavarion Logan,Illinois State,RB,,,,2022,HighSchool
5087299,256003,Kedrick Green,Howard,S,,,,2022,HighSchool
4914329,255892,Jalen Washington,Sam Houston,RB,,,,2022,HighSchool
4912353,255822,Ethan Sanchez,Old Dominion,K,,,,2022,HighSchool
5086219,255782,Jarvarius Sims,Central Michigan,CB,,,,2022,HighSchool
4916954,256027,Jibreel Al-Amin,Jacksonville State,LB,,,,2022,HighSchool
5089180,255724,Darson Herman,Houston,QB,,,,2022,HighSchool
4909259,255864,Chandler Strong,Georgia Southern,IOL,,,,2022,HighSchool
5085513,256136,Joe Onuwabhagbe,Dartmouth,DL,,,,2022,HighSchool
4910849,255890,Gannon Tullos,Sam Houston,LB,,,,2022,HighSchool
4910848,256244,Carter Sweazie,James Madison,IOL,,,,2022,HighSchool
4912342,256254,Wayne Knight,James Madison,RB,,,,2022,HighSchool
5089262,256108,Brayden Hall,Western Illinois,CB,,,,2022,HighSchool
5083804,256276,Roman Pearson,Bucknell,CB,,,,2022,HighSchool
5091252,255745,Travon Sylvester,UTSA,IOL,,,,2022,HighSchool
4910843,255891,Jadarius Brown,Sam Houston,S,,,,2022,HighSchool
5092825,256075,Arias Nash,Mercer,DL,,,,2022,HighSchool
5088417,256148,Mackenson Owens,South Dakota,LB,,,,2022,HighSchool
5092804,256078,Daniel Shoch,Mercer,QB,,,,2022,HighSchool
5092819,256077,Jose Gonzalez,Mercer,IOL,,,,2022,HighSchool
5092668,255719,Hudson Miller,Purdue,LB,,,,2022,HighSchool
5092802,256076,Chris Joines,Mercer,S,,,,2022,HighSchool
4909264,255870,Ky Tayo,Georgia Southern,DL,,,,2022,HighSchool
4837242,256022,Jaiden Giovenco,Austin Peay,OT,,,,2022,HighSchool
4837250,255921,Jeremiah Noel,Western Carolina,S,,,,2022,HighSchool
4837262,255903,King Benford,Navy,ATH,,,,2022,HighSchool
245322,255778,Marcus Patterson,Western Kentucky,EDGE,,,,2022,HighSchool
4909258,255871,Kevin Speed,Georgia Southern,S,,,,2022,HighSchool
5085609,255998,TreyShun Hurry,Weber State,WR,,,,2022,HighSchool
5087747,256286,Jayce Freeman,Stony Brook,ATH,,,,2022,HighSchool
5084551,256183,Jayvon Henderson,East Tennessee State,CB,,,,2022,HighSchool
5095218,255934,Ryan Butler,Princeton,RB,,,,2022,HighSchool
5095107,256125,Jacob Patterson,Gardner-Webb,OT,,,,2022,HighSchool
5083748,256205,Cam Thompson,Eastern Illinois,WR,,,,2022,HighSchool
5095228,255935,Scott Becker,Princeton,IOL,,,,2022,HighSchool
5087164,255961,Nate Forystek,North Dakota State,TE,,,,2022,HighSchool
5095116,256293,Jam Jackson,Robert Morris,CB,,,,2022,HighSchool
5084528,256289,Jalen Marshall,Wofford,LB,,,,2022,HighSchool
4837463,255793,Isiah Davis,UConn,CB,,,,2022,HighSchool
5095828,256229,Trevon Humphrey,North Carolina Central,IOL,,,,2022,HighSchool
5095816,256228,Malcolm Reed,North Carolina Central,S,,,,2022,HighSchool
4837350,255936,Bakari Edwards,Princeton,DL,,,,2022,HighSchool
5095820,256225,Jayden Flaker,North Carolina Central,LB,,,,2022,HighSchool
5095861,255784,Max Lantzsch,East Carolina,TE,,,,2022,HighSchool
5095810,256224,Jason Chambers,North Carolina Central,CB,,,,2022,HighSchool
5097854,256114,Lance Mason,Missouri State,TE,,,,2022,HighSchool
5097852,256119,Cristian Loaiza,Missouri State,OT,,,,2022,HighSchool
5098517,256068,Cullen McShane,South Dakota State,LB,,,,2022,HighSchool
4880721,255894,Greg Johnson II,Navy,ATH,,,,2022,HighSchool
5098783,256109,Blanche Gold,Morgan State,EDGE,,,,2022,HighSchool
4837165,255992,Jaeden Kinlock,Harvard,ILB,,,,2022,HighSchool
4837269,255937,Omari Hayes,Florida Atlantic,WR,,,,2022,HighSchool
4910714,255924,Jarian Shelby,Ohio,IOL,,,,2022,HighSchool
4917266,255786,Charlie Durkin,Kent State,P,,,,2022,HighSchool
5102179,256010,Koa Akui,Sacramento State,S,,,,2022,HighSchool
5085721,256115,Jared Lloyd,Missouri State,LB,,,,2022,HighSchool
4917286,255785,Will Hryszko,Kent State,K,,,,2022,HighSchool
5087167,255967,Kaden Zenzen,North Dakota State,TE,,,,2022,HighSchool
5100519,255952,Nehemiah Dukes,Youngstown State,DL,,,,2022,HighSchool
5083280,256220,Nathaniel Hill,Villanova,WR,,,,2022,HighSchool
5083583,255995,Carter Daly,Harvard,OT,,,,2022,HighSchool
5083226,256045,Marcus Howard,Northern Colorado,EDGE,,,,2022,HighSchool
5083242,256046,Noah Mangham,Northern Colorado,S,,,,2022,HighSchool
5083569,255990,Jaden Craig,Harvard,QB,,,,2022,HighSchool
5083572,255991,Ty Bartrum,Harvard,S,,,,2022,HighSchool
5083591,256156,Zyon Clark,Lamar,S,,,,2022,HighSchool
5083287,256217,Devon Marshall,Villanova,S,,,,2022,HighSchool
