athleteId,id,name,committedTo,position,stars,rating,ranking,year,recruitType
4870906,111247,Arch Manning,Texas,QB,5,0.9995,1,2023,HighSchool
4870879,111248,Keon Keeley,Alabama,EDGE,5,0.9984,2,2023,HighSchool
4870799,111249,Nico Iamaleava,Tennessee,QB,5,0.998,3,2023,HighSchool
,111251,Zachariah Branch,USC,WR,5,0.998,4,2023,HighSchool
4870921,111250,Dante Moore,UCLA,QB,5,0.9977,5,2023,HighSchool
4870706,111253,Caleb Downs,Alabama,S,5,0.9971,6,2023,HighSchool
5160111,111252,DJ Hicks,Texas A&M,DL,5,0.997,7,2023,HighSchool
4870607,111254,Jackson Arnold,Oklahoma,QB,5,0.9963,8,2023,HighSchool
4870976,111256,Kadyn Proctor,Alabama,OT,5,0.996,9,2023,HighSchool
4700136,111255,Francis Mauigoa,Miami,OT,5,0.996,10,2023,HighSchool
4899363,111258,Adepoju Adebawore,Oklahoma,EDGE,5,0.9953,11,2023,HighSchool
4870928,111257,Malachi Nelson,USC,QB,5,0.9951,12,2023,HighSchool
4870920,111260,Cormani McClain,Colorado,CB,5,0.9921,13,2023,HighSchool
4870967,111259,Suntarine Perkins,Ole Miss,LB,5,0.9916,14,2023,HighSchool
5150410,111262,Lance Heard,LSU,OT,5,0.9909,15,2023,HighSchool
5079337,111267,Peyton Bowen,Oklahoma,S,5,0.9908,16,2023,HighSchool
4870922,111261,Duce Robinson,USC,TE,5,0.9907,17,2023,HighSchool
4870805,111265,Anthony Hill Jr.,Texas,LB,5,0.9902,18,2023,HighSchool
4870745,111266,Nyck Harbor,South Carolina,ATH,5,0.9901,19,2023,HighSchool
,216935,Tate Myre,,RB,5,0.99,20,2023,HighSchool
4871089,111263,Damon Wilson II,Georgia,EDGE,5,0.99,21,2023,HighSchool
5158470,111268,Jurrion Dickey,Oregon,WR,5,0.989,22,2023,HighSchool
4870609,111264,CJ Baxter,Texas,RB,5,0.9889,23,2023,HighSchool
4870875,111269,Samson Okunlola,Miami,OT,5,0.9886,24,2023,HighSchool
4870760,111275,Justice Haynes,Alabama,RB,5,0.9884,25,2023,HighSchool
5079656,111273,Dezz Ricks,Alabama,CB,5,0.9883,26,2023,HighSchool
4870969,111274,James Smith,Alabama,DL,5,0.9877,27,2023,HighSchool
4871074,111272,Raylen Wilson,Georgia,LB,5,0.9876,28,2023,HighSchool
4870934,111270,Rueben Owens II,Texas A&M,RB,5,0.9873,29,2023,HighSchool
4870656,111277,Johntay Cook,Texas,WR,5,0.9872,30,2023,HighSchool
4870970,111271,Yhonzae Pierre,Alabama,EDGE,5,0.987,31,2023,HighSchool
4871048,111276,Hykeem Williams,Florida State,WR,5,0.9865,32,2023,HighSchool
4870694,111281,Monroe Freeling,Georgia,OT,5,0.9865,33,2023,HighSchool
4871063,111282,Peter Woods,Clemson,DL,5,0.9863,34,2023,HighSchool
5150251,111279,Qua Russaw,Alabama,EDGE,5,0.9861,35,2023,HighSchool
4870835,111284,Brandon Inniss,Ohio State,WR,5,0.9855,36,2023,HighSchool
4880967,111278,Da'Shawn Womack,LSU,EDGE,5,0.9851,37,2023,HighSchool
4870588,111283,Joenel Aguero,Georgia,S,5,0.9842,38,2023,HighSchool
4870776,111287,Jalen Hale,Alabama,WR,5,0.9841,39,2023,HighSchool
4870779,111280,Jordan Hall,Georgia,DL,5,0.9838,40,2023,HighSchool
5151012,111286,J'ven Williams,Penn State,OT,4,0.9832,41,2023,HighSchool
4870721,111285,A.J. Harris,Georgia,CB,4,0.9832,42,2023,HighSchool
4870667,111291,Kelby Collins,Florida,DL,4,0.9812,43,2023,HighSchool
4870795,111288,Makai Lemon,USC,WR,4,0.9799,44,2023,HighSchool
4871052,111290,Matayo Uiagalelei,Oregon,EDGE,4,0.9798,45,2023,HighSchool
4870953,111289,Malik Muhammad,Texas,CB,4,0.9796,46,2023,HighSchool
4870596,111292,Chase Bisontis,Texas A&M,IOL,4,0.9789,47,2023,HighSchool
4870904,111294,Sam M'Pemba,Georgia,EDGE,4,0.977,48,2023,HighSchool
4871044,111296,Derek Williams Jr.,Texas,S,4,0.9768,49,2023,HighSchool
4870886,111297,T.J. Parker,Clemson,DL,4,0.9764,50,2023,HighSchool
4870796,111295,Jahlil Hurley,Alabama,CB,4,0.976,51,2023,HighSchool
5150710,111293,Jermaine Mathews Jr.,Ohio State,CB,4,0.9756,52,2023,HighSchool
4870594,111300,Alex Birchmeier,Penn State,IOL,4,0.9754,53,2023,HighSchool
4870929,111298,Noah Rogers,Ohio State,WR,4,0.9751,54,2023,HighSchool
4870851,111302,Bai Jobe,Michigan State,EDGE,4,0.975,55,2023,HighSchool
4870756,111299,Ja'Keem Jackson,Florida,CB,4,0.9742,56,2023,HighSchool
4923283,111303,Daevin Hobbs,Tennessee,DL,4,0.9741,57,2023,HighSchool
4871077,111305,Javien Toviano,LSU,S,4,0.9733,58,2023,HighSchool
4870975,111306,Jordan Renaud,Alabama,EDGE,4,0.9728,59,2023,HighSchool
4871023,111304,Carnell Tate,Ohio State,WR,4,0.9728,60,2023,HighSchool
4871081,111301,Richard Young,Alabama,RB,4,0.9722,61,2023,HighSchool
4899359,111307,Charles Jagusah,Notre Dame,OT,4,0.9715,62,2023,HighSchool
4906373,111309,Calvin Simpson-Hunt,Ohio State,CB,4,0.971,63,2023,HighSchool
4870617,111308,Rueben Bain Jr.,Miami,EDGE,4,0.9709,64,2023,HighSchool
4899367,111310,Ryan Niblett,Texas,WR,4,0.9695,65,2023,HighSchool
4870716,111311,Gabe Harris Jr.,Georgia,EDGE,4,0.9691,66,2023,HighSchool
4917947,111313,Malachi Coleman,Nebraska,WR,4,0.969,67,2023,HighSchool
4870950,111312,Jason Moore,Ohio State,DL,4,0.9679,68,2023,HighSchool
4870619,111317,Jalen Brown,LSU,WR,4,0.9675,69,2023,HighSchool
4922989,111320,Jelani McDonald,Texas,ATH,4,0.9672,70,2023,HighSchool
4899483,111315,Sammy Omosigho,Oklahoma,LB,4,0.9671,71,2023,HighSchool
4870643,111314,Vic Burley,Clemson,DL,4,0.9671,72,2023,HighSchool
4870598,111316,CJ Allen,Georgia,LB,4,0.9671,73,2023,HighSchool
4920140,111322,Nathan Leacock,Tennessee,WR,4,0.9656,74,2023,HighSchool
4870707,111323,Keldric Faulk,Auburn,DL,4,0.9655,75,2023,HighSchool
4871083,111319,Makari Vickers,Oklahoma,S,4,0.9653,76,2023,HighSchool
4871061,111318,Pearce Spurlin III,Georgia,TE,4,0.9652,77,2023,HighSchool
4899369,111321,Christopher Vizzina,Clemson,QB,4,0.9644,78,2023,HighSchool
4870951,111327,Jaquaize Pettaway,Oklahoma,WR,4,0.9639,79,2023,HighSchool
4870808,111325,Jeremiyah Love,Notre Dame,RB,4,0.9634,80,2023,HighSchool
4870632,111329,Troy Bowles,Georgia,LB,4,0.9627,81,2023,HighSchool
4870909,111330,Jaden Rashada,Arizona State,QB,4,0.9623,82,2023,HighSchool
4871030,111326,Jayden Wayne,Miami,EDGE,4,0.9622,83,2023,HighSchool
4871010,111324,Shelton Sampson Jr.,LSU,WR,4,0.962,84,2023,HighSchool
,111331,Caleb Herring,Tennessee,EDGE,4,0.9611,85,2023,HighSchool
4870993,111335,Braylan Shelby,USC,EDGE,4,0.9609,86,2023,HighSchool
4918098,111333,Tony Rojas,Penn State,LB,4,0.9604,87,2023,HighSchool
4870877,111337,King Mack,Penn State,S,4,0.9586,88,2023,HighSchool
4870819,111332,Eli Holstein,Alabama,QB,4,0.9581,89,2023,HighSchool
4871088,111328,Ayden Williams,Ole Miss,WR,4,0.958,90,2023,HighSchool
4899475,111334,Wilkin Formby,Alabama,OT,4,0.9575,91,2023,HighSchool
4870973,111336,Rodrick Pleasant,Oregon,CB,4,0.9574,92,2023,HighSchool
4870946,111338,Luke Montgomery,Ohio State,IOL,4,0.9572,93,2023,HighSchool
5150377,111341,Tyler Williams,Georgia,WR,4,0.9572,94,2023,HighSchool
4870723,111342,Spencer Fano,Utah,OT,4,0.9564,95,2023,HighSchool
4871055,111340,John Walker,UCF,DL,4,0.9563,96,2023,HighSchool
4870644,111339,Dalton Brooks,Texas A&M,ATH,4,0.9562,97,2023,HighSchool
4899422,111345,Bravion Rogers,Texas A&M,CB,4,0.9557,98,2023,HighSchool
4870727,111346,Cayden Green,Oklahoma,OT,4,0.9552,99,2023,HighSchool
4870857,111350,Avery Johnson,Kansas State,QB,4,0.9542,100,2023,HighSchool
4870939,111349,Cordale Russell,TCU,WR,4,0.9541,101,2023,HighSchool
4870860,111351,DeAndre Moore Jr.,Texas,WR,4,0.9528,102,2023,HighSchool
4917945,111344,Aidan Mizell,Florida,WR,4,0.9524,103,2023,HighSchool
4870708,111347,Christian Gray,Notre Dame,CB,4,0.9509,104,2023,HighSchool
4871039,111357,Jelani Thurman,Ohio State,TE,4,0.9505,105,2023,HighSchool
4921154,111355,Eugene Wilson III,Florida,WR,4,0.9494,106,2023,HighSchool
4870622,111348,Drayk Bowen,Notre Dame,LB,4,0.9494,107,2023,HighSchool
4918129,111343,Colton Vasek,Texas,EDGE,4,0.949,108,2023,HighSchool
4870659,111356,Tackett Curtis,USC,LB,4,0.9481,109,2023,HighSchool
5226986,111352,Riley Williams,Miami,TE,4,0.948,110,2023,HighSchool
4870749,111361,Bo Hughley,Georgia,OT,4,0.9477,111,2023,HighSchool
4870952,111376,Lucas Simmons-Johansson,Florida State,OT,4,0.9469,112,2023,HighSchool
4870834,111359,Roderick Kearney,Florida,IOL,4,0.9469,113,2023,HighSchool
4899671,111353,Dijon Johnson,Florida,S,4,0.9469,114,2023,HighSchool
4899347,111354,Stephiylan Green,Clemson,DL,4,0.9468,115,2023,HighSchool
5083315,111368,Kenyon Sadiq,Oregon,ATH,4,0.9467,116,2023,HighSchool
4870611,111367,Daylen Austin,Oregon,CB,4,0.9462,117,2023,HighSchool
4870815,111377,Jacobe Johnson,Oklahoma,CB,4,0.946,118,2023,HighSchool
4921438,111358,Caleb Lomu,Utah,OT,4,0.9458,119,2023,HighSchool
4870938,111365,Joshua Mickens,Ohio State,EDGE,4,0.9454,120,2023,HighSchool
4870704,111375,Enow Etta,Michigan,DL,4,0.9453,121,2023,HighSchool
4899478,111364,Derion Gullette,Texas,EDGE,4,0.9448,122,2023,HighSchool
4923054,111385,DJ Chester,LSU,IOL,4,0.9446,123,2023,HighSchool
4870593,111387,Tausili Akana,Texas,LB,4,0.9446,124,2023,HighSchool
4870856,111360,Tony Mitchell,Alabama,S,4,0.9445,125,2023,HighSchool
5221043,111362,Walker Lyons,USC,TE,4,0.9444,126,2023,HighSchool
5079330,111363,T.J. Capers,Louisville,EDGE,4,0.944,127,2023,HighSchool
4899484,111371,Andrew Rappleyea,Penn State,TE,4,0.944,128,2023,HighSchool
4689265,111378,Markis Deal,TCU,DL,4,0.9439,129,2023,HighSchool
5081886,111366,Arion Carter,Tennessee,LB,4,0.9439,130,2023,HighSchool
,111370,Jayvon Thomas,Texas A&M,CB,4,0.9436,131,2023,HighSchool
,111379,Jaxon Howard,LSU,EDGE,4,0.9435,132,2023,HighSchool
4870883,111374,JJ Kohl,Iowa State,QB,4,0.9435,133,2023,HighSchool
4912647,111372,Austin Novosad,Oregon,QB,4,0.9434,134,2023,HighSchool
4870941,111383,Cameron Seldon,Tennessee,ATH,4,0.9425,135,2023,HighSchool
4923252,111369,Dante Dowdell,Oregon,RB,4,0.9424,136,2023,HighSchool
4870633,111373,Chandavian Bradley,Tennessee,EDGE,4,0.942,137,2023,HighSchool
4870809,111388,Braylon James,Notre Dame,WR,4,0.942,138,2023,HighSchool
4870693,111392,Andrew DePaepe,Michigan State,DL,4,0.941,139,2023,HighSchool
4870768,111380,Jaden Greathouse,Notre Dame,WR,4,0.9407,140,2023,HighSchool
4870770,111381,Ray Ray Joseph,Miami,WR,4,0.9405,141,2023,HighSchool
4918093,111386,Jaylon Braxton,Arkansas,CB,4,0.9404,142,2023,HighSchool
4870736,111395,Mark Fletcher Jr.,Miami,RB,4,0.9402,143,2023,HighSchool
4870683,111393,Ethan Davis,Tennessee,TE,4,0.9401,144,2023,HighSchool
4870874,111399,Lawson Luckie,Georgia,TE,4,0.9394,145,2023,HighSchool
4899417,111402,Desmond Umeozulu,South Carolina,EDGE,4,0.939,146,2023,HighSchool
4870855,111390,Kayin Lee,Auburn,CB,4,0.9386,147,2023,HighSchool
4870972,111384,Isaac Smith,Mississippi State,S,4,0.9385,148,2023,HighSchool
5084293,111396,Ka'Morreun Pimpton,LSU,TE,4,0.9382,149,2023,HighSchool
4899361,111389,Kedrick Reescano,Ole Miss,RB,4,0.9377,150,2023,HighSchool
4899472,111406,Chris Culliver,North Carolina,WR,4,0.9375,151,2023,HighSchool
4917948,111407,Malik Hartford,Ohio State,S,4,0.9371,152,2023,HighSchool
5075805,111414,Aidan Chiles,Oregon State,QB,4,0.9365,153,2023,HighSchool
4871034,111409,Whit Weeks,LSU,LB,4,0.9364,154,2023,HighSchool
4870587,111397,Markee Anderson,South Carolina,IOL,4,0.9362,155,2023,HighSchool
4870654,111410,Lewis Carter,Oklahoma,LB,4,0.9362,156,2023,HighSchool
4899486,111394,Robert Stafford III,Miami,CB,4,0.9362,157,2023,HighSchool
4870911,111382,Jordan Matthews,Tennessee,CB,4,0.9361,158,2023,HighSchool
4966288,111398,Collins Acheampong,Miami,DL,4,0.9361,159,2023,HighSchool
4870900,111400,Dylan Lonergan,Alabama,QB,4,0.9359,160,2023,HighSchool
4870945,111391,Harris Sewell,Clemson,IOL,4,0.9359,161,2023,HighSchool
4871033,111401,TJ Shanahan Jr.,Texas A&M,IOL,4,0.9353,162,2023,HighSchool
4870595,111413,Olaus Alinen,Alabama,OT,4,0.9347,163,2023,HighSchool
4870753,111404,Daniel Harris,Georgia,CB,4,0.9347,164,2023,HighSchool
4870589,111408,Jaiden Ausberry,Notre Dame,LB,4,0.9339,165,2023,HighSchool
5083314,111428,Kamran James,Florida,DL,4,0.9328,166,2023,HighSchool
4870737,111403,Jordan Hall,Michigan State,LB,4,0.9328,167,2023,HighSchool
4870642,111405,Jeremiah Cobb,Auburn,RB,4,0.9326,168,2023,HighSchool
4918099,111416,Kenny Minchey,Notre Dame,QB,4,0.9322,169,2023,HighSchool
4870623,111415,Malik Bryant,Miami,LB,4,0.932,170,2023,HighSchool
,111422,DaKaari Nelson,Penn State,S,4,0.9319,171,2023,HighSchool
4871026,111417,Elliot Washington II,Penn State,S,4,0.9314,172,2023,HighSchool
4917858,111418,Cole Cabana,Michigan,RB,4,0.9314,173,2023,HighSchool
4918449,111412,Jyaire Hill,Michigan,CB,4,0.9312,174,2023,HighSchool
4918414,111411,Dylan Edwards,Colorado,RB,4,0.931,175,2023,HighSchool
4587977,111420,Damari Brown,Miami,CB,4,0.9308,176,2023,HighSchool
4870812,111433,Jamaal Jarrett,Georgia,DL,4,0.9297,177,2023,HighSchool
4870896,111436,Xzavier McLeod,South Carolina,DL,4,0.9294,178,2023,HighSchool
4870752,111439,Conrad Hussey,Florida State,S,4,0.929,179,2023,HighSchool
4870878,111429,Hunter Osborne,Alabama,DL,4,0.9289,180,2023,HighSchool
4921117,111430,Vicari Swain,South Carolina,ATH,4,0.9284,181,2023,HighSchool
4870839,111423,Kaleb Jackson,LSU,RB,4,0.9283,182,2023,HighSchool
4899480,111424,Blake Nichelson,Florida State,LB,4,0.9283,183,2023,HighSchool
4870944,111419,Chris Peal,Georgia,CB,4,0.9274,184,2023,HighSchool
4870828,111447,Grayson Howard,South Carolina,LB,4,0.9272,185,2023,HighSchool
4917949,111448,Quinten Joyner,USC,RB,4,0.9272,186,2023,HighSchool
4870586,111432,Tyree Adams,LSU,OT,4,0.9271,187,2023,HighSchool
4870709,111421,Shamar Easter,Arkansas,TE,4,0.927,188,2023,HighSchool
4870983,111431,DJ Reed,Auburn,DL,4,0.9267,189,2023,HighSchool
4870699,111434,Karmello English,Michigan,WR,4,0.9265,190,2023,HighSchool
5078278,111440,Lincoln Kienholz,Ohio State,QB,4,0.9264,191,2023,HighSchool
4870778,111427,Edric Hill,Alabama,DL,4,0.9258,192,2023,HighSchool
4918110,111425,Rod Robinson II,Georgia,RB,4,0.9248,193,2023,HighSchool
4899376,111442,Jaydon Chatman,Texas,IOL,4,0.9246,194,2023,HighSchool
4899477,111438,AJ Green,Louisville,EDGE,4,0.9245,195,2023,HighSchool
4870930,111443,Will Norman,Florida,DL,4,0.9244,196,2023,HighSchool
4870899,111426,Miles McVay,Alabama,OT,4,0.9242,197,2023,HighSchool
4870755,111444,Mikal Harrison-Pilot,Houston,ATH,4,0.9241,198,2023,HighSchool
4923044,111445,Jordan Bass,Pittsburgh,LB,4,0.9239,199,2023,HighSchool
5150378,111446,Zeed Haynes,Georgia,WR,4,0.9238,200,2023,HighSchool
,111435,Aaron Williams,Louisville,CB,4,0.9238,201,2023,HighSchool
4871082,111449,Brenan Vernon,Notre Dame,DL,4,0.9236,202,2023,HighSchool
4870797,111437,Luke Hasz,Arkansas,TE,4,0.9235,203,2023,HighSchool
4870590,111450,Raul Aguirre Jr.,Miami,LB,4,0.9233,204,2023,HighSchool
4871022,111454,Robby Washington,Miami,WR,4,0.9228,205,2023,HighSchool
4870908,111453,Sydir Mitchell,Texas,DL,4,0.9226,206,2023,HighSchool
5218755,111451,Jamal Anderson,Clemson,LB,4,0.9215,207,2023,HighSchool
4870660,111458,Jordan Castell,Florida,S,4,0.9215,208,2023,HighSchool
4907671,111441,Anthony Evans III,Georgia,WR,4,0.9213,209,2023,HighSchool
4871069,111467,Micah Tease,Texas A&M,ATH,4,0.921,210,2023,HighSchool
4871004,111457,Kelton Smith Jr.,Georgia,IOL,4,0.9209,211,2023,HighSchool
4950400,111459,Arvell Reese,Ohio State,LB,4,0.9209,212,2023,HighSchool
5158465,111455,Johnny Bowens III,Oregon,DL,4,0.9208,213,2023,HighSchool
4870804,111456,Kylin Jackson,LSU,S,4,0.9207,214,2023,HighSchool
5079508,111476,Austin Mack,Washington,QB,4,0.9204,215,2023,HighSchool
5103804,111472,Brandyn Hillman,Michigan,ATH,4,0.9201,216,2023,HighSchool
4870905,111461,Caleb Presley,Washington,CB,4,0.9201,217,2023,HighSchool
4870672,111464,Raymond Cottrell Jr.,Texas A&M,WR,4,0.919,218,2023,HighSchool
4870870,111466,Ty Lockwood,Alabama,TE,4,0.9187,219,2023,HighSchool
4870700,111469,Sharif Denson,Florida,CB,4,0.9183,220,2023,HighSchool
4871079,111473,Boubacar Traore,Notre Dame,DL,4,0.9183,221,2023,HighSchool
4918443,111465,Stanton Ramil,Michigan State,OT,4,0.9181,222,2023,HighSchool
4918438,111470,Elijah Paige,USC,OT,4,0.9179,223,2023,HighSchool
,111471,Braxton Myers,Ole Miss,S,4,0.9171,224,2023,HighSchool
4870713,111474,Rico Flores Jr.,Notre Dame,WR,4,0.917,225,2023,HighSchool
5158460,111460,Ashton Cozart,Oregon,WR,4,0.9168,226,2023,HighSchool
4870696,111475,Malik Elzy,Illinois,WR,4,0.9167,227,2023,HighSchool
4870885,111478,Joshua Padilla,Ohio State,IOL,4,0.9166,228,2023,HighSchool
4940235,111462,Taeshaun Lyons,Washington,WR,4,0.9164,229,2023,HighSchool
4870992,111482,Jalen Thompson,Michigan State,DL,4,0.9162,230,2023,HighSchool
5154344,111468,Tree Babalade,South Carolina,OT,4,0.916,231,2023,HighSchool
5104212,111484,Jaren Hamilton,Alabama,WR,4,0.9159,232,2023,HighSchool
4871006,111486,Sylvester Smith,Auburn,S,4,0.9156,233,2023,HighSchool
4871019,111479,Rico Walker,Maryland,ATH,4,0.9156,234,2023,HighSchool
4870784,111487,Trey Holly,LSU,RB,4,0.9152,235,2023,HighSchool
4870869,111488,Brett Norfleet,Missouri,TE,4,0.9151,236,2023,HighSchool
5078214,111494,CJ Blocker,Utah,CB,4,0.9151,237,2023,HighSchool
4899360,111504,Jaden Platt,Texas A&M,TE,4,0.915,238,2023,HighSchool
4870988,111490,Avieon Terrell,Clemson,CB,4,0.9149,239,2023,HighSchool
4870898,111491,Ashton Porter,Oregon,DL,4,0.9146,240,2023,HighSchool
4870821,111463,Cole Martin,Oregon,CB,4,0.9144,241,2023,HighSchool
4870884,111492,Mac Markway,LSU,TE,4,0.9143,242,2023,HighSchool
5160072,111495,Antione Jackson,East Carolina,S,4,0.914,243,2023,HighSchool
4871007,111493,KJ Sampson,Florida State,DL,4,0.914,244,2023,HighSchool
4915838,111489,Will Smith Jr.,Ohio State,DL,4,0.9136,245,2023,HighSchool
4899488,111498,A'Mauri Washington,Oregon,DL,4,0.9133,246,2023,HighSchool
,111500,Derrick LeBlanc,Oklahoma,DL,4,0.9128,247,2023,HighSchool
5154338,111501,DJay Braswell,South Carolina,RB,4,0.9128,248,2023,HighSchool
4875127,111502,LaNorris Sellers,South Carolina,QB,4,0.9127,249,2023,HighSchool
4870915,111503,Curley Reed III,Washington,CB,4,0.9126,250,2023,HighSchool
4922985,111481,Randon Fontenette,TCU,S,4,0.9125,251,2023,HighSchool
4870645,111477,Rickie Collins,LSU,QB,4,0.9125,252,2023,HighSchool
4950549,111505,Jordan Sanford,Texas Tech,S,4,0.9124,253,2023,HighSchool
5158471,111499,Terrance Green,Oregon,DL,4,0.9122,254,2023,HighSchool
4871016,111506,Madden Sanker,Louisville,IOL,4,0.9122,255,2023,HighSchool
5159948,111507,Chris Johnson Jr.,Miami,RB,4,0.9121,256,2023,HighSchool
4921257,111508,Jameial Lyons,Penn State,EDGE,4,0.9121,257,2023,HighSchool
4899136,111483,Micah Bell,Notre Dame,CB,4,0.9121,258,2023,HighSchool
4950398,111509,Warren Roberson,Texas,S,4,0.912,259,2023,HighSchool
5097970,111510,Chimdy Onoh,Penn State,OT,4,0.912,260,2023,HighSchool
4870893,111515,Kayden McDonald,Ohio State,DL,4,0.9118,261,2023,HighSchool
4870651,111511,Avion Carter,TCU,DL,4,0.9116,262,2023,HighSchool
4918125,111480,Devan Houstan,Notre Dame,DL,4,0.9115,263,2023,HighSchool
4870882,111497,Zack Owens,Clemson,OT,4,0.9113,264,2023,HighSchool
4871066,111485,Ryan Yaites,LSU,S,4,0.9113,265,2023,HighSchool
4870747,111513,Adam Hopkins IV,Colorado,WR,4,0.9105,266,2023,HighSchool
4921113,111517,Joshua Manning,Missouri,WR,4,0.9099,267,2023,HighSchool
4918452,111512,Kaveion Keys,Penn State,LB,4,0.9098,268,2023,HighSchool
4870794,111518,Jaybron Harvey,North Carolina,EDGE,4,0.9098,269,2023,HighSchool
4899479,111519,Evan Link,Michigan,OT,4,0.9097,270,2023,HighSchool
4870850,111520,Omarion Miller,Colorado,WR,4,0.9096,271,2023,HighSchool
4921306,111521,Mikey Matthews,Utah,WR,4,0.9095,272,2023,HighSchool
5151173,111522,Isaiah Crawford,Texas Tech,EDGE,4,0.9094,273,2023,HighSchool
4918122,111523,Jayden Bonsu,Ohio State,S,4,0.9093,274,2023,HighSchool
4870990,111496,T.J. Searcy,Florida,DL,4,0.9092,275,2023,HighSchool
4917971,111514,Princewill Umanmielen,Nebraska,EDGE,4,0.9087,276,2023,HighSchool
4870996,111525,Ta'Mere Robinson,Penn State,EDGE,4,0.9087,277,2023,HighSchool
4870748,111526,Andrew Harris,UCF,LB,4,0.9087,278,2023,HighSchool
4941009,111527,Isaiah Nixon,UCF,EDGE,4,0.9085,279,2023,HighSchool
4870640,111528,Jamarious Brown,Ole Miss,EDGE,4,0.9084,280,2023,HighSchool
4870902,111530,Terrance Love,Auburn,S,4,0.9081,281,2023,HighSchool
4871000,111516,Isaiah Robinson,Baylor,OT,4,0.9081,282,2023,HighSchool
4870961,111540,Blake Purchase,Oregon,EDGE,4,0.908,283,2023,HighSchool
4918456,111532,Ian Reed,Clemson,IOL,4,0.9077,284,2023,HighSchool
4870733,111529,Cooper Flanagan,Notre Dame,TE,4,0.9075,285,2023,HighSchool
5157301,111534,Kelze Howard,Oregon State,DL,4,0.9072,286,2023,HighSchool
4870775,111533,Amir Herring,Michigan,IOL,4,0.907,287,2023,HighSchool
4921509,111535,Rickey Gibson III,Tennessee,CB,4,0.9065,288,2023,HighSchool
5084052,111524,Jalon Kilgore,South Carolina,S,4,0.9064,289,2023,HighSchool
4921271,111536,Tyler Thompson,North Carolina,EDGE,4,0.9064,290,2023,HighSchool
4870872,111537,David Ojiegbe,Clemson,EDGE,4,0.9061,291,2023,HighSchool
5141684,111538,Austin Simmons,Ole Miss,QB,4,0.9059,292,2023,HighSchool
4871059,111539,Jonah Wilson,Houston,WR,4,0.9058,293,2023,HighSchool
4892985,111541,Ben Kueter,Iowa,LB,4,0.9055,294,2023,HighSchool
4870971,111542,Marcel Reed,Texas A&M,QB,4,0.9055,295,2023,HighSchool
4870868,111543,Jayden Limar,Oregon,RB,4,0.905,296,2023,HighSchool
4870771,111545,Lamont Green Jr.,Florida State,EDGE,4,0.9049,297,2023,HighSchool
4870842,111546,Vandrevius Jacobs,Florida State,WR,4,0.9048,298,2023,HighSchool
4954447,111547,Tyree Weathersby,Tennessee,DL,4,0.9047,299,2023,HighSchool
4917984,111548,Austin Siereveld,Ohio State,IOL,4,0.9045,300,2023,HighSchool
4918121,111549,Cole Adams,Alabama,WR,4,0.9042,301,2023,HighSchool
4870641,111550,Semaj Bridgeman,Michigan,LB,4,0.9041,302,2023,HighSchool
4917976,111531,Sullivan Absher,Notre Dame,IOL,4,0.9038,303,2023,HighSchool
,111452,Hunter Clegg,BYU,EDGE,4,0.9036,304,2023,HighSchool
4988081,111551,Vincent Holmes,Washington,ATH,4,0.9036,305,2023,HighSchool
4870959,111544,Shamar Porter,Kentucky,WR,4,0.9036,306,2023,HighSchool
4870807,111552,Gavin Hill,Florida,DL,4,0.9034,307,2023,HighSchool
4870891,111553,Cameron Lenhardt,Nebraska,EDGE,4,0.9031,308,2023,HighSchool
4898892,111554,Joey Schlaffer,Penn State,TE,4,0.9031,309,2023,HighSchool
4917972,111587,Shamurad Umarov,Tennessee,IOL,4,0.9031,310,2023,HighSchool
4870981,111555,Joel Starlings,North Carolina,DL,4,0.9027,311,2023,HighSchool
4870719,111556,Daemon Fagan,NC State,S,4,0.9027,312,2023,HighSchool
5078810,111557,Sam Leavitt,Michigan State,QB,4,0.9026,313,2023,HighSchool
4870754,111558,Rodney Gallagher III,West Virginia,WR,4,0.9025,314,2023,HighSchool
4920229,111562,Jerry McClure,UCLA,WR,4,0.9025,315,2023,HighSchool
5077638,111563,Bray Hubbard,Alabama,ATH,4,0.9024,316,2023,HighSchool
4880937,111564,Adon Shuler,Notre Dame,S,4,0.9023,317,2023,HighSchool
4871085,111565,Jasiah Wagoner,Oklahoma,CB,4,0.9021,318,2023,HighSchool
4899350,111566,Avery Stuart,Kentucky,S,4,0.9017,319,2023,HighSchool
5146758,111568,Rashid Williams,Washington,WR,4,0.9016,320,2023,HighSchool
4923250,111570,Brady Drogosh,Cincinnati,QB,4,0.9015,321,2023,HighSchool
4921112,111571,Braedyn Moore,Wisconsin,ATH,4,0.901,322,2023,HighSchool
4870652,111573,Marvin Burks Jr.,Missouri,S,4,0.9009,323,2023,HighSchool
4871040,111586,Creed Whittemore,Mississippi State,ATH,4,0.9008,324,2023,HighSchool
4917980,111560,Ronan Hanafin,Clemson,ATH,4,0.9005,325,2023,HighSchool
4870765,111575,Edwin Joseph,Florida State,ATH,4,0.9003,326,2023,HighSchool
4870781,111559,A.J. Hoffler,Clemson,EDGE,4,0.9003,327,2023,HighSchool
4900640,111576,Kyle Parker,LSU,WR,4,0.9002,328,2023,HighSchool
4870867,111572,Brenden Jordan,Texas Tech,S,4,0.9002,329,2023,HighSchool
,111567,Tyler Scott,Auburn,CB,4,0.9001,330,2023,HighSchool
4870763,111579,Grant Godfrey,Kentucky,LB,4,0.9,331,2023,HighSchool
4870907,111577,John Randle Jr.,Utah,RB,4,0.9,331,2023,HighSchool
4870677,111585,Maliki Crawford,USC,CB,4,0.8999,333,2023,HighSchool
4870724,111580,Michael Harris,Maryland,LB,4,0.8998,334,2023,HighSchool
4918101,111582,S'Maje Burrell,Texas,LB,4,0.8997,335,2023,HighSchool
4921508,111583,Nigel Glover,Northwestern,LB,4,0.8996,336,2023,HighSchool
4870698,111584,Aaron Gates,Florida,ATH,4,0.8994,337,2023,HighSchool
4870615,111588,Neeo Avery,Maryland,EDGE,4,0.8994,338,2023,HighSchool
4922988,111574,Jamari Johnson,Louisville,ATH,4,0.8994,339,2023,HighSchool
4871065,111589,Treyaun Webb,Florida,RB,4,0.8993,340,2023,HighSchool
4871057,111590,Dylan Spencer,Texas Tech,DL,4,0.8993,341,2023,HighSchool
4894451,111591,Brennan Parachek,Michigan State,TE,4,0.8992,342,2023,HighSchool
5086467,111561,Ben Minich,Notre Dame,S,4,0.899,343,2023,HighSchool
4870845,111593,Iapani Laloulu,Oregon,IOL,4,0.8989,344,2023,HighSchool
4921292,111569,Isaiah Augustave,Arkansas,RB,4,0.8989,345,2023,HighSchool
4924137,111594,Saboor Karriem,Illinois,S,4,0.8987,346,2023,HighSchool
4918103,111595,Cam Cook,TCU,RB,4,0.8985,347,2023,HighSchool
4870717,111596,Nathan Efobi,Michigan,IOL,4,0.8984,348,2023,HighSchool
4870636,111597,Pierce Clarkson,Louisville,QB,4,0.8983,349,2023,HighSchool
4569505,111599,Keyon Brown,Oklahoma,WR,4,0.8982,350,2023,HighSchool
4920901,111600,Darius Taylor,Minnesota,RB,4,0.8981,351,2023,HighSchool
4870695,111601,Brayden Dorman,Arizona,QB,4,0.8979,352,2023,HighSchool
4899473,111602,James Durand,Wisconsin,IOL,4,0.8978,353,2023,HighSchool
4870864,111603,Gabarri Johnson,Missouri,QB,4,0.8978,354,2023,HighSchool
4918413,111605,Zach Chapman,TCU,DL,4,0.8977,355,2023,HighSchool
4918445,111578,Smith Snowden,Utah,CB,4,0.8976,356,2023,HighSchool
4914227,111606,Tyler Turner,Oregon,S,4,0.8976,357,2023,HighSchool
4870739,111608,Christian Hamilton,North Carolina,WR,4,0.8975,358,2023,HighSchool
5080819,111610,Davion Dozier,Arkansas,WR,4,0.8975,358,2023,HighSchool
4870927,111609,Bryson Rodgers,Ohio State,WR,4,0.8975,358,2023,HighSchool
4870732,111607,Cedrick Hawkins Jr.,Ohio State,S,4,0.8975,358,2023,HighSchool
4950559,111611,Branden Strozier,Clemson,CB,4,0.8972,362,2023,HighSchool
4870912,111612,Traylon Ray,West Virginia,WR,4,0.8971,363,2023,HighSchool
5078108,111613,Daymion Sanford,Texas A&M,EDGE,4,0.897,364,2023,HighSchool
4899418,111614,Juice Vereen,NC State,TE,4,0.897,365,2023,HighSchool
5153626,111615,Grant Gray,UCLA,WR,4,0.8969,366,2023,HighSchool
4918136,111604,Quincy Rhodes Jr.,Arkansas,DL,4,0.8969,367,2023,HighSchool
5079056,111598,Carmelo Taylor,Penn State,WR,4,0.8967,368,2023,HighSchool
4918111,111616,A'Marion Peterson,USC,RB,4,0.8967,369,2023,HighSchool
4921264,111618,Joe Otting,Notre Dame,IOL,4,0.8967,369,2023,HighSchool
4921252,111617,Caden Jones,Florida,OT,4,0.8967,369,2023,HighSchool
5076950,111619,Kelley Jones,Mississippi State,S,4,0.8967,372,2023,HighSchool
4923290,111620,Parker Jenkins,Houston,RB,4,0.8964,373,2023,HighSchool
4921249,111621,Colton Hood,Auburn,CB,4,0.8963,374,2023,HighSchool
4870917,111622,Justyn Rhett,Georgia,CB,4,0.8963,375,2023,HighSchool
4870826,111623,Micah Mays Jr.,Wake Forest,WR,4,0.8962,376,2023,HighSchool
5078158,111581,LeVar Thornton Jr.,Baylor,CB,4,0.8961,377,2023,HighSchool
4870664,111624,Stanquan Clark,Louisville,LB,4,0.896,378,2023,HighSchool
4871053,111625,Hollywood Smothers,Oklahoma,RB,4,0.8959,379,2023,HighSchool
4870728,111626,Kaden Feagin,Illinois,ATH,4,0.8958,380,2023,HighSchool
4870844,111627,Andy Jean,Florida,WR,4,0.8958,381,2023,HighSchool
4972252,111629,MarJayvious Moss,Memphis,CB,4,0.8958,381,2023,HighSchool
4880599,111628,Joshua Bates,Oklahoma,IOL,4,0.8958,381,2023,HighSchool
4870859,111630,Noble Johnson,Clemson,WR,4,0.8958,384,2023,HighSchool
4899476,111631,Kendrick Gilbert,Kentucky,DL,4,0.8956,385,2023,HighSchool
4954452,111632,Riley Van Poppel,Nebraska,DL,4,0.8955,386,2023,HighSchool
,111633,Zavion Hardy,,DL,4,0.8955,387,2023,HighSchool
5158458,111634,Gernorris Wilson,Oregon,IOL,4,0.8952,388,2023,HighSchool
4870999,111635,Malachi Singleton,Arkansas,QB,4,0.895,389,2023,HighSchool
4870955,111636,Samuel Singleton Jr.,Florida State,RB,4,0.895,389,2023,HighSchool
,111637,Monteque Rhames,South Carolina,EDGE,4,0.895,389,2023,HighSchool
4918106,111638,Joseph Mupoyi,Penn State,EDGE,4,0.895,389,2023,HighSchool
4870987,111639,Brycen Sanders,Ole Miss,IOL,4,0.8948,393,2023,HighSchool
4870673,111640,Kodi DeCambra,Oregon,S,4,0.8944,394,2023,HighSchool
5150250,111641,Roq Montgomery,Alabama,IOL,4,0.8944,395,2023,HighSchool
4923269,111642,Layth Ghannam,Virginia Tech,IOL,4,0.8942,396,2023,HighSchool
5075707,111644,Kylen Webb,Clemson,ATH,4,0.8942,397,2023,HighSchool
4923052,111643,Cam Calhoun,Michigan,CB,4,0.8942,397,2023,HighSchool
5078250,111645,Khalil Barnes,Clemson,ATH,4,0.8941,399,2023,HighSchool
4870847,111592,Ja'Kobi Lane,USC,WR,4,0.8941,400,2023,HighSchool
4870744,111646,Martel Hight,Vanderbilt,CB,4,0.8941,401,2023,HighSchool
5078312,111647,Nyziah Hunter,California,WR,4,0.8939,402,2023,HighSchool
4870793,111648,Tad Hudson,North Carolina,QB,4,0.8939,403,2023,HighSchool
4870766,111649,Dylan Gooden,Maryland,EDGE,4,0.8939,404,2023,HighSchool
4870889,111650,Chris Parson,Mississippi State,QB,4,0.8935,405,2023,HighSchool
4870995,111656,Bryce Thornton,Florida,S,4,0.8933,406,2023,HighSchool
4870978,111654,Jaden Robinson,Florida,LB,4,0.8933,406,2023,HighSchool
4870862,111652,Liona Lefau,Texas,LB,4,0.8933,406,2023,HighSchool
4871032,111651,Colton Thomasson,Texas A&M,OT,4,0.8933,406,2023,HighSchool
4972253,111655,Zack Myers,NC State,ATH,4,0.8933,406,2023,HighSchool
4917982,111653,Sam Pendleton,Notre Dame,IOL,4,0.8933,406,2023,HighSchool
5078531,111657,Nick Fattig,Texas Tech,IOL,4,0.8932,412,2023,HighSchool
4972249,111658,Jaremiah Anglin Jr.,Kentucky,S,4,0.893,413,2023,HighSchool
4918430,111659,Trevor Goosby,Texas,OT,4,0.893,414,2023,HighSchool
4899352,111660,Deakon Tonielli,Michigan,TE,4,0.8928,415,2023,HighSchool
4916884,111661,Anthony Donkoh,Penn State,IOL,4,0.8926,416,2023,HighSchool
4941012,111662,London Montgomery,Penn State,RB,4,0.8925,417,2023,HighSchool
4870746,111667,Jshawn Frausto-Ramos,Stanford,CB,4,0.8925,418,2023,HighSchool
4870638,111666,Luke Brown,Arkansas,IOL,4,0.8925,418,2023,HighSchool
4871067,111664,Leviticus Su'a,Arizona,LB,4,0.8925,418,2023,HighSchool
4870901,111669,Khai Prean,LSU,ATH,4,0.8925,418,2023,HighSchool
4870688,111663,Wilky Denaud,Auburn,DL,4,0.8925,418,2023,HighSchool
4816083,111670,Daeh McCullough,Oklahoma,S,4,0.8925,418,2023,HighSchool
,111665,Mega Barnwell,Penn State,ATH,4,0.8925,418,2023,HighSchool
,111668,Jayvant Brown,Kentucky,LB,4,0.8925,418,2023,HighSchool
4921411,111671,Raymond Pulido,Arizona,IOL,4,0.8924,426,2023,HighSchool
4921312,111672,Christian Pierce,USC,S,4,0.8923,427,2023,HighSchool
4899440,111673,Asa Newsom,Kansas State,ATH,4,0.8922,428,2023,HighSchool
4921320,111674,Jalen Smith,Tennessee,LB,4,0.8921,429,2023,HighSchool
4922995,111675,Dijon Stanley,Utah,ATH,4,0.892,430,2023,HighSchool
5150430,111676,AJ Brown,Ole Miss,S,4,0.8919,431,2023,HighSchool
5150561,111678,Olsen Patt-Henry,Clemson,TE,4,0.8919,431,2023,HighSchool
4923287,111677,Elishah Jackett,Washington,OT,4,0.8919,431,2023,HighSchool
4923284,111682,Logan Howland,Oklahoma,OT,4,0.8917,434,2023,HighSchool
4915981,111681,Javeon Wilcox,TCU,S,4,0.8917,434,2023,HighSchool
4920148,111679,Rob Billings IV,Clemson,S,4,0.8917,434,2023,HighSchool
4870822,111680,Josh Horton,Miami,DL,4,0.8917,434,2023,HighSchool
5001149,111683,Bobby Washington Jr.,Miami,LB,4,0.8917,434,2023,HighSchool
4920139,111684,Trevor Lauck,Iowa,OT,4,0.8915,439,2023,HighSchool
4923029,111685,Jordan Allen,Kansas State,EDGE,4,0.8911,440,2023,HighSchool
4921406,111686,Landen Hatchett,Washington,IOL,4,0.8911,441,2023,HighSchool
5114310,111687,Chance Fitzgerald,Virginia Tech,WR,4,0.8908,442,2023,HighSchool
4917619,111688,Khamari Anderson,Kentucky,TE,4,0.8908,442,2023,HighSchool
5142703,111689,Emmanuel Okoye,Tennessee,EDGE,4,0.8908,444,2023,HighSchool
4870985,111690,Logan Reichert,Missouri,OT,4,0.8908,445,2023,HighSchool
5100946,111691,Zion Tracy,Penn State,CB,4,0.8906,446,2023,HighSchool
4918447,111692,Amare Snowden,Wisconsin,CB,4,0.8905,447,2023,HighSchool
4870629,111693,Jackson Bowers,BYU,TE,4,0.8905,448,2023,HighSchool
4917626,111696,Jerome Williams,Minnesota,IOL,4,0.8903,449,2023,HighSchool
4870866,111695,Connor Lew,Auburn,IOL,4,0.8903,449,2023,HighSchool
4899346,111697,Siale Esera,BYU,EDGE,4,0.8901,451,2023,HighSchool
5146674,111701,R.J. Jones,UCLA,S,3,0.89,452,2023,HighSchool
4870620,111702,Ahmari Borden,Stanford,WR,3,0.89,452,2023,HighSchool
4870635,111698,Anthony Brown-Stephens,Kentucky,WR,3,0.89,452,2023,HighSchool
4870692,111699,Cole Dellinger,Michigan State,IOL,3,0.89,452,2023,HighSchool
5159673,111700,Tay'Shawn Wilson,Baylor,CB,3,0.89,452,2023,HighSchool
4870788,111704,Knijeah Harris,Florida,IOL,3,0.8896,457,2023,HighSchool
4923036,111708,Cameron Brandt,Michigan,DL,3,0.8894,458,2023,HighSchool
4921305,111707,Matthew Klopfenstein,Baylor,TE,3,0.8894,458,2023,HighSchool
4870665,111706,Trevor Carter,Cincinnati,LB,3,0.8894,458,2023,HighSchool
4870854,111705,Jamel Johnson,TCU,S,3,0.8894,458,2023,HighSchool
4950545,111709,Chance Rucker,Michigan State,CB,3,0.8894,458,2023,HighSchool
5079520,111710,Myles Jackson,Stanford,QB,3,0.8892,463,2023,HighSchool
5075705,111712,Demitrius Bell,Nebraska,ATH,3,0.8892,463,2023,HighSchool
5120316,111711,Ta'Derius Collins,Indiana,EDGE,3,0.8892,463,2023,HighSchool
5086099,111713,Mike Mitchell,Utah,RB,3,0.8891,466,2023,HighSchool
4899351,111714,Clay Wedin,Auburn,IOL,3,0.8891,467,2023,HighSchool
5075540,111717,Brice Pollock,Mississippi State,CB,3,0.8886,468,2023,HighSchool
5078423,111718,Kam Robinson,Virginia,LB,3,0.8886,468,2023,HighSchool
4950394,111715,DJ Peevy,USC,EDGE,3,0.8886,468,2023,HighSchool
5075546,111716,Amos Talalele,USC,IOL,3,0.8886,468,2023,HighSchool
,111719,Daquayvious Sorey,Auburn,WR,3,0.8886,472,2023,HighSchool
5121531,111720,Justin Horne,Texas Tech,LB,3,0.8885,473,2023,HighSchool
4918094,111721,Damian Henderson II,Colorado State,RB,3,0.8884,474,2023,HighSchool
4918127,111723,Braeden Marshall,UCF,CB,3,0.8883,475,2023,HighSchool
4870858,111722,Cayden Lee,Ole Miss,WR,3,0.8883,475,2023,HighSchool
5076106,111724,Marquis Johnson,Missouri,WR,3,0.8882,477,2023,HighSchool
4921426,111725,Jonathan Bax,TCU,EDGE,3,0.8882,478,2023,HighSchool
4870956,111726,Ethan Nation,Nebraska,CB,3,0.888,479,2023,HighSchool
4921440,111727,Jamal Meriweather,Georgia,OT,3,0.8879,480,2023,HighSchool
4956740,111728,Darion Rivers,NC State,OT,3,0.8879,481,2023,HighSchool
4871002,111731,Grant Tucker,App State,ATH,3,0.8878,482,2023,HighSchool
4870827,111729,Ty Jones,Mississippi State,LB,3,0.8878,482,2023,HighSchool
4920158,111732,Brock Glenn,Florida State,QB,3,0.8878,482,2023,HighSchool
4923267,111730,Zane Flores,Oklahoma State,QB,3,0.8878,482,2023,HighSchool
5101117,111733,Sam Greene,USC,DL,3,0.8878,482,2023,HighSchool
5078453,111734,London Humphreys,Vanderbilt,WR,3,0.8876,487,2023,HighSchool
4899368,111736,Kendrick Raphael,NC State,RB,3,0.8875,488,2023,HighSchool
4918421,111735,Tiger Bachmeier,Stanford,WR,3,0.8875,488,2023,HighSchool
5077266,111737,Trech Kekahuna,Wisconsin,WR,3,0.8875,488,2023,HighSchool
4918126,111738,LJ Martin,BYU,RB,3,0.8873,491,2023,HighSchool
4921238,111694,Micah Banuelos,USC,IOL,3,0.8873,492,2023,HighSchool
4921455,111739,Chris Terek,Notre Dame,IOL,3,0.8872,493,2023,HighSchool
5070255,111703,Jordan Knox,Northwestern,IOL,3,0.8871,494,2023,HighSchool
5150845,111742,Goldie Lawrence,Florida State,WR,3,0.8869,495,2023,HighSchool
4896491,111745,Jayden Davis,Cincinnati,S,3,0.8869,495,2023,HighSchool
4870637,111740,Christian Brathwaite,LSU,LB,3,0.8869,495,2023,HighSchool
5121468,111746,Jordon Harris,Missouri,ATH,3,0.8869,495,2023,HighSchool
4871076,111741,Quintrevion Wisner,Texas,RB,3,0.8869,495,2023,HighSchool
5157261,111743,Ja'Vin Simpkins,Coastal Carolina,RB,3,0.8869,495,2023,HighSchool
5158466,111744,MyKeil Gardner,Oregon,DL,3,0.8869,495,2023,HighSchool
4918095,111749,Luke Burgess,Louisville,OT,3,0.8867,502,2023,HighSchool
5078406,111747,Miles Walker,Ohio State,OT,3,0.8867,502,2023,HighSchool
4916987,111750,TJ West,Texas Tech,WR,3,0.8867,502,2023,HighSchool
4899366,111748,Semaj Morgan,Michigan,WR,3,0.8867,502,2023,HighSchool
5076652,111751,Brandon Cisse,NC State,CB,3,0.8866,506,2023,HighSchool
4917059,111756,Anquan Willis,Texas Tech,ATH,3,0.8861,507,2023,HighSchool
4871060,111754,Woo Spencer,Louisville,DL,3,0.8861,507,2023,HighSchool
4921273,111753,Billy Walton III,Texas,EDGE,3,0.8861,507,2023,HighSchool
4921519,111755,Donovan McIntosh,Kansas State,CB,3,0.8861,507,2023,HighSchool
5077500,111757,Luke Duncan,UCLA,QB,3,0.8858,511,2023,HighSchool
4950551,111758,Genesis Smith,Arizona,S,3,0.8858,512,2023,HighSchool
4870817,111760,Bradyn Joiner,Auburn,IOL,3,0.8854,513,2023,HighSchool
4921290,111764,Owen Chambliss,Utah,LB,3,0.8853,514,2023,HighSchool
4870657,111762,Micah Carter,Louisville,DL,3,0.8853,514,2023,HighSchool
,111761,Dylan Senda,Northwestern,IOL,3,0.8853,514,2023,HighSchool
4899348,111765,K.J. Kirkland,Florida State,S,3,0.8853,514,2023,HighSchool
,111763,Marcus Stokes,,QB,3,0.8853,514,2023,HighSchool
4918123,111766,Max Carroll,TCU,ATH,3,0.8853,514,2023,HighSchool
4871005,111752,Teitum Tuioti,Oregon,EDGE,3,0.8851,520,2023,HighSchool
4870924,111772,Antonio Robinson,Wake Forest,CB,3,0.885,521,2023,HighSchool
4870802,111770,Sedrick Irvin Jr.,Stanford,RB,3,0.885,521,2023,HighSchool
4870865,111769,Isaiah Neal,Pittsburgh,DL,3,0.885,521,2023,HighSchool
4870998,111767,Josiah Trotter,West Virginia,LB,3,0.885,521,2023,HighSchool
5150276,111773,Dazmin James,Arkansas,WR,3,0.885,521,2023,HighSchool
,111771,Nate Branch,East Carolina,WR,3,0.885,521,2023,HighSchool
4905609,111768,Fredrick Moore,Michigan,WR,3,0.885,521,2023,HighSchool
4923031,111774,Trovon Baugh,South Carolina,IOL,3,0.885,528,2023,HighSchool
4686148,111775,Josiah Jackson,West Virginia,CB,3,0.8847,529,2023,HighSchool
4899482,111776,Heath Ozaeta,Oklahoma,OT,3,0.8847,530,2023,HighSchool
5091783,111777,Jason Hewlett Jr.,Michigan,ATH,3,0.8847,530,2023,HighSchool
4870743,111778,William Fowles,Louisville,WR,3,0.8847,532,2023,HighSchool
4871093,111782,Preston Zinter,Notre Dame,LB,3,0.8844,533,2023,HighSchool
5077390,111783,Breezy Dubar,Boise State,RB,3,0.8844,533,2023,HighSchool
4870702,111784,Deric English,,WR,3,0.8844,533,2023,HighSchool
4899672,111785,Damon Walters,Northwestern,S,3,0.8844,533,2023,HighSchool
,111781,Ejani Shakir,,WR,3,0.8844,533,2023,HighSchool
5153619,111779,Larry Edwards III,UCLA,LB,3,0.8844,533,2023,HighSchool
5125555,111787,Jonathan Davis,Mississippi State,DL,3,0.8844,533,2023,HighSchool
5078916,111786,Joe Jackson,Kansas State,RB,3,0.8844,533,2023,HighSchool
4891196,111780,Jeremiah Hughes,LSU,CB,3,0.8844,533,2023,HighSchool
4870838,111788,Corey Kelly,Baylor,LB,3,0.8842,542,2023,HighSchool
5142798,111789,TJ Metcalf,Arkansas,S,3,0.8842,542,2023,HighSchool
4920135,111790,Kalib Hicks,Oklahoma,RB,3,0.8839,544,2023,HighSchool
5078062,111759,Armel Mukam,Notre Dame,DL,3,0.8838,545,2023,HighSchool
5150418,111795,KK Smith,Notre Dame,WR,3,0.8836,546,2023,HighSchool
4917621,111791,Micah Gifford,Baylor,WR,3,0.8836,546,2023,HighSchool
4891198,111794,Tre Spivey III,Kansas State,WR,3,0.8836,546,2023,HighSchool
5090565,111796,Greg Johnson,Minnesota,OT,3,0.8836,546,2023,HighSchool
4918133,111792,Ansel Nedore,Texas Tech,DL,3,0.8836,546,2023,HighSchool
4921410,111793,Alani Noa,USC,IOL,3,0.8836,546,2023,HighSchool
5160170,216937,Ashley Williams Jr.,Arizona State,EDGE,3,0.8836,546,2023,HighSchool
5088628,216936,Zack Marshall,Michigan,ATH,3,0.8836,546,2023,HighSchool
4870720,111799,Kam Franklin,Oklahoma State,LB,3,0.8833,554,2023,HighSchool
4870649,111798,Kaven Call,UCF,EDGE,3,0.8833,554,2023,HighSchool
4899481,111800,Phil Picciotti,Oklahoma,LB,3,0.8833,554,2023,HighSchool
,111797,Michael Daugherty,LSU,S,3,0.8833,554,2023,HighSchool
4972248,111801,Roger Alderman,Utah,OT,3,0.8828,558,2023,HighSchool
4870881,111802,Payton Kirkland,Texas,IOL,3,0.8828,559,2023,HighSchool
4871084,111805,Dallas Young,Arkansas,CB,3,0.8828,559,2023,HighSchool
4870758,111803,Anthony James,Washington,DL,3,0.8828,559,2023,HighSchool
4870584,111808,Zay Alexander,Mississippi State,OT,3,0.8828,559,2023,HighSchool
4870947,111806,JaSire Peterson,Rutgers,IOL,3,0.8828,559,2023,HighSchool
4920157,111807,Nathan Robinson,Tennessee,EDGE,3,0.8828,559,2023,HighSchool
4915376,111810,Jackson McGohan,LSU,TE,3,0.8828,559,2023,HighSchool
4941017,111809,Paul Mubenga,LSU,OT,3,0.8828,559,2023,HighSchool
4918417,111804,Ayden Greene,Virginia Tech,WR,3,0.8828,559,2023,HighSchool
4870653,111814,KC Concepcion,NC State,WR,3,0.8825,568,2023,HighSchool
4917978,111811,Cristian Conyer,Tennessee,CB,3,0.8825,568,2023,HighSchool
4870782,111812,Tommy Kinsler IV,Miami,IOL,3,0.8825,568,2023,HighSchool
5076125,111815,Jordan Louie,North Carolina,RB,3,0.8825,568,2023,HighSchool
5156353,111813,Trey Pierce,Michigan,DL,3,0.8825,568,2023,HighSchool
4954506,111816,Jamarion Wilcox,Kentucky,RB,3,0.8824,573,2023,HighSchool
4918097,111819,Alex Mota,Iowa,ATH,3,0.8819,574,2023,HighSchool
5075820,111817,Camron Heard,Oklahoma State,WR,3,0.8819,574,2023,HighSchool
5077200,111818,Caleb Bryant,Mississippi State,DL,3,0.8819,574,2023,HighSchool
4871073,111820,Kevis Thomas,Maryland,CB,3,0.8819,574,2023,HighSchool
5153617,111821,Mone Malafu,UCLA,LB,3,0.8819,574,2023,HighSchool
4870711,111823,Amare Ferrell,Indiana,S,3,0.8817,579,2023,HighSchool
4924145,111822,Michael Kilbane,Northwestern,EDGE,3,0.8817,579,2023,HighSchool
5120413,111824,Amari Smith,Mississippi State,IOL,3,0.8817,579,2023,HighSchool
5021233,111825,Julien Randolph,North Carolina,TE,3,0.8816,582,2023,HighSchool
5113179,111826,Dylan Carpenter,LSU,EDGE,3,0.8816,583,2023,HighSchool
4923276,111827,Kelton Henderson,South Carolina,ATH,3,0.8814,584,2023,HighSchool
4870895,111828,Paris Patterson Jr.,Arkansas,IOL,3,0.8813,585,2023,HighSchool
4950547,111829,Samuel Same,Iowa State,EDGE,3,0.8812,586,2023,HighSchool
5157286,111831,Montrel Hatten Jr.,Oregon State,WR,3,0.8811,587,2023,HighSchool
5077668,111835,Kade Eldridge,USC,ATH,3,0.8811,587,2023,HighSchool
,111833,Brock Fonoimoana,Utah,S,3,0.8811,587,2023,HighSchool
,111834,Justin Brown,,WR,3,0.8811,587,2023,HighSchool
4921256,111832,Ty Lee,UCLA,S,3,0.8811,587,2023,HighSchool
4920137,111830,Grant Buckey,UCLA,DL,3,0.8811,587,2023,HighSchool
5080140,111837,Tyler Johnson,Auburn,OT,3,0.8808,593,2023,HighSchool
4923288,111838,Barry Jackson Jr.,Cincinnati,WR,3,0.8808,593,2023,HighSchool
4871001,111836,Jaedn Skeete,Boston College,WR,3,0.8808,593,2023,HighSchool
5065596,111839,Tavion Gadson,Kentucky,DL,3,0.8807,596,2023,HighSchool
5121418,111840,Tavake Tuikolovatu,UCLA,IOL,3,0.8806,597,2023,HighSchool
4921443,111841,Simione Pale,Stanford,IOL,3,0.8804,598,2023,HighSchool
4870767,111842,James Heard Jr.,West Virginia,LB,3,0.8804,599,2023,HighSchool
5105677,111849,Taje McCoy,Colorado,EDGE,3,0.8803,600,2023,HighSchool
4918115,111848,John Slaughter,Tennessee,S,3,0.8803,600,2023,HighSchool
4870923,111846,Jahlil McClain,Louisville,WR,3,0.8803,600,2023,HighSchool
4918114,216938,Ashton Sanders,Oklahoma,DL,3,0.8803,600,2023,HighSchool
5077878,111850,Carl Williams IV,Baylor,CB,3,0.8803,600,2023,HighSchool
5151003,111845,Nolan McConnell,North Carolina,OT,3,0.8803,600,2023,HighSchool
4920143,111847,Morgan Pearson,Colorado,LB,3,0.8803,600,2023,HighSchool
4918419,111843,Lafayette Kaiuway,TCU,TE,3,0.8803,600,2023,HighSchool
5027432,111844,Ardell Banks,Kentucky,WR,3,0.8803,600,2023,HighSchool
5114314,111852,Taylor Wein,Oklahoma,EDGE,3,0.88,609,2023,HighSchool
4892986,111851,Lamont Payne Jr.,Penn State,CB,3,0.88,609,2023,HighSchool
5076117,111854,Kade McIntyre,Oklahoma,ATH,3,0.8797,611,2023,HighSchool
4870820,111853,Datrell Jones,Boston College,RB,3,0.8797,611,2023,HighSchool
4921270,111855,Jeremiah Telander,Tennessee,LB,3,0.8796,613,2023,HighSchool
4918427,111865,Matthew Fobbs-White,Tulane,EDGE,3,0.8794,614,2023,HighSchool
5078917,111862,Khalifa Keith,Tennessee,RB,3,0.8794,614,2023,HighSchool
4870994,111858,Malachi Riley,Arizona,WR,3,0.8794,614,2023,HighSchool
4871072,111856,Trey Wilson,Baylor,DL,3,0.8794,614,2023,HighSchool
4870742,111861,Jaden Hamm,Kansas,TE,3,0.8794,614,2023,HighSchool
4921319,111860,Jordan Shaw,Indiana,CB,3,0.8794,614,2023,HighSchool
4918444,111859,Jaidyn Doss,Nebraska,WR,3,0.8794,614,2023,HighSchool
,111857,Adarius Redmond,,WR,3,0.8794,614,2023,HighSchool
4917985,111864,Connor Stroh,Texas,OT,3,0.8794,614,2023,HighSchool
4920128,111863,Kahlil Tate,Iowa,S,3,0.8794,614,2023,HighSchool
5078462,111866,Elijah Caldwell,South Carolina,WR,3,0.8794,614,2023,HighSchool
4870725,111867,Gunnar Gottula,Nebraska,OT,3,0.8792,625,2023,HighSchool
4870814,111868,Tabias Hinton,Mississippi State,LB,3,0.8792,625,2023,HighSchool
5078054,111869,Sean Thompkins,Baylor,IOL,3,0.879,627,2023,HighSchool
4921116,111872,Jamal Roberts,Missouri,RB,3,0.8789,628,2023,HighSchool
4950550,111873,JeyQuan Smith,South Florida,ATH,3,0.8789,628,2023,HighSchool
5078918,111874,Ashton Stamps,LSU,CB,3,0.8789,628,2023,HighSchool
5075800,111875,Emory Williams,Miami,QB,3,0.8789,628,2023,HighSchool
4923297,111871,Leighton Jones,Iowa,IOL,3,0.8789,628,2023,HighSchool
5078420,111870,Leroy Bryant,Washington,CB,3,0.8789,628,2023,HighSchool
4920136,111881,Aycen Stevens,Virginia Tech,LB,3,0.8786,634,2023,HighSchool
5077206,111887,Donielle Hayes,Minnesota,WR,3,0.8786,634,2023,HighSchool
4920163,111885,Kelby Valsin,Texas Tech,WR,3,0.8786,634,2023,HighSchool
4920162,111879,Seth Davis,Mississippi State,RB,3,0.8786,634,2023,HighSchool
4924149,111882,Kerrington Lee,Wake Forest,EDGE,3,0.8786,634,2023,HighSchool
4921450,111883,Zahbari Sandy,South Carolina,S,3,0.8786,634,2023,HighSchool
5075544,111889,Luke Evans,Mississippi State,CB,3,0.8786,634,2023,HighSchool
5125554,111890,Chamberlain Campbell,Ole Miss,EDGE,3,0.8786,634,2023,HighSchool
5076108,111880,Alex Kilgore,SMU,LB,3,0.8786,634,2023,HighSchool
4923050,111876,Israel Carter,South Florida,QB,3,0.8786,634,2023,HighSchool
4915621,111884,Joseph Head Jr.,Mississippi State,EDGE,3,0.8786,634,2023,HighSchool
4923046,111888,Keyjuan Brown,Louisville,RB,3,0.8786,634,2023,HighSchool
5121532,111878,C.J. Johnson,Auburn,S,3,0.8786,634,2023,HighSchool
4870614,111877,Justin Benton,Houston,DL,3,0.8786,634,2023,HighSchool
,111886,Zak Yamauchi,Stanford,IOL,3,0.8786,634,2023,HighSchool
4921261,111891,Bryce Lovett,Florida,OT,3,0.8783,649,2023,HighSchool
5121452,111895,Djibril Rahman,Rutgers,DL,3,0.8781,650,2023,HighSchool
5075706,216939,Kamari Burns,Cincinnati,DL,3,0.8781,650,2023,HighSchool
5078109,111893,Marquez Stevenson,Texas Tech,WR,3,0.8781,650,2023,HighSchool
4918102,111894,Calvin Clements,Kansas,OT,3,0.8781,650,2023,HighSchool
4870616,111892,Javious Bond,East Carolina,ATH,3,0.8781,650,2023,HighSchool
4918442,111901,Markus Dixon,Clemson,TE,3,0.8778,655,2023,HighSchool
4870849,111900,Jahkai Lang,Missouri,EDGE,3,0.8778,655,2023,HighSchool
4870678,111897,Joe Crocker,Louisville,OT,3,0.8778,655,2023,HighSchool
4905994,111898,Jaedon Foreman,Oklahoma State,DL,3,0.8778,655,2023,HighSchool
,111899,Robert Lockhart III,Florida A&M,WR,3,0.8778,655,2023,HighSchool
4923292,111903,Jordan Jackson,West Virginia,ATH,3,0.8778,655,2023,HighSchool
4912907,111896,Joshua Miller,Georgia,IOL,3,0.8778,655,2023,HighSchool
4923251,111902,Jonas Duclona,Wisconsin,CB,3,0.8778,655,2023,HighSchool
5119307,111904,Daniel Blood,Missouri,WR,3,0.8778,655,2023,HighSchool
4870772,111906,Koby Keenum,Kentucky,OT,3,0.8775,664,2023,HighSchool
4870962,111907,Karmelo Overton,Memphis,LB,3,0.8775,664,2023,HighSchool
4921425,111908,Anthony Birsa,Northwestern,IOL,3,0.8775,664,2023,HighSchool
4899358,111905,Antonio Cotman Jr.,Virginia Tech,CB,3,0.8775,664,2023,HighSchool
4921398,111912,Luke Baklenko,Stanford,OT,3,0.8772,668,2023,HighSchool
5116941,111913,Korbin Hendrix,Arizona State,WR,3,0.8772,668,2023,HighSchool
,111910,Kyron Jones,Georgia,RB,3,0.8772,668,2023,HighSchool
,111909,Shawn Battle,Boston College,CB,3,0.8772,668,2023,HighSchool
4922983,111911,Manny Covey,Cincinnati,RB,3,0.8772,668,2023,HighSchool
5160642,111914,Nate Johnson III,Boston College,ATH,3,0.877,673,2023,HighSchool
4870662,111915,Isaiah Carlson,UCLA,ATH,3,0.8769,674,2023,HighSchool
4894661,111929,Durell Robinson,Charlotte,RB,3,0.8769,674,2023,HighSchool
4920154,111918,Kylan Salter,TCU,LB,3,0.8769,674,2023,HighSchool
4871050,111917,Marquese Williams,Minnesota,RB,3,0.8769,674,2023,HighSchool
4919038,111926,Ethan O'Connor,Washington State,ATH,3,0.8769,674,2023,HighSchool
4954455,111920,Bryson Washington,Baylor,ATH,3,0.8769,674,2023,HighSchool
4870986,111916,Rahmir Stewart,Nebraska,S,3,0.8769,674,2023,HighSchool
5078245,111932,Kenric Lanier II,Minnesota,WR,3,0.8769,674,2023,HighSchool
4921240,111925,Brooks Bahr,Michigan,DL,3,0.8769,674,2023,HighSchool
4870682,111919,Dee Crayton,Clemson,LB,3,0.8769,674,2023,HighSchool
5077225,111931,Christian Ford,Arkansas,S,3,0.8769,674,2023,HighSchool
5106295,111924,CJ Jacobsen,Utah,TE,3,0.8769,674,2023,HighSchool
4921109,111930,Jackson Carver,Miami,TE,3,0.8769,674,2023,HighSchool
4911971,111927,Jahiem White,West Virginia,RB,3,0.8769,674,2023,HighSchool
4921269,111928,Kaleb Spencer,Miami,LB,3,0.8769,674,2023,HighSchool
4918420,111923,Maverick Noonan,Nebraska,EDGE,3,0.8769,674,2023,HighSchool
4921295,111921,Rohan Fluellen,TCU,ATH,3,0.8769,674,2023,HighSchool
4918416,111922,Tyler Gant,Northwestern,DL,3,0.8769,674,2023,HighSchool
4918104,111934,Jmaury Davis,Texas Tech,ATH,3,0.8767,692,2023,HighSchool
4871087,111933,Emmanuel Waller,UAB,DL,3,0.8767,692,2023,HighSchool
5031157,111935,Reed Harris,Boston College,ATH,3,0.8767,694,2023,HighSchool
4871041,111938,Isaiah Shirley,NC State,DL,3,0.8764,695,2023,HighSchool
,111941,Jackson Harris,Stanford,ATH,3,0.8764,695,2023,HighSchool
5085388,111940,Ja'Bril Rawls,Florida State,CB,3,0.8764,695,2023,HighSchool
5041960,111936,Jayvontay Conner,Ole Miss,TE,3,0.8764,695,2023,HighSchool
5073960,111939,Nate White,Wisconsin,RB,3,0.8764,695,2023,HighSchool
4921499,111937,Shelton Lewis,Clemson,CB,3,0.8764,695,2023,HighSchool
5116973,111942,Rylan Kennedy,Texas A&M,EDGE,3,0.8764,695,2023,HighSchool
4921231,111948,Chase Brackney,Iowa,EDGE,3,0.8761,702,2023,HighSchool
4899362,111944,Mason Robinson,Penn State,DL,3,0.8761,702,2023,HighSchool
5043473,111946,Dylan Shaw,Texas Tech,IOL,3,0.8761,702,2023,HighSchool
5088562,111947,JC Hart,Auburn,CB,3,0.8761,702,2023,HighSchool
5078061,111949,Tre Miller,North Carolina,CB,3,0.8761,702,2023,HighSchool
4870761,111943,Kaleb James,Arkansas,DL,3,0.8761,702,2023,HighSchool
4918428,111945,Saadiq Clements,Louisville,DL,3,0.8761,702,2023,HighSchool
5092262,111950,DJ Waller Jr.,Michigan,CB,3,0.8759,709,2023,HighSchool
4871043,111952,Antonio Tripp Jr.,Miami,IOL,3,0.8758,710,2023,HighSchool
4870890,111951,Vysen Lang,Tennessee,IOL,3,0.8758,710,2023,HighSchool
5083313,111958,DeeJay Holmes Jr.,Ole Miss,EDGE,3,0.8756,712,2023,HighSchool
5080244,111953,Keviyan Huddleston,TCU,EDGE,3,0.8756,712,2023,HighSchool
5077897,111957,Rodney Lora,North Carolina,DL,3,0.8756,712,2023,HighSchool
4911838,111955,Daniel Sill,Texas Tech,OT,3,0.8756,712,2023,HighSchool
5078005,111956,Abu Sama III,Iowa State,RB,3,0.8756,712,2023,HighSchool
4923219,111954,Solomon Davis,Oregon,ATH,3,0.8756,712,2023,HighSchool
5078909,111964,Kenari Wilcher,Illinois,ATH,3,0.8753,718,2023,HighSchool
5044388,111965,D.J. Crest,Texas Tech,WR,3,0.8753,718,2023,HighSchool
4923057,111963,Connor Cox,South Carolina,TE,3,0.8753,718,2023,HighSchool
5077977,111961,Will Heldt,Purdue,EDGE,3,0.8753,718,2023,HighSchool
5041962,111959,Jerry Mixon,Oregon,LB,3,0.8753,718,2023,HighSchool
5158453,111962,Tevita Pome'e,Oregon,DL,3,0.8753,718,2023,HighSchool
4870634,111960,Drake Carlson,Purdue,DL,3,0.8753,718,2023,HighSchool
4921442,111966,Jaeden Moore,Oregon,EDGE,3,0.875,725,2023,HighSchool
4910957,111967,Evan Tengesdahl,Cincinnati,IOL,3,0.875,725,2023,HighSchool
5120370,111969,Kellen McDonough,Eastern Michigan,OT,3,0.875,725,2023,HighSchool
5077804,111968,Chico Holt,,TE,3,0.875,725,2023,HighSchool
4899364,111972,Trevor Duncan,Tennessee,ATH,3,0.8747,729,2023,HighSchool
4899471,111971,Kyran Bourda,Arizona State,DL,3,0.8747,729,2023,HighSchool
4870585,111970,Kahlil Ali,Boston College,S,3,0.8747,729,2023,HighSchool
5219063,111974,Vincent Carroll-Jackson,Nebraska,DL,3,0.8747,729,2023,HighSchool
5078818,111973,Johnathan Hall,Utah,LB,3,0.8747,729,2023,HighSchool
5230289,111983,Andre Davis,Kansas State,WR,3,0.8744,734,2023,HighSchool
4917093,111985,Ryan Staub,Colorado,QB,3,0.8744,734,2023,HighSchool
5077787,111976,Jaxon Smolik,Penn State,QB,3,0.8744,734,2023,HighSchool
,111982,Taliafi Taala,Utah State,OT,3,0.8744,734,2023,HighSchool
,111987,Jaquez Keyes,Wake Forest,RB,3,0.8744,734,2023,HighSchool
4918422,111984,Kai Black,Iowa State,WR,3,0.8744,734,2023,HighSchool
4918412,111979,Harvey Broussard III,Louisiana,WR,3,0.8744,734,2023,HighSchool
5030333,111981,Sedrick Alexander,Vanderbilt,RB,3,0.8744,734,2023,HighSchool
4918100,111975,Montrell Wade,Boston College,WR,3,0.8744,734,2023,HighSchool
5075536,111989,Shadarian Harrison,Pittsburgh,CB,3,0.8744,734,2023,HighSchool
4870790,111988,Mack Howard,Utah,QB,3,0.8744,734,2023,HighSchool
5075675,111978,Carter Stoutmire,Colorado,CB,3,0.8744,734,2023,HighSchool
4694356,111986,Kenny Johnson,Pittsburgh,WR,3,0.8744,734,2023,HighSchool
4950395,111980,Jamison Patton,Iowa State,ATH,3,0.8744,734,2023,HighSchool
4870873,111977,DK Kalu,Baylor,DL,3,0.8744,734,2023,HighSchool
5091841,111990,Landen Thomas,Arizona State,DL,3,0.8744,749,2023,HighSchool
5042882,111991,Jason Abbey,Virginia Tech,EDGE,3,0.8743,750,2023,HighSchool
4921255,111992,Caleb LaVallee,North Carolina,LB,3,0.8742,751,2023,HighSchool
4899469,111993,Ty Blanding,Penn State,DL,3,0.8742,752,2023,HighSchool
4920164,111999,Sam West,Indiana,TE,3,0.8739,753,2023,HighSchool
4870605,111994,Jace Arnold,Wisconsin,CB,3,0.8739,753,2023,HighSchool
,111997,Ethan Thomason,BYU,OT,3,0.8739,753,2023,HighSchool
5077113,111998,Jaylen Aborom,Mississippi State,CB,3,0.8739,753,2023,HighSchool
4915622,111995,Jake Strong,Texas Tech,QB,3,0.8739,753,2023,HighSchool
4923253,111996,Jason Duclona,UCF,ATH,3,0.8739,753,2023,HighSchool
5075539,112000,Nick Oliveira,Rutgers,OT,3,0.8738,759,2023,HighSchool
4379471,112001,Tyler Brown,Clemson,WR,3,0.8737,760,2023,HighSchool
4940231,112006,Camp Magee,Northwestern,TE,3,0.8736,761,2023,HighSchool
4870954,112002,Randy Pittman Jr.,UCF,TE,3,0.8736,761,2023,HighSchool
4870608,112003,Ben Brahmer,Iowa State,WR,3,0.8736,761,2023,HighSchool
4921318,112005,Spencer Shannon,Texas,TE,3,0.8736,761,2023,HighSchool
4917625,112007,John Stone,Rutgers,IOL,3,0.8736,761,2023,HighSchool
4916895,112004,Erik McCarty,Oklahoma,ATH,3,0.8736,761,2023,HighSchool
4918441,112008,Marcellius Pulliam,Miami,LB,3,0.8736,761,2023,HighSchool
,112009,Jeremiah Collins,Austin Peay,ATH,3,0.8736,761,2023,HighSchool
5032141,112011,Za'Quan Bryan,Minnesota,CB,3,0.8733,769,2023,HighSchool
4870671,112010,Kaleb Cost,North Carolina,CB,3,0.8733,769,2023,HighSchool
4923217,112016,Phillip Daniels,Minnesota,IOL,3,0.8731,771,2023,HighSchool
5150538,112015,Devin Hyatt,Arizona,WR,3,0.8731,771,2023,HighSchool
4870841,112017,Devin McRae,Wake Forest,IOL,3,0.8731,771,2023,HighSchool
,112012,Isaiah Kema,Ohio State,IOL,3,0.8731,771,2023,HighSchool
,112014,Amaris Shaw,,ATH,3,0.8731,771,2023,HighSchool
,112013,Isiah Kendall,Jackson State,WR,3,0.8731,771,2023,HighSchool
,112022,Cory Huff Jr.,,S,3,0.8728,777,2023,HighSchool
4918128,112023,CJ Turner,Tulsa,LB,3,0.8728,777,2023,HighSchool
4918135,112019,Carson Dean,Arkansas,EDGE,3,0.8728,777,2023,HighSchool
5109668,112025,Gabe Fortson,Georgia Tech,IOL,3,0.8728,777,2023,HighSchool
4871056,112020,Johnny Williams IV,West Virginia,OT,3,0.8728,777,2023,HighSchool
4917983,112018,Alex Sanford Jr.,Arkansas,LB,3,0.8728,777,2023,HighSchool
5150844,112026,Andre' Otto,Florida State,OT,3,0.8728,777,2023,HighSchool
4916985,112024,Chapman Lewis,Texas Tech,S,3,0.8728,777,2023,HighSchool
4918458,112021,De'Marion Thomas,Vanderbilt,DL,3,0.8728,777,2023,HighSchool
4921505,112027,Jayven Anderson,North Texas,LB,3,0.8726,786,2023,HighSchool
5110569,112028,Anthony Miller,Indiana,TE,3,0.8726,786,2023,HighSchool
4696209,112030,Benjamin Hall,Michigan,RB,3,0.8725,788,2023,HighSchool
,112031,Jaren Woods,Baylor,DL,3,0.8725,788,2023,HighSchool
4921520,112029,Tybo Rogers,Washington,RB,3,0.8725,788,2023,HighSchool
5125521,112032,Arhmad Branch,Purdue,WR,3,0.8725,788,2023,HighSchool
5091840,112033,Mari Smith,Tulsa,WR,3,0.8722,792,2023,HighSchool
4950379,112034,Zach Ortwerth,Iowa,TE,3,0.8722,793,2023,HighSchool
5125012,112036,Ismael Smith Flores,Nebraska,TE,3,0.8722,793,2023,HighSchool
,112035,Naquil Betrand,Texas A&M,OT,3,0.8722,793,2023,HighSchool
5077282,112037,Ty Adams,North Carolina,CB,3,0.8722,796,2023,HighSchool
,112041,Eddie Combs,,WR,3,0.8719,797,2023,HighSchool
4918432,216940,Ethan Crisp,Vanderbilt,LB,3,0.8719,797,2023,HighSchool
4870979,112038,Ryan Robinson Jr.,LSU,CB,3,0.8719,797,2023,HighSchool
4870630,112043,Antonio Camon,Pittsburgh,EDGE,3,0.8719,797,2023,HighSchool
5158459,112042,Lipe Moala,Oregon,IOL,3,0.8719,797,2023,HighSchool
4870675,112039,Justin DeLeon,Texas State,IOL,3,0.8719,797,2023,HighSchool
4920144,256505,Elijha Payne,Arizona,OT,3,0.8719,797,2023,HighSchool
4917623,112044,Canyon Moses,Arizona,CB,3,0.8719,797,2023,HighSchool
5076959,112040,AJ Tisdell,Wisconsin,CB,3,0.8719,797,2023,HighSchool
,112045,Anthony White,,ATH,3,0.8719,806,2023,HighSchool
4870777,112046,Zachariah Keith,West Virginia,EDGE,3,0.8718,807,2023,HighSchool
4921453,112047,Brandon Solis,Missouri,OT,3,0.8717,808,2023,HighSchool
,112048,Brenton Williams,Auburn,EDGE,3,0.8717,808,2023,HighSchool
4923298,112061,Peyton Jones,Duke,RB,3,0.8714,810,2023,HighSchool
5075912,112059,George Burhenn,Purdue,TE,3,0.8714,810,2023,HighSchool
4921242,112055,Trevor Buhr,Iowa State,DL,3,0.8714,810,2023,HighSchool
4870592,112054,Jordyn Bailey,TCU,WR,3,0.8714,810,2023,HighSchool
5076127,112052,Tobias Raymond,USC,OT,3,0.8714,810,2023,HighSchool
4920147,112056,Paul Billups II,North Carolina,WR,3,0.8714,810,2023,HighSchool
4921272,112053,Wes Tucker,Baylor,IOL,3,0.8714,810,2023,HighSchool
5078422,112057,Brandon High Jr.,UTSA,RB,3,0.8714,810,2023,HighSchool
4949488,112050,Jacobe Robinson,Boston College,QB,3,0.8714,810,2023,HighSchool
4920196,112060,Javance Tupou'ata-Johnson,San Diego State,QB,3,0.8714,810,2023,HighSchool
4920898,112058,Beni Ngoyi,Iowa State,WR,3,0.8714,810,2023,HighSchool
4920153,112051,William Watson III,Virginia Tech,QB,3,0.8714,810,2023,HighSchool
5076118,112062,Karter Menz,Minnesota,EDGE,3,0.8714,810,2023,HighSchool
4921115,112049,Kenneth Merrieweather,Iowa,EDGE,3,0.8714,810,2023,HighSchool
4918454,112068,Jacob Page,Colorado,WR,3,0.8711,824,2023,HighSchool
4918459,112065,Tommy Ziesmer,Kentucky,EDGE,3,0.8711,824,2023,HighSchool
4923226,112070,Collin Dixon,Illinois,WR,3,0.8711,824,2023,HighSchool
4899470,112067,Ja'Koby Banks,Houston,WR,3,0.8711,824,2023,HighSchool
4918424,112064,Jayden Cofield,Texas Tech,DL,3,0.8711,824,2023,HighSchool
4919036,112066,Andre Cojoe,Texas,IOL,3,0.8711,824,2023,HighSchool
5076050,112069,Trent Thomas,Baylor,EDGE,3,0.8711,824,2023,HighSchool
4920155,112071,Andrew Rumph,UCF,DL,3,0.8711,824,2023,HighSchool
4870697,112063,Daniel Demery,Ole Miss,S,3,0.8711,824,2023,HighSchool
5077341,112074,Daemian Wimberly,SMU,DL,3,0.8708,833,2023,HighSchool
4941011,112073,John Nestor,Iowa,S,3,0.8708,833,2023,HighSchool
4918109,112072,Michael Parkes,Iowa State,WR,3,0.8708,833,2023,HighSchool
5077812,112079,Chase Davis,Utah State,S,3,0.8706,836,2023,HighSchool
,112075,Johnathan Slack,Howard,IOL,3,0.8706,836,2023,HighSchool
5159672,112078,DJ Coleman,Baylor,S,3,0.8706,836,2023,HighSchool
4923299,112076,Emmanuel Karnley,Arizona,CB,3,0.8706,836,2023,HighSchool
4921248,112077,Oryend Fisher,West Virginia,EDGE,3,0.8706,836,2023,HighSchool
5119262,112083,Barrett Maddox,Vanderbilt,OT,3,0.8703,841,2023,HighSchool
4921250,112081,RJ Johnson,Arkansas,ATH,3,0.8703,841,2023,HighSchool
,112082,Jamall Franklin,McNeese,OT,3,0.8703,841,2023,HighSchool
4993406,112080,CJ Tiller,Boise State,QB,3,0.8703,841,2023,HighSchool
4870729,112084,T.J. Harvison,Pittsburgh,RB,3,0.8703,841,2023,HighSchool
5078552,112087,Kevin O'Connor,Duke,LB,3,0.87,846,2023,HighSchool
4870691,112089,Santana Fleming,Western Carolina,WR,3,0.87,846,2023,HighSchool
5120221,112088,Brice Turner,Nebraska,ATH,3,0.87,846,2023,HighSchool
5078162,112085,Bo Mascoe,Rutgers,CB,3,0.87,846,2023,HighSchool
5080968,112090,Aymeric Koumba,Michigan,EDGE,3,0.87,846,2023,HighSchool
5077264,112086,Javieon Butler,Southern Miss,WR,3,0.87,846,2023,HighSchool
,216941,Luke Talich,,ATH,3,0.87,846,2023,HighSchool
4954451,112093,Rushaun Tongue,Wake Forest,S,3,0.8697,853,2023,HighSchool
,112094,Gabe Moore,Mississippi State,DL,3,0.8697,853,2023,HighSchool
5077695,112091,Taylor Starling,North Texas,CB,3,0.8697,853,2023,HighSchool
4917056,112092,Ayden Bussell,Tennessee,OT,3,0.8697,853,2023,HighSchool
5075592,112096,Cal Swanson,Illinois,QB,3,0.8694,857,2023,HighSchool
5075960,112097,Quindarrius Jones,Florida State,ATH,3,0.8694,857,2023,HighSchool
5079837,112098,Kamen Smith,NC State,OT,3,0.8694,857,2023,HighSchool
4910222,112095,Hawkins Polley,Baylor,TE,3,0.8694,857,2023,HighSchool
4870687,112099,Ayden Duncanson,North Carolina,S,3,0.8692,861,2023,HighSchool
5157305,112100,Jacob Anderson,Oregon State,OT,3,0.8692,861,2023,HighSchool
4923037,112110,CJ Adams,South Carolina,WR,3,0.8689,863,2023,HighSchool
4916838,112103,Tyler Jansey,Wisconsin,LB,3,0.8689,863,2023,HighSchool
4870786,112101,Marco Lainez III,Iowa,QB,3,0.8689,863,2023,HighSchool
5108220,112108,Kendrick Bell,Michigan,ATH,3,0.8689,863,2023,HighSchool
5078222,112107,Braylon Rigsby,Texas Tech,DL,3,0.8689,863,2023,HighSchool
5077210,112106,Jatavius Shivers,South Carolina,OT,3,0.8689,863,2023,HighSchool
5151167,112111,Ben Taylor-Whitfield,TCU,OT,3,0.8689,863,2023,HighSchool
4870789,112102,Jaxson Lavender,SMU,WR,3,0.8689,863,2023,HighSchool
4921291,112104,Ricky Ahumaraeze,Northwestern,WR,3,0.8689,863,2023,HighSchool
4954511,112105,Krystian Williams,Virginia Tech,WR,3,0.8689,863,2023,HighSchool
4921313,112109,Nakai Poole,Mississippi State,WR,3,0.8689,863,2023,HighSchool
4870935,112113,Shawn Russ,Arizona State,S,3,0.8686,874,2023,HighSchool
4917979,112115,Malik Ellis,Mississippi State,OT,3,0.8686,874,2023,HighSchool
4870740,112116,Troy Ford,UCF,EDGE,3,0.8686,874,2023,HighSchool
4920194,112114,Jameel Croft Jr.,Kansas,S,3,0.8686,874,2023,HighSchool
4920191,112112,Marquise Collins,Duke,RB,3,0.8686,874,2023,HighSchool
4870798,112117,Malik Leverett,East Carolina,WR,3,0.8683,879,2023,HighSchool
5102814,112118,Deijon Laffitte,USC,DL,3,0.8683,879,2023,HighSchool
5102800,112119,Donavyn Pellot,UCLA,ATH,3,0.8683,879,2023,HighSchool
4921504,112126,Dante Lovett,Virginia Tech,S,3,0.8681,882,2023,HighSchool
4923051,112125,Surahz Buncom,Kansas,ATH,3,0.8681,882,2023,HighSchool
4915837,112120,Grayson Loftis,Duke,QB,3,0.8681,882,2023,HighSchool
4870668,112121,Jacoby Davis,Kansas,CB,3,0.8681,882,2023,HighSchool
4921230,112123,Ryan Carretta,Pittsburgh,OT,3,0.8681,882,2023,HighSchool
4870926,112122,Kennedy McDowell,Colorado State,EDGE,3,0.8681,882,2023,HighSchool
5088585,112124,Jarra Anderson,Memphis,DL,3,0.8681,882,2023,HighSchool
5077694,112127,Michael Patterson,Houston,CB,3,0.8681,882,2023,HighSchool
4918108,112131,Jordan Napier,San Diego State,WR,3,0.8678,890,2023,HighSchool
4965577,112136,Rayquan Adkins,Cincinnati,CB,3,0.8678,890,2023,HighSchool
,112129,Deldrick Madison,,S,3,0.8678,890,2023,HighSchool
5114332,112128,Jaivian Thomas,California,RB,3,0.8678,890,2023,HighSchool
5033015,112134,Eddie Pleasant III,Michigan State,CB,3,0.8678,890,2023,HighSchool
5075564,112135,Jamarrion Harkless,Purdue,DL,3,0.8678,890,2023,HighSchool
4950555,112130,Samu Taumanupepe,Texas A&M,DL,3,0.8678,890,2023,HighSchool
4871062,112133,Asaad Waseem,Colorado,WR,3,0.8678,890,2023,HighSchool
5075591,112132,Dylan Smith,Oklahoma State,CB,3,0.8678,890,2023,HighSchool
4427612,112138,Chantz Johnson,Texas A&M,LB,3,0.8675,899,2023,HighSchool
5121541,112140,Cam Wallace,Penn State,ATH,3,0.8675,899,2023,HighSchool
4917942,112139,Frank Covey IV,Northwestern,ATH,3,0.8675,899,2023,HighSchool
,112137,Cam Upshaw Jr.,South Carolina,S,3,0.8675,899,2023,HighSchool
4917944,112146,Chris Marable Jr.,Wake Forest,DL,3,0.8672,903,2023,HighSchool
5121008,112145,Jaelon Barbarin,Michigan State,ATH,3,0.8672,903,2023,HighSchool
4954450,112143,Semaj Turner,Duke,DL,3,0.8672,903,2023,HighSchool
4950392,112142,Martin Owusu,Minnesota,DL,3,0.8672,903,2023,HighSchool
5121872,112150,Eric Fields,Nebraska,LB,3,0.8672,903,2023,HighSchool
5078814,112148,Tralon Mitchell,Virginia Tech,ATH,3,0.8672,903,2023,HighSchool
4870686,112141,Ike Daniels,Syracuse,RB,3,0.8672,903,2023,HighSchool
4921253,112144,Brock Knutson,Nebraska,OT,3,0.8672,903,2023,HighSchool
5078045,112149,Nick Deloach Jr.,Missouri,WR,3,0.8672,903,2023,HighSchool
4870735,112147,R.J. Grigsby,North Carolina,IOL,3,0.8672,903,2023,HighSchool
4918457,112153,Dylan Rogers,Nebraska,EDGE,3,0.8669,913,2023,HighSchool
4870705,112154,Vernon Glover Jr.,TCU,CB,3,0.8669,913,2023,HighSchool
4918440,112158,Terry Simmons Jr.,Duke,DL,3,0.8669,913,2023,HighSchool
5086808,112156,Brendan Bett,Baylor,DL,3,0.8669,913,2023,HighSchool
5031156,112159,Gavin Geweniger,Stanford,EDGE,3,0.8669,913,2023,HighSchool
4920151,112151,Arian Parish,Arizona,S,3,0.8669,913,2023,HighSchool
5150271,112157,Joey Su'a,Arkansas,IOL,3,0.8669,913,2023,HighSchool
5070545,112152,Serigne Tounkara,Missouri,EDGE,3,0.8669,913,2023,HighSchool
4923048,112155,Deven Bryant,Washington,LB,3,0.8669,913,2023,HighSchool
5075589,112165,David Caulker,Iowa State,EDGE,3,0.8667,922,2023,HighSchool
5076952,112161,Devin McCuin,UTSA,ATH,3,0.8667,922,2023,HighSchool
4870832,112160,Moussa Kane,Duke,S,3,0.8667,922,2023,HighSchool
5121775,112164,Elijah Hughes,USC,DL,3,0.8667,922,2023,HighSchool
4922981,112162,Rasheem Biles,Pittsburgh,ATH,3,0.8667,922,2023,HighSchool
5090796,112166,Noah Dunham,Washington State,OT,3,0.8667,922,2023,HighSchool
4954509,112163,Caleb Woodson,Virginia Tech,S,3,0.8667,922,2023,HighSchool
4954454,112171,Tyler Walton,Wake Forest,EDGE,3,0.8664,929,2023,HighSchool
5120971,112175,Aziah Johnson,Michigan State,ATH,3,0.8664,929,2023,HighSchool
5093880,112174,Ben Galloway,Georgia Tech,OT,3,0.8664,929,2023,HighSchool
5086474,112173,Jacob Cruz,Georgia Tech,ATH,3,0.8664,929,2023,HighSchool
5077248,112169,Braylan Lovelace,Pittsburgh,LB,3,0.8664,929,2023,HighSchool
4923042,112170,Kerry Brown,Minnesota,S,3,0.8664,929,2023,HighSchool
4924141,112167,Misun Kelley,Clemson,CB,3,0.8664,929,2023,HighSchool
4923056,112168,Johnathan Cline,UCF,IOL,3,0.8664,929,2023,HighSchool
5076123,112172,Kooper Ebel,Iowa State,ATH,3,0.8664,929,2023,HighSchool
4870751,112177,Daniel Harris,UAB,EDGE,3,0.8661,938,2023,HighSchool
4870965,112181,Taz Reddicks,Oregon State,WR,3,0.8661,938,2023,HighSchool
4918096,112179,Bo Edmundson,UNLV,QB,3,0.8661,938,2023,HighSchool
4918439,112182,Elinneus Davis,Washington,DL,3,0.8661,938,2023,HighSchool
4950554,112183,Brian Simms III,Cincinnati,DL,3,0.8661,938,2023,HighSchool
4911843,112180,Jack Endean,Oklahoma State,OT,3,0.8661,938,2023,HighSchool
4923256,112176,Jai Eugene Jr.,Tulane,S,3,0.8661,938,2023,HighSchool
5069279,112178,Justin Taylor,Wisconsin,ATH,3,0.8661,938,2023,HighSchool
5125552,112190,Grant Leeper,Iowa,TE,3,0.8658,946,2023,HighSchool
5063006,112188,Marcell Baylor,Virginia Tech,WR,3,0.8658,946,2023,HighSchool
5119868,216943,Jaylen Lloyd,Nebraska,ATH,3,0.8658,946,2023,HighSchool
5121782,112192,Jaelen Smith,Michigan State,WR,3,0.8658,946,2023,HighSchool
4871027,112184,Ryne Shackelford,Purdue,WR,3,0.8658,946,2023,HighSchool
5154320,112185,Trey Smith,Illinois,EDGE,3,0.8658,946,2023,HighSchool
4921517,216944,Dawson Pendergrass,Baylor,ATH,3,0.8658,946,2023,HighSchool
4921515,112191,Kanijal Thomas,Kansas State,S,3,0.8658,946,2023,HighSchool
5070503,216942,Davoun Fuse,Rutgers,ATH,3,0.8658,946,2023,HighSchool
4921444,112187,Brady Nassar,San Diego State,EDGE,3,0.8658,946,2023,HighSchool
4921407,112186,Brandon Henderson,Illinois,OT,3,0.8658,946,2023,HighSchool
,112189,Deondre Johnson,Rutgers,ATH,3,0.8658,946,2023,HighSchool
4918112,112202,Austin Ramsey,Kentucky,OT,3,0.8656,958,2023,HighSchool
4880987,112193,Kaden Carr,Texas Tech,IOL,3,0.8656,958,2023,HighSchool
4954453,112198,Cade Uluave,California,LB,3,0.8656,958,2023,HighSchool
5032145,112205,AJ Thomas,Tulane,EDGE,3,0.8656,958,2023,HighSchool
5077303,112203,Jacob Lane,Washington,EDGE,3,0.8656,958,2023,HighSchool
5075537,112206,Jarvis Lee,South Florida,CB,3,0.8656,958,2023,HighSchool
4940233,112199,Corey Lucius,UTSA,LB,3,0.8656,958,2023,HighSchool
4921118,112200,Thomas Williams,Virginia Tech,ATH,3,0.8656,958,2023,HighSchool
5076100,112196,Jarred Sample,Kansas,WR,3,0.8656,958,2023,HighSchool
4950396,112195,Marcus Ratcliffe,San Diego State,S,3,0.8656,958,2023,HighSchool
5077502,112204,Carson Hansen,Iowa State,ATH,3,0.8656,958,2023,HighSchool
4917981,112201,AJ Newberry,Vanderbilt,RB,3,0.8656,958,2023,HighSchool
4871090,112194,Carlos Wilson,Arizona,ATH,3,0.8656,958,2023,HighSchool
5093141,112197,Jarvis Green,Clemson,RB,3,0.8656,958,2023,HighSchool
4870913,112208,Reese Mooney,Liberty,QB,3,0.8653,972,2023,HighSchool
5080138,112216,Keontez Bradley,Arizona State,CB,3,0.8653,972,2023,HighSchool
4870810,112210,Jack Luttrell,Tennessee,S,3,0.8653,972,2023,HighSchool
4871018,112214,Patrick Screws Jr.,Georgia Tech,IOL,3,0.8653,972,2023,HighSchool
4920129,112213,Jack Tchienchou,Troy,CB,3,0.8653,972,2023,HighSchool
5033014,112215,Tyree Patterson,UCF,WR,3,0.8653,972,2023,HighSchool
5152158,112209,Deuce Alexander,Wake Forest,WR,3,0.8653,972,2023,HighSchool
4918426,112211,Drew Pickett,Wake Forest,RB,3,0.8653,972,2023,HighSchool
,112212,Tre Williams,Stanford,EDGE,3,0.8653,972,2023,HighSchool
4917859,112207,Taurean York,Texas A&M,LB,3,0.8653,972,2023,HighSchool
4922996,112219,Dylan Wade,Maryland,ATH,3,0.865,982,2023,HighSchool
5075961,112217,Cooper Powers,TCU,IOL,3,0.865,982,2023,HighSchool
5117455,112224,Ty Benefield,Boise State,ATH,3,0.865,982,2023,HighSchool
5120456,112222,Kwinten Ives,Nebraska,RB,3,0.865,982,2023,HighSchool
5154305,112220,Cruce Brookins,Pittsburgh,S,3,0.865,982,2023,HighSchool
5077357,112221,Sean Brown,Michigan State,CB,3,0.865,982,2023,HighSchool
5122065,112223,Vaka Hansen,San José State,DL,3,0.865,982,2023,HighSchool
,112218,Nnamdi Udeogu,Princeton,EDGE,3,0.865,982,2023,HighSchool
,112225,Mateaki Helu,Utah,ATH,3,0.8647,990,2023,HighSchool
4954446,112227,Zachary Tobe,Illinois,S,3,0.8647,990,2023,HighSchool
5077406,112230,Kimari Robinson,Duke,CB,3,0.8647,990,2023,HighSchool
5077216,112234,Kamron Sandlin,South Carolina,ATH,3,0.8647,990,2023,HighSchool
5078104,112232,Jo'Laison Landry,Texas State,DL,3,0.8647,990,2023,HighSchool
4923293,112231,James Jenkins,South Florida,IOL,3,0.8647,990,2023,HighSchool
4954445,112226,Dillon Thieneman,Purdue,S,3,0.8647,990,2023,HighSchool
5078251,112229,Justin Marshall,Colorado State,WR,3,0.8647,990,2023,HighSchool
5168708,112228,Arnold Barnes III,Tulane,RB,3,0.8647,990,2023,HighSchool
5078914,112235,Tamarcus Cooley,Maryland,S,3,0.8647,990,2023,HighSchool
4981325,112233,Cam Fleming,Virginia Tech,CB,3,0.8647,990,2023,HighSchool
5080400,112236,Anthony Miles,Vanderbilt,IOL,3,0.8645,1001,2023,HighSchool
4921268,112240,Brad Spence,Arkansas,EDGE,3,0.8644,1002,2023,HighSchool
5104741,112242,Bryce Boulton,Oregon,IOL,3,0.8644,1002,2023,HighSchool
4870964,112238,Will Randle,Texas,TE,3,0.8644,1002,2023,HighSchool
4895923,112239,Kaden Moorman,Louisville,ATH,3,0.8644,1002,2023,HighSchool
4923028,112241,Quentin Ajiero,Duke,CB,3,0.8644,1002,2023,HighSchool
4920156,112237,Dylan Rizk,UCF,QB,3,0.8644,1002,2023,HighSchool
4950542,112243,Jonah Rodriguez,San Diego State,OT,3,0.8642,1008,2023,HighSchool
5078014,112248,Brandon Johnson,Arizona,RB,3,0.8642,1008,2023,HighSchool
4921323,112246,K'Vion Thunderbird,Arizona State,LB,3,0.8642,1008,2023,HighSchool
5121567,112245,Josiah Cox,Arizona State,S,3,0.8642,1008,2023,HighSchool
4921259,112244,Ethan Mackenny,Georgia Tech,OT,3,0.8642,1008,2023,HighSchool
4870936,112247,Shamar McNeil,Missouri,CB,3,0.8642,1008,2023,HighSchool
4871021,112257,Lamar Seymore,Pittsburgh,WR,3,0.8639,1014,2023,HighSchool
5075590,112255,Alex Elliott,Minnesota,LB,3,0.8639,1014,2023,HighSchool
5054079,112256,Hannes Hammer,Virginia Tech,OT,3,0.8639,1014,2023,HighSchool
5078579,112254,Ethon Cole,Purdue,S,3,0.8639,1014,2023,HighSchool
5076597,112252,Tony Terry,Kansas,DL,3,0.8639,1014,2023,HighSchool
5015143,112253,Amier Washington,Texas Tech,DL,3,0.8639,1014,2023,HighSchool
,112251,Joshua Gregory,Cincinnati,OT,3,0.8639,1014,2023,HighSchool
,112249,Dakota Patterson,,ATH,3,0.8639,1014,2023,HighSchool
,112250,Justin Cryer,Northwestern,LB,3,0.8639,1014,2023,HighSchool
5160131,112260,Adam Moore,SMU,TE,3,0.8636,1023,2023,HighSchool
5078098,112259,Kamal Bonner,NC State,LB,3,0.8636,1023,2023,HighSchool
5156050,112258,Bubba Jeffries,Indiana,IOL,3,0.8636,1023,2023,HighSchool
4921432,112270,Dillan Fontus,Maryland,EDGE,3,0.8633,1026,2023,HighSchool
4921441,112267,Jordan Mayer,Wisconsin,EDGE,3,0.8633,1026,2023,HighSchool
,112266,Carson Mott,Weber State,EDGE,3,0.8633,1026,2023,HighSchool
4954503,112268,Jordan Whitney,Washington,LB,3,0.8633,1026,2023,HighSchool
4923257,112265,Wesley Fair,Kansas State,ATH,3,0.8633,1026,2023,HighSchool
5064160,112271,Jesse Ofurie,Rutgers,WR,3,0.8633,1026,2023,HighSchool
4921518,112263,Famah Toure,Rutgers,WR,3,0.8633,1026,2023,HighSchool
5125365,112273,Taylor Heim,Oklahoma,LB,3,0.8633,1026,2023,HighSchool
4870628,112261,Jameian Buxton,UTSA,DL,3,0.8633,1026,2023,HighSchool
5154324,112264,Jojo Hayden,Illinois,LB,3,0.8633,1026,2023,HighSchool
5104738,112272,Ryan Browne,Purdue,QB,3,0.8633,1026,2023,HighSchool
5076584,112262,TJ Washington Jr.,Iowa,RB,3,0.8633,1026,2023,HighSchool
4923033,112269,Winston Berglund,Purdue,S,3,0.8633,1026,2023,HighSchool
5121603,112281,Mason Goldman,Nebraska,OT,3,0.8631,1039,2023,HighSchool
4872726,112278,Maddux Borcherding-Johnson,Iowa,DL,3,0.8631,1039,2023,HighSchool
4917943,112274,Aidan Gray,Northwestern,QB,3,0.8631,1039,2023,HighSchool
5077117,112282,Montana Warren,Arizona State,S,3,0.8631,1039,2023,HighSchool
5077209,112279,Jordan Lester,TCU,S,3,0.8631,1039,2023,HighSchool
5125153,112283,Che Ojarikre,Stanford,S,3,0.8631,1039,2023,HighSchool
4935302,112277,Sam Sledge,Nebraska,IOL,3,0.8631,1039,2023,HighSchool
4921241,112275,Austin Barrett,Indiana,OT,3,0.8631,1039,2023,HighSchool
5073962,112280,Aidan Hall,Iowa,ATH,3,0.8631,1039,2023,HighSchool
5110464,112276,Braylon Johnson,Virginia Tech,S,3,0.8631,1039,2023,HighSchool
5113896,112284,Cole LaCrue,Wisconsin,QB,3,0.8628,1049,2023,HighSchool
5084987,112285,Kahlee Tafai,Washington,OT,3,0.8628,1049,2023,HighSchool
5080479,112286,Taye Seymore,Georgia Tech,LB,3,0.8628,1049,2023,HighSchool
5085389,216945,Jett Runion,Houston,DL,3,0.8626,1052,2023,HighSchool
4918455,112288,Lontrell Turner,Incarnate Word,WR,3,0.8626,1052,2023,HighSchool
4923281,112287,Jamel Hardy Jr.,UTSA,WR,3,0.8626,1052,2023,HighSchool
5157291,112289,Andre Jordan Jr.,Oregon State,CB,3,0.8625,1055,2023,HighSchool
4918107,112292,Reid Mikeska,South Carolina,TE,3,0.8625,1055,2023,HighSchool
5075319,112293,Dylan Braithwaite,Rutgers,WR,3,0.8625,1055,2023,HighSchool
4921449,112290,Dylan Roberts,Northwestern,DL,3,0.8625,1055,2023,HighSchool
5121619,112295,Tywon Wray Jr.,Oklahoma State,S,3,0.8625,1055,2023,HighSchool
4875128,112291,Lex Thomas,NC State,QB,3,0.8625,1055,2023,HighSchool
5086009,112294,Jamarion Carroll,SMU,WR,3,0.8625,1055,2023,HighSchool
4899137,112297,Johnny Thompson Jr.,Kansas,RB,3,0.8622,1062,2023,HighSchool
5121384,112307,Ezekiel Avit,Maryland,WR,3,0.8622,1062,2023,HighSchool
,112298,Kam Bizor,Arkansas-Pine Bluff,EDGE,3,0.8622,1062,2023,HighSchool
4921322,112304,Zion Taylor,Georgia Tech,WR,3,0.8622,1062,2023,HighSchool
5078548,112300,Jailen Ruth,Vanderbilt,LB,3,0.8622,1062,2023,HighSchool
4921448,112301,Dominic Rivera,Rutgers,OT,3,0.8622,1062,2023,HighSchool
5160955,112296,Jojo Phillips,BYU,WR,3,0.8622,1062,2023,HighSchool
4920188,112299,Vance Bolyard,Duke,TE,3,0.8622,1062,2023,HighSchool
4923030,112302,Jesse Anderson III,Pittsburgh,ATH,3,0.8622,1062,2023,HighSchool
5075566,112303,Kelvon McBride,NC State,LB,3,0.8622,1062,2023,HighSchool
5117317,112305,Chase Martin,Boise State,LB,3,0.8622,1062,2023,HighSchool
4870618,112306,Dwight Bootle II,Nebraska,CB,3,0.8622,1062,2023,HighSchool
5116972,112310,Clyde Curry,Arkansas State,WR,3,0.8619,1074,2023,HighSchool
5092348,112309,Jaden Gibson,Virginia,WR,3,0.8619,1074,2023,HighSchool
5172523,112308,Eric Singleton Jr.,Georgia Tech,WR,3,0.8619,1074,2023,HighSchool
4871037,112311,Delvin Whitaker,Louisiana Tech,EDGE,3,0.8619,1077,2023,HighSchool
5119233,112312,Dayton Howard,Iowa,WR,3,0.8619,1077,2023,HighSchool
5075806,112315,Shymeik Jones,Georgia Tech,DL,3,0.8617,1079,2023,HighSchool
4921233,112314,Marcus Ramon-Edwards,Texas Tech,ATH,3,0.8617,1079,2023,HighSchool
5125740,112319,Mac Resetich,Illinois,S,3,0.8617,1079,2023,HighSchool
5084909,112316,RJ Lester Jr.,Oklahoma State,S,3,0.8617,1079,2023,HighSchool
5114313,112317,Jordan Onovughe,Colorado,WR,3,0.8617,1079,2023,HighSchool
,112313,Leonard Ah You,Michigan State,LB,3,0.8617,1079,2023,HighSchool
5121471,112318,Tyshawn Russell,South Carolina,WR,3,0.8617,1079,2023,HighSchool
5077669,112322,Diesel Gordon,Washington,CB,3,0.8614,1086,2023,HighSchool
5150556,112327,Jay Haynes,Clemson,RB,3,0.8614,1086,2023,HighSchool
5074244,112321,Eryx Daugherty,Boston College,DL,3,0.8614,1086,2023,HighSchool
5076083,112323,Latreveon McCutchin,Houston,LB,3,0.8614,1086,2023,HighSchool
5075648,112320,Ty Perkins,Cincinnati,WR,3,0.8614,1086,2023,HighSchool
4921246,112324,Collin Dunn,Kansas State,S,3,0.8614,1086,2023,HighSchool
5078347,112326,Soane Faasolo,Washington,OT,3,0.8614,1086,2023,HighSchool
4910729,112325,Jakevian Rodgers,UTSA,ATH,3,0.8614,1086,2023,HighSchool
5156906,112328,Bill Davis,Louisiana,RB,3,0.8611,1094,2023,HighSchool
5027539,112329,Adrian Wilson,Washington State,S,3,0.8611,1094,2023,HighSchool
5085312,112330,Jalen Gilbert,Vanderbilt,S,3,0.8611,1096,2023,HighSchool
5078100,112337,Ethan Fields,Ole Miss,IOL,3,0.8608,1097,2023,HighSchool
4924151,112334,Montravius Lloyd,Pittsburgh,ATH,3,0.8608,1097,2023,HighSchool
4921454,112332,Charlie Symonds,Stanford,OT,3,0.8608,1097,2023,HighSchool
5078227,112336,Braeden Wisloski,Maryland,ATH,3,0.8608,1097,2023,HighSchool
5154303,216946,Zion Fowler-El,Pittsburgh,WR,3,0.8608,1097,2023,HighSchool
5077110,256482,Judge Collier,South Carolina,ATH,3,0.8608,1097,2023,HighSchool
5027433,112335,Frankie Tinilau,Miami,OT,3,0.8608,1097,2023,HighSchool
4921314,112331,D.J. Porter,App State,CB,3,0.8608,1097,2023,HighSchool
4870666,112333,Norris Davis,Iowa State,S,3,0.8608,1097,2023,HighSchool
4918418,112342,Caden Jenkins,Baylor,CB,3,0.8606,1106,2023,HighSchool
5077060,112340,Amare Thomas,UAB,WR,3,0.8606,1106,2023,HighSchool
5120970,112338,Ismael Cisse,Stanford,WR,3,0.8606,1106,2023,HighSchool
5088584,112343,Ben Marshall,California,TE,3,0.8606,1106,2023,HighSchool
5078280,112341,Caleb Otlewski,San Diego State,EDGE,3,0.8606,1106,2023,HighSchool
,112339,Lavon Brown,Colorado State,WR,3,0.8606,1106,2023,HighSchool
4918431,112344,Breeon Ishmail,Michigan,LB,3,0.8603,1112,2023,HighSchool
4941014,112352,Ezra Odinjor,Georgia Tech,EDGE,3,0.86,1113,2023,HighSchool
5165117,216947,Mark Hamper,Idaho,ATH,3,0.86,1113,2023,HighSchool
5122047,216951,Jared Kelley,Kent State,WR,3,0.86,1113,2023,HighSchool
,112349,Aaron Bradley,Grand Valley State,OT,3,0.86,1113,2023,HighSchool
,216948,Will McDonald,,DL,3,0.86,1113,2023,HighSchool
5116821,112353,Nick Hawthorne,Boise State,CB,3,0.86,1113,2023,HighSchool
,216949,Kyon Calhoun,,WR,3,0.86,1113,2023,HighSchool
4921451,112348,Jr Sia,Utah State,OT,3,0.86,1113,2023,HighSchool
5110128,112354,Nikola Milovac,South Florida,OT,3,0.86,1113,2023,HighSchool
5085879,112347,Makai Williams,Tulane,LB,3,0.86,1113,2023,HighSchool
5151974,216950,Quan Dunbar,Old Dominion,WR,3,0.86,1113,2023,HighSchool
4950553,112346,Warren Smith Jr.,Washington State,CB,3,0.86,1113,2023,HighSchool
5084298,112351,A.J. Fuimaono,UCLA,DL,3,0.86,1113,2023,HighSchool
5074245,112350,Broc Lowry,Indiana,QB,3,0.86,1113,2023,HighSchool
4921110,112345,Chase Hendricks,Ohio,WR,3,0.86,1113,2023,HighSchool
5078913,112368,Deago Benson,Vanderbilt,RB,3,0.8597,1128,2023,HighSchool
4921262,112355,TJ McMillen,Illinois,IOL,3,0.8597,1128,2023,HighSchool
4870631,112357,Derrick Bohler,Indiana,WR,3,0.8597,1128,2023,HighSchool
5075776,112366,Gavin Hunter,Arizona,ATH,3,0.8597,1128,2023,HighSchool
4923220,112367,Carter Davis,Boston College,S,3,0.8597,1128,2023,HighSchool
4917058,112364,Reese Tripp,Minnesota,OT,3,0.8597,1128,2023,HighSchool
4870710,112358,Isaiah Hardge,Colorado,WR,3,0.8597,1128,2023,HighSchool
5168769,112361,Kamron Taylor,Northern Colorado,RB,3,0.8597,1128,2023,HighSchool
5075851,112363,Sam Peters,Minnesota,TE,3,0.8597,1128,2023,HighSchool
4870663,112365,Jordan Church,Florida Atlantic,IOL,3,0.8597,1128,2023,HighSchool
5080427,112360,Messiah Blair,Eastern Michigan,EDGE,3,0.8597,1128,2023,HighSchool
5026719,112359,Rashard Perry,Syracuse,DL,3,0.8597,1128,2023,HighSchool
4954504,112356,Jamarie Wiggins,Sam Houston,S,3,0.8597,1128,2023,HighSchool
4921325,112362,Travon West,Wake Forest,CB,3,0.8597,1128,2023,HighSchool
5077368,112372,Jonathan Akins,Maryland,CB,3,0.8594,1142,2023,HighSchool
5157300,112369,Zakaih Saez,Oregon State,EDGE,3,0.8594,1142,2023,HighSchool
4923294,112370,Kendall Johnson,Duke,LB,3,0.8594,1142,2023,HighSchool
5119234,112371,Sid Kaba,Western Michigan,DL,3,0.8594,1142,2023,HighSchool
5120869,112374,Ashton Ojiaku,Rice,ATH,3,0.8593,1146,2023,HighSchool
,112373,Jaden Booker,,RB,3,0.8593,1146,2023,HighSchool
5150663,112375,Robert Long,Maryland,QB,3,0.8592,1148,2023,HighSchool
4907544,112377,Sean Boyle,West Virginia,QB,3,0.8592,1148,2023,HighSchool
5078049,112378,Terrence McWilliams Jr.,Minnesota,WR,3,0.8592,1148,2023,HighSchool
5125762,112381,Philipp Davis,Michigan State,S,3,0.8592,1148,2023,HighSchool
5078816,112376,Jackson Holman,Arizona,WR,3,0.8592,1148,2023,HighSchool
4922992,112380,Israel Polk,Pittsburgh,ATH,3,0.8592,1148,2023,HighSchool
5076107,112379,Dante Kelly,Vanderbilt,ATH,3,0.8592,1148,2023,HighSchool
5080547,112382,Peter Clarke,Temple,TE,3,0.8589,1155,2023,HighSchool
5121988,112383,Kevin Allen,SMU,DL,3,0.8589,1155,2023,HighSchool
4950544,112388,Phillip Roche,Missouri,S,3,0.8589,1157,2023,HighSchool
5076098,112390,Obadiah Obasuyi,NC State,OT,3,0.8589,1157,2023,HighSchool
4920161,112387,Tripp Riordan,SMU,TE,3,0.8589,1157,2023,HighSchool
4921111,112385,TJ Johnson,West Virginia,WR,3,0.8589,1157,2023,HighSchool
,112386,Paul Davis,,WR,3,0.8589,1157,2023,HighSchool
4921258,112384,Jonah Lewis,Nevada,CB,3,0.8589,1157,2023,HighSchool
4918436,216952,Jamaal Shaw,Houston,S,3,0.8589,1157,2023,HighSchool
5114331,112389,Suderian Harrison,Virginia,ATH,3,0.8589,1157,2023,HighSchool
5121586,112391,Markus Strong,Oklahoma,DL,3,0.8589,1157,2023,HighSchool
4908552,112392,Dorian Thomas,Arizona,TE,3,0.8586,1166,2023,HighSchool
5078166,112393,Ajani Sheppard,Rutgers,QB,3,0.8586,1166,2023,HighSchool
4921239,112396,Brian Alston,Arkansas State,EDGE,3,0.8585,1168,2023,HighSchool
5121992,112397,Jahiem Johnson,Tulane,ATH,3,0.8585,1168,2023,HighSchool
,112395,Jevell Fugerson,Buffalo,WR,3,0.8585,1168,2023,HighSchool
,112394,Jeremiah Shack,,WR,3,0.8585,1168,2023,HighSchool
,112398,Ryan Mooney,Harvard,WR,3,0.8585,1168,2023,HighSchool
,112415,Hayden Moore,Michigan,LB,3,0.8583,1173,2023,HighSchool
5121605,112413,Mekhi Buchanan,Virginia,EDGE,3,0.8583,1173,2023,HighSchool
,112416,Rikter Connally,,OT,3,0.8583,1173,2023,HighSchool
,112401,Anthony Little,,DL,3,0.8583,1173,2023,HighSchool
4921424,112406,Tiumalu Afalava,California,DL,3,0.8583,1173,2023,HighSchool
4954512,112411,Sean Williams,Maryland,WR,3,0.8583,1173,2023,HighSchool
4921412,112405,Cole Surber,Virginia,IOL,3,0.8583,1173,2023,HighSchool
4921435,112408,Miles Greene,Virginia,DL,3,0.8583,1173,2023,HighSchool
4921404,112407,D.J. Geth,North Carolina,IOL,3,0.8583,1173,2023,HighSchool
5086842,112414,DaShawn Stone,Duke,S,3,0.8583,1173,2023,HighSchool
5074246,112402,Vic Shaw,UTSA,DL,3,0.8583,1173,2023,HighSchool
4940236,112412,Ryan Manning,Maryland,WR,3,0.8583,1173,2023,HighSchool
4923034,112409,Gensley Auguste,Temple,DL,3,0.8583,1173,2023,HighSchool
5119842,112417,Frederick Williams,California,EDGE,3,0.8583,1173,2023,HighSchool
5109813,112404,Alex Bray,Illinois,EDGE,3,0.8583,1173,2023,HighSchool
4895410,112403,Cooper Jensen,Oregon State,TE,3,0.8583,1173,2023,HighSchool
4921408,112400,Alexander Doost,Northwestern,IOL,3,0.8583,1173,2023,HighSchool
4870759,112399,Ian Geffrard,Arkansas,OT,3,0.8583,1173,2023,HighSchool
4871013,112410,Gemari Sands,Florida Atlantic,RB,3,0.8583,1173,2023,HighSchool
4870731,112423,Adrian Griffin,South Alabama,DL,3,0.8581,1192,2023,HighSchool
4923035,112420,Brendan Black,Iowa State,IOL,3,0.8581,1192,2023,HighSchool
,112418,Lonnie Adkism,Sam Houston,WR,3,0.8581,1192,2023,HighSchool
,112422,Duran Parish,Vanderbilt,WR,3,0.8581,1192,2023,HighSchool
5077059,112419,Charlie Gilliam,Wake Forest,QB,3,0.8581,1192,2023,HighSchool
5151169,112421,Mike Stoker,TCU,IOL,3,0.8581,1192,2023,HighSchool
5078007,112426,Alex Woods,SMU,OT,3,0.8578,1198,2023,HighSchool
5075390,112428,Ian Strong,Rutgers,S,3,0.8578,1198,2023,HighSchool
5102933,112424,Chase Edwards,Louisiana,DL,3,0.8578,1198,2023,HighSchool
,112425,Guerlens Milfort,UAB,DL,3,0.8578,1198,2023,HighSchool
5077501,112427,Miquel Dingle Jr.,Texas Tech,LB,3,0.8578,1198,2023,HighSchool
5150503,112440,Evan Herrmann,Vanderbilt,EDGE,3,0.8575,1203,2023,HighSchool
4921303,112431,Victory Johnson,Colorado,LB,3,0.8575,1203,2023,HighSchool
5153074,112430,Carlos Hernandez,Washington State,WR,3,0.8575,1203,2023,HighSchool
5074303,112435,DJ Oliver,West Virginia,RB,3,0.8575,1203,2023,HighSchool
5076654,112434,Leo Pulalasi,Washington State,ATH,3,0.8575,1203,2023,HighSchool
5078216,112438,Tavorian Copeland,Virginia Tech,LB,3,0.8575,1203,2023,HighSchool
5078225,112436,Jaron Tibbs,Purdue,WR,3,0.8575,1203,2023,HighSchool
5085229,112433,Chiddi Obiazor,Kansas State,DL,3,0.8575,1203,2023,HighSchool
5110535,112432,Kyson Brown,Arizona State,RB,3,0.8575,1203,2023,HighSchool
5076084,112439,Abram Wright,Rutgers,LB,3,0.8575,1203,2023,HighSchool
5125722,112441,D'Andre Barnes,Nebraska,CB,3,0.8575,1203,2023,HighSchool
4921460,112429,Malachi Wood,Kentucky,OT,3,0.8575,1203,2023,HighSchool
5150540,112437,Rhino Tapa'atoutai,Arizona,OT,3,0.8575,1203,2023,HighSchool
4918105,112443,Jaylen Johnson,South Florida,RB,3,0.8572,1216,2023,HighSchool
4917860,112442,Drew Viotto,Minnesota,QB,3,0.8572,1216,2023,HighSchool
4870836,112444,Xavier Irvin,Temple,ATH,3,0.8569,1218,2023,HighSchool
5120452,112445,Jacob Booth,Central Michigan,OT,3,0.8567,1219,2023,HighSchool
5075952,112456,Trey Cornist,Tulane,RB,3,0.8567,1220,2023,HighSchool
5121883,112454,Omar Staples,Stanford,EDGE,3,0.8567,1220,2023,HighSchool
4896319,112447,Nasir Addison,Kentucky,CB,3,0.8567,1220,2023,HighSchool
5078256,112455,DeMarco Ward,Florida State,LB,3,0.8567,1220,2023,HighSchool
4923270,112453,Josh Fussell,Northwestern,CB,3,0.8567,1220,2023,HighSchool
5012117,112451,Will Larkins,Indiana,IOL,3,0.8567,1220,2023,HighSchool
5121528,112457,Teegan Davis,Iowa,ATH,3,0.8567,1220,2023,HighSchool
5160656,112452,Jamel Howard Jr.,Wisconsin,DL,3,0.8567,1220,2023,HighSchool
5024359,112450,Trey Leckner,Washington State,ATH,3,0.8567,1220,2023,HighSchool
,112449,Trey Wilson,Stephen F. Austin,EDGE,3,0.8567,1220,2023,HighSchool
4921296,112448,Richard Dandridge,Temple,WR,3,0.8567,1220,2023,HighSchool
4966262,112446,Ty Bryant,Kentucky,ATH,3,0.8567,1220,2023,HighSchool
5151284,112459,Ty Morris,Rice,LB,3,0.8564,1232,2023,HighSchool
5090566,112461,Sai Vadrawale III,California,CB,3,0.8564,1232,2023,HighSchool
5067875,112462,Zach Lutmer,Iowa,ATH,3,0.8564,1232,2023,HighSchool
4950548,112458,DJ Samuels,Maryland,EDGE,3,0.8564,1232,2023,HighSchool
5054378,112463,Davaughn Patterson,Wake Forest,S,3,0.8564,1232,2023,HighSchool
5084043,112464,Ryan Davis,Kansas State,EDGE,3,0.8564,1232,2023,HighSchool
4870597,112460,Johnsley Barbas,Houston,S,3,0.8564,1232,2023,HighSchool
4871086,112465,Ja'Ryan Wallace,Houston,WR,3,0.8561,1239,2023,HighSchool
5081795,112466,Malachi Breland,Memphis,IOL,3,0.8561,1239,2023,HighSchool
,112467,Jax Leatherwood,Nevada,QB,3,0.8561,1239,2023,HighSchool
,112468,Ernest Thomas,,WR,3,0.8559,1242,2023,HighSchool
,112470,Tyler Bailey,,DL,3,0.8559,1242,2023,HighSchool
5121709,112469,Rickey Hunt Jr.,Ohio,RB,3,0.8559,1242,2023,HighSchool
4923255,112477,Pat Farrell,Illinois,EDGE,3,0.8558,1245,2023,HighSchool
4891197,112474,Jonah Lea'ea,Utah,EDGE,3,0.8558,1245,2023,HighSchool
5161140,112482,Ryan McCulloch,California,ATH,3,0.8558,1245,2023,HighSchool
5077201,112472,DeAndra Burns Jr.,Arkansas State,WR,3,0.8558,1245,2023,HighSchool
4921317,112476,Jack Sadowsky V,Iowa State,LB,3,0.8558,1245,2023,HighSchool
4921326,112483,Daniel Wingate,Maryland,LB,3,0.8558,1245,2023,HighSchool
5085038,112478,Brayshawn Littlejohn,Missouri,LB,3,0.8558,1245,2023,HighSchool
5154244,112485,Bryce Dopson,Kennesaw State,WR,3,0.8558,1245,2023,HighSchool
5017177,112479,Keith Reynolds,Washington,WR,3,0.8558,1245,2023,HighSchool
5120455,112480,Harlem Howard,Oregon State,S,3,0.8558,1245,2023,HighSchool
5110518,112484,Devin Vass,Kansas State,OT,3,0.8558,1245,2023,HighSchool
4921423,112475,Gabe Arena,Virginia Tech,IOL,3,0.8558,1245,2023,HighSchool
5083030,112481,BJ Williams,Pittsburgh,IOL,3,0.8558,1245,2023,HighSchool
5041959,112471,Tre Brown,Texas Tech,OT,3,0.8558,1245,2023,HighSchool
4921316,112473,Nolan Ray,Maryland,RB,3,0.8558,1245,2023,HighSchool
4921275,112487,Cooper Young,West Virginia,IOL,3,0.8556,1260,2023,HighSchool
5093004,112488,Keith Abney II,Arizona State,ATH,3,0.8556,1260,2023,HighSchool
4921234,112486,Lance Williams,Virginia Tech,IOL,3,0.8556,1260,2023,HighSchool
,112489,Stanley Raass,Utah,DL,3,0.8553,1263,2023,HighSchool
5120150,112491,Nico Dowdell,Georgia Tech,S,3,0.8553,1263,2023,HighSchool
5078050,112490,Mykel Morman,Maryland,ATH,3,0.8553,1263,2023,HighSchool
5156056,112496,Caleb Hampton,Stanford,RB,3,0.8552,1266,2023,HighSchool
,112492,Colin Houck,,QB,3,0.8552,1266,2023,HighSchool
,112495,Demitrius Carter Jr.,South Florida,WR,3,0.8552,1266,2023,HighSchool
5121573,112494,Josh Palmer,Vanderbilt,TE,3,0.8552,1266,2023,HighSchool
5121571,112493,Ezell Jolly,UTEP,RB,3,0.8552,1266,2023,HighSchool
4921434,112501,Collin Gill,Oregon,CB,3,0.855,1271,2023,HighSchool
4870982,112498,Everett Roussaw Jr.,UAB,LB,3,0.855,1271,2023,HighSchool
5078107,112505,Derrick Rogers Jr.,Purdue,WR,3,0.855,1271,2023,HighSchool
5152586,112504,Chris Gee,Colgate,RB,3,0.855,1271,2023,HighSchool
5120368,112506,Terrance Saunders,Eastern Michigan,OT,3,0.855,1271,2023,HighSchool
5120968,112509,Christian Alliegro,Wisconsin,LB,3,0.855,1271,2023,HighSchool
5077311,112508,Poasa Utu,Oklahoma State,LB,3,0.855,1271,2023,HighSchool
5044424,112497,Pierce Walsh,Minnesota,TE,3,0.855,1271,2023,HighSchool
5119605,112502,Chrisdasson Saint-Jean,Florida Atlantic,OT,3,0.855,1271,2023,HighSchool
5099614,112503,Skielar Mann,Ole Miss,LB,3,0.855,1271,2023,HighSchool
5085343,112499,Joseph Mutombo,Rice,DL,3,0.855,1271,2023,HighSchool
5075531,112507,Chris Rodgers,Troy,LB,3,0.855,1271,2023,HighSchool
5080563,112500,Rico Watkins,East Carolina,ATH,3,0.855,1271,2023,HighSchool
5092454,112510,Jeremiah Moses,Louisiana,CB,3,0.855,1271,2023,HighSchool
4919037,112511,Sergio Snider,Houston,RB,3,0.8547,1285,2023,HighSchool
5077768,112514,Drew Perez,South Florida,OT,3,0.8547,1285,2023,HighSchool
5077405,112515,Cannon Leonard,Iowa,OT,3,0.8547,1285,2023,HighSchool
4870684,112512,Deandre Duffus,Maryland,IOL,3,0.8547,1285,2023,HighSchool
4871092,112513,Dylan Wittke,Virginia Tech,QB,3,0.8547,1285,2023,HighSchool
4870783,112516,Jason Hammond,Virginia,DL,3,0.8544,1290,2023,HighSchool
5125074,112518,Jeremiah Charles,Nebraska,WR,3,0.8544,1290,2023,HighSchool
5104224,112517,Joshua Bledsoe,South Alabama,CB,3,0.8544,1290,2023,HighSchool
5157307,112528,Jojo Johnson,Oregon State,DL,3,0.8542,1293,2023,HighSchool
5093333,112520,Amare Campbell,North Carolina,LB,3,0.8542,1293,2023,HighSchool
4924139,112524,Matt Kingsbury,Minnesota,LB,3,0.8542,1293,2023,HighSchool
5078165,112523,Junior Sherrill,Vanderbilt,WR,3,0.8542,1293,2023,HighSchool
5150581,112525,Tony Boggs,Duke,DL,3,0.8542,1293,2023,HighSchool
4950560,112521,Xavier Terrell,Florida Atlantic,RB,3,0.8542,1293,2023,HighSchool
5121895,112529,Mose Phillips III,Virginia Tech,S,3,0.8542,1293,2023,HighSchool
5075914,112527,Isaiah Chisom,Oregon State,LB,3,0.8542,1293,2023,HighSchool
4921446,112519,KP Price,Boston College,S,3,0.8542,1293,2023,HighSchool
5077815,112526,Ta'Shawn James,Iowa State,S,3,0.8542,1293,2023,HighSchool
5077504,112522,Mason Muragin,Illinois,EDGE,3,0.8542,1293,2023,HighSchool
,112534,MarQuice Hill,Incarnate Word,EDGE,3,0.8539,1304,2023,HighSchool
5075968,112533,Elijah Douglas,Southern Miss,DL,3,0.8539,1304,2023,HighSchool
5076122,112537,Evan Dickens,Georgia Tech,RB,3,0.8539,1304,2023,HighSchool
5157309,112530,Thomas Collins,Oregon State,DL,3,0.8539,1304,2023,HighSchool
4924150,112531,Keaton Kubecka,Kansas,WR,3,0.8539,1304,2023,HighSchool
5085875,112536,Connor Knight,UAB,DL,3,0.8539,1304,2023,HighSchool
5085110,112535,Zakari Tillman,Mississippi State,LB,3,0.8539,1304,2023,HighSchool
4910229,112532,Michael Crounse,Boston College,IOL,3,0.8539,1304,2023,HighSchool
5077784,112538,Zachary Card,Oregon State,WR,3,0.8536,1312,2023,HighSchool
5125522,112540,Devin Clark,Virginia,S,3,0.8536,1312,2023,HighSchool
5078051,112539,Muwaffaq Parkman,Syracuse,ATH,3,0.8536,1312,2023,HighSchool
5161642,112545,DJ Jones,Virginia,EDGE,3,0.8533,1315,2023,HighSchool
4921108,112543,DeSean Bishop,Tennessee,RB,3,0.8533,1315,2023,HighSchool
5161640,112547,Dre Walker,Virginia,CB,3,0.8533,1315,2023,HighSchool
5099736,112542,Ja'shon Benjamin,Rutgers,RB,3,0.8533,1315,2023,HighSchool
5000967,112541,Mason Ludwig,Toledo,OT,3,0.8533,1315,2023,HighSchool
,112546,Edward Schultz,Cal Poly,WR,3,0.8533,1315,2023,HighSchool
5101392,112544,Orlando Greenlow,Indiana,WR,3,0.8533,1315,2023,HighSchool
4921267,112552,Syncere Safeeullah,Nebraska,CB,3,0.8531,1322,2023,HighSchool
4920187,112549,Will Anciaux,Kansas State,TE,3,0.8531,1322,2023,HighSchool
5078110,112551,Noah Vaughn,Virginia,RB,3,0.8531,1322,2023,HighSchool
4871029,112548,Ka'Shawn Thomas,Wake Forest,DL,3,0.8531,1322,2023,HighSchool
4870785,112550,River Hanson,Duke,S,3,0.8531,1322,2023,HighSchool
5124996,112553,Evan Jackson,North Texas,S,3,0.8528,1327,2023,HighSchool
5121466,112555,Kari Ashley,Georgia Tech,LB,3,0.8528,1327,2023,HighSchool
4875273,112554,Franklyn Johnson,Boise State,ATH,3,0.8528,1327,2023,HighSchool
5152929,112556,Tanner Welch,Southern Miss,OT,3,0.8526,1330,2023,HighSchool
4950397,112560,Tracy Revels,Bowling Green,S,3,0.8525,1331,2023,HighSchool
5075920,112563,Jarriett Buie,Iowa,WR,3,0.8525,1331,2023,HighSchool
4920227,112562,Gio Lopez,South Alabama,QB,3,0.8525,1331,2023,HighSchool
4832851,112558,Lavon Johnson,Maryland,DL,3,0.8525,1331,2023,HighSchool
5165125,112557,Xe'ree Alexander,Idaho,LB,3,0.8525,1331,2023,HighSchool
,112564,Will Stallings,Army,RB,3,0.8525,1331,2023,HighSchool
4921402,112559,Jackson Fullmer,Kansas State,OT,3,0.8525,1331,2023,HighSchool
5027555,112561,Cam Smith,Iowa State,ATH,3,0.8525,1331,2023,HighSchool
,112565,Siolaa Lolohea,Oklahoma State,DL,3,0.8522,1339,2023,HighSchool
5084892,112568,Isaac Terrell,Washington State,EDGE,3,0.8519,1340,2023,HighSchool
5101621,112566,Brandon Ramirez,Fresno State,S,3,0.8519,1340,2023,HighSchool
4918453,112567,Tanner Lemaster,Kentucky,TE,3,0.8519,1340,2023,HighSchool
4871003,112571,Christian Ross,Memphis,ATH,3,0.8519,1343,2023,HighSchool
5122082,112570,Justin Stevenson,Wyoming,WR,3,0.8519,1343,2023,HighSchool
5160746,112572,Sage Clawges,Rutgers,WR,3,0.8519,1343,2023,HighSchool
5121574,112569,Hudson Perroni,Rice,IOL,3,0.8519,1343,2023,HighSchool
5150536,112589,Tristan Davis,Arizona,EDGE,3,0.8517,1347,2023,HighSchool
5077284,112582,Juice Clarke,Illinois,S,3,0.8517,1347,2023,HighSchool
,112588,Jakob Dixon,Eastern Kentucky,WR,3,0.8517,1347,2023,HighSchool
4918435,112574,Tyrone McDuffie,UTEP,IOL,3,0.8517,1347,2023,HighSchool
,112583,Colin Van Rooy,,OT,3,0.8517,1347,2023,HighSchool
4921396,112581,Zach Aamland,Illinois,OT,3,0.8517,1347,2023,HighSchool
,112573,La'Modrick Spencer,,CB,3,0.8517,1347,2023,HighSchool
5085391,112586,LJ Green,Troy,CB,3,0.8517,1347,2023,HighSchool
5121617,112576,Jeremiah Warren,Illinois,DL,3,0.8517,1347,2023,HighSchool
4870848,112590,Tyler Jefferson,Central Michigan,ATH,3,0.8517,1347,2023,HighSchool
4923268,112580,C.J. Fite,Arizona State,DL,3,0.8517,1347,2023,HighSchool
5078013,112577,Corey McIntyre Jr.,West Virginia,DL,3,0.8517,1347,2023,HighSchool
5078919,112578,Jalyn Stanford,Houston,S,3,0.8517,1347,2023,HighSchool
5075623,112575,Taylor Davis,Kansas,S,3,0.8517,1347,2023,HighSchool
4922987,112579,Takye Heath,Virginia Tech,WR,3,0.8517,1347,2023,HighSchool
5117082,112585,Gage Stanaland,Oklahoma State,IOL,3,0.8517,1347,2023,HighSchool
5125732,112584,Braden Marceau-Olayinka,Stanford,DL,3,0.8517,1347,2023,HighSchool
5075026,112587,Donte Hawthorne,Virginia,RB,3,0.8517,1347,2023,HighSchool
5077204,112596,Michael Short,North Carolina,LB,3,0.8514,1365,2023,HighSchool
5102586,112595,Keyon Cox,UCF,OT,3,0.8514,1365,2023,HighSchool
4920228,112592,Joquez Smith,Temple,RB,3,0.8514,1365,2023,HighSchool
5080789,112594,Makhail Wood,Eastern Michigan,WR,3,0.8514,1365,2023,HighSchool
,112591,Seven Cloud,,DL,3,0.8514,1365,2023,HighSchool
5078067,112593,Sua Lefotu,Nebraska,DL,3,0.8514,1365,2023,HighSchool
5088514,112598,Zander Esty,Oregon State,IOL,3,0.8511,1371,2023,HighSchool
5075962,112597,Baylin Brooks,San Diego State,WR,3,0.8511,1371,2023,HighSchool
5078822,112599,Miles Hall,BYU,ATH,3,0.8511,1371,2023,HighSchool
4922997,112604,Hunter Wiggins,New Mexico,S,3,0.8511,1374,2023,HighSchool
5165464,112601,Antonio Smith,Florida Atlantic,S,3,0.8511,1374,2023,HighSchool
4922990,112605,Marques Neal,Texas Southern,ATH,3,0.8511,1374,2023,HighSchool
,112603,Jayden Sheppard,,S,3,0.8511,1374,2023,HighSchool
5121453,112602,Eli Finley,Louisiana Tech,TE,3,0.8511,1374,2023,HighSchool
,112600,Chris Snyder Jr.,Cal Poly,ATH,3,0.8511,1374,2023,HighSchool
5103514,112608,Daidren Zipperer,Utah,WR,3,0.8508,1380,2023,HighSchool
5042880,112610,Nathan Pritchard,Washington State,OT,3,0.8508,1380,2023,HighSchool
,112613,Justin Johnson,Fresno State,S,3,0.8508,1380,2023,HighSchool
5085877,112607,Michael Madrie,Boise State,DL,3,0.8508,1380,2023,HighSchool
5074243,112617,Logan Blake,Rutgers,TE,3,0.8508,1380,2023,HighSchool
5160086,112609,Desirrio Riles,East Carolina,ATH,3,0.8508,1380,2023,HighSchool
5076128,112615,Cooper Starks,Vanderbilt,OT,3,0.8508,1380,2023,HighSchool
4923061,112612,Ben Cutter,West Virginia,LB,3,0.8508,1380,2023,HighSchool
5077896,112611,Desmond Aladuge,Duke,EDGE,3,0.8508,1380,2023,HighSchool
5078279,112614,RL Miller,Fresno State,LB,3,0.8508,1380,2023,HighSchool
5085337,112606,Keyone Jenkins,Florida International,QB,3,0.8508,1380,2023,HighSchool
5081147,112616,Jalen O'Neal,Abilene Christian,S,3,0.8508,1380,2023,HighSchool
5086466,112618,Ted Gregoire,Vanderbilt,DL,3,0.8508,1380,2023,HighSchool
4920145,112619,Braylen Ragland,Georgia State,QB,3,0.8506,1393,2023,HighSchool
5082106,112621,Zackary Drawdy,UConn,WR,3,0.8506,1393,2023,HighSchool
4920193,112620,Ethan Crawford,Southern Miss,QB,3,0.8506,1393,2023,HighSchool
5075529,112622,Anthony Eager,South Alabama,WR,3,0.8504,1396,2023,HighSchool
5078402,112626,Shaborne Demps,Florida International,WR,3,0.8503,1397,2023,HighSchool
5151274,112627,Drayden Dickmann,Rice,WR,3,0.8503,1397,2023,HighSchool
5075569,112623,Lucas Conti,UNLV,DL,3,0.8503,1397,2023,HighSchool
5077267,112628,Luke Mergott,Duke,LB,3,0.8503,1397,2023,HighSchool
5154413,112624,Isaiah Spencer,Jackson State,WR,3,0.8503,1397,2023,HighSchool
5076653,112625,Brandon Hills Jr.,Washington State,WR,3,0.8503,1397,2023,HighSchool
4870681,112636,Dion Crawford,Buffalo,LB,3,0.85,1403,2023,HighSchool
4912864,112629,Raheim Jeter,East Carolina,QB,3,0.85,1403,2023,HighSchool
5157273,112658,Joshua Saddler,Coastal Carolina,EDGE,3,0.85,1403,2023,HighSchool
4921459,112648,Sam Williams,Missouri,DL,3,0.85,1403,2023,HighSchool
5150319,216957,Christopher Williams,Army,ATH,3,0.85,1403,2023,HighSchool
5153614,216967,Troy Leigber,UCLA,S,3,0.85,1403,2023,HighSchool
5008019,112640,Kofi Taylor-Barrocks,Colorado,LB,3,0.85,1403,2023,HighSchool
4870718,112638,Ahmere Foster,Marshall,S,3,0.85,1403,2023,HighSchool
5119569,112645,Taye Brown,Arizona,LB,3,0.85,1403,2023,HighSchool
5121334,112651,Jayce Brown,Kansas State,WR,3,0.85,1403,2023,HighSchool
5218787,112639,Que'Sean Brown,Duke,WR,3,0.85,1403,2023,HighSchool
4921512,112642,Jonathan Pennix,Virginia Tech,ATH,3,0.85,1403,2023,HighSchool
5124133,112652,Jalen Pope,Oklahoma State,WR,3,0.85,1403,2023,HighSchool
5160208,112656,Chantson Prox,Sam Houston,CB,3,0.85,1403,2023,HighSchool
5120220,112659,Titus Ivy,Virginia,WR,3,0.85,1403,2023,HighSchool
4908551,112644,John Curry,Texas Tech,LB,3,0.85,1403,2023,HighSchool
5106061,112643,Landon Danley,Virginia,S,3,0.85,1403,2023,HighSchool
5125841,216964,Jordan Holmes,Old Dominion,CB,3,0.85,1403,2023,HighSchool
4921501,112630,Jaden Milliner-Jones,Colorado,S,3,0.85,1403,2023,HighSchool
5075305,112654,Holden Symonds,Boston College,ATH,3,0.85,1403,2023,HighSchool
5077882,112649,Malaki Pegues,Troy,DL,3,0.85,1403,2023,HighSchool
5085746,112655,Marcus Calvin,Kansas,DL,3,0.85,1403,2023,HighSchool
5160961,216954,Naseri Danielson,BYU,ATH,3,0.85,1403,2023,HighSchool
5156242,216969,Jarvis Reed,Incarnate Word,RB,3,0.85,1403,2023,HighSchool
5153759,216959,Jordan Harris,Tennessee Tech,RB,3,0.85,1403,2023,HighSchool
5111406,112650,Tennel Bryant,Arkansas State,WR,3,0.85,1403,2023,HighSchool
5121588,112631,Gabe Tahir,Boise State,CB,3,0.85,1403,2023,HighSchool
,216962,Seth Fao,,ATH,3,0.85,1403,2023,HighSchool
,216965,Jimez Hamilton,UCF,CB,3,0.85,1403,2023,HighSchool
,216960,Devyn Turner,,RB,3,0.85,1403,2023,HighSchool
,112634,Mari Lawton,,DL,3,0.85,1403,2023,HighSchool
,112647,Jeremiah Augustin,,ATH,3,0.85,1403,2023,HighSchool
,216966,Emmanuel Deng,Pennsylvania,CB,3,0.85,1403,2023,HighSchool
5027438,112641,Tyler White,Texas A&M,P,3,0.85,1403,2023,HighSchool
,112637,Jackson Thomas,Troy,WR,3,0.85,1403,2023,HighSchool
,216963,Richemard Mellien,,ATH,3,0.85,1403,2023,HighSchool
,216968,Jacobe Oglesby,Western Michigan,S,3,0.85,1403,2023,HighSchool
,216958,Kalen Cobb,,WR,3,0.85,1403,2023,HighSchool
,216970,Zahmir Dawud,Villanova,S,3,0.85,1403,2023,HighSchool
4921308,112632,Wyatt Milkovic,Boise State,LB,3,0.85,1403,2023,HighSchool
,112635,Roch Cholowsky,,QB,3,0.85,1403,2023,HighSchool
4921400,112653,Elias Cloy,Georgia Tech,IOL,3,0.85,1403,2023,HighSchool
5152829,216955,Robbie Mascheroni,UC Davis,WR,3,0.85,1403,2023,HighSchool
5152791,216956,Delon Thompson,Portland State,RB,3,0.85,1403,2023,HighSchool
5121611,112657,Kenneth Kelly,Campbell,ATH,3,0.85,1403,2023,HighSchool
5152826,216961,Jordan Fisher,UC Davis,RB,3,0.85,1403,2023,HighSchool
5121704,112633,RJ Esmon,Nevada,OT,3,0.85,1403,2023,HighSchool
,216953,Brayden Holmes,,ATH,3,0.85,1403,2023,HighSchool
5113460,112646,Demanuel Brown,Boise State,EDGE,3,0.85,1403,2023,HighSchool
4966148,112660,Nate Spillman,Tennessee,WR,3,0.8497,1453,2023,HighSchool
4918134,112662,Vic Sutton,Mississippi State,QB,3,0.8497,1453,2023,HighSchool
5077392,112665,Kam Sallis,Kansas State,S,3,0.8497,1453,2023,HighSchool
4918437,112663,Christian Davis,Ball State,RB,3,0.8497,1453,2023,HighSchool
5157272,112664,Derrick Maxey III,Coastal Carolina,S,3,0.8497,1453,2023,HighSchool
5151483,112661,Joseph Walker Jr.,Eastern Michigan,WR,3,0.8497,1453,2023,HighSchool
5081794,112668,Jayden Bass,Syracuse,OT,3,0.8494,1459,2023,HighSchool
5091836,112667,Jaxon Potter,Washington State,QB,3,0.8494,1459,2023,HighSchool
5078223,112666,Re'Shaun Sanford II,Houston,RB,3,0.8494,1459,2023,HighSchool
5078105,112669,TJ Lott,Old Dominion,ATH,3,0.8494,1459,2023,HighSchool
4923300,112675,Spencer Jones,Duke,WR,3,0.8492,1463,2023,HighSchool
5078047,112673,Stephen Johnson,Auburn,DL,3,0.8492,1463,2023,HighSchool
4923053,112676,Tawfiq Byard,South Florida,S,3,0.8492,1463,2023,HighSchool
5078164,112677,Josh Richards,Maryland,WR,3,0.8492,1463,2023,HighSchool
5076124,112671,Jayven Hall,Marshall,LB,3,0.8492,1463,2023,HighSchool
5077873,112672,Chris Dawn Jr.,Texas State,WR,3,0.8492,1463,2023,HighSchool
5090291,112679,Zion Gunn,Purdue,CB,3,0.8492,1463,2023,HighSchool
4870722,112670,Kobi Gorman,Ohio,DL,3,0.8492,1463,2023,HighSchool
4923278,112678,Leon Griffin III,Duke,ATH,3,0.8492,1463,2023,HighSchool
4871071,112674,Quentin Thomas,Georgia State,WR,3,0.8492,1463,2023,HighSchool
5220138,112684,Wayne Peart II,Toledo,DL,3,0.8489,1473,2023,HighSchool
4871045,112680,Stantavious Smith,South Florida,DL,3,0.8489,1473,2023,HighSchool
5085338,112687,Nick Krahe,West Virginia,IOL,3,0.8489,1473,2023,HighSchool
4921232,112683,Cal Grubbs,Liberty,IOL,3,0.8489,1473,2023,HighSchool
5093886,112686,Kamari Moulton,Iowa,RB,3,0.8489,1473,2023,HighSchool
,112682,Jamerious Jenkins,,DL,3,0.8489,1473,2023,HighSchool
,112681,Kainoa Carvalho,Hawai'i,WR,3,0.8489,1473,2023,HighSchool
5089314,112685,Hank Brown,Auburn,QB,3,0.8489,1473,2023,HighSchool
5092265,112688,Charles Greer Jr.,Fresno State,RB,3,0.8486,1481,2023,HighSchool
,112689,Brent Hoppe,Central Michigan,EDGE,3,0.8486,1481,2023,HighSchool
5078314,112690,Christian Martin,Colorado State,OT,3,0.8486,1481,2023,HighSchool
5086468,112692,Aaron Morris,Stanford,CB,3,0.8486,1481,2023,HighSchool
5157289,112691,Jermod McCoy,Oregon State,CB,3,0.8486,1481,2023,HighSchool
4920141,112693,Allen Mitchell,Campbell,RB,3,0.8485,1486,2023,HighSchool
5092266,112695,Whitefield Powell,Colorado State,EDGE,3,0.8485,1486,2023,HighSchool
,112694,A.J. Salley,Houston Christian,OT,3,0.8485,1486,2023,HighSchool
5004520,112701,David Clement,Syracuse,TE,3,0.8483,1489,2023,HighSchool
,112696,Saimone Davis,BYU,TE,3,0.8483,1489,2023,HighSchool
5091838,112703,Walter Samuel,Memphis,RB,3,0.8483,1489,2023,HighSchool
4917055,112697,Camden Beebe,Kansas State,IOL,3,0.8483,1489,2023,HighSchool
5078043,112699,Apollos Cook,Duke,WR,3,0.8483,1489,2023,HighSchool
5078145,112702,Tai Ray,Pittsburgh,OT,3,0.8483,1489,2023,HighSchool
4923041,112700,David Anderson,Duke,DL,3,0.8483,1489,2023,HighSchool
5075775,112706,Vincent Drolet,Duke,WR,3,0.8483,1489,2023,HighSchool
5084891,112704,Austin Romaine,Kansas State,LB,3,0.8483,1489,2023,HighSchool
5146851,112705,AJ Szymanski,Maryland,TE,3,0.8483,1489,2023,HighSchool
5044387,112698,Anthony Colandrea,Virginia,QB,3,0.8483,1489,2023,HighSchool
5077875,112707,Zachary Henning,Washington,OT,3,0.8481,1500,2023,HighSchool
5088324,112709,Sinn Brennan,San Diego State,EDGE,3,0.8478,1501,2023,HighSchool
5024333,112719,Laith Shamma,Toledo,DL,3,0.8478,1501,2023,HighSchool
5086010,112726,Bryston Dixon,Georgia Tech,DL,3,0.8478,1501,2023,HighSchool
5089321,112722,Bryan Longwell,Vanderbilt,LB,3,0.8478,1501,2023,HighSchool
4921311,112715,Nygel Osborne,Utah Tech,RB,3,0.8478,1501,2023,HighSchool
5113180,112720,Caleb Hardy,Virginia,S,3,0.8478,1501,2023,HighSchool
,112721,Bryson Vowell,Murray State,WR,3,0.8478,1501,2023,HighSchool
,112714,Marquez Taylor,Austin Peay,ATH,3,0.8478,1501,2023,HighSchool
5121665,112712,Jamal Miles,Liberty,CB,3,0.8478,1501,2023,HighSchool
5102556,112727,Cataurus Hicks,Louisville,WR,3,0.8478,1501,2023,HighSchool
5099737,112723,Ian Jeffries,Arkansas State,DL,3,0.8478,1501,2023,HighSchool
5154412,112728,Nireek Sharpe,Jackson State,CB,3,0.8478,1501,2023,HighSchool
5032961,112718,Tucker Ashcraft,Wisconsin,TE,3,0.8478,1501,2023,HighSchool
5078059,112708,Jarvis Durr,South Alabama,RB,3,0.8478,1501,2023,HighSchool
5075567,112725,Tylen Gonzalez,Arizona,DL,3,0.8478,1501,2023,HighSchool
5078872,112717,Cayden Dawson,Boise State,TE,3,0.8478,1501,2023,HighSchool
5078070,112713,James Walley Jr.,UTSA,EDGE,3,0.8478,1501,2023,HighSchool
5104138,112724,Trent Baker-Booker,Virginia,S,3,0.8478,1501,2023,HighSchool
5105334,112710,Jackson Gilkey,UTSA,QB,3,0.8478,1501,2023,HighSchool
4923274,112711,Will Hartson,Ohio State,RB,3,0.8478,1501,2023,HighSchool
5105335,112716,Aiden Hall,Wake Forest,LB,3,0.8478,1501,2023,HighSchool
5158275,112740,J.J. Lewis,Northwestern,S,3,0.8475,1522,2023,HighSchool
5078273,112741,Ethan Hubbard,Duke,OT,3,0.8475,1522,2023,HighSchool
5078161,112739,Terrell James,Arkansas State,EDGE,3,0.8475,1522,2023,HighSchool
5075796,112744,Vilay Nakkoun Jr.,Rutgers,ATH,3,0.8475,1522,2023,HighSchool
5085246,112745,TyLyric Coleman,Virginia,ATH,3,0.8475,1522,2023,HighSchool
4923059,112734,Jeremiah Coney,Virginia Tech,RB,3,0.8475,1522,2023,HighSchool
,112735,Rohan Davy,NC State,ATH,3,0.8475,1522,2023,HighSchool
4895775,112742,Arthur Jenkins,Florida Atlantic,WR,3,0.8475,1522,2023,HighSchool
4954456,112732,Kasen Weisman,Colorado,QB,3,0.8475,1522,2023,HighSchool
,112729,Chris Palfreeman,,WR,3,0.8475,1522,2023,HighSchool
4891194,112733,Palaie Faoa,Boston College,LB,3,0.8475,1522,2023,HighSchool
5075542,112738,Owen Davis,Purdue,LB,3,0.8475,1522,2023,HighSchool
5219265,112736,Carson Rhodes,Iowa State,TE,3,0.8475,1522,2023,HighSchool
4921514,112730,Cole Shivers,Northwestern,CB,3,0.8475,1522,2023,HighSchool
5091834,112743,Chris Pearson,Houston,S,3,0.8475,1522,2023,HighSchool
4921304,112731,Chris Lawson Jr.,App State,WR,3,0.8475,1522,2023,HighSchool
5077286,112737,Christian McKinney,Miami (OH),LB,3,0.8475,1522,2023,HighSchool
4918433,112747,Jean Claude Joseph,Tulane,LB,3,0.8472,1539,2023,HighSchool
4921247,112746,Aaron Fenimore,Liberty,IOL,3,0.8472,1539,2023,HighSchool
5151950,112750,Nate Johnson,App State,EDGE,3,0.847,1541,2023,HighSchool
5091822,112751,Hayden Christman,Louisiana Tech,OT,3,0.847,1541,2023,HighSchool
5075624,112749,Shatavious Hogan,Central Michigan,WR,3,0.847,1541,2023,HighSchool
5078313,112748,Demoris Jenkins,East Carolina,EDGE,3,0.847,1541,2023,HighSchool
5050113,112752,Ryan Silver,San Diego State,IOL,3,0.8469,1545,2023,HighSchool
5077114,112756,Caleb McMickle,Houston,QB,3,0.8469,1545,2023,HighSchool
5086374,112755,Jamari Holliman,Florida International,S,3,0.8469,1545,2023,HighSchool
5085328,112757,David Egbe,Wake Forest,RB,3,0.8469,1545,2023,HighSchool
5078274,112753,Lonnie Johnson,SMU,WR,3,0.8469,1545,2023,HighSchool
5077265,112754,Mordecai Hines,Fresno State,DL,3,0.8469,1545,2023,HighSchool
5151107,112758,Andrew Heinig,Oklahoma,DL,3,0.8467,1551,2023,HighSchool
4921414,112761,Tamarus Walker,Maryland,IOL,3,0.8467,1552,2023,HighSchool
,112767,Torey Lambert,,RB,3,0.8467,1552,2023,HighSchool
5085971,112765,Zurich Ashford,California,DL,3,0.8467,1552,2023,HighSchool
5089413,112770,Anthony Britton,Virginia,DL,3,0.8467,1552,2023,HighSchool
5075986,112760,Cayden Bowie,Houston,IOL,3,0.8467,1552,2023,HighSchool
5078219,112762,Jacob Fields,Louisiana Tech,CB,3,0.8467,1552,2023,HighSchool
4941004,112763,Jaden McKinney,Austin Peay,DL,3,0.8467,1552,2023,HighSchool
4921510,112759,Tayvon Nelson,Maryland,CB,3,0.8467,1552,2023,HighSchool
5125075,112764,Sean Na'a,Arizona State,IOL,3,0.8467,1552,2023,HighSchool
5079282,112766,Theorin Randle,Minnesota,DL,3,0.8467,1552,2023,HighSchool
5155073,112769,David Omopariola,Syracuse,EDGE,3,0.8467,1552,2023,HighSchool
5125735,112768,Jamison Mejia,Oklahoma State,IOL,3,0.8467,1552,2023,HighSchool
4916389,112771,Jakobe Sanders,Oklahoma State,IOL,3,0.8464,1564,2023,HighSchool
4870769,112773,Tre'Mon Henry,Southern Miss,LB,3,0.8464,1564,2023,HighSchool
5057381,112772,Ryder Burton,BYU,QB,3,0.8464,1564,2023,HighSchool
5121664,112774,Kyle McNeal,Florida International,WR,3,0.8463,1567,2023,HighSchool
5120943,112779,Deaubry Hood,Arkansas State,CB,3,0.8461,1568,2023,HighSchool
5091825,112778,Cevan Edwards,Memphis,DL,3,0.8461,1568,2023,HighSchool
5162401,112777,Christian Bodnar,Liberty,S,3,0.8461,1568,2023,HighSchool
4367032,112775,Dylan Brown-Turner,Florida State,LB,3,0.8461,1568,2023,HighSchool
5219642,112776,Pokaiaua Haunga,BYU,ATH,3,0.8461,1568,2023,HighSchool
4870243,112782,Jason Steele,Boise State,IOL,3,0.8458,1573,2023,HighSchool
,112783,Ryan Bullard,Campbell,RB,3,0.8458,1573,2023,HighSchool
4941019,112780,Abdul Muhammad,SMU,S,3,0.8458,1573,2023,HighSchool
5092546,112781,Jaden Yates,Marshall,LB,3,0.8458,1573,2023,HighSchool
5159140,112785,Jack Gogue,New Mexico State,OT,3,0.8456,1577,2023,HighSchool
5079575,112784,Brione Ramsey-Brooks,TCU,IOL,3,0.8456,1577,2023,HighSchool
5031158,112787,Andrew Metzger,Kansas State,TE,3,0.8453,1579,2023,HighSchool
5121818,112788,Malcolm Pugh,Georgia Tech,EDGE,3,0.8453,1579,2023,HighSchool
5075392,112786,Keldric Luster,SMU,QB,3,0.8453,1579,2023,HighSchool
4899468,112791,Kaden Anderson,Wyoming,QB,3,0.8452,1582,2023,HighSchool
,112790,Makhi Connor,Campbell,S,3,0.8452,1582,2023,HighSchool
4923279,112789,Jaxon Hammond,Army,ATH,3,0.8452,1582,2023,HighSchool
5150340,112799,Isaiah Birl,Army,ATH,3,0.845,1585,2023,HighSchool
5105850,112802,Jordan Hall,UAB,OT,3,0.845,1585,2023,HighSchool
5088773,112801,Maverick Gracio,Pittsburgh,EDGE,3,0.845,1585,2023,HighSchool
5122087,112805,Kody Jackson,Louisiana,S,3,0.845,1585,2023,HighSchool
5085335,112798,Deion Brown,Eastern Michigan,RB,3,0.845,1585,2023,HighSchool
5151484,112792,Gabe Hoffmann,Eastern Michigan,TE,3,0.845,1585,2023,HighSchool
5093295,112794,Cooper Fordham,Louisiana,IOL,3,0.845,1585,2023,HighSchool
5161145,112796,Tyler Murphy,California,IOL,3,0.845,1585,2023,HighSchool
,112797,Owen Borg,BYU,LB,3,0.845,1585,2023,HighSchool
,112800,Jon Mould,Harvard,OT,3,0.845,1585,2023,HighSchool
,112804,Darius Cowens,,ATH,3,0.845,1585,2023,HighSchool
5121467,112806,Bami Badusi,Texas State,OT,3,0.845,1585,2023,HighSchool
,112795,Javien Brownlee,,WR,3,0.845,1585,2023,HighSchool
5151088,112793,Wesley Watson,Kansas State,WR,3,0.845,1585,2023,HighSchool
,112803,Robert Luckas,,WR,3,0.845,1585,2023,HighSchool
4920899,112807,Logan Lester,Western Michigan,WR,3,0.8447,1600,2023,HighSchool
5078272,112811,Bryce Cohoon,Syracuse,WR,3,0.8444,1601,2023,HighSchool
5157283,112818,Matthew Scicchitano,Coastal Carolina,DL,3,0.8444,1601,2023,HighSchool
5078011,112815,Quran Boyd,Duke,ATH,3,0.8444,1601,2023,HighSchool
4923222,112810,Mondrell Dean,Purdue,EDGE,3,0.8444,1601,2023,HighSchool
5121987,112819,Kevin Adams,Tulane,S,3,0.8444,1601,2023,HighSchool
4888138,112814,Ricky Lee III,UAB,ATH,3,0.8444,1601,2023,HighSchool
5160397,112808,Tyson Ruffins,Nevada,IOL,3,0.8444,1601,2023,HighSchool
5086979,112809,Ish Findlayter,Virginia Tech,EDGE,3,0.8444,1601,2023,HighSchool
4923275,112813,Ed Haynes,UNLV,IOL,3,0.8444,1601,2023,HighSchool
5010409,112816,Jayden Mandal,Fresno State,QB,3,0.8444,1601,2023,HighSchool
,112812,Michael Towner,UAB,DL,3,0.8444,1601,2023,HighSchool
,112817,Tre Richardson,,ATH,3,0.8444,1601,2023,HighSchool
,112820,Dante Scott,Colorado State,S,3,0.8444,1601,2023,HighSchool
5077667,112824,Tyson Edwards,Memphis,ATH,3,0.8442,1614,2023,HighSchool
5219224,112823,Randy Reece,SMU,WR,3,0.8442,1614,2023,HighSchool
4941005,112825,De'Eric Mister,Minnesota,OT,3,0.8442,1614,2023,HighSchool
4922982,112822,Kaleb Black,Arizona State,WR,3,0.8442,1614,2023,HighSchool
4920150,112821,Carson Black,Charlotte,QB,3,0.8442,1614,2023,HighSchool
5076043,112827,Olan Robinson,Liberty,LB,3,0.8439,1619,2023,HighSchool
4920900,112828,Shawn Thigpen,Bowling Green,WR,3,0.8439,1619,2023,HighSchool
4871064,112826,Brennan Storer,Vanderbilt,QB,3,0.8439,1619,2023,HighSchool
5070544,112830,Andrew Marshall,Ohio,LB,3,0.8437,1622,2023,HighSchool
4966464,112832,Will James,Mississippi State,CB,3,0.8437,1622,2023,HighSchool
5103574,112834,Alijah Lacey,Georgia Southern,EDGE,3,0.8437,1622,2023,HighSchool
5092245,112831,JJ Jean-Louis,Iowa State,LB,3,0.8437,1622,2023,HighSchool
5153442,112829,Ravon Johnson,The Citadel,EDGE,3,0.8437,1622,2023,HighSchool
5119659,112836,Trent Thomas,South Alabama,TE,3,0.8437,1622,2023,HighSchool
5075594,112833,Miles Thompson,Texas Tech,ATH,3,0.8437,1622,2023,HighSchool
5121743,112835,John Bragg,Louisiana,OT,3,0.8437,1622,2023,HighSchool
5085346,112842,Darion Reed,Tulane,OT,3,0.8436,1630,2023,HighSchool
5074099,112839,Elijah Palmer,Hawai'i,CB,3,0.8436,1630,2023,HighSchool
5079147,112837,Drew Rodriguez,Colorado State,LB,3,0.8436,1630,2023,HighSchool
5076621,112841,Garrison Monroe,Minnesota,S,3,0.8436,1630,2023,HighSchool
5054036,112840,Jackson Brousseau,Colorado State,QB,3,0.8436,1630,2023,HighSchool
5078244,112838,Caleb Komolafe,Northwestern,S,3,0.8436,1630,2023,HighSchool
5078006,112844,Iverson Young,Montana,RB,3,0.8433,1636,2023,HighSchool
4870894,112846,Takare Lipscomb,Arkansas State,WR,3,0.8433,1636,2023,HighSchool
4870689,112852,Sawyer Deerman,Alabama,RB,3,0.8433,1636,2023,HighSchool
4921288,112845,Jayden Bethea,App State,LB,3,0.8433,1636,2023,HighSchool
5076102,112847,Javorian Wimberly,Central Michigan,WR,3,0.8433,1636,2023,HighSchool
5078065,112851,Caleb Dorris,Duke,OT,3,0.8433,1636,2023,HighSchool
5087357,112849,DeAndre Buchannon,Georgia Southern,WR,3,0.8433,1636,2023,HighSchool
4923285,112843,McCae Hillstead,Utah State,QB,3,0.8433,1636,2023,HighSchool
4921309,112848,Ryan McKinnis,App State,LB,3,0.8433,1636,2023,HighSchool
5080139,112850,Donovan Dyson,Massachusetts,EDGE,3,0.8433,1636,2023,HighSchool
5092275,112854,Ty Dieffenbach,Pittsburgh,QB,3,0.8431,1646,2023,HighSchool
5219131,112853,Jaylen Gardner,Colorado State,WR,3,0.8431,1646,2023,HighSchool
5157287,112855,David Wells Jr.,Oregon State,WR,3,0.8428,1648,2023,HighSchool
5120867,112863,Zaimir Hawk,Iowa State,DL,3,0.8428,1648,2023,HighSchool
4871014,112862,Jeremiah Vessel,New Mexico State,S,3,0.8428,1648,2023,HighSchool
5078003,112856,Zion Agnew,East Carolina,ATH,3,0.8428,1648,2023,HighSchool
5091842,112858,Isaiah Thomison,Memphis,LB,3,0.8428,1648,2023,HighSchool
5121604,112864,Steven Jones Jr.,Georgia Tech,CB,3,0.8428,1648,2023,HighSchool
5125593,112860,Bailey Stockton,Georgia Tech,WR,3,0.8428,1648,2023,HighSchool
5076099,112859,Stephon Daily,Colorado State,WR,3,0.8428,1648,2023,HighSchool
5076111,112861,Tyler Douglas,Temple,QB,3,0.8428,1648,2023,HighSchool
5122003,112857,Ja'Marion Kennedy,Louisiana Tech,IOL,3,0.8428,1648,2023,HighSchool
4923038,112867,Logan Brantley,Kansas,LB,3,0.8425,1658,2023,HighSchool
5119568,112865,Tyler Bell,Troy,OT,3,0.8425,1658,2023,HighSchool
5075795,112868,Dominic Lolesio,Arizona,DL,3,0.8425,1658,2023,HighSchool
5080303,112866,Lenox Lawson,Arizona State,WR,3,0.8425,1658,2023,HighSchool
5120486,112869,Nathan Gates,Washington State,OT,3,0.8419,1662,2023,HighSchool
,112870,JaQuize Buycks,,DL,3,0.8419,1663,2023,HighSchool
,112885,Dane Reed,Campbell,ATH,3,0.8417,1664,2023,HighSchool
5121424,112884,Ty Gordon,Syracuse,DL,3,0.8417,1664,2023,HighSchool
4921299,112871,AJ Jayroe,Louisiana,WR,3,0.8417,1664,2023,HighSchool
,112873,Jonathan Landry,Eastern Washington,CB,3,0.8417,1664,2023,HighSchool
,112872,Lamar Patterson,,WR,3,0.8417,1664,2023,HighSchool
,112880,Nathan Stewart,,WR,3,0.8417,1664,2023,HighSchool
,112881,Talitui Pututau,BYU,DL,3,0.8417,1664,2023,HighSchool
5048884,112878,Ashton Tripp,Washington State,OT,3,0.8417,1664,2023,HighSchool
5125765,112875,PJ Hatter,Texas State,QB,3,0.8417,1664,2023,HighSchool
5150998,112883,Blake Baker,Louisiana Tech,QB,3,0.8417,1664,2023,HighSchool
4923273,112877,Delano Franklin,Cal Poly,WR,3,0.8417,1664,2023,HighSchool
5156061,112886,Allen Thomason,Stanford,OT,3,0.8417,1664,2023,HighSchool
4870806,112874,Rico Jackson,NC State,OT,3,0.8417,1664,2023,HighSchool
4921298,112876,Ashton Heflin,Georgia Tech,LB,3,0.8417,1664,2023,HighSchool
4870942,112879,Ryan Mickow,Boston College,IOL,3,0.8417,1664,2023,HighSchool
5125151,112882,Brian Nelson II,North Texas,CB,3,0.8417,1664,2023,HighSchool
5075473,112887,Reagan McCranie,Duke,IOL,3,0.8411,1680,2023,HighSchool
5078468,112892,Dylan Hasz,Arkansas,S,3,0.8411,1680,2023,HighSchool
5077302,112888,TJ Crandall,Colorado State,CB,3,0.8411,1680,2023,HighSchool
,112891,Tristen Sion,Jackson State,CB,3,0.8411,1680,2023,HighSchool
5075985,112893,Ryan Blum,Central Michigan,IOL,3,0.8411,1680,2023,HighSchool
5076904,112889,Braeden Flowers,SMU,EDGE,3,0.8411,1680,2023,HighSchool
5086373,112894,Ike Esonwune,Oklahoma State,LB,3,0.8411,1680,2023,HighSchool
4917622,112890,Brandon Miyazono,SMU,LB,3,0.8411,1680,2023,HighSchool
4879825,112898,Javion Clark,East Carolina,S,3,0.8411,1688,2023,HighSchool
5080925,112901,Jahrie Garner,Tulane,EDGE,3,0.8411,1688,2023,HighSchool
5092254,112900,Thomas Paasch,Northern Illinois,OT,3,0.8411,1688,2023,HighSchool
4954514,112896,Brennan Wooten,Western Michigan,TE,3,0.8411,1688,2023,HighSchool
4921307,112899,Luby Maurice,Florida International,WR,3,0.8411,1688,2023,HighSchool
,112897,Eric Muse,,LB,3,0.8411,1688,2023,HighSchool
4921439,112895,Caimon Mathis,Georgia Southern,CB,3,0.8411,1688,2023,HighSchool
5023096,112903,George Steih,Wake Forest,DL,3,0.8408,1695,2023,HighSchool
5056163,112904,Kyland Armstrong,Wake Forest,IOL,3,0.8408,1695,2023,HighSchool
4917620,112902,TJ Bush Jr.,Liberty,DL,3,0.8408,1695,2023,HighSchool
5114309,112905,Nicholas Fernandez,Arizona,ATH,3,0.8406,1698,2023,HighSchool
5123984,112906,Tykie Andrews,Oklahoma State,WR,3,0.8406,1698,2023,HighSchool
5102932,112908,Ethan Crite,Middle Tennessee,WR,3,0.8404,1700,2023,HighSchool
5078217,112909,Kieran Davis,East Carolina,EDGE,3,0.8404,1700,2023,HighSchool
5122005,112907,Keimar Richardson,Florida Atlantic,DL,3,0.8404,1700,2023,HighSchool
5121623,112910,Keith Willis,Louisiana Tech,RB,3,0.8404,1700,2023,HighSchool
5085106,112911,Jaydon Bailey,Utah State,RB,3,0.8403,1704,2023,HighSchool
5078360,112916,Jayden Hobson,Mississippi State,OT,3,0.8403,1704,2023,HighSchool
5012065,112912,Keith Smith Jr.,North Texas,DL,3,0.8403,1704,2023,HighSchool
5091817,112913,Dickson Agu,Tulane,LB,3,0.8403,1704,2023,HighSchool
5078243,112915,Jack Fabris,Kansas State,S,3,0.8403,1704,2023,HighSchool
5075461,112914,Reagan Gill,SMU,IOL,3,0.8403,1704,2023,HighSchool
5125783,216989,Brandt Rice,Wyoming,IOL,3,0.84,1710,2023,HighSchool
5152044,216996,Ja'Braxton Boone,Central Arkansas,ATH,3,0.84,1710,2023,HighSchool
5158904,216990,Anthony Benjamin,Jacksonville State,WR,3,0.84,1710,2023,HighSchool
5153688,216975,Major Givens,Weber State,RB,3,0.84,1710,2023,HighSchool
5158408,112925,AJ Cobb,Florida International,DL,3,0.84,1710,2023,HighSchool
5151984,217001,Preston Ross,Ball State,TE,3,0.84,1710,2023,HighSchool
5153685,216997,Richie Munoz,Weber State,QB,3,0.84,1710,2023,HighSchool
5150695,216993,Drew Surges,Iowa State,S,3,0.84,1710,2023,HighSchool
5125534,217002,Reeves Baller,Tulsa,EDGE,3,0.84,1710,2023,HighSchool
5085390,112921,Davin Martin,UTSA,CB,3,0.84,1710,2023,HighSchool
5158758,216980,Nathan Reynolds,Idaho State,LB,3,0.84,1710,2023,HighSchool
5158751,216973,Ian Duarte,Idaho State,WR,3,0.84,1710,2023,HighSchool
5159276,216983,Edward Robinson,Duquesne,RB,3,0.84,1710,2023,HighSchool
5122081,112917,Tyler Little,Arkansas State,TE,3,0.84,1710,2023,HighSchool
5152578,216992,Winston Moore,Colgate,WR,3,0.84,1710,2023,HighSchool
,216982,Kael Combs,,WR,3,0.84,1710,2023,HighSchool
,112919,Omarion Blakes,,ATH,3,0.84,1710,2023,HighSchool
,112924,Trae Walker,Middle Tennessee,ATH,3,0.84,1710,2023,HighSchool
4921427,216972,David Borchers,Nebraska,DL,3,0.84,1710,2023,HighSchool
4921430,112920,Anthony Cunningham,Iowa State,DL,3,0.84,1710,2023,HighSchool
,216994,Heston Miller,Missouri State,ATH,3,0.84,1710,2023,HighSchool
,217000,Ryan Boultwood,Utah,TE,3,0.84,1710,2023,HighSchool
5122052,112922,Kenyon Agurs,Colorado State,ATH,3,0.84,1710,2023,HighSchool
,216981,Orel Gray,Florida A&M,ATH,3,0.84,1710,2023,HighSchool
,216979,Thomas Howard,,ATH,3,0.84,1710,2023,HighSchool
,112918,Demarcus Houston,Portland State,CB,3,0.84,1710,2023,HighSchool
,216995,Za'Ron Collins,,WR,3,0.84,1710,2023,HighSchool
,216984,Dieter Barr,Cal Poly,QB,3,0.84,1710,2023,HighSchool
,216985,Jalani Liva,,IOL,3,0.84,1710,2023,HighSchool
,216986,Michael Teason,Missouri State,LB,3,0.84,1710,2023,HighSchool
,216987,Zach Johnson,Idaho,TE,3,0.84,1710,2023,HighSchool
,216998,Jack Grusser,Harvard,QB,3,0.84,1710,2023,HighSchool
,216971,Jeremiah Calvin,,ATH,3,0.84,1710,2023,HighSchool
,216988,Karaaz Johnson,,WR,3,0.84,1710,2023,HighSchool
,216999,Nick Bell,,ATH,3,0.84,1710,2023,HighSchool
,216974,David Rasor,UC Davis,QB,3,0.84,1710,2023,HighSchool
,216976,Carter Davis,Stanford,EDGE,3,0.84,1710,2023,HighSchool
,216991,Jasun Ridley,,EDGE,3,0.84,1710,2023,HighSchool
,216978,Kyler Ronquillo,Princeton,ATH,3,0.84,1710,2023,HighSchool
5122101,112923,JaMari Whitehead,Georgia Southern,LB,3,0.84,1710,2023,HighSchool
,216977,Deshaun Buchanan,Idaho,RB,3,0.84,1710,2023,HighSchool
,112933,Kennon Loftin,,LB,3,0.8392,1751,2023,HighSchool
,112929,Cameron Jackson,,DL,3,0.8392,1751,2023,HighSchool
,112931,Alijah Williams,Bowling Green,EDGE,3,0.8392,1751,2023,HighSchool
5121534,112934,Jason Maciejczak,Nebraska,DL,3,0.8392,1751,2023,HighSchool
5080561,112928,Mychal Yharbrough,Miami (OH),ATH,3,0.8392,1751,2023,HighSchool
5075975,112930,Mozell Williams,Rutgers,OT,3,0.8392,1751,2023,HighSchool
5077883,112932,Jalil Smith,Syracuse,EDGE,3,0.8392,1751,2023,HighSchool
5105849,112927,Devon Dampier,New Mexico,QB,3,0.8392,1751,2023,HighSchool
5160078,112926,DJ Johnson Jr.,East Carolina,LB,3,0.8392,1751,2023,HighSchool
5084770,112938,Koron Hayward,Western Kentucky,WR,3,0.8386,1760,2023,HighSchool
5078469,112937,Darrell Sweeting,Temple,ATH,3,0.8386,1760,2023,HighSchool
5077959,112936,Kevin Terry,Temple,OT,3,0.8386,1760,2023,HighSchool
4923282,112935,CJ Hester,Western Michigan,RB,3,0.8386,1760,2023,HighSchool
5121739,112942,RJ Kelly,Arkansas State,LB,3,0.8385,1764,2023,HighSchool
5180148,112939,Earl Woods III,Jacksonville State,QB,3,0.8385,1764,2023,HighSchool
,112941,Sam Van Dyne,,QB,3,0.8385,1764,2023,HighSchool
4921254,112940,Eric King,Temple,IOL,3,0.8385,1764,2023,HighSchool
,112944,Camani Cobbs,Southeast Missouri State,CB,3,0.8383,1768,2023,HighSchool
4870919,112943,Curtis Roberts,Florida Atlantic,LB,3,0.8383,1768,2023,HighSchool
5125152,112945,Marleo Neolien,East Carolina,OT,3,0.8381,1770,2023,HighSchool
5078160,112946,Richie Anderson,Fresno State,LB,3,0.8381,1771,2023,HighSchool
5091833,112958,Donovan Nevils,Memphis,DL,3,0.8378,1772,2023,HighSchool
4920192,112951,Carson Conklin,Sacramento State,QB,3,0.8378,1772,2023,HighSchool
5151044,112952,Keoni Denny,Charlotte,LB,3,0.8378,1772,2023,HighSchool
5091820,112956,Kasen Carpenter,Tulsa,IOL,3,0.8378,1772,2023,HighSchool
5121783,112962,Traveon Wright,Memphis,CB,3,0.8378,1772,2023,HighSchool
5121601,112955,Hunter Summers,Tulane,WR,3,0.8378,1772,2023,HighSchool
5075538,112961,Cayden Sweatt,App State,IOL,3,0.8378,1772,2023,HighSchool
5078221,112960,Mason Myers,Arkansas State,OT,3,0.8378,1772,2023,HighSchool
,112950,Dequarious White,Jackson State,IOL,3,0.8378,1772,2023,HighSchool
,112948,Jaeden Jackson,,DL,3,0.8378,1772,2023,HighSchool
,112949,Joshua Wade,,IOL,3,0.8378,1772,2023,HighSchool
,112947,Jamari Ford,Buffalo,RB,3,0.8378,1772,2023,HighSchool
,112953,A.C. Mason-Young,,ATH,3,0.8378,1772,2023,HighSchool
5077816,112959,TeKai Kirby,Virginia,TE,3,0.8378,1772,2023,HighSchool
,112954,Delanie Majors,,WR,3,0.8378,1772,2023,HighSchool
5103802,112957,Nazir Ward,Western Kentucky,CB,3,0.8378,1772,2023,HighSchool
4923221,112963,Kiwaun Davis,Washington State,CB,3,0.8375,1788,2023,HighSchool
,112971,Anthony Baxter,,S,3,0.837,1789,2023,HighSchool
5092256,112973,Cole Rhett,Toledo,OT,3,0.837,1789,2023,HighSchool
,112970,Matthew Fredrick,BYU,TE,3,0.837,1789,2023,HighSchool
5077358,112964,Wyatt Gedeon,Coastal Carolina,LB,3,0.837,1789,2023,HighSchool
5121472,112975,Karon Weary,South Alabama,S,3,0.837,1789,2023,HighSchool
,112967,Devon Rainey,Buffalo,ATH,3,0.837,1789,2023,HighSchool
5078533,112966,Jabari Smith Jr.,Florida Atlantic,WR,3,0.837,1789,2023,HighSchool
5041973,112965,Peyton Farmer,Rice,OT,3,0.837,1789,2023,HighSchool
5154493,112968,Evan Haynie,Princeton,CB,3,0.837,1789,2023,HighSchool
5120454,112974,Caleb Goodie,Colorado State,WR,3,0.837,1789,2023,HighSchool
5117836,112969,Jamari Person,Colorado State,WR,3,0.837,1789,2023,HighSchool
5078549,112972,Dedrick Latulas,Louisiana Tech,WR,3,0.837,1789,2023,HighSchool
5085332,112977,Zachary Anderson,Massachusetts,IOL,3,0.8369,1801,2023,HighSchool
5085334,112976,Jaheim Buchanon,Florida International,IOL,3,0.8369,1801,2023,HighSchool
5157321,112978,David Jester,Akron,S,3,0.8367,1803,2023,HighSchool
5120487,112986,Braiden Staten,Florida International,TE,3,0.8367,1803,2023,HighSchool
5121999,112984,Keystone Allison,Louisiana Tech,OT,3,0.8367,1803,2023,HighSchool
5163087,112981,Antwaan Mays,Marshall,WR,3,0.8367,1803,2023,HighSchool
4921503,112979,Rashawn Carr,Campbell,S,3,0.8367,1803,2023,HighSchool
4581750,112982,EJ Smith,Nevada,LB,3,0.8367,1803,2023,HighSchool
5118341,112985,Khalil Laufau,Washington State,DL,3,0.8367,1803,2023,HighSchool
5086011,112983,Jelani McLaughlin,San Diego State,S,3,0.8367,1803,2023,HighSchool
,112988,Noah Braham,West Virginia,TE,3,0.8367,1803,2023,HighSchool
,112980,Rodney Leaks,Houston Christian,OT,3,0.8367,1803,2023,HighSchool
5084890,112987,Blake Herold,Kansas,DL,3,0.8367,1803,2023,HighSchool
5091890,112989,Kadin Semonza,Ball State,QB,3,0.8364,1814,2023,HighSchool
5112633,112990,Kade Pieper,Iowa,DL,3,0.8364,1814,2023,HighSchool
5150548,112992,Kamuela Ka'aihue,Arizona,LB,3,0.8361,1816,2023,HighSchool
,112993,Josiah Griffin,Boston College,DL,3,0.8361,1816,2023,HighSchool
,112994,Charlie Pace,,RB,3,0.8361,1816,2023,HighSchool
5078144,112991,Landen Chambers,Central Arkansas,RB,3,0.8361,1816,2023,HighSchool
5151001,113001,Tre Webb III,Louisiana Tech,CB,3,0.8356,1820,2023,HighSchool
5125528,112999,Sentario Willis,Southern Miss,S,3,0.8356,1820,2023,HighSchool
5125585,113000,Wildrekus Johnson,Southern Miss,CB,3,0.8356,1820,2023,HighSchool
5218865,112998,Domata Peko Jr.,Hawai'i,ATH,3,0.8356,1820,2023,HighSchool
4904131,112995,Devon Rivers,Fresno State,RB,3,0.8356,1820,2023,HighSchool
5110490,112997,Toddrick Brewton,Florida International,EDGE,3,0.8356,1820,2023,HighSchool
5120904,112996,Isiah Chala Jr.,Fresno State,EDGE,3,0.8356,1820,2023,HighSchool
,113003,Mason Shorb,,QB,3,0.8353,1827,2023,HighSchool
5077802,113005,Tai Fa'avae,Washington State,LB,3,0.8353,1827,2023,HighSchool
4986096,113002,Chase Jenkins,Rice,QB,3,0.8353,1827,2023,HighSchool
5085336,113004,Landon Hale,Florida International,S,3,0.8353,1827,2023,HighSchool
5086448,113009,Kamrean Johnson,Vanderbilt,TE,3,0.8353,1827,2023,HighSchool
5092397,113006,Landry Cannon,Tulane,IOL,3,0.8353,1827,2023,HighSchool
5085348,113007,Jordan Sample,Arkansas State,LB,3,0.8353,1827,2023,HighSchool
5078405,113008,Alex Moore,Maryland,S,3,0.8353,1827,2023,HighSchool
,113010,Raydrian McKneely,Memphis,RB,3,0.8352,1835,2023,HighSchool
,113011,Jonathan Humpal,,RB,3,0.8352,1835,2023,HighSchool
,113020,Aronne Herring,,RB,3,0.835,1837,2023,HighSchool
,113021,Jay'Veon Haynes,Louisiana,RB,3,0.835,1837,2023,HighSchool
,113022,Anthony Wenson,Air Force,WR,3,0.835,1837,2023,HighSchool
,113014,Job Kralik,East Tennessee State,WR,3,0.835,1837,2023,HighSchool
5152796,113012,Onterrio Smith Jr.,Sacramento State,ATH,3,0.835,1837,2023,HighSchool
,113019,Samuel Cooper,,ATH,3,0.835,1837,2023,HighSchool
,113016,Derek Thompson,Harvard,IOL,3,0.835,1837,2023,HighSchool
,113017,JT Smith Jr,,ATH,3,0.835,1837,2023,HighSchool
,113018,Grant Chapman,South Dakota,OT,3,0.835,1837,2023,HighSchool
5220472,113015,Robert Jones III,Navy,QB,3,0.835,1837,2023,HighSchool
5102758,113023,Max Stege,Boise State,DL,3,0.835,1837,2023,HighSchool
4921452,113013,Eamon Smalls,UAB,DL,3,0.835,1837,2023,HighSchool
,113024,Howie Iongi,,DL,3,0.8347,1849,2023,HighSchool
5151689,113031,Julian Allen,Toledo,WR,3,0.8344,1850,2023,HighSchool
,113029,Julian Savaiinaea,Arizona,EDGE,3,0.8344,1850,2023,HighSchool
5086818,113032,Asher Tomaszewski,Kansas State,DL,3,0.8344,1850,2023,HighSchool
,113030,Stanley Cooks,Jackson State,DL,3,0.8344,1850,2023,HighSchool
,113025,Evan Tomich,,QB,3,0.8344,1850,2023,HighSchool
5120451,113034,Tristan Bohannon,Washington State,LB,3,0.8344,1850,2023,HighSchool
5151508,113028,Michael Jimmar,Northern Illinois,OT,3,0.8344,1850,2023,HighSchool
5091835,113033,Parker Peterson,Memphis,OT,3,0.8344,1850,2023,HighSchool
5076949,113035,Evan Bullock,Louisiana Tech,QB,3,0.8344,1850,2023,HighSchool
4870757,113027,Ahmad Haston,Massachusetts,QB,3,0.8344,1850,2023,HighSchool
4921437,113026,Jalen Lewis,Northwestern,CB,3,0.8344,1850,2023,HighSchool
4921457,113036,Daiquan White,Eastern Michigan,CB,3,0.8342,1861,2023,HighSchool
5219918,113045,TJ Lawrence,South Florida,OT,3,0.8337,1862,2023,HighSchool
5079142,113043,Oliver Fisher,Boise State,TE,3,0.8337,1862,2023,HighSchool
5078812,113039,Antonio Ferguson,East Carolina,TE,3,0.8337,1862,2023,HighSchool
5001147,113046,Fabian Scott,Florida Atlantic,S,3,0.8337,1862,2023,HighSchool
5120942,113048,Gideon Bedada,Old Dominion,EDGE,3,0.8337,1862,2023,HighSchool
5121698,113052,Chauncey Carter,Wyoming,CB,3,0.8337,1862,2023,HighSchool
5121170,113042,Aiden Meeks,Texas Tech,WR,3,0.8337,1862,2023,HighSchool
,113047,DJ Cloyd,,ATH,3,0.8337,1862,2023,HighSchool
5084910,113051,Josh Phifer,James Madison,TE,3,0.8337,1862,2023,HighSchool
5081611,113044,Mason Williams,Ohio,TE,3,0.8337,1862,2023,HighSchool
5119661,113037,Kamaurri McKinley,East Carolina,S,3,0.8337,1862,2023,HighSchool
5151489,113050,Jeremiah Alston-Jackson,Central Michigan,ATH,3,0.8337,1862,2023,HighSchool
4922993,113040,Devin Roche,Old Dominion,RB,3,0.8337,1862,2023,HighSchool
5078101,113041,Zyeir Gamble,App State,S,3,0.8337,1862,2023,HighSchool
5091891,113049,Lamar Sperling,Buffalo,RB,3,0.8337,1862,2023,HighSchool
5078106,113038,Carson Rasmussen,Boise State,OT,3,0.8337,1862,2023,HighSchool
5082679,113056,Hank Zilinskas,Colorado,IOL,3,0.8336,1878,2023,HighSchool
5077877,113059,Justyn Reid,Southern Miss,TE,3,0.8336,1878,2023,HighSchool
4870932,113055,Luke Rucker,Florida Atlantic,QB,3,0.8336,1878,2023,HighSchool
4870829,113053,Dontay Joyner,Arkansas State,S,3,0.8336,1878,2023,HighSchool
,113058,Rocky Shields,Washington State,DL,3,0.8336,1878,2023,HighSchool
5151696,113054,RJ Johnson III,Toledo,QB,3,0.8336,1878,2023,HighSchool
5150505,113057,Lorenzo Williams Jr.,Western Michigan,CB,3,0.8336,1878,2023,HighSchool
5077226,113060,Peyton Woodring,Georgia,K,3,0.8333,1885,2023,HighSchool
4923272,113061,Mark-Allen Gay,Central Michigan,S,3,0.8333,1885,2023,HighSchool
4941016,113062,Zyian Moultrie-Goddard,Syracuse,LB,3,0.8328,1887,2023,HighSchool
5078403,113063,Silas Evans,Colorado State,WR,3,0.8328,1887,2023,HighSchool
5075530,113067,Mahki Rolle,Northern Illinois,ATH,3,0.8319,1889,2023,HighSchool
5120013,113066,Sirri Kandiyeli,Arizona State,IOL,3,0.8319,1889,2023,HighSchool
5085876,113068,Trevion Mack,Syracuse,IOL,3,0.8319,1889,2023,HighSchool
5101112,113065,Ansel Din-Mbuh,Washington State,DL,3,0.8319,1889,2023,HighSchool
5070555,113064,Jamarion Clark,Rice,CB,3,0.8319,1889,2023,HighSchool
,113069,Scoop Gardner Jr.,Army,DL,3,0.8319,1894,2023,HighSchool
5086446,113070,Cahari Haynes,App State,LB,3,0.8319,1894,2023,HighSchool
5086050,113078,Elijah Rogers,Campbell,ATH,3,0.8317,1896,2023,HighSchool
5110215,113079,Marlon McClendon,Georgia State,CB,3,0.8317,1896,2023,HighSchool
5122002,113077,Ovie Dubre,Florida Atlantic,IOL,3,0.8317,1896,2023,HighSchool
4924142,113075,Zamariyon Kendall,Mississippi Valley State,RB,3,0.8317,1896,2023,HighSchool
5152786,113074,Mike Montgomery,Portland State,LB,3,0.8317,1896,2023,HighSchool
4870991,113072,Michael Richard,Louisiana Tech,S,3,0.8317,1896,2023,HighSchool
5155396,113073,Woods Ray,Dartmouth,QB,3,0.8317,1896,2023,HighSchool
5156996,113076,Jailen Duffie,North Dakota State,CB,3,0.8317,1896,2023,HighSchool
4921413,113071,BJ Tolo,New Mexico State,IOL,3,0.8317,1896,2023,HighSchool
5080478,113080,R.J. Mukes III,Ball State,ATH,3,0.8314,1905,2023,HighSchool
5078068,113083,Sean Scott,SMU,OT,3,0.8311,1906,2023,HighSchool
5078060,113082,Cam Hill,Louisiana Tech,S,3,0.8311,1906,2023,HighSchool
5043472,113081,Journey McKoy,Nevada,ATH,3,0.8311,1906,2023,HighSchool
5091843,113087,Trevor Walton,Memphis,CB,3,0.8311,1909,2023,HighSchool
4950546,113086,Ryan Sims,Miami (OH),WR,3,0.8311,1909,2023,HighSchool
5080787,113089,Troy Smith,Louisiana Tech,IOL,3,0.8311,1909,2023,HighSchool
5075571,113084,John-Keawe Sagapolutele,Hawai'i,QB,3,0.8311,1909,2023,HighSchool
,113088,Khalil Peart,Houston Christian,LB,3,0.8311,1909,2023,HighSchool
5223118,113085,Kyle Chen,Air Force,CB,3,0.8311,1909,2023,HighSchool
5122033,113095,Mitch Viviano,Buffalo,DL,3,0.8306,1915,2023,HighSchool
4695260,113091,CJ Davis,Marshall,ATH,3,0.8306,1915,2023,HighSchool
5122094,113096,Xzavier Brown,Louisiana,OT,3,0.8306,1915,2023,HighSchool
5154497,113090,Torian Roberts,Princeton,CB,3,0.8306,1915,2023,HighSchool
5158234,113094,Mister Clark,Florida International,S,3,0.8306,1915,2023,HighSchool
5125535,113097,Gerard Edimo,South Florida,TE,3,0.8306,1915,2023,HighSchool
5125715,113092,Colton Joseph,Old Dominion,QB,3,0.8306,1915,2023,HighSchool
5122006,113093,Landon Sides,North Texas,WR,3,0.8306,1915,2023,HighSchool
5122000,113098,DeMardrick Blunt,Louisiana Tech,LB,3,0.8306,1915,2023,HighSchool
4923223,113101,Ben Decker,Miami (OH),OT,3,0.8304,1924,2023,HighSchool
5087686,113102,Niko Lopez,Colorado State,WR,3,0.8304,1924,2023,HighSchool
5078466,113123,Elija Walton,Georgia Southern,ATH,3,0.8304,1924,2023,HighSchool
5075704,113108,Braden Awls,Toledo,ATH,3,0.8304,1924,2023,HighSchool
5124334,113115,Patrick Martin,South Alabama,RB,3,0.8304,1924,2023,HighSchool
5092410,113122,Dorian Fleming,Georgia State,ATH,3,0.8304,1924,2023,HighSchool
5078008,113104,Isaac Sohn,North Texas,IOL,3,0.8304,1924,2023,HighSchool
5078421,113106,Cam Chadwick Jr.,UConn,CB,3,0.8304,1924,2023,HighSchool
5078186,113121,Nate Guinn,Illinois,TE,3,0.8304,1924,2023,HighSchool
5160209,113103,Coco Brown,Sam Houston,RB,3,0.8304,1924,2023,HighSchool
4917627,113110,Dakota Williams,Louisiana Tech,WR,3,0.8304,1924,2023,HighSchool
5120484,113126,Briley Barron,San Diego State,IOL,3,0.8304,1924,2023,HighSchool
5079283,113107,Exavious Reed,Southern Miss,TE,3,0.8304,1924,2023,HighSchool
5122112,113127,Micah Johnson,Louisiana,LB,3,0.8304,1924,2023,HighSchool
5158343,113114,Braxton Woodson,Navy,QB,3,0.8304,1924,2023,HighSchool
5103798,113112,Daelen Alexander,Rice,RB,3,0.8304,1924,2023,HighSchool
5101111,113109,Roosevelt Andrews III,Miami (OH),EDGE,3,0.8304,1924,2023,HighSchool
5091819,113105,Nate Bledsoe,Rice,IOL,3,0.8304,1924,2023,HighSchool
5077900,113099,Kyle Cox,Boise State,OT,3,0.8304,1924,2023,HighSchool
5091830,113124,Cam'ron Lacy,Middle Tennessee,WR,3,0.8304,1924,2023,HighSchool
,113111,Layne Swafford,,EDGE,3,0.8304,1924,2023,HighSchool
5077222,113100,Larry Jones III,Liberty,EDGE,3,0.8304,1924,2023,HighSchool
5122110,113116,John Ward,South Alabama,IOL,3,0.8304,1924,2023,HighSchool
,113117,David Tangilanu,BYU,EDGE,3,0.8304,1924,2023,HighSchool
,113119,Pierson Watson,BYU,LB,3,0.8304,1924,2023,HighSchool
5121615,113120,Jake Simpson,Texas State,TE,3,0.8304,1924,2023,HighSchool
,113118,Matthew James,Georgia Southern,EDGE,3,0.8304,1924,2023,HighSchool
5103801,113113,Coby Walton,Georgia Southern,QB,3,0.8304,1924,2023,HighSchool
5101132,113125,Brayden Ramey,Florida Atlantic,IOL,3,0.8304,1924,2023,HighSchool
5150652,217010,Watts McBride,Iowa,S,3,0.83,1953,2023,HighSchool
,217009,Ishaan Daniels,Weber State,CB,3,0.83,1953,2023,HighSchool
,217012,Sean Haney,Colgate,IOL,3,0.83,1953,2023,HighSchool
,217006,Ikenasio Mikaele,,LB,3,0.83,1953,2023,HighSchool
,217014,Layton Duncan,,WR,3,0.83,1953,2023,HighSchool
,217005,Izaiah Souriolle,UC Davis,IOL,3,0.83,1953,2023,HighSchool
,217015,Jay Mentink,Princeton,S,3,0.83,1953,2023,HighSchool
,217004,Jaylon Jenkins,Eastern Washington,S,3,0.83,1953,2023,HighSchool
,217003,Jaden Hunt,,CB,3,0.83,1953,2023,HighSchool
,217016,Kyree Wimberly,,LB,3,0.83,1953,2023,HighSchool
,217019,Mysta Moore,,IOL,3,0.83,1953,2023,HighSchool
,217020,Jermaine Foster,,WR,3,0.83,1953,2023,HighSchool
5122071,217048,Matthew Toilolo,New Mexico,IOL,3,0.83,1953,2023,HighSchool
,217008,Wallace Ugapo,,IOL,3,0.83,1953,2023,HighSchool
,217022,Jaleel Engleman,,WR,3,0.83,1953,2023,HighSchool
,217024,Will Fowler,UC Davis,S,3,0.83,1953,2023,HighSchool
,217025,Seamus Gilmartin,Harvard,TE,3,0.83,1953,2023,HighSchool
,217027,Jaylen Abston,,QB,3,0.83,1953,2023,HighSchool
,217028,Demarkus Brown,,ATH,3,0.83,1953,2023,HighSchool
,217029,Drew Faulkner,Idaho,CB,3,0.83,1953,2023,HighSchool
,217034,Idgerinn Dean,Northern Arizona,EDGE,3,0.83,1953,2023,HighSchool
,217035,Eli Campbell,,S,3,0.83,1953,2023,HighSchool
,217036,Robert Sanders,Princeton,LB,3,0.83,1953,2023,HighSchool
,217041,Beau Johnson,North Dakota State,OT,3,0.83,1953,2023,HighSchool
,217042,Julian Lee,Idaho,EDGE,3,0.83,1953,2023,HighSchool
,217043,Jamari Haynes,Western Carolina,WR,3,0.83,1953,2023,HighSchool
,217044,Josh Hendricks,North Dakota State,LB,3,0.83,1953,2023,HighSchool
,217045,Curtis Douglas,Florida Atlantic,ATH,3,0.83,1953,2023,HighSchool
,217047,Vernon Malone,,S,3,0.83,1953,2023,HighSchool
,113144,Tra’quan Johnson,,ATH,3,0.83,1953,2023,HighSchool
,113139,Anthony Murphy,Howard,LB,3,0.83,1953,2023,HighSchool
,113138,Tyson Simmons,Navy,EDGE,3,0.83,1953,2023,HighSchool
5095156,113137,Obinna Okeke,Louisiana Tech,EDGE,3,0.83,1953,2023,HighSchool
,113132,Brendan Chavarria,Florida Atlantic,IOL,3,0.83,1953,2023,HighSchool
,113136,Alan Young,,CB,3,0.83,1953,2023,HighSchool
,113134,Richard McKay,Sacramento State,OT,3,0.83,1953,2023,HighSchool
5165884,217017,Dominic Nankil,San Diego,QB,3,0.83,1953,2023,HighSchool
5163019,217040,Dereck Moore,New Mexico,ATH,3,0.83,1953,2023,HighSchool
5075389,113141,Kolt Dieterich,Sam Houston,OT,3,0.83,1953,2023,HighSchool
5151407,217021,Jack Jacobs,Fresno State,QB,3,0.83,1953,2023,HighSchool
5075965,113140,AJ Stephens,Rice,CB,3,0.83,1953,2023,HighSchool
5073961,113131,Matthew Nixon,Southern Miss,WR,3,0.83,1953,2023,HighSchool
5124516,217007,Tre' Hartwell,Western Michigan,RB,3,0.83,1953,2023,HighSchool
5057359,113129,Justin Williams Jr.,Rice,ATH,3,0.83,1953,2023,HighSchool
5152504,217037,Alex McLaughlin,Northern Arizona,LB,3,0.83,1953,2023,HighSchool
5172608,217046,Hunter Provience,Montana State,TE,3,0.83,1953,2023,HighSchool
5124994,217013,Austin Boyd,UNLV,IOL,3,0.83,1953,2023,HighSchool
5152416,217033,Julian Lundy,Utah Tech,WR,3,0.83,1953,2023,HighSchool
5044425,113130,Luke Rogers,Southern Miss,IOL,3,0.83,1953,2023,HighSchool
5153687,217038,Bryant Carey,Weber State,WR,3,0.83,1953,2023,HighSchool
5153736,217039,Kaden Williams,Austin Peay,RB,3,0.83,1953,2023,HighSchool
5121764,113143,Lance Williams,Louisiana,EDGE,3,0.83,1953,2023,HighSchool
5155020,217026,Osize Daniyan,Yale,ATH,3,0.83,1953,2023,HighSchool
5165734,217018,Joshua Robinson,Illinois State,RB,3,0.83,1953,2023,HighSchool
5158446,217011,Brock Thomas,Oregon,QB,3,0.83,1953,2023,HighSchool
5165112,217032,Jack Wagner,Idaho,QB,3,0.83,1953,2023,HighSchool
5165124,217030,Art Williams,Idaho,ATH,3,0.83,1953,2023,HighSchool
5159275,113128,Xavier Rice,Duquesne,QB,3,0.83,1953,2023,HighSchool
5150420,217023,Henry Garrity,Notre Dame,TE,3,0.83,1953,2023,HighSchool
5219453,113135,Nollenn Tabaska,Army,TE,3,0.83,1953,2023,HighSchool
5156057,113133,Myles Libman,Stanford,WR,3,0.83,1953,2023,HighSchool
5080888,113142,Matt Wagner,Boise State,TE,3,0.83,1953,2023,HighSchool
5166161,217031,Scottre Humphrey,Montana State,RB,3,0.83,1953,2023,HighSchool
5122104,113145,Jordan Norman,South Alabama,EDGE,3,0.8296,2016,2023,HighSchool
5077211,113147,Greg Turner,East Carolina,S,3,0.8294,2017,2023,HighSchool
5078009,113146,Julien Davis,East Carolina,LB,3,0.8294,2017,2023,HighSchool
,113148,Dan Smith,,WR,3,0.8293,2019,2023,HighSchool
5078424,113149,Misael Sandoval,Vanderbilt,OT,3,0.8292,2020,2023,HighSchool
5077108,113152,Matthew Nehf,Central Michigan,IOL,3,0.8286,2021,2023,HighSchool
4832061,113150,Christian LeBrun,Massachusetts,S,3,0.8286,2021,2023,HighSchool
5077339,113151,Caleb Clark-Glover,Marshall,CB,3,0.8286,2021,2023,HighSchool
,113153,Kion Wright,Delaware,EDGE,3,0.8285,2024,2023,HighSchool
5077876,113154,TJ Horton,Ball State,CB,3,0.8283,2025,2023,HighSchool
5075568,113155,Uber Ajongo,Wake Forest,OT,3,0.8281,2026,2023,HighSchool
5156293,113162,Jalen Woods,Southern,QB,3,0.8278,2027,2023,HighSchool
5109663,113161,Dash Dorsey,Kent State,ATH,3,0.8278,2027,2023,HighSchool
5194632,113163,Rich Benenge,Akron,LB,3,0.8278,2027,2023,HighSchool
4871049,113158,Malik Tullis,Eastern Michigan,DL,3,0.8278,2027,2023,HighSchool
,113159,Trevaughn Martinez,Western Carolina,S,3,0.8278,2027,2023,HighSchool
,113157,Amini Amone,Nevada,RB,3,0.8278,2027,2023,HighSchool
,113156,Zayvion McCluster,Campbell,LB,3,0.8278,2027,2023,HighSchool
,113160,Colbey Lamberth,Eastern Kentucky,QB,3,0.8278,2027,2023,HighSchool
5084416,113164,Dante Barone,Pennsylvania,TE,3,0.8275,2035,2023,HighSchool
5078044,113165,Walker Davis,Arkansas State,IOL,3,0.8272,2036,2023,HighSchool
5220350,113182,Charlie Robinson,Louisiana Tech,EDGE,3,0.827,2037,2023,HighSchool
4921153,113170,Sam Smith Jr.,Toledo,WR,3,0.827,2037,2023,HighSchool
5041974,113169,Luke Needham,Rice,IOL,3,0.827,2037,2023,HighSchool
5077304,113171,Zeke Moore,Florida Atlantic,TE,3,0.827,2037,2023,HighSchool
5102931,113173,Anthony Bynum,Middle Tennessee,EDGE,3,0.827,2037,2023,HighSchool
5157269,113174,Jahbari Kuykendall,Coastal Carolina,RB,3,0.827,2037,2023,HighSchool
4040767,113175,Chris Tooley,Florida Atlantic,CB,3,0.827,2037,2023,HighSchool
5092264,113168,Luke Zanotti,Western Michigan,IOL,3,0.827,2037,2023,HighSchool
4906922,113167,Preston Thompson,Florida International,S,3,0.827,2037,2023,HighSchool
5021231,113172,Jakivion Calip,Central Michigan,RB,3,0.827,2037,2023,HighSchool
5121653,113180,Rowdy Beers,Florida International,TE,3,0.827,2037,2023,HighSchool
5122106,113181,Jackson Worley,Troy,TE,3,0.827,2037,2023,HighSchool
,113179,Jordan Paul,,EDGE,3,0.827,2037,2023,HighSchool
,113166,Edward Hartig,Miami (OH),IOL,3,0.827,2037,2023,HighSchool
5157331,113177,Adrian Norton,Akron,ATH,3,0.827,2037,2023,HighSchool
5079143,113176,Luke Watson,Temple,IOL,3,0.827,2037,2023,HighSchool
5091832,113178,Jayden Marable,Memphis,DL,3,0.827,2037,2023,HighSchool
5075329,113184,Mason Kidd,Northern Illinois,QB,3,0.8269,2054,2023,HighSchool
5076049,113183,Nicholas Thompson,Toledo,CB,3,0.8269,2054,2023,HighSchool
5153737,113189,Courtland Simmons,Austin Peay,ATH,3,0.8267,2056,2023,HighSchool
5154383,113190,Justin Bostic,Florida A&M,S,3,0.8267,2056,2023,HighSchool
,113187,Bruce Williams,,DL,3,0.8267,2056,2023,HighSchool
,113185,Dakotah Mayo,,WR,3,0.8267,2056,2023,HighSchool
,113186,Nehemiah Sagiao,Campbell,LB,3,0.8267,2056,2023,HighSchool
,113188,Kaden Willerford,,S,3,0.8267,2056,2023,HighSchool
5092690,113193,Kollin Lewis,North Texas,WR,3,0.8263,2062,2023,HighSchool
5103836,113196,Marshaun Brown,Nevada,WR,3,0.8263,2062,2023,HighSchool
5077407,113191,Khai Taylor,Boise State,ATH,3,0.8263,2062,2023,HighSchool
5091845,113194,Zeke Wimbush,Virginia Tech,TE,3,0.8263,2062,2023,HighSchool
5091824,113197,Colton Deckard,Louisiana Tech,LB,3,0.8263,2062,2023,HighSchool
4917054,113192,David Amador II,UTSA,WR,3,0.8263,2062,2023,HighSchool
5119841,113195,Dru DeShields,Kent State,QB,3,0.8263,2062,2023,HighSchool
5151369,256565,Messiah Burch,Buffalo,ATH,3,0.8044,2063,2023,HighSchool
5077881,113198,Amarion Atwood,Texas State,CB,3,0.8261,2069,2023,HighSchool
5121726,113210,Isaac Rue,Middle Tennessee,OT,3,0.8256,2070,2023,HighSchool
5092214,113203,Aidan Flintoft,Stanford,P,3,0.8256,2070,2023,HighSchool
5125791,113202,Daylyn Diston,East Carolina,S,3,0.8256,2070,2023,HighSchool
5124202,113205,Dietrich Moore,North Texas,LB,3,0.8256,2070,2023,HighSchool
5151048,113212,Duane Thomas Jr.,Charlotte,WR,3,0.8256,2070,2023,HighSchool
5078099,113209,Elijah Davis,Ball State,S,3,0.8256,2070,2023,HighSchool
5118340,113199,D'Angelo Ponds,James Madison,CB,3,0.8256,2070,2023,HighSchool
5125737,113213,Matthew Moore,North Texas,LB,3,0.8256,2070,2023,HighSchool
,113207,Motekiai Mounga,BYU,DL,3,0.8256,2070,2023,HighSchool
5121702,113208,Sam Dunnell,San Diego State,ATH,3,0.8256,2070,2023,HighSchool
5120905,113206,Brock Lium,Fresno State,ATH,3,0.8256,2070,2023,HighSchool
5122079,113204,Naz Hill,Wyoming,CB,3,0.8256,2070,2023,HighSchool
,113200,Lester Miller,Ole Miss,WR,3,0.8256,2070,2023,HighSchool
5092662,113201,JD Sherrod,Troy,QB,3,0.8256,2070,2023,HighSchool
5123842,113211,Desmond Magiya,North Texas,OT,3,0.8256,2070,2023,HighSchool
4920152,256720,Steele Wasel,Akron,QB,3,0.8019,2081,2023,HighSchool
5086375,113224,Will Hutchens,Sam Houston,IOL,3,0.825,2085,2023,HighSchool
4940237,113214,Jamond Mathis,Southern Illinois,EDGE,3,0.825,2085,2023,HighSchool
5075953,113226,Easton Fulton,Sam Houston,IOL,3,0.825,2085,2023,HighSchool
5104269,113220,Kai Sevy,New Mexico State,IOL,3,0.825,2085,2023,HighSchool
5223106,113221,Devin Jordan,Air Force,S,3,0.825,2085,2023,HighSchool
5121687,113229,Kendall Bannister,Ohio,CB,3,0.825,2085,2023,HighSchool
5099611,113227,Brandon Greil,Arkansas State,S,3,0.825,2085,2023,HighSchool
4705596,113223,Brock Taylor,Vanderbilt,K,3,0.825,2085,2023,HighSchool
5121609,113230,Jay Crable,Ohio,ATH,3,0.825,2085,2023,HighSchool
5223130,113217,Blake Fletcher,Air Force,LB,3,0.825,2085,2023,HighSchool
,113216,Daniel Andrade,,QB,3,0.825,2085,2023,HighSchool
5085497,113218,Ty Stamey,Louisiana,TE,3,0.825,2085,2023,HighSchool
5152777,113222,Eric Denham,Portland State,WR,3,0.825,2085,2023,HighSchool
,113228,Antonio Trone,,RB,3,0.825,2085,2023,HighSchool
,113225,Rocco Marcelino,Princeton,DL,3,0.825,2085,2023,HighSchool
,113215,Joel Kpassou,,ATH,3,0.825,2085,2023,HighSchool
,113219,Keshon Singleton,Air Force,WR,3,0.825,2085,2023,HighSchool
5085773,113231,Max Tucker,Boston College,CB,3,0.8247,2102,2023,HighSchool
5081854,113240,Conor Talty,Alabama,K,3,0.8244,2103,2023,HighSchool
5158834,113233,Jacob Jones,Grambling,QB,3,0.8244,2103,2023,HighSchool
5151627,113237,Elijah Wilson,Tulsa,LB,3,0.8244,2103,2023,HighSchool
5160243,113235,Ryan Damron,Tennessee,QB,3,0.8244,2103,2023,HighSchool
5080788,113236,Jamil Williams,Arkansas State,LB,3,0.8244,2103,2023,HighSchool
5077223,113238,David Olano,Illinois,K,3,0.8244,2103,2023,HighSchool
4876869,113239,Rashad Davis,Western Carolina,WR,3,0.8244,2103,2023,HighSchool
5077693,113232,Blake Murphy,UL Monroe,QB,3,0.8244,2103,2023,HighSchool
,113234,D'Mariun Perteet,,RB,3,0.8244,2103,2023,HighSchool
,113254,Adonis Garcia,,CB,3,0.8237,2112,2023,HighSchool
5077370,113244,Chris Fewell,San Diego State,LB,3,0.8237,2112,2023,HighSchool
5077401,113255,Kaleb Barnett,Temple,CB,3,0.8237,2112,2023,HighSchool
5077482,113253,Timothy Gulley,Arkansas State,DL,3,0.8237,2112,2023,HighSchool
,113247,Aidan Warner,Yale,QB,3,0.8237,2112,2023,HighSchool
5154223,113252,Isaac Paul,Kennesaw State,CB,3,0.8237,2112,2023,HighSchool
5085349,113257,Kebba Secka,Georgia Southern,DL,3,0.8237,2112,2023,HighSchool
5078910,113246,Chris Bracy,UAB,S,3,0.8237,2112,2023,HighSchool
5075792,113251,Victor Evans III,Florida International,CB,3,0.8237,2112,2023,HighSchool
4693222,113243,Twan Wilson,Florida A&M,S,3,0.8237,2112,2023,HighSchool
5085342,113256,Daniel Michel,Florida International,OT,3,0.8237,2112,2023,HighSchool
4924147,113245,Andrew Laurich,Colorado State,DL,3,0.8237,2112,2023,HighSchool
5223109,113242,Houston Hendrix,Air Force,LB,3,0.8237,2112,2023,HighSchool
5152924,113250,Jaquerrius Gray,Southern Miss,ATH,3,0.8237,2112,2023,HighSchool
5056106,113241,Evan Boyd,Central Michigan,WR,3,0.8237,2112,2023,HighSchool
5091846,113259,Aaron Wood,Middle Tennessee,OT,3,0.8237,2112,2023,HighSchool
4950403,113248,Zyil Powell,Temple,S,3,0.8237,2112,2023,HighSchool
5109794,113249,Dalton Gustwiller,Western Michigan,DL,3,0.8237,2112,2023,HighSchool
5093888,113258,D'Marea Weaver,Sam Houston,S,3,0.8237,2112,2023,HighSchool
5091885,256737,Ethan McDowell,Miami (OH),EDGE,2,0.7911,2115,2023,HighSchool
5086475,256738,Gregory Smith Jr.,Miami (OH),OT,2,0.787,2130,2023,HighSchool
5101122,113260,Malcolm McCain,Miami (OH),LB,3,0.8236,2131,2023,HighSchool
5121891,113261,Josiah Jeffery,Syracuse,ATH,3,0.8233,2132,2023,HighSchool
5091837,113263,Devin Robinson,Tulsa,S,3,0.823,2133,2023,HighSchool
5078461,113262,Aitor Urionabarrenechea,Colorado State,OT,3,0.823,2133,2023,HighSchool
5092280,256716,Tell Wade,Wyoming,DL,2,0.773,2134,2023,HighSchool
5092663,256955,Jarvis Jones,UConn,ATH,2,0.7804,2135,2023,HighSchool
5220047,113265,Caleb Dobbs,Eastern Michigan,S,3,0.8228,2135,2023,HighSchool
5078404,256778,Marques Hicks,Kent State,RB,2,0.7804,2135,2023,HighSchool
4923049,113264,Bo Burklow,Liberty,TE,3,0.8228,2135,2023,HighSchool
5085066,256566,Mason Cumbie,Buffalo,QB,2,0.7804,2135,2023,HighSchool
5085340,256569,Jayden Lewis,Buffalo,ATH,2,0.7804,2135,2023,HighSchool
5075565,113266,Mason Muaau,Colorado State,WR,3,0.8222,2137,2023,HighSchool
5059162,113267,Jacob Winters,Ohio,QB,3,0.8219,2138,2023,HighSchool
4880988,113268,Mason McHugh,App State,QB,3,0.8219,2138,2023,HighSchool
4921324,113269,Tyrese Whitaker,Temple,LB,3,0.8219,2140,2023,HighSchool
5157314,113271,Kameron Cheatom,Akron,LB,3,0.8217,2141,2023,HighSchool
,113270,Elvin Harris,Campbell,OT,3,0.8217,2141,2023,HighSchool
5078004,113272,Jamih Otis,Hawai'i,LB,3,0.8214,2143,2023,HighSchool
5078315,113273,Nicolas Radicic,Indiana,K,3,0.8211,2144,2023,HighSchool
5125366,113274,Sesi Vailahi,Oklahoma State,RB,3,0.8211,2145,2023,HighSchool
,113276,Dairo Melendez,Coastal Carolina,DL,3,0.8211,2145,2023,HighSchool
5015265,113275,RaSean Randall,Northern Illinois,ATH,3,0.8211,2145,2023,HighSchool
4921415,113278,Jacob Welch,Northern Illinois,OT,3,0.8211,2145,2023,HighSchool
5091880,113277,Tristan Cook,Ball State,IOL,3,0.8211,2145,2023,HighSchool
5078912,256707,Jayden Wilson,New Mexico,LB,2,0.7737,2146,2023,HighSchool
5156928,256559,Caden Jensen,Louisiana,TE,2,0.77,2149,2023,HighSchool
5121243,113285,Ethan Williams,Georgia Southern,IOL,3,0.8206,2150,2023,HighSchool
5091826,113283,Noah Gardner,Tulane,OT,3,0.8206,2150,2023,HighSchool
5120299,113284,Patrick Overmyer,UTSA,TE,3,0.8206,2150,2023,HighSchool
5120378,113280,Kadiyon Sweat,Utah State,S,3,0.8206,2150,2023,HighSchool
5125724,113286,Cam Crooks,Tulsa,ATH,3,0.8206,2150,2023,HighSchool
5124129,113281,Cam Marshall,Georgia State,S,3,0.8206,2150,2023,HighSchool
,113282,Keddrick Harper,Louisiana Tech,CB,3,0.8206,2150,2023,HighSchool
4921321,113279,Levontai Summersett,Florida A&M,ATH,3,0.8206,2150,2023,HighSchool
5157324,256721,Jean Louis III,Akron,WR,2,0.7696,2152,2023,HighSchool
5091892,256602,Jesiah Stevens-Silva,Central Michigan,ATH,2,0.7696,2152,2023,HighSchool
5157339,256722,Catrell White,Akron,CB,2,0.7663,2155,2023,HighSchool
5151276,113293,Landon Ransom-Goelz,Rice,WR,3,0.8204,2158,2023,HighSchool
5075593,113299,Josiah Timoteo,Nevada,IOL,3,0.8204,2158,2023,HighSchool
5077268,113297,Jaylen Moson,Furman,CB,3,0.8204,2158,2023,HighSchool
,113289,Janerious Jackson,Miami (OH),RB,3,0.8204,2158,2023,HighSchool
5080255,113294,Danny Novickas,Ohio,EDGE,3,0.8204,2158,2023,HighSchool
5151367,113304,Nickolas Roy,Buffalo,ATH,3,0.8204,2158,2023,HighSchool
,113300,Rashod Bradley,,DL,3,0.8204,2158,2023,HighSchool
5078821,113288,Kaden Kelly,Sam Houston,S,3,0.8204,2158,2023,HighSchool
5157332,113303,Darius Owens,Akron,S,3,0.8204,2158,2023,HighSchool
5080918,113302,Bryson Harrison,Georgia State,QB,3,0.8204,2158,2023,HighSchool
5077961,113292,Bryce Weaver,East Carolina,IOL,3,0.8204,2158,2023,HighSchool
5078908,113295,Cole Skinner,South Florida,OT,3,0.8204,2158,2023,HighSchool
5078082,113298,Jude Tinor,Georgia State,DL,3,0.8204,2158,2023,HighSchool
5080786,113290,Cedric Anton,Eastern Michigan,TE,3,0.8204,2158,2023,HighSchool
5077965,113301,Joshua Moore,Tulane,S,3,0.8204,2158,2023,HighSchool
5078103,113296,Fin Jones,Florida Atlantic,TE,3,0.8204,2158,2023,HighSchool
5085878,113287,Ashton Schumann,Tulsa,WR,3,0.8204,2158,2023,HighSchool
5121725,113305,Lucas Samsula,Wyoming,DL,3,0.8204,2158,2023,HighSchool
5069238,113291,Desmond Duffy,Ohio,WR,3,0.8204,2158,2023,HighSchool
5078459,113307,Palmer Williams,Baylor,P,3,0.8203,2177,2023,HighSchool
5078053,113306,Isaiah Thacker,Ball State,WR,3,0.8203,2177,2023,HighSchool
5165110,217133,Andrew Marshall,Idaho,ATH,3,0.82,2179,2023,HighSchool
5153340,113311,Ray Coney,East Tennessee State,LB,3,0.82,2179,2023,HighSchool
5077212,113316,Matthew Broussard,Louisiana,OT,3,0.82,2179,2023,HighSchool
5158842,217126,Micheal Garner,Grambling,DL,3,0.82,2179,2023,HighSchool
5153615,217077,Kanye Clark,UCLA,WR,3,0.82,2179,2023,HighSchool
5219445,113315,Andrew Hardwick,Army,IOL,3,0.82,2179,2023,HighSchool
5120377,217130,Darin Conley,Ball State,EDGE,3,0.82,2179,2023,HighSchool
5158447,217127,Xavier Barksdale,Oregon,CB,3,0.82,2179,2023,HighSchool
5153613,217107,Carter Shaw,UCLA,ATH,3,0.82,2179,2023,HighSchool
5077283,113312,Joel Boamah,Kent State,CB,3,0.82,2179,2023,HighSchool
5154492,217081,Ethan Clark,Princeton,RB,3,0.82,2179,2023,HighSchool
5150426,113308,Deljay Bailey,Ole Miss,QB,3,0.82,2179,2023,HighSchool
5080882,113310,Forest Gatlin III,Sam Houston,LB,3,0.82,2179,2023,HighSchool
5125750,217140,Jediyah Willoughby,Toledo,ATH,3,0.82,2179,2023,HighSchool
5150303,217110,Mitch Bolden,Army,QB,3,0.82,2179,2023,HighSchool
,217078,Mar’Kai Shaw,,RB,3,0.82,2179,2023,HighSchool
5092279,113314,Keany Parks,Wyoming,RB,3,0.82,2179,2023,HighSchool
5122058,217068,Skylar Cook,New Mexico,S,3,0.82,2179,2023,HighSchool
5150656,217059,Nolan DeLong,Iowa,ATH,3,0.82,2179,2023,HighSchool
5151342,217067,Cooper Hoch,San José State,WR,3,0.82,2179,2023,HighSchool
5151386,217138,Jett Vincent,Colorado State,ATH,3,0.82,2179,2023,HighSchool
,217049,John Butler,,LB,3,0.82,2179,2023,HighSchool
,217050,Porter Reynolds,Northern Arizona,LB,3,0.82,2179,2023,HighSchool
,217051,Carlos Griffin,Army,CB,3,0.82,2179,2023,HighSchool
5152815,217125,Danny Scudero,Sacramento State,WR,3,0.82,2179,2023,HighSchool
,217052,Isaiah Ojeda,Southern Utah,CB,3,0.82,2179,2023,HighSchool
5152797,217057,Curron Borders,Sacramento State,RB,3,0.82,2179,2023,HighSchool
,217053,Demetrion Cannon,Southeast Missouri State,WR,3,0.82,2179,2023,HighSchool
,217054,Zaire Simonton,UC Davis,IOL,3,0.82,2179,2023,HighSchool
,217055,Mateo Poso,,ATH,3,0.82,2179,2023,HighSchool
,217056,Robin Boyd,Cal Poly,CB,3,0.82,2179,2023,HighSchool
,217058,Andre Crews,,RB,3,0.82,2179,2023,HighSchool
,217060,Caden Wiest,Missouri State,DL,3,0.82,2179,2023,HighSchool
,217061,Kobe Nakkai Mendez,Alcorn State,WR,3,0.82,2179,2023,HighSchool
,217062,Jaylen Hall,,WR,3,0.82,2179,2023,HighSchool
,217063,JJ Foust,,ATH,3,0.82,2179,2023,HighSchool
,217064,Qu'Ran Gossett,UTEP,RB,3,0.82,2179,2023,HighSchool
,217065,Derek Houston,Sacramento State,LB,3,0.82,2179,2023,HighSchool
,217066,Nick Afato,UC Davis,ATH,3,0.82,2179,2023,HighSchool
,217069,Raymond Valencia,,ATH,3,0.82,2179,2023,HighSchool
,217070,Zion Jones,Eastern Washington,CB,3,0.82,2179,2023,HighSchool
,217071,Mike Anderson,,WR,3,0.82,2179,2023,HighSchool
,217072,Roy Gardner,,ATH,3,0.82,2179,2023,HighSchool
,217073,Wesley Ekpo,,DL,3,0.82,2179,2023,HighSchool
,217074,Trey Kukuk,,QB,3,0.82,2179,2023,HighSchool
,217075,Crew McChesney,,WR,3,0.82,2179,2023,HighSchool
,217076,Brendan Anderson,Southern Utah,QB,3,0.82,2179,2023,HighSchool
,217079,Trey Roberts,BYU,WR,3,0.82,2179,2023,HighSchool
,217080,Raiden Brown,Idaho State,WR,3,0.82,2179,2023,HighSchool
,217082,Joey Wassler,,TE,3,0.82,2179,2023,HighSchool
,217083,Malik Davis,,CB,3,0.82,2179,2023,HighSchool
,217084,Tymir Wynn,,ATH,3,0.82,2179,2023,HighSchool
,217085,Racin Delgatty,Cal Poly,IOL,3,0.82,2179,2023,HighSchool
,217086,Nicholas Johnson,,LB,3,0.82,2179,2023,HighSchool
,217087,Marquise Jones,Cal Poly,DL,3,0.82,2179,2023,HighSchool
,217088,Darius Whiteside,Grand Valley State,CB,3,0.82,2179,2023,HighSchool
,217089,Lucas McAllister,Indiana State,S,3,0.82,2179,2023,HighSchool
,217090,Jake Jackson,,WR,3,0.82,2179,2023,HighSchool
,217091,Charles Hines,,IOL,3,0.82,2179,2023,HighSchool
,217092,Justin Johnson,Fordham,WR,3,0.82,2179,2023,HighSchool
,217093,Elijah Harvey,,IOL,3,0.82,2179,2023,HighSchool
,217094,Romeo Clark,,RB,3,0.82,2179,2023,HighSchool
,217095,Mikey D'Amato,,S,3,0.82,2179,2023,HighSchool
,217096,Samarai Anderson,Eastern Washington,LB,3,0.82,2179,2023,HighSchool
,217097,Jacobe Fowler,,RB,3,0.82,2179,2023,HighSchool
,217098,Zach Penner,Idaho,IOL,3,0.82,2179,2023,HighSchool
,217099,James Rothstein,Army,TE,3,0.82,2179,2023,HighSchool
,217100,Tyler Bourland,,TE,3,0.82,2179,2023,HighSchool
,217101,Kitione Talavou,,EDGE,3,0.82,2179,2023,HighSchool
,217102,Lance Berends,Northern Iowa,EDGE,3,0.82,2179,2023,HighSchool
,217103,Siale Uluave,,IOL,3,0.82,2179,2023,HighSchool
,217104,Hayden Oviatt,Army,ATH,3,0.82,2179,2023,HighSchool
,217105,Marcus Higgs,,RB,3,0.82,2179,2023,HighSchool
,217106,Mitchell Garner,,LB,3,0.82,2179,2023,HighSchool
,217108,Noah St-Juste,,CB,3,0.82,2179,2023,HighSchool
,217109,Mosiah Talanoa,,IOL,3,0.82,2179,2023,HighSchool
,217111,Dustin Reynolds,Northern Arizona,LB,3,0.82,2179,2023,HighSchool
,217112,Ajani Smith,,WR,3,0.82,2179,2023,HighSchool
,217113,Russ Woodward,Army,OT,3,0.82,2179,2023,HighSchool
,217114,Payton Gunter,Idaho,EDGE,3,0.82,2179,2023,HighSchool
,217115,Troy Bean,Cal Poly,ATH,3,0.82,2179,2023,HighSchool
,217116,Jaylin Townsend,,ATH,3,0.82,2179,2023,HighSchool
,217117,Jackson Forte,,EDGE,3,0.82,2179,2023,HighSchool
,217118,Sincere Rodriguez,,RB,3,0.82,2179,2023,HighSchool
,217119,King Miller,USC,RB,3,0.82,2179,2023,HighSchool
,217120,CharMar Brown,North Dakota State,RB,3,0.82,2179,2023,HighSchool
,217121,Ayden Price,,WR,3,0.82,2179,2023,HighSchool
,217122,Kyle Stahlecker,Sacramento State,EDGE,3,0.82,2179,2023,HighSchool
,217123,Cade Gretlein,Sacramento State,IOL,3,0.82,2179,2023,HighSchool
,217124,Kresean Kizzy,Cal Poly,ATH,3,0.82,2179,2023,HighSchool
,217128,Kai Honda,,RB,3,0.82,2179,2023,HighSchool
,217129,Mason McKenzie,,QB,3,0.82,2179,2023,HighSchool
,217131,Crew Erickson,,WR,3,0.82,2179,2023,HighSchool
,217132,Oyintare Porbeni,Princeton,OT,3,0.82,2179,2023,HighSchool
,217134,Derrick Burroughs,Tennessee Tech,CB,3,0.82,2179,2023,HighSchool
,217135,Aidan Moss,,QB,3,0.82,2179,2023,HighSchool
,217136,Isaac Perez,Portland State,IOL,3,0.82,2179,2023,HighSchool
,217137,Brandon Boateng,Northern Arizona,WR,3,0.82,2179,2023,HighSchool
,217139,Isaac Maugaleoo,Hawai'i,OT,3,0.82,2179,2023,HighSchool
,217141,Dashawn Adams,UTEP,WR,3,0.82,2179,2023,HighSchool
,217142,Vaifanua Peko,Hawai'i,LB,3,0.82,2179,2023,HighSchool
,217143,Hiroshi Carr,Air Force,ATH,3,0.82,2179,2023,HighSchool
,113313,Brady Phillips,Air Force,DL,3,0.82,2179,2023,HighSchool
,113309,Jalen Rambert,Wofford,LB,3,0.82,2179,2023,HighSchool
5125150,256544,Edward Fonua,Fresno State,OT,2,0.7904,2237,2023,HighSchool
5077813,113317,Derek Fields,Ball State,S,3,0.8197,2283,2023,HighSchool
5119743,113318,Keynan Higgins,San José State,WR,3,0.8196,2284,2023,HighSchool
5091818,113320,Beau Barton,Rice,LB,3,0.8196,2284,2023,HighSchool
5078277,113319,Joshua Goines,Tulane,TE,3,0.8196,2284,2023,HighSchool
5085354,113322,Lynel Billups-Williams,Miami (OH),WR,3,0.8196,2284,2023,HighSchool
,113321,Chris Maxey,Colorado State,IOL,3,0.8196,2284,2023,HighSchool
5077391,113323,Brady Neu,Central Michigan,DL,3,0.8194,2289,2023,HighSchool
5121697,113324,Jaylon Calhoun,App State,RB,3,0.8194,2289,2023,HighSchool
5092218,113325,Tristan Alvano,Nebraska,K,3,0.8194,2289,2023,HighSchool
5151350,113326,Kamaehu Kopa-Kaawalauole,San José State,WR,3,0.8189,2292,2023,HighSchool
4909483,113327,Jack Parker,Western Michigan,TE,3,0.8186,2293,2023,HighSchool
5057358,113328,Tony Martin,Western Michigan,ATH,3,0.8186,2293,2023,HighSchool
,113329,Kolt De La Torre,Stephen F. Austin,IOL,3,0.8185,2295,2023,HighSchool
,113332,Marquis Roby Jr.,Portland State,QB,3,0.8178,2296,2023,HighSchool
5152163,113333,Harris Boyd,Memphis,QB,3,0.8178,2296,2023,HighSchool
5161720,113334,Indiana Wijay,Houston,QB,3,0.8178,2296,2023,HighSchool
5151891,113330,Parker Leise,Florida,QB,3,0.8178,2296,2023,HighSchool
5078163,113331,Seth Mouser,UTEP,QB,3,0.8178,2296,2023,HighSchool
5077898,113335,Aden Tagaloa-Nelson,West Virginia,ATH,3,0.8172,2301,2023,HighSchool
5104152,113344,Jayden Gaines,Sam Houston,DL,3,0.817,2302,2023,HighSchool
,113337,Lukas Majer,Chattanooga,IOL,3,0.817,2302,2023,HighSchool
,113347,Josh Daniel,Alabama State,IOL,3,0.817,2302,2023,HighSchool
5077402,113346,Kameron Durant,East Carolina,IOL,3,0.817,2302,2023,HighSchool
5021232,113338,Keyshawn Campbell,Troy,LB,3,0.817,2302,2023,HighSchool
,113345,Joshua Bowen,Akron,LB,3,0.817,2302,2023,HighSchool
5154424,113348,Jace Ward,Jackson State,LB,3,0.817,2302,2023,HighSchool
5157328,113339,Marcus Moore,Akron,DL,3,0.817,2302,2023,HighSchool
5078063,113336,Connor Walendzak,Toledo,RB,3,0.817,2302,2023,HighSchool
4941006,113340,Jabari Mitchell,Bowling Green,ATH,3,0.817,2302,2023,HighSchool
5092215,113341,Caleb McGrath,Minnesota,P,3,0.817,2302,2023,HighSchool
4997574,113343,Jaden DaCosta,Portland State,CB,3,0.817,2302,2023,HighSchool
5085496,113342,Chauncy Cobb,Arkansas State,WR,3,0.817,2302,2023,HighSchool
4907672,113349,Adam Samaha,Michigan,K,3,0.8169,2315,2023,HighSchool
5092240,113350,Declan Duley,Illinois,P,3,0.8169,2315,2023,HighSchool
5122027,113351,Jackson Kleather,Bowling Green,K,3,0.8167,2317,2023,HighSchool
5091831,113352,Hasson Manning Jr.,Delaware,S,3,0.8164,2318,2023,HighSchool
5078915,113359,Jahrid Hughes,Tulsa,WR,3,0.8163,2319,2023,HighSchool
5084656,113355,James Eaglin,Tulsa,DL,3,0.8163,2319,2023,HighSchool
5091881,113358,Chris Farrell,Kent State,IOL,3,0.8163,2319,2023,HighSchool
5078069,113356,Trenton VanBoening,Eastern Michigan,OT,3,0.8163,2319,2023,HighSchool
5077960,113357,Eli Freeman,Ball State,IOL,3,0.8163,2319,2023,HighSchool
5074202,113354,Luke Fletcher,Eastern Michigan,EDGE,3,0.8163,2319,2023,HighSchool
4896487,113353,Hezekiah Anahu-Ambrosio,Nevada,ATH,3,0.8163,2319,2023,HighSchool
5077403,113361,Preston Everhart,Temple,WR,3,0.8163,2319,2023,HighSchool
5121636,113363,Adam Parks,New Mexico State,DL,3,0.8163,2319,2023,HighSchool
5120868,113360,Jayvin James,Akron,OT,3,0.8163,2319,2023,HighSchool
,113362,Emable Wakilongo,Bowling Green,RB,3,0.8163,2319,2023,HighSchool
5092219,113371,Blake Craig,Missouri,K,3,0.8156,2330,2023,HighSchool
5123228,113370,Blake Boda,Coastal Carolina,QB,3,0.8156,2330,2023,HighSchool
,113366,Matt Erhart,,LB,3,0.8156,2330,2023,HighSchool
4881032,113364,Taron Dickens,Western Carolina,QB,3,0.8156,2330,2023,HighSchool
5220598,113368,Dylan Lee,San José State,LB,3,0.8156,2330,2023,HighSchool
5218867,113367,Junior Fiaui,Hawai'i,LB,3,0.8156,2330,2023,HighSchool
5159358,113372,Corey Washington,Western Carolina,WR,3,0.8156,2330,2023,HighSchool
5077115,113369,Jackson Olsen,Utah State,WR,3,0.8156,2330,2023,HighSchool
5119658,113365,Jaden Mikhael,Georgia Southern,TE,3,0.8156,2330,2023,HighSchool
5120167,113373,Mykeal Rabess,Florida International,ATH,3,0.8156,2330,2023,HighSchool
5086981,113374,Angelo Stockstill,Western Michigan,ATH,3,0.8153,2340,2023,HighSchool
5151288,113380,Christopher Clark-Jolivet,Rice,DL,3,0.815,2341,2023,HighSchool
,113377,Chris Moreno,Monmouth,IOL,3,0.815,2341,2023,HighSchool
,113382,Will Johnson,Georgia Southern,EDGE,3,0.815,2341,2023,HighSchool
,113379,Aiden Herring,Air Force,EDGE,3,0.815,2341,2023,HighSchool
,113375,Ryan Henning,Air Force,RB,3,0.815,2341,2023,HighSchool
5092211,113381,Kaden Beatty,Kent State,DL,3,0.815,2341,2023,HighSchool
5089478,113378,Jalyn Thompson,Iowa,TE,3,0.815,2341,2023,HighSchool
5099612,113376,Dax Horany,Sam Houston,S,3,0.815,2341,2023,HighSchool
5121745,113383,MarShawn Ferguson Jr.,Old Dominion,WR,3,0.815,2341,2023,HighSchool
,113384,Kenyon Nelson,,QB,3,0.8144,2350,2023,HighSchool
5116783,113388,Chris Hayes,Southern Miss,OT,3,0.8144,2350,2023,HighSchool
5121343,113387,Tyler Black,Wake Forest,K,3,0.8144,2350,2023,HighSchool
5077483,113385,Keshawn Hayden,Central Michigan,EDGE,3,0.8144,2350,2023,HighSchool
5086980,113386,Mitch Lake,App State,P,3,0.8144,2350,2023,HighSchool
5228122,113389,Miles Jones,Southern Miss,S,3,0.8144,2350,2023,HighSchool
5077819,113390,Nathan VanTimmeren,Central Michigan,TE,3,0.8139,2356,2023,HighSchool
,113401,Zavier Avera,Yale,OT,3,0.8137,2357,2023,HighSchool
,113391,Ali Abdul-Hakeem,Georgia State,LB,3,0.8137,2357,2023,HighSchool
5027743,113397,Jyree Roberts,Massachusetts,LB,3,0.8137,2357,2023,HighSchool
5151448,113393,Que Williams,Miami (OH),ATH,3,0.8137,2357,2023,HighSchool
5087358,113399,Freddie Lenix Jr.,Kent State,ATH,3,0.8137,2357,2023,HighSchool
5078102,113396,Phillip Gallegos,Rice,OT,3,0.8137,2357,2023,HighSchool
5085125,113398,Beni Tshita,Marshall,EDGE,3,0.8137,2357,2023,HighSchool
5121762,113402,Mario Thompson,Old Dominion,LB,3,0.8137,2357,2023,HighSchool
5017837,113395,Ben Marsh,Ball State,LB,3,0.8137,2357,2023,HighSchool
5157315,113394,Conner Cravaack,Akron,TE,3,0.8137,2357,2023,HighSchool
5075950,113400,Delano Townsend,UAB,IOL,3,0.8137,2357,2023,HighSchool
5078316,113392,Dayln White,Bowling Green,DL,3,0.8137,2357,2023,HighSchool
5084715,113403,Grant Reddick,UCF,K,3,0.8136,2369,2023,HighSchool
5092276,113404,Dante Drake,Wyoming,DL,3,0.813,2370,2023,HighSchool
5076110,113405,Si Stovall,UL Monroe,TE,3,0.8128,2371,2023,HighSchool
5078010,113406,Aiden McComber,Hawai'i,DL,3,0.8117,2372,2023,HighSchool
5122102,113410,Connor Gibbs,Southern Miss,K,3,0.8117,2373,2023,HighSchool
,113408,Omaree Walker,Campbell,WR,3,0.8117,2373,2023,HighSchool
4921405,113409,Rob Fogler,Ball State,OT,3,0.8117,2373,2023,HighSchool
,113407,Collin Hurst,Presbyterian,QB,3,0.8117,2373,2023,HighSchool
5158467,113411,Grant Meadors,Oregon,K,3,0.8111,2377,2023,HighSchool
5088774,113412,Hudson Kaak,Oklahoma State,P,3,0.8108,2378,2023,HighSchool
5076651,113413,Christian Abney,Ball State,QB,3,0.8106,2379,2023,HighSchool
,113414,Mason Merriwether,Campbell,IOL,3,0.8106,2379,2023,HighSchool
5000969,113419,Grant Zimmerly,Toledo,IOL,3,0.8104,2381,2023,HighSchool
,113422,Ha’aheo Dela Cruz,Hawai'i,EDGE,3,0.8104,2381,2023,HighSchool
,113424,Ryan McDonald,Northern Illinois,ATH,3,0.8104,2381,2023,HighSchool
,113416,Bryce Harrison,Northern Illinois,TE,3,0.8104,2381,2023,HighSchool
5077899,113417,Queni Ropati,UTSA,IOL,3,0.8104,2381,2023,HighSchool
5078911,113420,Devin Scura,UTSA,TE,3,0.8104,2381,2023,HighSchool
5159857,113418,Josh Franklin,Western Michigan,ATH,3,0.8104,2381,2023,HighSchool
5091839,113415,Zachary Session,Sam Houston,IOL,3,0.8104,2381,2023,HighSchool
5077785,113421,Cedric Hawkins,Arkansas State,RB,3,0.8104,2381,2023,HighSchool
5195953,113423,Jaylen Jones,Georgia State,S,3,0.8104,2381,2023,HighSchool
5153064,217181,Kyle Martin,Washington State,IOL,3,0.81,2391,2023,HighSchool
5166308,217175,Adam Jones,Montana State,WR,3,0.81,2391,2023,HighSchool
5165127,113428,Carlos Matheney,Idaho,RB,3,0.81,2391,2023,HighSchool
5092212,113431,AJ Mebane,App State,EDGE,3,0.81,2391,2023,HighSchool
5158388,113433,Ben Reiland,Navy,DL,3,0.81,2391,2023,HighSchool
5160037,217158,Sione Westover,Southern Utah,LB,3,0.81,2391,2023,HighSchool
5157325,113429,Jonas Mann,Akron,OT,3,0.81,2391,2023,HighSchool
5157537,217188,Caron Tyler,Valparaiso,QB,3,0.81,2391,2023,HighSchool
5223137,113432,Charlie Gleason,Air Force,EDGE,3,0.81,2391,2023,HighSchool
,217156,Mason Norberg,UC Davis,TE,3,0.81,2391,2023,HighSchool
,217149,Brayden Hapner,,CB,3,0.81,2391,2023,HighSchool
,217148,Jace Villers,Northern Colorado,ATH,3,0.81,2391,2023,HighSchool
,217147,Kayleb Ervin,Pennsylvania,WR,3,0.81,2391,2023,HighSchool
,217146,Jaelen Nichols,,ATH,3,0.81,2391,2023,HighSchool
,217145,Tremel Miles,,ATH,3,0.81,2391,2023,HighSchool
,217144,Demari Washington,Northern Arizona,S,3,0.81,2391,2023,HighSchool
,217174,Konner Barrett,Utah Tech,QB,3,0.81,2391,2023,HighSchool
5152792,217190,Zach Wusstig,Portland State,S,3,0.81,2391,2023,HighSchool
,217173,Simeon Maiava,,IOL,3,0.81,2391,2023,HighSchool
,217172,Mack O'Halloran,,DL,3,0.81,2391,2023,HighSchool
,217171,Kayden Davis,Youngstown State,RB,3,0.81,2391,2023,HighSchool
,217168,Joey Torrez,,LB,3,0.81,2391,2023,HighSchool
5122075,217183,Maclane Watkins,Hawai'i,WR,3,0.81,2391,2023,HighSchool
5122069,217211,Maxwell Peterson,UNLV,DL,3,0.81,2391,2023,HighSchool
,217179,Joey Colosi,,IOL,3,0.81,2391,2023,HighSchool
5121699,113435,D'Angelo Davis,Nevada,LB,3,0.81,2391,2023,HighSchool
5120870,217169,Elijah Thomas,New Mexico State,S,3,0.81,2391,2023,HighSchool
,217180,James White,Idaho,TE,3,0.81,2391,2023,HighSchool
,217182,Alijah Cota,,LB,3,0.81,2391,2023,HighSchool
,217184,J.T. Foreman,,RB,3,0.81,2391,2023,HighSchool
,217185,Giovanni Adopte,Gardner-Webb,WR,3,0.81,2391,2023,HighSchool
,217186,Briggs Bartosh,Army,ATH,3,0.81,2391,2023,HighSchool
,217187,Cole Millward,,OT,3,0.81,2391,2023,HighSchool
,217166,Jaxson Percoats,Southern Utah,ATH,3,0.81,2391,2023,HighSchool
,217165,Santino Acevedo,,ATH,3,0.81,2391,2023,HighSchool
,217164,Keala Keanaaina,,S,3,0.81,2391,2023,HighSchool
,217163,Jackson St. Aubyn,Yale,IOL,3,0.81,2391,2023,HighSchool
,217162,Jeremiah Ruffin,UC Davis,WR,3,0.81,2391,2023,HighSchool
,217161,Dane Benedix,,WR,3,0.81,2391,2023,HighSchool
,217160,Matthew Morrell,,WR,3,0.81,2391,2023,HighSchool
,217191,Ryder Trujillo,,DL,3,0.81,2391,2023,HighSchool
,217192,Christian Petero,,S,3,0.81,2391,2023,HighSchool
,217194,Iosefa Tapeni,,DL,3,0.81,2391,2023,HighSchool
,217210,Kamren Marsh,Portland State,DL,3,0.81,2391,2023,HighSchool
,217209,Malik Willis,Campbell,CB,3,0.81,2391,2023,HighSchool
,217208,Caden McKee,,OT,3,0.81,2391,2023,HighSchool
,217207,Sila Unutoa,,DL,3,0.81,2391,2023,HighSchool
,217206,Logan Rouse,Navy,EDGE,3,0.81,2391,2023,HighSchool
,217205,Andre McCullough,,RB,3,0.81,2391,2023,HighSchool
,217204,Maddox Bernardino,,WR,3,0.81,2391,2023,HighSchool
,217203,Kashton Henjum,,WR,3,0.81,2391,2023,HighSchool
,217201,Jeremiah Claiborne,,RB,3,0.81,2391,2023,HighSchool
,217200,Hayden John,Idaho,ATH,3,0.81,2391,2023,HighSchool
,217199,Trey Fasani,,QB,3,0.81,2391,2023,HighSchool
,217198,Andrez Lewis,,WR,3,0.81,2391,2023,HighSchool
,217197,CJ Goldsby Jr.,,S,3,0.81,2391,2023,HighSchool
,217196,Kristian Ingman,Portland State,TE,3,0.81,2391,2023,HighSchool
,217195,Daylen Bradley,,WR,3,0.81,2391,2023,HighSchool
,217159,Ezra Funa,,EDGE,3,0.81,2391,2023,HighSchool
,113427,Dylan Gutierrez,Weber State,QB,3,0.81,2391,2023,HighSchool
,113425,Mike Williams,Jackson State,CB,3,0.81,2391,2023,HighSchool
,113434,Brooks Bentley,,QB,3,0.81,2391,2023,HighSchool
,113430,Bryce Gilchrist,Sam Houston,TE,3,0.81,2391,2023,HighSchool
,217157,KJ Reed,,WR,3,0.81,2391,2023,HighSchool
,217155,Keenan Kuntz,Washington State,ATH,3,0.81,2391,2023,HighSchool
,217154,Derek Taylor,,TE,3,0.81,2391,2023,HighSchool
,217153,Nayati Hendrix,,ATH,3,0.81,2391,2023,HighSchool
,217152,Laird Wheeler,Air Force,IOL,3,0.81,2391,2023,HighSchool
,217150,Cruz Estrada,,ATH,3,0.81,2391,2023,HighSchool
,217178,Malachi Pierce,,ATH,3,0.81,2391,2023,HighSchool
5159378,217193,Patrick Boyd,Western Carolina,ATH,3,0.81,2391,2023,HighSchool
5155190,217177,Bryson Waterman,UNLV,ATH,3,0.81,2391,2023,HighSchool
5169311,217202,Tylin Jackson,Eastern Washington,EDGE,3,0.81,2391,2023,HighSchool
5150872,217167,Andrew Adkison,Purdue,WR,3,0.81,2391,2023,HighSchool
5172595,217151,Javonte King,Montana State,WR,3,0.81,2391,2023,HighSchool
5125171,217212,Jaylen Foster,Georgia State,ATH,3,0.81,2391,2023,HighSchool
5151887,217176,Roice Cleeland,Washington,IOL,3,0.81,2391,2023,HighSchool
5125854,217189,Josiah Dye,UTEP,S,3,0.81,2391,2023,HighSchool
5152073,217170,Aiden Ramos,Cal Poly,RB,3,0.81,2391,2023,HighSchool
5159979,113426,Shawn Burton Jr.,Georgia State,OT,3,0.81,2391,2023,HighSchool
5080818,113436,Roy Brackins III,Louisiana Tech,IOL,3,0.8097,2471,2023,HighSchool
5078159,113440,Colton Phares,App State,S,3,0.8096,2472,2023,HighSchool
5097969,113441,Cole Blaylock,South Alabama,ATH,3,0.8096,2472,2023,HighSchool
5078215,113437,Brody Bolyn,Bowling Green,IOL,3,0.8096,2472,2023,HighSchool
,113438,Luke Gall,Air Force,RB,3,0.8096,2472,2023,HighSchool
,113439,Maurice Long,Akron,OT,3,0.8096,2472,2023,HighSchool
,113443,Caleb Graham,Army,DL,3,0.8094,2477,2023,HighSchool
5121690,113442,Ian Bell,Wyoming,CB,3,0.8094,2477,2023,HighSchool
5089217,113444,Hunter Nowell,San José State,S,3,0.8089,2479,2023,HighSchool
5103573,113445,Alexander Cobbs,San José State,EDGE,3,0.8089,2479,2023,HighSchool
5092217,113446,Gianni Spetic,Ohio,K,3,0.8083,2481,2023,HighSchool
5091887,113447,Daisjaun Mercer,Miami (OH),ATH,3,0.8078,2482,2023,HighSchool
5075614,113449,Joe Enick,Central Michigan,IOL,3,0.8078,2482,2023,HighSchool
4921315,113448,Will Prichard,Arkansas State,QB,3,0.8078,2482,2023,HighSchool
,113451,Patrick Kendall,Army,DL,3,0.807,2485,2023,HighSchool
,113452,Anthony Leadford,Western Michigan,S,3,0.807,2485,2023,HighSchool
,113450,Vinnie Canosa,Air Force,LB,3,0.807,2485,2023,HighSchool
5099704,113453,KD Dorsey,Georgia Southern,WR,3,0.807,2485,2023,HighSchool
5151374,113459,Charles McCartherens,Buffalo,CB,3,0.8063,2489,2023,HighSchool
5086376,113458,Peyton Miller,Massachusetts,IOL,3,0.8063,2489,2023,HighSchool
5076126,113456,Tanner Morley,Colorado State,OT,3,0.8063,2489,2023,HighSchool
5092278,113454,Conner Noah,Nevada,ATH,3,0.8063,2489,2023,HighSchool
5077874,113457,Max Drag,App State,TE,3,0.8063,2489,2023,HighSchool
,113455,Landon Zaldivar,Memphis,IOL,3,0.8063,2489,2023,HighSchool
5121688,113461,Santana Banner,Northern Illinois,S,3,0.8056,2495,2023,HighSchool
5157119,113462,Aiden Valdez,Campbell,TE,3,0.8056,2495,2023,HighSchool
5121470,113463,Zoram Petelo,Hawai'i,EDGE,3,0.8056,2495,2023,HighSchool
5122026,113464,Bruno Dall,Akron,DL,3,0.8056,2495,2023,HighSchool
5078242,113460,Imari Conley,San José State,CB,3,0.8056,2495,2023,HighSchool
5077107,113466,Kyle Williams,Temple,ATH,3,0.805,2500,2023,HighSchool
,113465,Andrew Guthrie,Campbell,OT,3,0.805,2500,2023,HighSchool
,113467,Dane Parker,Air Force,ATH,3,0.805,2500,2023,HighSchool
,113468,Mana Tapusoa,,RB,3,0.805,2500,2023,HighSchool
,113469,Sione Tuionetoa,Campbell,DL,3,0.8044,2504,2023,HighSchool
5124201,113470,Ah'Marion Ashley,Fresno State,CB,3,0.8044,2504,2023,HighSchool
5075622,113471,Rory Callahan,Central Michigan,TE,3,0.8039,2506,2023,HighSchool
5157323,113476,Zayden Laing-Taylor,Akron,S,3,0.8037,2507,2023,HighSchool
5132251,113477,Kyle Thomas,Northern Illinois,ATH,3,0.8037,2507,2023,HighSchool
,113474,Camren Lindsey,,IOL,3,0.8037,2507,2023,HighSchool
5001291,113472,Razah Townsend,Western Michigan,EDGE,3,0.8037,2507,2023,HighSchool
5077814,113478,Conlan Greene,Temple,EDGE,3,0.8037,2507,2023,HighSchool
,113479,Willis Anderson,,IOL,3,0.8037,2507,2023,HighSchool
5067879,113475,Mark Hensley,Northern Illinois,DL,3,0.8037,2507,2023,HighSchool
5054105,113473,Patrick Valent,Rice,IOL,3,0.8037,2507,2023,HighSchool
5092259,113482,Luke Skartvedt,Northern Illinois,OT,3,0.803,2515,2023,HighSchool
5085344,113480,Lajuan Owens,Tulane,IOL,3,0.803,2515,2023,HighSchool
5084908,113483,Owen DiFranco,Ohio,EDGE,3,0.803,2515,2023,HighSchool
5084986,113481,Matthew Ogunrin,Tulsa,WR,3,0.803,2515,2023,HighSchool
5092272,113484,Blesyng Alualu-Tuiolemotu,UNLV,LB,3,0.8022,2519,2023,HighSchool
,113485,Anthony Albanez,Campbell,ATH,3,0.8006,2520,2023,HighSchool
,113489,Rayjohn White,Campbell,CB,3,0.8006,2520,2023,HighSchool
,113488,Luke Bledsoe,Campbell,IOL,3,0.8006,2520,2023,HighSchool
5122032,113486,James Thomas,Bowling Green,DL,3,0.8006,2520,2023,HighSchool
5122070,113490,Jay'shon Thomas,Northern Illinois,TE,3,0.8006,2520,2023,HighSchool
5155051,113487,Gabriel Hardman,South Dakota,LB,3,0.8006,2520,2023,HighSchool
5089308,113492,Broden Sobolewski,Army,IOL,3,0.8004,2526,2023,HighSchool
5044349,113491,Mekhi Jenkins,Central Michigan,RB,3,0.8004,2526,2023,HighSchool
5077670,113493,Jackson Grier,Boise State,WR,3,0.8004,2526,2023,HighSchool
5165145,217266,Dallas Afalava,Idaho,DL,3,0.8,2529,2023,HighSchool
5161148,217308,R.J. Stephens,California,EDGE,3,0.8,2529,2023,HighSchool
5120485,217225,Quincy Davis,New Mexico State,LB,3,0.8,2529,2023,HighSchool
5153069,217263,Luke Leighton,Washington State,ATH,3,0.8,2529,2023,HighSchool
5150713,217324,Ryan Rudzinski,Ohio State,ATH,3,0.8,2529,2023,HighSchool
5121469,217283,Landon Hron,Northern Illinois,IOL,3,0.8,2529,2023,HighSchool
5165136,113495,Ethan Beard,Idaho,S,3,0.8,2529,2023,HighSchool
5163561,217274,Anthony Alonzo,Bethune-Cookman,ATH,3,0.8,2529,2023,HighSchool
5091884,113496,Andrew Lowry,Miami (OH),OT,3,0.8,2529,2023,HighSchool
5154781,217244,Allen Middleton,Southern Illinois,WR,3,0.8,2529,2023,HighSchool
5156093,217231,Tommy Reese,Missouri,LB,3,0.8,2529,2023,HighSchool
5157069,217291,Nahmier Robinson,Colorado,CB,3,0.8,2529,2023,HighSchool
5158917,217247,Nick Delgadillo,Hawai'i,WR,3,0.8,2529,2023,HighSchool
5121712,217304,KT Carter,Hawai'i,OT,3,0.8,2529,2023,HighSchool
5165725,217271,Steven Curtis,Illinois State,ATH,3,0.8,2529,2023,HighSchool
5160956,217280,Jake Hill,BYU,ATH,3,0.8,2529,2023,HighSchool
5125730,217318,Darrien Jones,UNLV,RB,3,0.8,2529,2023,HighSchool
5125587,217327,Cameron Mackey,Southern Miss,DL,3,0.8,2529,2023,HighSchool
5159804,217268,Shay O'Kelly,Utah,LB,3,0.8,2529,2023,HighSchool
5125803,217267,Miles Tucker,Wyoming,ATH,3,0.8,2529,2023,HighSchool
5093005,113497,Troy Pikes,Georgia Southern,DL,3,0.8,2529,2023,HighSchool
5125829,217284,DJ Walker,Ohio,S,3,0.8,2529,2023,HighSchool
5153754,217223,Jordyn Potts,Tennessee Tech,QB,3,0.8,2529,2023,HighSchool
5153061,217259,Mason Juergens,Washington State,WR,3,0.8,2529,2023,HighSchool
5151886,217294,Jake Mason,Washington,EDGE,3,0.8,2529,2023,HighSchool
,217217,Kai Hall,,RB,3,0.8,2529,2023,HighSchool
5152779,217257,Elijah Eason,Portland State,EDGE,3,0.8,2529,2023,HighSchool
,217322,Eric Butler Jr.,,LB,3,0.8,2529,2023,HighSchool
,217325,Will Floyd,,WR,3,0.8,2529,2023,HighSchool
5150779,217299,Brady Sarkisian,Texas,LB,3,0.8,2529,2023,HighSchool
5150545,217323,Nolan Clement,Arizona,EDGE,3,0.8,2529,2023,HighSchool
,217326,Tyler Chen,Utah Tech,IOL,3,0.8,2529,2023,HighSchool
,217317,Dominic Lopez,,LB,3,0.8,2529,2023,HighSchool
,217319,Vuciri Hakim,North Dakota,WR,3,0.8,2529,2023,HighSchool
,217320,TJ Martin,,RB,3,0.8,2529,2023,HighSchool
,217315,AJ Vandermade,,ATH,3,0.8,2529,2023,HighSchool
,217314,Daveon Estes,,ATH,3,0.8,2529,2023,HighSchool
,217321,Micah Beckstead,,RB,3,0.8,2529,2023,HighSchool
,113494,Tyson Wilkerson,Navy,S,3,0.8,2529,2023,HighSchool
,217313,Clayton Zentner,,CB,3,0.8,2529,2023,HighSchool
,217312,Garrett Bass-Sulpizio,,QB,3,0.8,2529,2023,HighSchool
,217311,Emmerson Cortez,Idaho,WR,3,0.8,2529,2023,HighSchool
,217310,Kian Salehi,Cal Poly,WR,3,0.8,2529,2023,HighSchool
,217309,Jack Morton,,WR,3,0.8,2529,2023,HighSchool
,217307,Clay Oven,Montana,LB,3,0.8,2529,2023,HighSchool
,217306,Jose Soto,Sacramento State,IOL,3,0.8,2529,2023,HighSchool
,217305,Derek Smith,,WR,3,0.8,2529,2023,HighSchool
,217303,Braeden Kaczmarek,Northern Arizona,EDGE,3,0.8,2529,2023,HighSchool
,217302,Parker Awad,,QB,3,0.8,2529,2023,HighSchool
,217301,Josh Jornadal,,WR,3,0.8,2529,2023,HighSchool
,217300,Kaylon Miller,USC,DL,3,0.8,2529,2023,HighSchool
,217298,Enzo Benzan,,IOL,3,0.8,2529,2023,HighSchool
,217316,Jomar Brown,,CB,3,0.8,2529,2023,HighSchool
,217297,Brady Norton,Cal Poly,OT,3,0.8,2529,2023,HighSchool
,217296,Andy Devine,,LB,3,0.8,2529,2023,HighSchool
,217295,Zach Diebner,UC Davis,WR,3,0.8,2529,2023,HighSchool
,217293,Jared Barlow,Cal Poly,LB,3,0.8,2529,2023,HighSchool
,217292,Calvin Macy,Air Force,LB,3,0.8,2529,2023,HighSchool
,217290,Maki Piper,,LB,3,0.8,2529,2023,HighSchool
,217289,Brian Butler,,EDGE,3,0.8,2529,2023,HighSchool
,217288,Antonio Fondren,,IOL,3,0.8,2529,2023,HighSchool
,217287,Nathan Gonzales,,EDGE,3,0.8,2529,2023,HighSchool
,217286,Donovan Comestro,,CB,3,0.8,2529,2023,HighSchool
,217285,Jai Hundley,Navy,RB,3,0.8,2529,2023,HighSchool
,217282,Chase Allen-Jackman,,WR,3,0.8,2529,2023,HighSchool
,217281,John Chung,Harvard,S,3,0.8,2529,2023,HighSchool
,217279,Jamari Thomas,,WR,3,0.8,2529,2023,HighSchool
,217278,Jacob Kilzer,Air Force,QB,3,0.8,2529,2023,HighSchool
,217277,Viliamu Toilolo,,CB,3,0.8,2529,2023,HighSchool
,217276,Cody Going,,IOL,3,0.8,2529,2023,HighSchool
,217275,Langston Taylor,,CB,3,0.8,2529,2023,HighSchool
,217273,Paul Kessler,,QB,3,0.8,2529,2023,HighSchool
,217272,Jazel Riley IV,Portland State,QB,3,0.8,2529,2023,HighSchool
,217270,Xavier Lloyd,Savannah State,IOL,3,0.8,2529,2023,HighSchool
,217269,Luchi Casale,,LB,3,0.8,2529,2023,HighSchool
,217265,Sanborne Melson,Idaho State,CB,3,0.8,2529,2023,HighSchool
,217264,Jani Weir,Eastern Washington,WR,3,0.8,2529,2023,HighSchool
,217262,Zachary Nyland,Montana State,OT,3,0.8,2529,2023,HighSchool
,217261,Graham Smith,Yale,ATH,3,0.8,2529,2023,HighSchool
,217260,Elijah Brady,Montana,CB,3,0.8,2529,2023,HighSchool
,217258,DJ Overstreet,,S,3,0.8,2529,2023,HighSchool
,217256,Nico Mosley,,RB,3,0.8,2529,2023,HighSchool
,217255,Joaqinn Thomas,,ATH,3,0.8,2529,2023,HighSchool
,217254,William Robinson,,DL,3,0.8,2529,2023,HighSchool
,217253,Roman Hutchinson,,S,3,0.8,2529,2023,HighSchool
,217252,Ethan Clemons,,ATH,3,0.8,2529,2023,HighSchool
,217251,DeAndre Woolens,,DL,3,0.8,2529,2023,HighSchool
,217250,Gavin Shaigineik,,QB,3,0.8,2529,2023,HighSchool
,217249,Ben Durham,,S,3,0.8,2529,2023,HighSchool
,217248,Keivin Boone-Nelson,,ATH,3,0.8,2529,2023,HighSchool
,217246,Jake Foye,,RB,3,0.8,2529,2023,HighSchool
,217245,Gabe Verdon,,EDGE,3,0.8,2529,2023,HighSchool
,217243,Davonte Johnson,,ATH,3,0.8,2529,2023,HighSchool
,217242,Samaje Featherstone,,RB,3,0.8,2529,2023,HighSchool
,217241,Max Bateman,,ATH,3,0.8,2529,2023,HighSchool
,217240,Devin Samples,,RB,3,0.8,2529,2023,HighSchool
,217239,Adrien Chargualaf,,S,3,0.8,2529,2023,HighSchool
,217238,Dereun Dortch,,QB,3,0.8,2529,2023,HighSchool
,217237,Jonathan Becerra,,EDGE,3,0.8,2529,2023,HighSchool
,217236,Dixon Ryan,,EDGE,3,0.8,2529,2023,HighSchool
,217235,Kassius Ashtiani,,WR,3,0.8,2529,2023,HighSchool
,217234,Charleston French,,RB,3,0.8,2529,2023,HighSchool
,217233,Sean Hodges II,Grand Valley State,ATH,3,0.8,2529,2023,HighSchool
,217232,Mason Hayes,Air Force,ATH,3,0.8,2529,2023,HighSchool
,217230,Joseph Chavez,San Diego,S,3,0.8,2529,2023,HighSchool
,217229,Aaron Woodard,,CB,3,0.8,2529,2023,HighSchool
,217228,Cade Clyde,Weber State,TE,3,0.8,2529,2023,HighSchool
,217227,Chip Allers,Stanford,LB,3,0.8,2529,2023,HighSchool
,217226,Marcos Jaquez,,DL,3,0.8,2529,2023,HighSchool
,217224,Bryson Reeves,,IOL,3,0.8,2529,2023,HighSchool
,217222,Rollin George,,WR,3,0.8,2529,2023,HighSchool
,217221,Ryan Adams,,CB,3,0.8,2529,2023,HighSchool
,217220,Kahi Graham,,QB,3,0.8,2529,2023,HighSchool
,217219,Jamil Thomas,,S,3,0.8,2529,2023,HighSchool
,217218,Grant Larkin,Northern Iowa,ATH,3,0.8,2529,2023,HighSchool
,217216,Aava Lilomaiava,,LB,3,0.8,2529,2023,HighSchool
,217215,Gage Tanner,BYU,LB,3,0.8,2529,2023,HighSchool
,217214,Michael Dincher,,IOL,3,0.8,2529,2023,HighSchool
,217213,Gavin Porch,,WR,3,0.8,2529,2023,HighSchool
5103799,113500,Casey Bending,Northern Illinois,DL,3,0.7996,2648,2023,HighSchool
5078046,113499,Aidan Johnson,Ohio,OT,3,0.7996,2648,2023,HighSchool
5109796,113498,Ke'Vion Wellington,Eastern Michigan,DL,3,0.7996,2648,2023,HighSchool
5074203,113501,Tyson Berry,San Diego State,WR,3,0.7989,2651,2023,HighSchool
5077637,113503,James Falk,Rice,TE,3,0.7989,2651,2023,HighSchool
5220597,113502,Greco Carrillo,San José State,S,3,0.7989,2651,2023,HighSchool
5121714,113504,Reese Keeney,Rice,P,3,0.7989,2654,2023,HighSchool
5152410,113507,Scooter Jackson,Utah Tech,CB,3,0.7983,2655,2023,HighSchool
5114312,113508,Will Monney,Utah State,TE,3,0.7983,2655,2023,HighSchool
5158372,113509,Gavin Noe,Navy,LB,3,0.7983,2655,2023,HighSchool
,113506,Michael Petro,,K,3,0.7983,2655,2023,HighSchool
5092241,113505,Jake Eldridge,Rutgers,LS,3,0.7983,2655,2023,HighSchool
5092260,113511,Jalen Thomeson,Ohio,ATH,2,0.7963,2660,2023,HighSchool
5077369,113512,Jamari Allen,Central Michigan,ATH,2,0.7963,2660,2023,HighSchool
5091879,113514,John Burke,Central Michigan,IOL,2,0.7963,2660,2023,HighSchool
5078048,113513,Isaac Lucas,Ball State,IOL,2,0.7963,2660,2023,HighSchool
385738,113515,Jacob Johnson,Southern Miss,LB,2,0.7963,2660,2023,HighSchool
5220052,113510,Jaivian Norman,Eastern Michigan,S,2,0.7963,2660,2023,HighSchool
5092274,113516,Jake Davies,Wyoming,TE,2,0.7956,2666,2023,HighSchool
,113519,Derrick Matlock II,Air Force,DL,2,0.795,2667,2023,HighSchool
,113517,Kade Steadman,Air Force,DL,2,0.795,2667,2023,HighSchool
5120411,113518,Luke Griskey,San José State,OT,2,0.795,2667,2023,HighSchool
4908596,113520,Austin Gonzalez,Southern Miss,QB,2,0.7942,2670,2023,HighSchool
5076109,113521,Andrew Page,Kent State,IOL,2,0.7937,2671,2023,HighSchool
5125784,113523,Tyler Jacklich,Wyoming,LB,2,0.7933,2672,2023,HighSchool
5124331,113525,Nathan Hale,San José State,OT,2,0.7933,2672,2023,HighSchool
5220607,113524,Kade Millard,San José State,LB,2,0.7933,2672,2023,HighSchool
5121169,113522,Darian Mensah,Tulane,QB,2,0.7933,2672,2023,HighSchool
5092277,113526,Quinn Grovesteen-Matchey,Wyoming,OT,2,0.793,2676,2023,HighSchool
5122016,113527,Junior Poyser,Buffalo,DL,2,0.7906,2677,2023,HighSchool
5154578,113528,Tyson Cooreman,Northern Iowa,ATH,2,0.79,2678,2023,HighSchool
5150370,217426,Teddy Williams,Army,TE,2,0.79,2678,2023,HighSchool
5086232,217422,Tim Kloska,Army,ATH,2,0.79,2678,2023,HighSchool
5150694,217428,Tripp Walsh,Iowa State,TE,2,0.79,2678,2023,HighSchool
5168759,217378,Dylan Van,Western Illinois,RB,2,0.79,2678,2023,HighSchool
5153483,217438,Cole Ruble,Southeast Missouri State,ATH,2,0.79,2678,2023,HighSchool
5125802,217350,Ryan Ramey,Old Dominion,CB,2,0.79,2678,2023,HighSchool
5238872,113530,Jaylin Reese,Air Force,LB,2,0.79,2678,2023,HighSchool
5156344,217417,Micah Davis,Michigan,S,2,0.79,2678,2023,HighSchool
5152503,217389,Adam Damante,Northern Arizona,QB,2,0.79,2678,2023,HighSchool
5158403,217340,Joey Merritt,UAB,WR,2,0.79,2678,2023,HighSchool
5159139,217429,Donovan Faupel,New Mexico State,WR,2,0.79,2678,2023,HighSchool
5125739,217404,Joey Pope,Western Michigan,S,2,0.79,2678,2023,HighSchool
5153058,217329,Aslan Fraser,Washington State,S,2,0.79,2678,2023,HighSchool
5151520,217445,Ethan Tierney,Northern Illinois,S,2,0.79,2678,2023,HighSchool
5125780,217443,Brady Hultman,Wyoming,LB,2,0.79,2678,2023,HighSchool
5120369,217431,Keelan Crimmins,Mississippi State,P,2,0.79,2678,2023,HighSchool
,217434,Andereya Nsubuga Jr.,,WR,2,0.79,2678,2023,HighSchool
,217328,Zaccheus Cooper,,RB,2,0.79,2678,2023,HighSchool
,217330,Jayden Moses,Portland State,LB,2,0.79,2678,2023,HighSchool
,217331,Josiah Davis,Portland State,RB,2,0.79,2678,2023,HighSchool
,217332,Tyrone Lofton,,EDGE,2,0.79,2678,2023,HighSchool
,217333,Dempsy James,,QB,2,0.79,2678,2023,HighSchool
,217334,Ruben Otuafi,,CB,2,0.79,2678,2023,HighSchool
,217335,Chuck Gilbert,,WR,2,0.79,2678,2023,HighSchool
,217336,Hayden Garrison,,QB,2,0.79,2678,2023,HighSchool
,217337,Nic Strong,,RB,2,0.79,2678,2023,HighSchool
,217338,Kai Remigio,,RB,2,0.79,2678,2023,HighSchool
,217339,Marquise Palmer,,ATH,2,0.79,2678,2023,HighSchool
,217341,Davin Garinger,Austin Peay,QB,2,0.79,2678,2023,HighSchool
,217342,Earl Ingle,,LB,2,0.79,2678,2023,HighSchool
,217343,Gabe Downing,Portland State,QB,2,0.79,2678,2023,HighSchool
,217344,Jojo Wash,,CB,2,0.79,2678,2023,HighSchool
,217345,Jayden Whitaker,,QB,2,0.79,2678,2023,HighSchool
,217346,Cole Olsztyn,Pennsylvania,LB,2,0.79,2678,2023,HighSchool
,217347,RJ Fineanganofo,,DL,2,0.79,2678,2023,HighSchool
,217348,Victor Isele,North Dakota State,DL,2,0.79,2678,2023,HighSchool
,217349,Ryan Boyd,Missouri State,WR,2,0.79,2678,2023,HighSchool
,217351,Jordan Gile,,QB,2,0.79,2678,2023,HighSchool
,217352,Taj Tavale,,DL,2,0.79,2678,2023,HighSchool
,217353,Jailen Perkins,,DL,2,0.79,2678,2023,HighSchool
,217354,Isaiah Dorsey,,S,2,0.79,2678,2023,HighSchool
,217355,William Beargie,Princeton,DL,2,0.79,2678,2023,HighSchool
,217356,Keenan Wilson,North Dakota State,DL,2,0.79,2678,2023,HighSchool
,217357,Steve Hall,Lindenwood,RB,2,0.79,2678,2023,HighSchool
,217358,Joel Edland,,IOL,2,0.79,2678,2023,HighSchool
,217359,Jackson Stortz,,IOL,2,0.79,2678,2023,HighSchool
,217360,Gabe Gutierrez,,LB,2,0.79,2678,2023,HighSchool
,217361,Richard Luecke,,IOL,2,0.79,2678,2023,HighSchool
,217362,J.J. Payne,,ATH,2,0.79,2678,2023,HighSchool
,217363,Brian Frasco,,IOL,2,0.79,2678,2023,HighSchool
,217364,Isaiah Summerlin,Duquesne,S,2,0.79,2678,2023,HighSchool
,217365,Jaiden Pickett,North Dakota State,ATH,2,0.79,2678,2023,HighSchool
,217366,KC Spears,,ATH,2,0.79,2678,2023,HighSchool
,217367,Jack Liwienski,North Dakota State,IOL,2,0.79,2678,2023,HighSchool
,217368,Nehuel Garcia,,QB,2,0.79,2678,2023,HighSchool
,217369,Kendrick Turner,,CB,2,0.79,2678,2023,HighSchool
,217370,Caleb Clardy,Idaho State,LB,2,0.79,2678,2023,HighSchool
,217371,Wyatt Gordon,Idaho,S,2,0.79,2678,2023,HighSchool
,217372,Diallo Washington,,ATH,2,0.79,2678,2023,HighSchool
,217373,Cole Garwood,,LB,2,0.79,2678,2023,HighSchool
,217374,Brock Murtaugh,,ATH,2,0.79,2678,2023,HighSchool
,217375,Brayden Courser,,LB,2,0.79,2678,2023,HighSchool
,217376,Valencio Sims,,WR,2,0.79,2678,2023,HighSchool
,217377,Marcus Ransom,,ATH,2,0.79,2678,2023,HighSchool
,217379,Spencer Lyons,Army,ATH,2,0.79,2678,2023,HighSchool
,217380,Torrence Greene,,CB,2,0.79,2678,2023,HighSchool
,217381,Owen Colpaert,,ATH,2,0.79,2678,2023,HighSchool
,217382,Deonte Pippen,Grand Valley State,ATH,2,0.79,2678,2023,HighSchool
,217383,Maddox Varella,,QB,2,0.79,2678,2023,HighSchool
,217384,Tommy Dunn,,LB,2,0.79,2678,2023,HighSchool
,217385,Aidan Boehle,,EDGE,2,0.79,2678,2023,HighSchool
,217386,Jaylen Vinton,,WR,2,0.79,2678,2023,HighSchool
,217387,Markell Gilford,,CB,2,0.79,2678,2023,HighSchool
,217388,Kenneth Jones,Grand Valley State,RB,2,0.79,2678,2023,HighSchool
,217390,Faimafili Snuka,,LB,2,0.79,2678,2023,HighSchool
,217392,Kurtis Maynor,,ATH,2,0.79,2678,2023,HighSchool
,217393,Kevin Cassidy,Yale,OT,2,0.79,2678,2023,HighSchool
,217394,Luke Reth,Northern Iowa,IOL,2,0.79,2678,2023,HighSchool
,217395,Terrance Hall,,WR,2,0.79,2678,2023,HighSchool
,217396,Shyne Johnson,,ATH,2,0.79,2678,2023,HighSchool
,217397,Larenzo Fenner,South Dakota,WR,2,0.79,2678,2023,HighSchool
,217398,Andrew Link,Missouri State,EDGE,2,0.79,2678,2023,HighSchool
,217399,Isaiah Crozier,Youngstown State,CB,2,0.79,2678,2023,HighSchool
,217400,Matai Sarte,,LB,2,0.79,2678,2023,HighSchool
,217401,Justin Selbert,Princeton,IOL,2,0.79,2678,2023,HighSchool
,217402,Garrett Taylor,,DL,2,0.79,2678,2023,HighSchool
,217403,Ivan Erickson,,DL,2,0.79,2678,2023,HighSchool
,217405,Keenan Tarbet,,ATH,2,0.79,2678,2023,HighSchool
,217406,Chandler Davis,,EDGE,2,0.79,2678,2023,HighSchool
,217407,Bridger Davies,,TE,2,0.79,2678,2023,HighSchool
,113529,Joe Ginnetti,Air Force,LB,2,0.79,2678,2023,HighSchool
5151699,217436,Zach Potter,Toledo,DL,2,0.79,2678,2023,HighSchool
5151345,217391,Akio Martinson,San José State,DL,2,0.79,2678,2023,HighSchool
,217408,Luke Jacobs,,ATH,2,0.79,2678,2023,HighSchool
,217409,Xavyer Arrington,Navy,DL,2,0.79,2678,2023,HighSchool
,217410,Jaquez Kindell,,WR,2,0.79,2678,2023,HighSchool
,217411,Mikhi Varady-Brown,,ATH,2,0.79,2678,2023,HighSchool
,217412,Ethan Fullerton,,ATH,2,0.79,2678,2023,HighSchool
,217413,Austin Buehler,Montana,OT,2,0.79,2678,2023,HighSchool
,217414,Jude McCoskey,Indiana State,OT,2,0.79,2678,2023,HighSchool
,217415,Cy Stevenson,Montana,ATH,2,0.79,2678,2023,HighSchool
,217416,Jaylen McKenzie,,ATH,2,0.79,2678,2023,HighSchool
,217418,Carson Titus,Air Force,OT,2,0.79,2678,2023,HighSchool
,217419,Cade Tessier,,QB,2,0.79,2678,2023,HighSchool
,217420,Nate Richter,Portland State,WR,2,0.79,2678,2023,HighSchool
,217421,Carson de Avila,,S,2,0.79,2678,2023,HighSchool
,217423,Max Malo,Brown,LB,2,0.79,2678,2023,HighSchool
,217424,Logan Arason,,IOL,2,0.79,2678,2023,HighSchool
,217425,Shawn Foster II,,WR,2,0.79,2678,2023,HighSchool
,217427,Teon Parks,Illinois State,ATH,2,0.79,2678,2023,HighSchool
,217430,Nolan Cummings,,WR,2,0.79,2678,2023,HighSchool
,217432,Taysire Williams,Dartmouth,TE,2,0.79,2678,2023,HighSchool
,217433,Dave Brinton,,LB,2,0.79,2678,2023,HighSchool
,217435,GianCarlo Rufo,Georgetown,LB,2,0.79,2678,2023,HighSchool
,217437,Jobe Benschoter,,TE,2,0.79,2678,2023,HighSchool
,217439,Nicholas Nielsen,,OT,2,0.79,2678,2023,HighSchool
,217440,Aidan Behymer,Air Force,TE,2,0.79,2678,2023,HighSchool
,217441,Jayden Eley,,WR,2,0.79,2678,2023,HighSchool
,217442,Carlos Lopez,Army,OT,2,0.79,2678,2023,HighSchool
,217444,Tama Uiliata,Hawai'i,WR,2,0.79,2678,2023,HighSchool
,217446,Sage Dawson,,ATH,2,0.79,2678,2023,HighSchool
5122055,113534,Phillip Baynes,Northern Illinois,LB,2,0.7894,2800,2023,HighSchool
5116940,113533,Ryder Burns,Southern Miss,LS,2,0.7894,2800,2023,HighSchool
5157112,113532,Raymond Macias,Campbell,DL,2,0.7894,2800,2023,HighSchool
4911318,113531,Alex Smith,Georgia Southern,P,2,0.7894,2800,2023,HighSchool
5125836,113536,Christian Hunt,Arkansas State,QB,2,0.7883,2804,2023,HighSchool
5122056,113537,Zakkarii Black,Utah State,RB,2,0.7883,2804,2023,HighSchool
5120379,113535,Cody Smith,Ball State,TE,2,0.7883,2804,2023,HighSchool
5078066,113538,Bryce Eliuk,Eastern Michigan,LB,2,0.7856,2807,2023,HighSchool
5121772,113540,Trey Dubuc,South Florida,LS,2,0.7844,2808,2023,HighSchool
5194650,113539,Jacob Harris,Bowling Green,WR,2,0.7844,2808,2023,HighSchool
5218863,113541,Ezekiel Rodrigues,Hawai'i,S,2,0.7833,2810,2023,HighSchool
5160730,217456,Max Cutforth,Boise State,QB,2,0.78,2811,2023,HighSchool
5158461,217539,Andrew Walker,Oregon,WR,2,0.78,2811,2023,HighSchool
5161635,217531,Cort Halsey,North Carolina,TE,2,0.78,2811,2023,HighSchool
5120866,217588,Jalen Brown,New Mexico State,EDGE,2,0.78,2811,2023,HighSchool
5160126,217618,Ned Righellis,SMU,TE,2,0.78,2811,2023,HighSchool
5125551,217634,Deliyon Freeman,Hawai'i,CB,2,0.78,2811,2023,HighSchool
5157296,217522,Milan Clark,Oregon State,CB,2,0.78,2811,2023,HighSchool
5152074,217599,Argus Turner,Cal Poly,ATH,2,0.78,2811,2023,HighSchool
5162389,217504,Cody White,Washington State,OT,2,0.78,2811,2023,HighSchool
5153063,217620,Gavin Fugate,Washington State,ATH,2,0.78,2811,2023,HighSchool
5219469,217632,Javon Smith,Army,DL,2,0.78,2811,2023,HighSchool
5157389,217581,Sterling Smith,Holy Cross,CB,2,0.78,2811,2023,HighSchool
5154327,217582,Johnny Schmitt,Illinois,S,2,0.78,2811,2023,HighSchool
5157303,217591,Ryan Berger,Oregon State,OT,2,0.78,2811,2023,HighSchool
5157302,217506,Tiger Black,Oregon State,EDGE,2,0.78,2811,2023,HighSchool
5153152,217572,Jaden Moore,USC,ATH,2,0.78,2811,2023,HighSchool
5161143,217516,BJ Jones,California,ATH,2,0.78,2811,2023,HighSchool
5163086,217491,Isaac Clary,Marshall,OT,2,0.78,2811,2023,HighSchool
5171057,217548,Joaquin Johnson,Portland State,WR,2,0.78,2811,2023,HighSchool
5152411,217481,Skyler Cassel,Utah Tech,QB,2,0.78,2811,2023,HighSchool
5169849,217592,Zachary Jones,UC Davis,CB,2,0.78,2811,2023,HighSchool
5152083,217497,Kendric Sanders,Cal Poly,CB,2,0.78,2811,2023,HighSchool
5151882,217508,Ryder Bumgarner,Washington,ATH,2,0.78,2811,2023,HighSchool
5151883,217538,Luke Luchini,Washington,WR,2,0.78,2811,2023,HighSchool
5150454,217598,Carter Boskovich,UConn,S,2,0.78,2811,2023,HighSchool
,217459,Noah Scott,,WR,2,0.78,2811,2023,HighSchool
,217460,George Kruger,,LB,2,0.78,2811,2023,HighSchool
,217461,Ty Evans,,DL,2,0.78,2811,2023,HighSchool
,217462,Omari Williams,,WR,2,0.78,2811,2023,HighSchool
,217463,Taveonte Webster,,ATH,2,0.78,2811,2023,HighSchool
,217464,Tristan Lewis,Portland State,OT,2,0.78,2811,2023,HighSchool
,217465,Collin Campbell,,LB,2,0.78,2811,2023,HighSchool
,217466,Dylan Greeson,,ATH,2,0.78,2811,2023,HighSchool
,217467,Dexter Simmons,,LB,2,0.78,2811,2023,HighSchool
,217468,Jake Greule,Presbyterian,DL,2,0.78,2811,2023,HighSchool
,217469,Ben Pfaff,Cal Poly,RB,2,0.78,2811,2023,HighSchool
,217470,Jared Quenga,,ATH,2,0.78,2811,2023,HighSchool
,217471,Jae'Von Reels,San Diego,DL,2,0.78,2811,2023,HighSchool
,217472,Aidan Fortenberry,,RB,2,0.78,2811,2023,HighSchool
,217473,Dallas Winner-Johnson,Missouri State,TE,2,0.78,2811,2023,HighSchool
,217474,Michael Parr,,WR,2,0.78,2811,2023,HighSchool
,217476,Ryan Meza,,CB,2,0.78,2811,2023,HighSchool
,217477,Caleb Padrid,,ATH,2,0.78,2811,2023,HighSchool
,217478,Demetrius Brown,,S,2,0.78,2811,2023,HighSchool
,217479,Alex Good,,LB,2,0.78,2811,2023,HighSchool
,217480,Kiegan Henson,Idaho,OT,2,0.78,2811,2023,HighSchool
,217482,Cavin Ross,,QB,2,0.78,2811,2023,HighSchool
,217483,Sue Luamanu,,DL,2,0.78,2811,2023,HighSchool
,217484,Brayde Owen,Southern Utah,ATH,2,0.78,2811,2023,HighSchool
,217485,Brody Meyer,,QB,2,0.78,2811,2023,HighSchool
,217486,Dylan Herman,,WR,2,0.78,2811,2023,HighSchool
,217487,Kateo Faaiu,,EDGE,2,0.78,2811,2023,HighSchool
,217488,Blaine Halley,Southern Illinois,OT,2,0.78,2811,2023,HighSchool
,217489,Cole Dutkovich,Northern Iowa,LB,2,0.78,2811,2023,HighSchool
,217490,Ashton Lloyd,,TE,2,0.78,2811,2023,HighSchool
,217492,R.J. Keuchler,,EDGE,2,0.78,2811,2023,HighSchool
,217493,Austin Keetch,,LB,2,0.78,2811,2023,HighSchool
,217494,Myshaun Turner,,OT,2,0.78,2811,2023,HighSchool
,217495,Zontez Calhoun,,IOL,2,0.78,2811,2023,HighSchool
,217496,Nick Strelczyk,,IOL,2,0.78,2811,2023,HighSchool
,217498,Demoni Taylor,,IOL,2,0.78,2811,2023,HighSchool
,217499,Isaiah Jones,,ATH,2,0.78,2811,2023,HighSchool
,217500,Evan Pierce,,QB,2,0.78,2811,2023,HighSchool
,217501,Deegan Martinho,,RB,2,0.78,2811,2023,HighSchool
,217502,Beau Jacques,,LB,2,0.78,2811,2023,HighSchool
,217503,Campbell Sager,Army,EDGE,2,0.78,2811,2023,HighSchool
,217505,Jake Holmes,,EDGE,2,0.78,2811,2023,HighSchool
,217507,Javonte Walker,,S,2,0.78,2811,2023,HighSchool
,217509,Lucas Freitas,Montana,IOL,2,0.78,2811,2023,HighSchool
,217510,Pryce Roberts,Portland State,OT,2,0.78,2811,2023,HighSchool
,217511,Colin Dooley,,IOL,2,0.78,2811,2023,HighSchool
,217512,Pasefika Salatielu,Cal Poly,EDGE,2,0.78,2811,2023,HighSchool
,217513,Jacob Rothwell,,ATH,2,0.78,2811,2023,HighSchool
,217514,Julian Smith,,S,2,0.78,2811,2023,HighSchool
,217515,Da'Marion Williams,,ATH,2,0.78,2811,2023,HighSchool
,217517,Frank Ward,San Diego,EDGE,2,0.78,2811,2023,HighSchool
,217518,Jonathan Stromberg,Idaho,TE,2,0.78,2811,2023,HighSchool
,217519,Jermaine Hargraves,,ATH,2,0.78,2811,2023,HighSchool
,217520,Tyler King,,EDGE,2,0.78,2811,2023,HighSchool
,217521,Ryder Ruiz,,ATH,2,0.78,2811,2023,HighSchool
,217523,Bryce Schondelmyer,Youngstown State,QB,2,0.78,2811,2023,HighSchool
,217524,Micah Johnson,,WR,2,0.78,2811,2023,HighSchool
,217525,Cooper LeDuc,Southern Utah,ATH,2,0.78,2811,2023,HighSchool
,217526,Benjamin Lee,,DL,2,0.78,2811,2023,HighSchool
,217527,Ralston Raphael,,DL,2,0.78,2811,2023,HighSchool
,217528,Will Wilson,,LB,2,0.78,2811,2023,HighSchool
,217529,Kyle Bielawski,,LB,2,0.78,2811,2023,HighSchool
,217530,Hunter Fontenot,,LB,2,0.78,2811,2023,HighSchool
,217532,Damien Boozer,,ATH,2,0.78,2811,2023,HighSchool
,217533,Reuelroy Luvu,,CB,2,0.78,2811,2023,HighSchool
,217534,Charles Brown,,RB,2,0.78,2811,2023,HighSchool
,217535,Jackson Sager,,IOL,2,0.78,2811,2023,HighSchool
,217536,Gavin O'Leary,,WR,2,0.78,2811,2023,HighSchool
,217537,DJ Ritter,,S,2,0.78,2811,2023,HighSchool
,217540,Jaylun Nowickas,,LB,2,0.78,2811,2023,HighSchool
,217541,Tini Tinitali,Portland State,WR,2,0.78,2811,2023,HighSchool
,217542,Ben Dutton,Washington State,ATH,2,0.78,2811,2023,HighSchool
,217543,Bam Afalava,Portland State,DL,2,0.78,2811,2023,HighSchool
,217544,Joe Merlino,,IOL,2,0.78,2811,2023,HighSchool
,217545,Sejhe Jackson,,WR,2,0.78,2811,2023,HighSchool
,217546,Isaiah Pino,,EDGE,2,0.78,2811,2023,HighSchool
,217547,Adon Turner,,EDGE,2,0.78,2811,2023,HighSchool
,217549,Kalayn Ellis-Perry,,WR,2,0.78,2811,2023,HighSchool
,217550,Jake Scianna,,LB,2,0.78,2811,2023,HighSchool
,217551,Samirion Ford,Grand Valley State,ATH,2,0.78,2811,2023,HighSchool
,217552,Keyaundre Watkins,,EDGE,2,0.78,2811,2023,HighSchool
,217553,David Alabi,,DL,2,0.78,2811,2023,HighSchool
,217554,Kolbyn Jackson,,S,2,0.78,2811,2023,HighSchool
,217555,Jamell James,,RB,2,0.78,2811,2023,HighSchool
,217556,Watson Hafer,Missouri State,ATH,2,0.78,2811,2023,HighSchool
,217557,Jaiden Acker,,TE,2,0.78,2811,2023,HighSchool
,217558,Matthew Seliga,,S,2,0.78,2811,2023,HighSchool
,217559,Mekhi Bradley,,LB,2,0.78,2811,2023,HighSchool
,217560,Logan Minton,Southern Illinois,TE,2,0.78,2811,2023,HighSchool
,217561,Joey Neumann,South Dakota State,TE,2,0.78,2811,2023,HighSchool
,217562,Andrew Harren,,TE,2,0.78,2811,2023,HighSchool
,217563,Josiah Azure,North Dakota State,LB,2,0.78,2811,2023,HighSchool
,217564,Lorenzo Hudson,,S,2,0.78,2811,2023,HighSchool
,217566,Malik Richardson,,DL,2,0.78,2811,2023,HighSchool
,217567,Everett Carr,Montana State,OT,2,0.78,2811,2023,HighSchool
,217568,Alvonti Gallon,,LB,2,0.78,2811,2023,HighSchool
,217569,Talon Marsh,,DL,2,0.78,2811,2023,HighSchool
,217570,Cole Taylor,Montana State,QB,2,0.78,2811,2023,HighSchool
,217571,Matyus McLain,Idaho,EDGE,2,0.78,2811,2023,HighSchool
,217573,Ty Richardson,,CB,2,0.78,2811,2023,HighSchool
,217574,Alex Green,Idaho,OT,2,0.78,2811,2023,HighSchool
,217575,Mason Mini,Idaho,TE,2,0.78,2811,2023,HighSchool
,217576,Isaiah Green,Portland State,CB,2,0.78,2811,2023,HighSchool
,217577,Kaleb Cline,Northern Iowa,DL,2,0.78,2811,2023,HighSchool
,217578,Freddy Lujan,,EDGE,2,0.78,2811,2023,HighSchool
,217583,Nate Schneckloth,North Dakota State,DL,2,0.78,2811,2023,HighSchool
,217584,Anton Keeling,,WR,2,0.78,2811,2023,HighSchool
,217585,Hunter Lay,Pennsylvania,EDGE,2,0.78,2811,2023,HighSchool
,217586,A.J. Perez,,WR,2,0.78,2811,2023,HighSchool
,217587,Bryce Hawthorne,South Dakota State,DL,2,0.78,2811,2023,HighSchool
,217589,Jesse Miller,South Dakota,TE,2,0.78,2811,2023,HighSchool
,217590,Malik Cleveland,UC Davis,IOL,2,0.78,2811,2023,HighSchool
,217593,Fatafehi Puloka,,LB,2,0.78,2811,2023,HighSchool
,217594,Zach Quilici,,OT,2,0.78,2811,2023,HighSchool
,217595,Cameron Gurnsey,Montana,WR,2,0.78,2811,2023,HighSchool
,217596,Hayden Opitz,Montana,ATH,2,0.78,2811,2023,HighSchool
,217597,Jackson Grover,,EDGE,2,0.78,2811,2023,HighSchool
,217600,Austin Schultz,North Dakota State,IOL,2,0.78,2811,2023,HighSchool
,217601,Ethan Scaffidi,,ATH,2,0.78,2811,2023,HighSchool
,217602,Aidan Bravo,,WR,2,0.78,2811,2023,HighSchool
,217603,Trevor Beck,Weber State,IOL,2,0.78,2811,2023,HighSchool
,217604,Ryan Corder,Idaho State,EDGE,2,0.78,2811,2023,HighSchool
,217605,Johnnie Alcombrack,,ATH,2,0.78,2811,2023,HighSchool
,217606,Odera Okaka,Southern Utah,EDGE,2,0.78,2811,2023,HighSchool
,217607,Anta'Veon McKenzie,Sacramento State,S,2,0.78,2811,2023,HighSchool
,113542,DeAndre Beasley Jr.,,CB,2,0.78,2811,2023,HighSchool
,217608,Robbie Stebbing,,WR,2,0.78,2811,2023,HighSchool
,217609,Izaiah Johnson,,CB,2,0.78,2811,2023,HighSchool
,217610,Joseph Johnson,,OT,2,0.78,2811,2023,HighSchool
,217611,Luke Smith,Montana State,EDGE,2,0.78,2811,2023,HighSchool
,217612,Kolby Luna,,ATH,2,0.78,2811,2023,HighSchool
,217613,Sean Bullard,,ATH,2,0.78,2811,2023,HighSchool
,217614,Kaleb Tennison,,S,2,0.78,2811,2023,HighSchool
,217615,Johno Price,,S,2,0.78,2811,2023,HighSchool
,217616,Rickari Campbell,Utah Tech,EDGE,2,0.78,2811,2023,HighSchool
,217617,Jayden Moss,,CB,2,0.78,2811,2023,HighSchool
,217619,Kenron Davis,,ATH,2,0.78,2811,2023,HighSchool
5089309,217453,Jake Stearney,Colgate,QB,2,0.78,2811,2023,HighSchool
,217621,Bryson Snelling,,WR,2,0.78,2811,2023,HighSchool
5150658,217475,Rusty VanWetzinga IV,Iowa,LB,2,0.78,2811,2023,HighSchool
5150685,217565,Jackson Powers,Minnesota,S,2,0.78,2811,2023,HighSchool
,217622,Keawe Kane-Keahi,,LB,2,0.78,2811,2023,HighSchool
,217623,Eliseo Buffington,San José State,EDGE,2,0.78,2811,2023,HighSchool
,217579,Drew Patterson,,RB,2,0.78,2811,2023,HighSchool
,217580,Jayden Nolen,,ATH,2,0.78,2811,2023,HighSchool
,217624,Maximus Hansen,,OT,2,0.78,2811,2023,HighSchool
,217625,Roman Tillmon,South Dakota,S,2,0.78,2811,2023,HighSchool
,217626,Scott Nixon,,ATH,2,0.78,2811,2023,HighSchool
,217627,Demir Ashiru,,QB,2,0.78,2811,2023,HighSchool
,217628,Joshua Pierce,Campbell,EDGE,2,0.78,2811,2023,HighSchool
,217629,William Buzzard,Eastern Washington,IOL,2,0.78,2811,2023,HighSchool
,217630,Jacob Martin,Washington State,ATH,2,0.78,2811,2023,HighSchool
,217631,Antonio Sandel-Bascomb,Kent State,DL,2,0.78,2811,2023,HighSchool
,217633,Tre'Vonte Buckley,Grand Valley State,DL,2,0.78,2811,2023,HighSchool
,217454,Corey Johnson,,S,2,0.78,2811,2023,HighSchool
,217457,David Fuiava,Idaho,IOL,2,0.78,2811,2023,HighSchool
,217458,Issiah Smith,,IOL,2,0.78,2811,2023,HighSchool
,217455,Dawson Wahl,,QB,2,0.78,2811,2023,HighSchool
,217447,Donald Stephens,,RB,2,0.78,2811,2023,HighSchool
,217448,Zach Tierney,,IOL,2,0.78,2811,2023,HighSchool
,217449,Joseph Capra,,ATH,2,0.78,2811,2023,HighSchool
,217450,Gabe Morin,,LB,2,0.78,2811,2023,HighSchool
,217451,Preston Slaton,Butler,WR,2,0.78,2811,2023,HighSchool
,217452,Jonathan Hardy,,LB,2,0.78,2811,2023,HighSchool
,113543,Brady Probst,Illinois State,TE,2,0.7733,3000,2023,HighSchool
,217713,Jacob Kleppin,,LB,2,0.77,3001,2023,HighSchool
,217712,Marquis Singleton Jr.,,WR,2,0.77,3001,2023,HighSchool
,217711,Jamar Howard,,WR,2,0.77,3001,2023,HighSchool
,217710,Carter Rhooms,,S,2,0.77,3001,2023,HighSchool
,217709,Harrison Reid,,LB,2,0.77,3001,2023,HighSchool
,217708,Wyatt Tilton,,DL,2,0.77,3001,2023,HighSchool
,217707,Ethan Pletcher,,S,2,0.77,3001,2023,HighSchool
,217706,Zach Mclean,,EDGE,2,0.77,3001,2023,HighSchool
,217705,Ishmael Taliauli,,DL,2,0.77,3001,2023,HighSchool
,217704,Vaun Halstead,,LB,2,0.77,3001,2023,HighSchool
,217702,Owen West,,ATH,2,0.77,3001,2023,HighSchool
,217703,Garrett Speer,,ATH,2,0.77,3001,2023,HighSchool
,217701,Roy Hull,,RB,2,0.77,3001,2023,HighSchool
,217700,Micah Elliss,,DL,2,0.77,3001,2023,HighSchool
,217692,Roman Laurio,,WR,2,0.77,3001,2023,HighSchool
,217699,Logan Snarr,,IOL,2,0.77,3001,2023,HighSchool
,217698,Tegan Sweaney,,QB,2,0.77,3001,2023,HighSchool
,217697,Coltin Lyda,,LB,2,0.77,3001,2023,HighSchool
,217696,Varick Meredith,,LB,2,0.77,3001,2023,HighSchool
,217695,Weston Benefield,,LB,2,0.77,3001,2023,HighSchool
,217694,Mason Fullmer,,LB,2,0.77,3001,2023,HighSchool
,217693,Kade Boyd,,ATH,2,0.77,3001,2023,HighSchool
,217635,Kavaughn Clark,,RB,2,0.77,3001,2023,HighSchool
,217636,Noah Fasavalu,,S,2,0.77,3001,2023,HighSchool
,217637,Nathan Rooks,,LB,2,0.77,3001,2023,HighSchool
,217638,Christopher Arviso II,,QB,2,0.77,3001,2023,HighSchool
,217639,Luke Legarreta,San Diego,LB,2,0.77,3001,2023,HighSchool
,217640,Ryan Oliver,,QB,2,0.77,3001,2023,HighSchool
,217641,Keontae Johnson-Gibson,,CB,2,0.77,3001,2023,HighSchool
,217642,Luke Ash,,RB,2,0.77,3001,2023,HighSchool
,217643,Henry Masters,,TE,2,0.77,3001,2023,HighSchool
,217644,Sully McDaniel,,LB,2,0.77,3001,2023,HighSchool
,217645,Hogan Carmichael,Idaho,QB,2,0.77,3001,2023,HighSchool
,217647,River Lien,Air Force,QB,2,0.77,3001,2023,HighSchool
,217648,Khalil Yarbo,,RB,2,0.77,3001,2023,HighSchool
,217649,Kolani Masunu,,DL,2,0.77,3001,2023,HighSchool
,217650,Palamveer Dhaliwal,,EDGE,2,0.77,3001,2023,HighSchool
,217651,Charles Brown,,ATH,2,0.77,3001,2023,HighSchool
,217652,Leti Tanupo,,DL,2,0.77,3001,2023,HighSchool
,217653,Connor Meade,,ATH,2,0.77,3001,2023,HighSchool
,217654,Zekiel Seumalo,,DL,2,0.77,3001,2023,HighSchool
,217655,Rixen Daley-Ka'aihue,,S,2,0.77,3001,2023,HighSchool
,217656,Elvis Kariuki,,ATH,2,0.77,3001,2023,HighSchool
,217657,Brendon Manzano,,WR,2,0.77,3001,2023,HighSchool
,217658,Shamonte Brown,,LB,2,0.77,3001,2023,HighSchool
,217659,Jalen Kennedy,,RB,2,0.77,3001,2023,HighSchool
,217660,Cincere Thomas,,ATH,2,0.77,3001,2023,HighSchool
,217661,Tyler Garrett,,TE,2,0.77,3001,2023,HighSchool
,217662,Braeden Orlandi,,S,2,0.77,3001,2023,HighSchool
,217664,Jack Collins,,WR,2,0.77,3001,2023,HighSchool
,217665,Brandon Broch,,LB,2,0.77,3001,2023,HighSchool
,217666,Ty Kubicek,,IOL,2,0.77,3001,2023,HighSchool
,217667,Mason Michel,,LB,2,0.77,3001,2023,HighSchool
,217669,Cody Mikulich,,RB,2,0.77,3001,2023,HighSchool
,217670,Levi Robins,Columbia,CB,2,0.77,3001,2023,HighSchool
,217671,Christian Johnson,Grand Valley State,QB,2,0.77,3001,2023,HighSchool
,217672,Trevor Scott,,WR,2,0.77,3001,2023,HighSchool
,217673,Kyrell Goss-Pruitt,,ATH,2,0.77,3001,2023,HighSchool
,217674,Michael Cooley,,EDGE,2,0.77,3001,2023,HighSchool
,217676,Charlie Ozolin,,ATH,2,0.77,3001,2023,HighSchool
,217677,Tut Puoch,,CB,2,0.77,3001,2023,HighSchool
,217678,Cash Layman,,CB,2,0.77,3001,2023,HighSchool
,217680,Baylor Corbin,,WR,2,0.77,3001,2023,HighSchool
,217682,Collin Mennie,,LB,2,0.77,3001,2023,HighSchool
,217683,Nijawn Sterling,,DL,2,0.77,3001,2023,HighSchool
,217684,Jacorris Foreman,Tennessee State,LB,2,0.77,3001,2023,HighSchool
,217685,Drew Cowart,BYU,QB,2,0.77,3001,2023,HighSchool
,217687,Najee Nelson,,CB,2,0.77,3001,2023,HighSchool
,217688,Cameron Davenport,,OT,2,0.77,3001,2023,HighSchool
,217689,Serrell Curtis,,S,2,0.77,3001,2023,HighSchool
,217690,Keymarion Gibson,,ATH,2,0.77,3001,2023,HighSchool
,217829,Zack Pappadakis,,S,2,0.77,3001,2023,HighSchool
,217827,Billy Johnson,,QB,2,0.77,3001,2023,HighSchool
,217826,Keagen Rongen,Eastern Washington,ATH,2,0.77,3001,2023,HighSchool
,217825,Te'Shaun Porter,,RB,2,0.77,3001,2023,HighSchool
,217823,Jimmy Walls,,OT,2,0.77,3001,2023,HighSchool
,217822,Jonathan Van Hook,Southeast Missouri State,CB,2,0.77,3001,2023,HighSchool
,217821,Kenyon Shabazz,,WR,2,0.77,3001,2023,HighSchool
,217820,Joseph McCray,,QB,2,0.77,3001,2023,HighSchool
,217819,Darien Maragh,,ATH,2,0.77,3001,2023,HighSchool
,217818,Jordan Hernandez,,QB,2,0.77,3001,2023,HighSchool
,217817,Jordan Dever,Montana,WR,2,0.77,3001,2023,HighSchool
,217816,Daschel Smith,,QB,2,0.77,3001,2023,HighSchool
,217815,A.J. Goodman,,WR,2,0.77,3001,2023,HighSchool
,217814,Kai Lane,,EDGE,2,0.77,3001,2023,HighSchool
,217813,Will Landram,,QB,2,0.77,3001,2023,HighSchool
,217812,Mike Watkins,,LB,2,0.77,3001,2023,HighSchool
,217811,Payton Roth,,ATH,2,0.77,3001,2023,HighSchool
,217810,Jaden Foster,,WR,2,0.77,3001,2023,HighSchool
,217809,Brayden Rice,Idaho,ATH,2,0.77,3001,2023,HighSchool
,217808,Paschal Jolman,Grand Valley State,RB,2,0.77,3001,2023,HighSchool
,217806,Braden Kuik,Eastern Washington,ATH,2,0.77,3001,2023,HighSchool
,217805,Gabriel Batres,Valparaiso,EDGE,2,0.77,3001,2023,HighSchool
,217804,Louis Traglia,,EDGE,2,0.77,3001,2023,HighSchool
,217803,Hasaan Miller,,WR,2,0.77,3001,2023,HighSchool
,217802,Malik Dawson,,EDGE,2,0.77,3001,2023,HighSchool
,217801,Devin Martin,,LB,2,0.77,3001,2023,HighSchool
,217800,Sam Goligoski,UC Davis,EDGE,2,0.77,3001,2023,HighSchool
,217799,Max Rouse,,IOL,2,0.77,3001,2023,HighSchool
,217798,Mitch Johnson,,QB,2,0.77,3001,2023,HighSchool
,217797,Trent Bublitz,,WR,2,0.77,3001,2023,HighSchool
,217796,Drake Granberry,,ATH,2,0.77,3001,2023,HighSchool
,217795,Yemoni Howell,,LB,2,0.77,3001,2023,HighSchool
,217794,Brady Goff,,LB,2,0.77,3001,2023,HighSchool
,217793,Andre Breedlove,,QB,2,0.77,3001,2023,HighSchool
,217792,Hunter Tibodeau,,LB,2,0.77,3001,2023,HighSchool
,217791,John John Nelson,,RB,2,0.77,3001,2023,HighSchool
,217789,Levi Willhite,,EDGE,2,0.77,3001,2023,HighSchool
,217788,Riply Luna,,QB,2,0.77,3001,2023,HighSchool
,217787,Cooper Beltz,,WR,2,0.77,3001,2023,HighSchool
,217786,Ty Pugliano,,ATH,2,0.77,3001,2023,HighSchool
,217785,Elijah Darwin,,WR,2,0.77,3001,2023,HighSchool
,217783,Ryder Bordner,Idaho,LB,2,0.77,3001,2023,HighSchool
,217782,Dane Gatterman,,IOL,2,0.77,3001,2023,HighSchool
,217781,Devon Anderson,,S,2,0.77,3001,2023,HighSchool
,217780,Carsten Bluhm,Northern Iowa,TE,2,0.77,3001,2023,HighSchool
,217779,Brogan Ling,Northern Iowa,LB,2,0.77,3001,2023,HighSchool
,217778,James Cave,Yale,EDGE,2,0.77,3001,2023,HighSchool
,217776,Sterling Anderson,,RB,2,0.77,3001,2023,HighSchool
,217775,Jackson Kerstin,,IOL,2,0.77,3001,2023,HighSchool
,217774,Seth Shook,Idaho,ATH,2,0.77,3001,2023,HighSchool
,217773,Austin Cook,,EDGE,2,0.77,3001,2023,HighSchool
,217772,Jadon Lemmons,,CB,2,0.77,3001,2023,HighSchool
,217771,Kevin Fowler,,ATH,2,0.77,3001,2023,HighSchool
,217770,Kaden Robnett,Idaho,IOL,2,0.77,3001,2023,HighSchool
,217769,Dakota Perry,,QB,2,0.77,3001,2023,HighSchool
,217768,Jabrayan Richburg,,EDGE,2,0.77,3001,2023,HighSchool
,217767,Evan Rawlick,Morgan State,OT,2,0.77,3001,2023,HighSchool
,217766,Jakeb Vallance,,QB,2,0.77,3001,2023,HighSchool
,217765,Koffi Kouame,,CB,2,0.77,3001,2023,HighSchool
,217764,Gage Sliter,Montana,QB,2,0.77,3001,2023,HighSchool
,217763,Johnathan Godbout,,LB,2,0.77,3001,2023,HighSchool
,217762,Angus Hubbard,,QB,2,0.77,3001,2023,HighSchool
,217761,Bo Hiemstra,,WR,2,0.77,3001,2023,HighSchool
,217760,Jacob Williams,,WR,2,0.77,3001,2023,HighSchool
,217759,Austin Goetz,Portland State,ATH,2,0.77,3001,2023,HighSchool
,217758,Thys Van Der Hoek,,EDGE,2,0.77,3001,2023,HighSchool
,217757,Jack Carner,,RB,2,0.77,3001,2023,HighSchool
,217756,Roman Fries,,DL,2,0.77,3001,2023,HighSchool
,217755,Danny Meade,,IOL,2,0.77,3001,2023,HighSchool
,217754,Riley Penniman,,OT,2,0.77,3001,2023,HighSchool
,217753,Dekker Hagler,Idaho State,S,2,0.77,3001,2023,HighSchool
,217752,Wylan Dorrel,,OT,2,0.77,3001,2023,HighSchool
,217751,Ryker Clinger,,ATH,2,0.77,3001,2023,HighSchool
,217750,Frankie Tagoai,,LB,2,0.77,3001,2023,HighSchool
,217749,Mateo Flores,,RB,2,0.77,3001,2023,HighSchool
,217748,Cole Tanner,,S,2,0.77,3001,2023,HighSchool
,217747,Richard Stallworth,,QB,2,0.77,3001,2023,HighSchool
,217746,Isaac Redford,,WR,2,0.77,3001,2023,HighSchool
,217744,Charles Mackley,Butler,IOL,2,0.77,3001,2023,HighSchool
,217743,John Kemp,Yale,CB,2,0.77,3001,2023,HighSchool
,217741,Tyson Beck,,DL,2,0.77,3001,2023,HighSchool
,217740,Charlie Pietrosante,,OT,2,0.77,3001,2023,HighSchool
,217739,Marshune Waters,,S,2,0.77,3001,2023,HighSchool
,217738,Jeray Mott,,CB,2,0.77,3001,2023,HighSchool
,217737,Ray Wright,,LB,2,0.77,3001,2023,HighSchool
,217736,Jack Dennis,,ATH,2,0.77,3001,2023,HighSchool
,217735,Kall Renner,,ATH,2,0.77,3001,2023,HighSchool
,217733,Ferrari Miller,,RB,2,0.77,3001,2023,HighSchool
,217732,Dorae Scott,,WR,2,0.77,3001,2023,HighSchool
,217730,Brooks Wheatley,,WR,2,0.77,3001,2023,HighSchool
,217728,Davis May,,IOL,2,0.77,3001,2023,HighSchool
,217727,Connor Bonesio,,TE,2,0.77,3001,2023,HighSchool
,217726,Aidan Miller,,ATH,2,0.77,3001,2023,HighSchool
,217725,Zachary Lee,,DL,2,0.77,3001,2023,HighSchool
,217724,LaDaimien McCord,,WR,2,0.77,3001,2023,HighSchool
,217723,Max Rust,,IOL,2,0.77,3001,2023,HighSchool
,217722,Ki'Marree Washington,,RB,2,0.77,3001,2023,HighSchool
,217721,Ben Fosnot,,TE,2,0.77,3001,2023,HighSchool
,217720,Zion Wells,Davidson,ATH,2,0.77,3001,2023,HighSchool
5150541,217777,Bryce Echols,Arizona,DL,2,0.77,3001,2023,HighSchool
5152203,217784,Kuba Tyszka,Wyoming,DL,2,0.77,3001,2023,HighSchool
,217691,Keon Collier,,S,2,0.77,3001,2023,HighSchool
,217719,Donovan Troupe,,ATH,2,0.77,3001,2023,HighSchool
,217718,Colby White,,QB,2,0.77,3001,2023,HighSchool
,217717,Deuce Carr,,CB,2,0.77,3001,2023,HighSchool
,217716,Mario Luera,,LB,2,0.77,3001,2023,HighSchool
,217715,Lebron Thomas,,WR,2,0.77,3001,2023,HighSchool
,217714,Tayden Phillips,,RB,2,0.77,3001,2023,HighSchool
5155161,217745,Jack Yanachik,Michigan State,ATH,2,0.77,3001,2023,HighSchool
5152110,217679,Nate Bell,Eastern Washington,ATH,2,0.77,3001,2023,HighSchool
5152134,217828,Jaden Radke,Eastern Washington,EDGE,2,0.77,3001,2023,HighSchool
5155168,217742,Cooper Terpstra,Michigan State,IOL,2,0.77,3001,2023,HighSchool
5155334,217668,Carson Dunn,Indiana State,RB,2,0.77,3001,2023,HighSchool
5158420,217731,Orlando Syph-Timmons,Florida International,ATH,2,0.77,3001,2023,HighSchool
5150703,217686,George Nahas,Iowa State,IOL,2,0.77,3001,2023,HighSchool
5155530,217831,Korey Tai,North Dakota,ATH,2,0.77,3001,2023,HighSchool
5156071,217830,Brady Sestili,Ohio,LB,2,0.77,3001,2023,HighSchool
5156348,217807,Bryson Kuzdzal,Michigan,RB,2,0.77,3001,2023,HighSchool
5153059,217681,Kalani Steward,Washington State,LB,2,0.77,3001,2023,HighSchool
5161138,217663,Nate Escalada,California,ATH,2,0.77,3001,2023,HighSchool
5153075,217646,Brady McKelheer,Washington State,QB,2,0.77,3001,2023,HighSchool
5153625,217675,Kory Symington,UCLA,OT,2,0.77,3001,2023,HighSchool
5151884,217729,Logan Lisherness,Washington,LB,2,0.77,3001,2023,HighSchool
5153054,217790,Cartez Williams,Washington State,RB,2,0.77,3001,2023,HighSchool
5151889,217734,Habib Bello,Washington,DL,2,0.77,3001,2023,HighSchool
5151474,217824,Owen McGraw,Eastern Michigan,WR,2,0.77,3001,2023,HighSchool
5151885,217900,Parker Cross,Washington,IOL,2,0.76,3198,2023,HighSchool
5150870,217835,Ethan Trent,Purdue,IOL,2,0.76,3198,2023,HighSchool
5154764,217886,Jamir Conn,Southern Illinois,CB,2,0.76,3198,2023,HighSchool
5122031,217933,Cade Riddle,Central Michigan,LB,2,0.76,3198,2023,HighSchool
,217861,Dylan Labarbera,,DL,2,0.76,3198,2023,HighSchool
5150680,217878,Max Shikenjanski,Minnesota,QB,2,0.76,3198,2023,HighSchool
5150687,217880,Zander Rockow,Minnesota,ATH,2,0.76,3198,2023,HighSchool
,217935,Michael Alexander,Grand Valley State,DL,2,0.76,3198,2023,HighSchool
,217934,Junus McGraw,,ATH,2,0.76,3198,2023,HighSchool
,217932,William Snodgrass,,IOL,2,0.76,3198,2023,HighSchool
,217931,Malik Ray,,LB,2,0.76,3198,2023,HighSchool
,217930,Langden Kitchen,,DL,2,0.76,3198,2023,HighSchool
,217929,Tyler Porte,,TE,2,0.76,3198,2023,HighSchool
,217928,Hyrum Dewsnup,Utah State,IOL,2,0.76,3198,2023,HighSchool
,217927,Jake Bianchi,,QB,2,0.76,3198,2023,HighSchool
,217926,Paavan Bankston,,CB,2,0.76,3198,2023,HighSchool
,217925,Emory Steward,,S,2,0.76,3198,2023,HighSchool
,217924,Chimezie Elias,,WR,2,0.76,3198,2023,HighSchool
,217923,Ethan Carlson,,ATH,2,0.76,3198,2023,HighSchool
,217922,Jonathan Mcatee,,ATH,2,0.76,3198,2023,HighSchool
,217920,Aaron Parker,,IOL,2,0.76,3198,2023,HighSchool
,217919,Erick Gonzales,,WR,2,0.76,3198,2023,HighSchool
,217917,Brock Salm,,S,2,0.76,3198,2023,HighSchool
,217916,Magnus Wright,Northern Iowa,DL,2,0.76,3198,2023,HighSchool
,217915,Wynn Stang,,RB,2,0.76,3198,2023,HighSchool
,217914,Karl Schmalz,,DL,2,0.76,3198,2023,HighSchool
,217913,Davonte Evans,,ATH,2,0.76,3198,2023,HighSchool
,217912,Jamaica Myres,,WR,2,0.76,3198,2023,HighSchool
,217911,Dylan Cohen,Montana,IOL,2,0.76,3198,2023,HighSchool
,217910,Zachariah Frazier,,RB,2,0.76,3198,2023,HighSchool
,217909,Jaidon Siler,,ATH,2,0.76,3198,2023,HighSchool
,217908,Cole Luekenga,,QB,2,0.76,3198,2023,HighSchool
,217907,Marcus Hansen,Western Illinois,IOL,2,0.76,3198,2023,HighSchool
,217906,Oliver Bari,,IOL,2,0.76,3198,2023,HighSchool
,217905,Larry McDonald,,RB,2,0.76,3198,2023,HighSchool
,217904,James Gordon III,,LB,2,0.76,3198,2023,HighSchool
,217903,Tanner Schuster,,ATH,2,0.76,3198,2023,HighSchool
,217902,Max Gwilliam,,LB,2,0.76,3198,2023,HighSchool
,217901,Donavan Lee,,CB,2,0.76,3198,2023,HighSchool
,217899,Parker Rushton,,ATH,2,0.76,3198,2023,HighSchool
,217898,Lyndon Vaivao,,ATH,2,0.76,3198,2023,HighSchool
,217897,Charles Parker,,EDGE,2,0.76,3198,2023,HighSchool
,217896,Sebastian Sibbald,,OT,2,0.76,3198,2023,HighSchool
,217895,Aaron Melz,,EDGE,2,0.76,3198,2023,HighSchool
,217894,Owen Coomes,,EDGE,2,0.76,3198,2023,HighSchool
,217892,Triston Nichols,,ATH,2,0.76,3198,2023,HighSchool
,217891,Zarek Zelinski,,ATH,2,0.76,3198,2023,HighSchool
,217890,Sayed Abuhamdeh,,LB,2,0.76,3198,2023,HighSchool
,217889,Kyrell Jordan,,WR,2,0.76,3198,2023,HighSchool
,217888,James Minor,,RB,2,0.76,3198,2023,HighSchool
,217885,Noah Moris,,DL,2,0.76,3198,2023,HighSchool
,217883,Darrell Jones Jr.,,CB,2,0.76,3198,2023,HighSchool
,217882,Kaiki Akana,,OT,2,0.76,3198,2023,HighSchool
,217881,Chase Nelson,,QB,2,0.76,3198,2023,HighSchool
,217879,Kenyata Forbes Jr.,New Hampshire,DL,2,0.76,3198,2023,HighSchool
,217877,Niko Alailefaleula,,LB,2,0.76,3198,2023,HighSchool
,217876,Holt Williams,,EDGE,2,0.76,3198,2023,HighSchool
,217875,Jack Elgaaen,,ATH,2,0.76,3198,2023,HighSchool
,217874,Ryan Yakovich,,IOL,2,0.76,3198,2023,HighSchool
,217873,Carson Anderson,,WR,2,0.76,3198,2023,HighSchool
,217872,Micah Avery,,IOL,2,0.76,3198,2023,HighSchool
,217871,Parker Pettit,,QB,2,0.76,3198,2023,HighSchool
,217870,Kole Hunsaker,,QB,2,0.76,3198,2023,HighSchool
,217869,Ramy Abdalla,,ATH,2,0.76,3198,2023,HighSchool
,217868,Edgerrin Cross,,OT,2,0.76,3198,2023,HighSchool
,217867,Leeshaun Mumpfield,,QB,2,0.76,3198,2023,HighSchool
,217866,Chayse Tapp,,IOL,2,0.76,3198,2023,HighSchool
,217865,Kohl Jarvis,,ATH,2,0.76,3198,2023,HighSchool
,217864,Peyton Ledford,Army,LB,2,0.76,3198,2023,HighSchool
,217863,Jerry Kaminski,,QB,2,0.76,3198,2023,HighSchool
,217862,Giovanni Phanor,,DL,2,0.76,3198,2023,HighSchool
,217860,Joey Stout,,RB,2,0.76,3198,2023,HighSchool
,217859,Joe Stein,,OT,2,0.76,3198,2023,HighSchool
,217858,Eli Aragon,,WR,2,0.76,3198,2023,HighSchool
,217857,David Luera,,LB,2,0.76,3198,2023,HighSchool
,217856,Michael Forney,,IOL,2,0.76,3198,2023,HighSchool
,217855,Brady Weingart,,QB,2,0.76,3198,2023,HighSchool
,217854,Tovie Martin,,TE,2,0.76,3198,2023,HighSchool
,217853,Luke Elliott,,QB,2,0.76,3198,2023,HighSchool
,217852,Kayde Bodine,,QB,2,0.76,3198,2023,HighSchool
,217851,Ryan King,,ATH,2,0.76,3198,2023,HighSchool
,217850,Ikuna Muasika,,ATH,2,0.76,3198,2023,HighSchool
,217849,Cooper Hiday,,ATH,2,0.76,3198,2023,HighSchool
,217848,Tanner Thomas,,EDGE,2,0.76,3198,2023,HighSchool
,217847,Hunter McDonald,,ATH,2,0.76,3198,2023,HighSchool
,217846,Sean Khouri,,IOL,2,0.76,3198,2023,HighSchool
,217845,Kaden Huppin,,WR,2,0.76,3198,2023,HighSchool
,217844,Brendan Rasmussen,,IOL,2,0.76,3198,2023,HighSchool
,217843,Mason Strong,,WR,2,0.76,3198,2023,HighSchool
,217842,Jameson Perry,Boise State,OT,2,0.76,3198,2023,HighSchool
,217841,Brevin Trenkle,,ATH,2,0.76,3198,2023,HighSchool
,217840,Treyton Sharp,,CB,2,0.76,3198,2023,HighSchool
,217839,Dalin Walker,,EDGE,2,0.76,3198,2023,HighSchool
,217838,Peyton Wilp,,DL,2,0.76,3198,2023,HighSchool
,217837,Cameron Vaughn,,IOL,2,0.76,3198,2023,HighSchool
,217836,Jacob Sersansie,,ATH,2,0.76,3198,2023,HighSchool
,217834,Chance Guadiz,,QB,2,0.76,3198,2023,HighSchool
,217833,T.J. Tusi,,OT,2,0.76,3198,2023,HighSchool
,217832,Julius Walker,,ATH,2,0.76,3198,2023,HighSchool
5155535,217893,Lance Rucker,North Dakota,EDGE,2,0.76,3198,2023,HighSchool
5150355,217887,Brandon Wraalstad,Army,DL,2,0.76,3198,2023,HighSchool
5125840,217884,Jake Utley,UTEP,OT,2,0.76,3198,2023,HighSchool
5153065,217921,Branden Ganashamoorthy,Washington State,WR,2,0.76,3198,2023,HighSchool
5160652,217918,Zack Mlsna,Wisconsin,OT,2,0.76,3198,2023,HighSchool
5160733,217994,Boen Phelps,Boise State,ATH,2,0.75,3302,2023,HighSchool
5160732,217967,Cole Miller,Boise State,S,2,0.75,3302,2023,HighSchool
5162947,217981,Cory Chavis,Alabama A&M,QB,2,0.75,3302,2023,HighSchool
,217959,Ethan Hamby,,QB,2,0.75,3302,2023,HighSchool
,217942,Keegan Peterson,,WR,2,0.75,3302,2023,HighSchool
,217943,Jackson House,,QB,2,0.75,3302,2023,HighSchool
5152194,218000,Grant Seagren,Nebraska,TE,2,0.75,3302,2023,HighSchool
,217944,Rasheed Anderson,Eastern Illinois,IOL,2,0.75,3302,2023,HighSchool
,217945,Andrew Beasley,,S,2,0.75,3302,2023,HighSchool
,217946,Drew Novak,,QB,2,0.75,3302,2023,HighSchool
,217947,Garrett Divis,,OT,2,0.75,3302,2023,HighSchool
,217948,Jake Macphee,,EDGE,2,0.75,3302,2023,HighSchool
,217949,Zyers Ruff II,,S,2,0.75,3302,2023,HighSchool
,217951,Joseph Abbiw,,DL,2,0.75,3302,2023,HighSchool
,217952,Ky'Shaun Jackson,,WR,2,0.75,3302,2023,HighSchool
,217953,Soren Erickson,,TE,2,0.75,3302,2023,HighSchool
,217954,Nate Schuckman,,OT,2,0.75,3302,2023,HighSchool
,217955,Jacob Lopau,North Dakota,OT,2,0.75,3302,2023,HighSchool
,217956,Eli Vanderveen,,WR,2,0.75,3302,2023,HighSchool
,217990,Stephen Woodward,,LB,2,0.75,3302,2023,HighSchool
,217989,Breydan Fisher,,ATH,2,0.75,3302,2023,HighSchool
,217988,Wyatt Bartroff,,LB,2,0.75,3302,2023,HighSchool
,217987,Gabe Rhue,,IOL,2,0.75,3302,2023,HighSchool
,217986,Trent Hodney,,IOL,2,0.75,3302,2023,HighSchool
,217985,Ethan Johnson,,IOL,2,0.75,3302,2023,HighSchool
,217984,Randall Ward,Western Illinois,LB,2,0.75,3302,2023,HighSchool
,217983,Royce Daugherty,,DL,2,0.75,3302,2023,HighSchool
,217982,Jaylen Johnson,Grand Valley State,WR,2,0.75,3302,2023,HighSchool
,217980,Javen Sewell,,ATH,2,0.75,3302,2023,HighSchool
,217979,Jackson Bale,,EDGE,2,0.75,3302,2023,HighSchool
,217978,Ryder Alfrey,,ATH,2,0.75,3302,2023,HighSchool
,217977,Holden Matthews,,WR,2,0.75,3302,2023,HighSchool
,217976,Diaviante Dunmore,,WR,2,0.75,3302,2023,HighSchool
,217975,Brodae Sutherland,,EDGE,2,0.75,3302,2023,HighSchool
,217974,Caleb Loveland,,QB,2,0.75,3302,2023,HighSchool
,217937,Blake Baker,,QB,2,0.75,3302,2023,HighSchool
,217938,Nick Ferrero,,ATH,2,0.75,3302,2023,HighSchool
,217939,Payton Faker,,QB,2,0.75,3302,2023,HighSchool
,217940,Koby Kast,,DL,2,0.75,3302,2023,HighSchool
,217941,Emilio Pucci,,ATH,2,0.75,3302,2023,HighSchool
,217957,Dontez Hicks,,ATH,2,0.75,3302,2023,HighSchool
5150715,217950,Caden Davis,Ohio State,DL,2,0.75,3302,2023,HighSchool
,217958,Jamire Hall,,IOL,2,0.75,3302,2023,HighSchool
5152780,217971,Spencer Elliott,Portland State,IOL,2,0.75,3302,2023,HighSchool
,217960,Dilyn Fuller,Indiana State,EDGE,2,0.75,3302,2023,HighSchool
,217961,Bryce Kooy,,RB,2,0.75,3302,2023,HighSchool
,217962,Masen Uribe,,RB,2,0.75,3302,2023,HighSchool
,217963,Mason Chiles,,LB,2,0.75,3302,2023,HighSchool
,217964,Andrew Carrasquillo,,CB,2,0.75,3302,2023,HighSchool
,217965,Zamir Hall,,RB,2,0.75,3302,2023,HighSchool
,217966,Landon Howard,,LB,2,0.75,3302,2023,HighSchool
,217968,Jalen Hankins,,ATH,2,0.75,3302,2023,HighSchool
,217969,Brian Keliikuli,,IOL,2,0.75,3302,2023,HighSchool
,217970,Lucas Steffen,,LB,2,0.75,3302,2023,HighSchool
,217972,Joey Scarantino,,QB,2,0.75,3302,2023,HighSchool
,217973,Lincoln Gee,Idaho,ATH,2,0.75,3302,2023,HighSchool
,217936,Mykell King,,LB,2,0.75,3302,2023,HighSchool
,218001,Joe Roll,South Dakota State,WR,2,0.75,3302,2023,HighSchool
,217999,Aiden Townsend,,OT,2,0.75,3302,2023,HighSchool
,217998,Jaxson Wilson,,DL,2,0.75,3302,2023,HighSchool
,217997,Jake Houston,,DL,2,0.75,3302,2023,HighSchool
,217996,Brady Stanifer,,LB,2,0.75,3302,2023,HighSchool
,217995,Cordell Mabins,,RB,2,0.75,3302,2023,HighSchool
,217993,Griffin Addison,,ATH,2,0.75,3302,2023,HighSchool
,217992,Isaac Haro,,OT,2,0.75,3302,2023,HighSchool
,217991,Cooper Bohlig,,WR,2,0.75,3302,2023,HighSchool
5150681,218021,Cade Osterman,Minnesota,ATH,2,0.74,3368,2023,HighSchool
,218015,Zach McMurtrey,,LB,2,0.74,3368,2023,HighSchool
,218016,Gus Parker,,ATH,2,0.74,3368,2023,HighSchool
,218017,Daion Johnson,,S,2,0.74,3368,2023,HighSchool
,218018,Trey Patrick,,ATH,2,0.74,3368,2023,HighSchool
,218019,DeShaun Richmond,,ATH,2,0.74,3368,2023,HighSchool
,218020,Christian Janis,,WR,2,0.74,3368,2023,HighSchool
,218022,Calvin Watson,,LB,2,0.74,3368,2023,HighSchool
,218008,Lyndon Tanoa,,ATH,2,0.74,3368,2023,HighSchool
,218009,Jalen Salavea,,LB,2,0.74,3368,2023,HighSchool
,218010,James Scott,,RB,2,0.74,3368,2023,HighSchool
,218011,Riley Paran,,RB,2,0.74,3368,2023,HighSchool
,218002,Samuel Gamino,,RB,2,0.74,3368,2023,HighSchool
,218006,Anthony Iliano,Maine,IOL,2,0.74,3368,2023,HighSchool
,218005,Aidan Duerig,Southern Illinois,OT,2,0.74,3368,2023,HighSchool
,218004,Landon Heard,,S,2,0.74,3368,2023,HighSchool
,218003,Jacob Wilcox-Fish,,ATH,2,0.74,3368,2023,HighSchool
,218012,Bertrelle Shelby-Rankin JR,,S,2,0.74,3368,2023,HighSchool
,218013,Tayveon Sy,,LB,2,0.74,3368,2023,HighSchool
,218014,Jacob Gatlin,,IOL,2,0.74,3368,2023,HighSchool
,218007,Kailin Frade,,S,2,0.74,3368,2023,HighSchool
,218045,Joey Villaroman,,WR,2,0.73,3389,2023,HighSchool
,218023,Landon Taylor,,WR,2,0.73,3389,2023,HighSchool
,218024,Camden Ferguson,,DL,2,0.73,3389,2023,HighSchool
,218025,Liam O'Leary,,S,2,0.73,3389,2023,HighSchool
,218026,Brady Laybourn,,ATH,2,0.73,3389,2023,HighSchool
,218027,Carlos Orozco,,DL,2,0.73,3389,2023,HighSchool
,218028,Justice Toavalu,,ATH,2,0.73,3389,2023,HighSchool
,218029,Pauli Mafi,,RB,2,0.73,3389,2023,HighSchool
,218030,John Feury,,DL,2,0.73,3389,2023,HighSchool
,218031,Ryan Given,,DL,2,0.73,3389,2023,HighSchool
,218032,Nicolas Ramos,,LB,2,0.73,3389,2023,HighSchool
,218033,Colby Marsh,,S,2,0.73,3389,2023,HighSchool
,218034,Xavior Tyus,,RB,2,0.73,3389,2023,HighSchool
,218036,Micah Clyde,,CB,2,0.73,3389,2023,HighSchool
,218037,Isaiah Sinclair,,IOL,2,0.73,3389,2023,HighSchool
,218038,Bo Dods,,CB,2,0.73,3389,2023,HighSchool
,218039,Owen Sieben,,QB,2,0.73,3389,2023,HighSchool
,218040,Samuel Hutchinson,,LB,2,0.73,3389,2023,HighSchool
,218041,Hayden Dotson,,ATH,2,0.73,3389,2023,HighSchool
,218042,Brandon Thomas,Eastern Washington,EDGE,2,0.73,3389,2023,HighSchool
,218043,Jayden Weber,Sacramento State,WR,2,0.73,3389,2023,HighSchool
,218044,Dylan Fear,,TE,2,0.73,3389,2023,HighSchool
,218046,Lucas Reynolds,,LB,2,0.73,3389,2023,HighSchool
,218047,Ramon Ruiz,,ATH,2,0.73,3389,2023,HighSchool
,218048,Lucas Vanderlind,,LB,2,0.73,3389,2023,HighSchool
,218049,Emiliano Mejia,,RB,2,0.73,3389,2023,HighSchool
,218050,Darrius Hickenbottom,,WR,2,0.73,3389,2023,HighSchool
,218051,Uriah Givens,,LB,2,0.73,3389,2023,HighSchool
,218052,Jackson Pfeifer,,ATH,2,0.73,3389,2023,HighSchool
,218053,Alex Quintanilla,,ATH,2,0.73,3389,2023,HighSchool
,218054,Ladanian Streets,,WR,2,0.73,3389,2023,HighSchool
,218055,Mac VandenHout,,ATH,2,0.73,3389,2023,HighSchool
,218056,LJ Imo,,DL,2,0.73,3389,2023,HighSchool
5160734,218035,Troy Wilkey,Boise State,S,2,0.73,3389,2023,HighSchool
,218057,Julian Thomas,,RB,2,0.72,3423,2023,HighSchool
,218069,Johnel Pettus,,RB,2,0.72,3423,2023,HighSchool
,218068,William Augenstein,,QB,2,0.72,3423,2023,HighSchool
,218067,Dylan Lozano,,LB,2,0.72,3423,2023,HighSchool
,218066,Dylan Dinh,,IOL,2,0.72,3423,2023,HighSchool
,218065,Dylan Gulseth,,IOL,2,0.72,3423,2023,HighSchool
,218064,Sean Cotten,,ATH,2,0.72,3423,2023,HighSchool
,218063,Jahkylle Smith,,ATH,2,0.72,3423,2023,HighSchool
,218062,Dee’Arian Barfield,,S,2,0.72,3423,2023,HighSchool
,218061,Ben Yundt,,RB,2,0.72,3423,2023,HighSchool
,218060,Trey Gibson,,RB,2,0.72,3423,2023,HighSchool
,218059,Tyler Michelini,,DL,2,0.72,3423,2023,HighSchool
,218058,Dom Ference,,IOL,2,0.72,3423,2023,HighSchool
,218075,Isaac Saffold,Drake,DL,2,0.72,3423,2023,HighSchool
,218074,Erick Jones,,CB,2,0.72,3423,2023,HighSchool
,218073,Kyle Manikhoth,,CB,2,0.72,3423,2023,HighSchool
,218072,Jackson Overton,,RB,2,0.72,3423,2023,HighSchool
,218071,Raymond Lane,,OT,2,0.72,3423,2023,HighSchool
,218070,Jayce Ordiway,,OT,2,0.72,3423,2023,HighSchool
,218078,Zaire Fortune,,ATH,2,0.71,3442,2023,HighSchool
,218077,Ellis Shamsid-Deen,,WR,2,0.71,3442,2023,HighSchool
,218076,Ry Fullerton,,RB,2,0.71,3442,2023,HighSchool
,218083,Christian White,Fresno State,S,2,0.71,3442,2023,HighSchool
,218082,Lukas Habelt,,ATH,2,0.71,3442,2023,HighSchool
,218081,Orion Null,,LB,2,0.71,3442,2023,HighSchool
,218080,Jacob Gastrock,,ATH,2,0.71,3442,2023,HighSchool
,218079,Tony McAdoo,,ATH,2,0.71,3442,2023,HighSchool
,218087,Kevin Underwood,,S,2,0.7,3450,2023,HighSchool
,218085,Malaki Leach,,ATH,2,0.7,3450,2023,HighSchool
,218084,Charles Conner,,QB,2,0.7,3450,2023,HighSchool
,218086,Cane Mack,,QB,2,0.7,3450,2023,HighSchool
5122035,218088,Troy Wertman,Central Michigan,ATH,2,0.07,3454,2023,HighSchool
5088803,256643,Eli Wallace,Sam Houston,EDGE,,,,2023,HighSchool
5151827,256542,Robert Hammond III,Florida Atlantic,K,,,,2023,HighSchool
5151515,256632,Ajahvea Robinson,Northern Illinois,DL,,,,2023,HighSchool
5151511,256630,Filip Maciorowski,Northern Illinois,LB,,,,2023,HighSchool
5151526,256590,M.J. Johnson,Troy,WR,,,,2023,HighSchool
5151980,256649,Arkel Anugwom,Ball State,IOL,,,,2023,HighSchool
5086414,256797,Noah Boulieu,Jackson State,LB,,,,2023,HighSchool
5151512,256633,Christian Medlock,Northern Illinois,IOL,,,,2023,HighSchool
5152606,257113,Ricky Gonzalez,Fordham,WR,,,,2023,HighSchool
5085839,256910,Kayleb Wagner,Southern Illinois,RB,,,,2023,HighSchool
5152347,257162,Adam Zouagui,Davidson,K,,,,2023,HighSchool
5151435,257054,Rykin Maxwell,James Madison,WR,,,,2023,HighSchool
5151434,257042,Cameron Jones,James Madison,OT,,,,2023,HighSchool
5152415,256893,Brevin Hamblin,Utah Tech,S,,,,2023,HighSchool
5151401,256524,Javion Smith-Combs,Colorado State,EDGE,,,,2023,HighSchool
5151174,256494,Garrett Morphis,Texas Tech,IOL,,,,2023,HighSchool
5151226,256776,Trimaine Brown,Bowling Green,ATH,,,,2023,HighSchool
5151225,256777,Romello Flowers,Bowling Green,DL,,,,2023,HighSchool
5151022,256497,Kevin Longstreet,Louisville,CB,,,,2023,HighSchool
5153066,256521,Mahki Whitney,Washington State,ATH,,,,2023,HighSchool
5153150,256477,Jack Susnjar,USC,IOL,,,,2023,HighSchool
5150931,256999,Jackson Veasy,Jacksonville State,DL,,,,2023,HighSchool
5151043,256843,Ephraim Deese,Charlotte,DL,,,,2023,HighSchool
5153258,256997,Jacob Baker,Eastern Kentucky,P,,,,2023,HighSchool
5151049,256842,PJ Wilkins,Charlotte,OT,,,,2023,HighSchool
5152923,256558,Mitchell Butler,Southern Miss,TE,,,,2023,HighSchool
5091827,256905,Jalen Hand,Western Kentucky,DL,,,,2023,HighSchool
5150922,257003,K.D. Arnold,Jacksonville State,OT,,,,2023,HighSchool
5092213,256658,Kaden Stanton,New Mexico State,OT,,,,2023,HighSchool
5150921,257009,Cam Griffin,Jacksonville State,IOL,,,,2023,HighSchool
5153782,257115,Amari Odom,Wofford,QB,,,,2023,HighSchool
5151041,256846,Brian Bates,Charlotte,LB,,,,2023,HighSchool
5150917,257008,Dee Newsome,Jacksonville State,CB,,,,2023,HighSchool
5150882,256502,Caleb Nitta,Virginia Tech,IOL,,,,2023,HighSchool
5150904,257005,Cam Vaughn,Jacksonville State,QB,,,,2023,HighSchool
5153763,256952,Devin Hunter,Tennessee Tech,S,,,,2023,HighSchool
5153730,256869,Jaden Barnes,Austin Peay,WR,,,,2023,HighSchool
5153755,256951,Marcellus Jackson,Tennessee Tech,WR,,,,2023,HighSchool
5150903,257004,Zechariah Poyser,Jacksonville State,S,,,,2023,HighSchool
5153849,256974,Daniel Lipovski,Delaware,QB,,,,2023,HighSchool
5153783,257114,Pauly Seeley V,Wofford,QB,,,,2023,HighSchool
5150901,257006,Geimere Latimer Jr.,Jacksonville State,CB,,,,2023,HighSchool
5153652,256589,Zion Andreasen,Utah State,DL,,,,2023,HighSchool
5153762,256949,Cayman Spaulding,Tennessee Tech,LB,,,,2023,HighSchool
5150866,256530,Christian Womack,Purdue,RB,,,,2023,HighSchool
5092411,256809,Evan Blalock,UL Monroe,CB,,,,2023,HighSchool
5154291,256882,Mitchell Toney,Missouri State,DL,,,,2023,HighSchool
5154278,256878,Jayden Becks,Missouri State,RB,,,,2023,HighSchool
5154294,256880,Tim Brantley Jr.,Missouri State,DL,,,,2023,HighSchool
5092455,256807,Zach Moore,UL Monroe,IOL,,,,2023,HighSchool
5154245,257098,Jacob Ulrich,Kennesaw State,P,,,,2023,HighSchool
5150460,256966,John Neider,UConn,WR,,,,2023,HighSchool
5154734,257059,Griffin Wilde,South Dakota State,WR,,,,2023,HighSchool
5154732,257060,Kirby Vorhees,South Dakota State,RB,,,,2023,HighSchool
5154855,256936,Cutter Stewart,Houston Christian,QB,,,,2023,HighSchool
5154884,257010,Makai Shahid,Youngstown State,CB,,,,2023,HighSchool
5155193,256762,Corey Thompson Jr.,UNLV,WR,,,,2023,HighSchool
5155191,256760,Rashawn Jackson,UNLV,WR,,,,2023,HighSchool
5150330,256613,TJ Andrews,Army,RB,,,,2023,HighSchool
5150321,256606,Parker Williams,Army,WR,,,,2023,HighSchool
5150299,256607,Carlos Alvarado,Army,K,,,,2023,HighSchool
5155026,256889,Phoenix Grant,Yale,QB,,,,2023,HighSchool
5155033,256888,Spencer Mermans,Yale,TE,,,,2023,HighSchool
5156042,256529,Jaz Boykin,Indiana,CB,,,,2023,HighSchool
5150300,256609,Champ Harris,Army,QB,,,,2023,HighSchool
5078815,256786,TaShawn Jeter,Marshall,CB,,,,2023,HighSchool
5125897,256634,Kobe Askew,Northern Illinois,WR,,,,2023,HighSchool
5156214,256927,D'Arius Carmouche,Incarnate Word,CB,,,,2023,HighSchool
5079055,257045,Derrick Barksdale,James Madison,CB,,,,2023,HighSchool
5156229,256929,AJ Harris,Incarnate Word,S,,,,2023,HighSchool
5092352,257048,Chris Lofton,James Madison,WR,,,,2023,HighSchool
5125734,256749,Luke McGary,Tulsa,EDGE,,,,2023,HighSchool
5156930,256563,Mason Clinton,Louisiana,DL,,,,2023,HighSchool
5125733,256570,Joey Mattord,Eastern Michigan,RB,,,,2023,HighSchool
5125760,256700,Caleb Bryant,Old Dominion,IOL,,,,2023,HighSchool
5125842,256627,Joey Lightfoot,UTEP,DL,,,,2023,HighSchool
5125851,256628,Jackson Weng,UTEP,WR,,,,2023,HighSchool
5125742,256746,Bennett Ringleb,Tulsa,IOL,,,,2023,HighSchool
5157410,257154,Charly Mullaly,Holy Cross,WR,,,,2023,HighSchool
5125772,256769,Ja'Darious Morris,Middle Tennessee,DL,,,,2023,HighSchool
5125908,256526,Terryonte Taylor,Colorado State,WR,,,,2023,HighSchool
5157400,257151,Drew Spinogatti,Holy Cross,LB,,,,2023,HighSchool
5125896,256571,Chase Arrington,Eastern Michigan,CB,,,,2023,HighSchool
5125847,256626,Jalile Bost,UTEP,WR,,,,2023,HighSchool
5125746,256689,Donivon Thomas,Toledo,TE,,,,2023,HighSchool
5157412,257156,Maxwell Warren,Holy Cross,WR,,,,2023,HighSchool
5125781,256719,Jones Thomas,Wyoming,S,,,,2023,HighSchool
5125741,256747,Tyler Rich,Tulsa,DL,,,,2023,HighSchool
5157411,257159,Luke Petitta,Holy Cross,TE,,,,2023,HighSchool
5125823,256644,DJ McKinney,Sam Houston,RB,,,,2023,HighSchool
5157391,257153,Jayden Clerveaux,Holy Cross,RB,,,,2023,HighSchool
5125849,256591,Dorion Jackson,Troy,S,,,,2023,HighSchool
5157415,257152,Brice Stevenson,Holy Cross,DL,,,,2023,HighSchool
5078018,256659,Naeten Mitchell,New Mexico State,S,,,,2023,HighSchool
5157398,257149,Eli Thompson,Holy Cross,CB,,,,2023,HighSchool
5101119,256685,Jayden House,Portland State,EDGE,,,,2023,HighSchool
5125774,256770,Chayce Smith,Middle Tennessee,DL,,,,2023,HighSchool
5157281,256731,Marlon Corey II,Coastal Carolina,OT,,,,2023,HighSchool
5125801,256597,Elijah Prather,Troy,OT,,,,2023,HighSchool
5158401,256744,Jackson Johnson,Tulsa,QB,,,,2023,HighSchool
5158402,256582,Elijah Williams,UAB,DL,,,,2023,HighSchool
5125821,256766,Markel James,Middle Tennessee,LB,,,,2023,HighSchool
5101121,256698,Trenton Kintigh,Old Dominion,DL,,,,2023,HighSchool
5125769,256771,James Jackson III,Middle Tennessee,S,,,,2023,HighSchool
5101116,256848,Colin Coates,Charlotte,DL,,,,2023,HighSchool
5125751,256621,Marcus Woodley,Western Michigan,CB,,,,2023,HighSchool
5104855,257000,Dajwon DeLoach,Jacksonville State,LB,,,,2023,HighSchool
5159142,256652,Zach Haber,New Mexico State,LS,,,,2023,HighSchool
5159149,256656,Angel Munoz,New Mexico State,ATH,,,,2023,HighSchool
5159501,256491,Noah Bustard,Nebraska,LB,,,,2023,HighSchool
5108223,256919,Brock Winsett,Colgate,EDGE,,,,2023,HighSchool
5124203,256730,Trelon Slade,Coastal Carolina,WR,,,,2023,HighSchool
5125525,256781,Jahzae Kimbrough,Kent State,ATH,,,,2023,HighSchool
5125725,256699,Spencer Dow,Old Dominion,IOL,,,,2023,HighSchool
5159830,256508,Jamaal Young,Arizona State,WR,,,,2023,HighSchool
5159883,256517,Joseph Stoever,Georgia Tech,LS,,,,2023,HighSchool
5159964,256696,Jordan Saunders,Old Dominion,CB,,,,2023,HighSchool
5110129,257001,Ridge Redd,Jacksonville State,TE,,,,2023,HighSchool
5110157,257047,Ibrahim Barry,James Madison,WR,,,,2023,HighSchool
5109793,256549,Zyheem Coleman-Frazier,Temple,WR,,,,2023,HighSchool
5125721,256574,Jonathan Allen,UAB,EDGE,,,,2023,HighSchool
5160240,256586,Hamilton DiBoyan,South Alabama,K,,,,2023,HighSchool
5120317,256596,Jordan Lovett,Troy,ATH,,,,2023,HighSchool
5125729,256748,RJ Jackson Jr.,Tulsa,TE,,,,2023,HighSchool
5124993,256713,Edward Blacklock,New Mexico,CB,,,,2023,HighSchool
5160687,257092,Jaxson Davis,Mississippi Valley State,TE,,,,2023,HighSchool
5121750,257049,Yamir Knight,James Madison,WR,,,,2023,HighSchool
5121994,256547,Melvin Siani,Temple,OT,,,,2023,HighSchool
5160752,256515,Colin O'Sullivan,Rutgers,QB,,,,2023,HighSchool
5121711,256637,Ayden Jackson,Georgia Southern,WR,,,,2023,HighSchool
5124132,256714,Austin Ackel,New Mexico,LB,,,,2023,HighSchool
5121720,256908,Noah Meyers,Western Kentucky,TE,,,,2023,HighSchool
5121768,256548,Dante Atton,Temple,P,,,,2023,HighSchool
5121759,256810,La'Garrius Sims,UL Monroe,LB,,,,2023,HighSchool
5121892,256475,Dylan Joyce,Miami,P,,,,2023,HighSchool
5121755,257050,Samson Ogunade,James Madison,DL,,,,2023,HighSchool
5121754,257043,Mychal McMullin,James Madison,DL,,,,2023,HighSchool
5161631,256498,Jack Blythe,North Carolina,S,,,,2023,HighSchool
5161639,256538,Jadyn Oh,Syracuse,K,,,,2023,HighSchool
5162847,256567,Nick Reed,Buffalo,K,,,,2023,HighSchool
5162695,256650,Caleb Vogel,Ball State,DL,,,,2023,HighSchool
5163074,256789,Mathis Haygood,Marshall,LB,,,,2023,HighSchool
5122043,256631,Jaylen Poe,Northern Illinois,RB,,,,2023,HighSchool
5163008,257075,DeMichael Porter,Texas Southern,WR,,,,2023,HighSchool
5163088,256793,Nathan Totten,Marshall,P,,,,2023,HighSchool
5121757,256704,Ethan Presutty,Old Dominion,WR,,,,2023,HighSchool
5121998,256844,Lacota Dippre,Charlotte,TE,,,,2023,HighSchool
5163078,256787,Ian Foster,Marshall,CB,,,,2023,HighSchool
5121773,256503,Aidan Gilmore,Iowa State,IOL,,,,2023,HighSchool
5163022,256711,Ezra Sexton,New Mexico,WR,,,,2023,HighSchool
5163021,256710,Jake Godfrey,New Mexico,WR,,,,2023,HighSchool
4923296,256814,Dahlyn Jones,Weber State,WR,,,,2023,HighSchool
4950393,256639,Branden Palmer,Georgia Southern,EDGE,,,,2023,HighSchool
5122042,256525,Dylan Phelps,Colorado State,CB,,,,2023,HighSchool
5121879,256539,Keshaun Singleton,South Florida,WR,,,,2023,HighSchool
5167781,257038,Jarvis Anderson,Stephen F. Austin,WR,,,,2023,HighSchool
5121787,256624,Eddie Osei-Nketia,Hawai'i,WR,,,,2023,HighSchool
5121747,256806,Immanuel Hawkins,UL Monroe,DL,,,,2023,HighSchool
5121744,257056,Collin Carroll,James Madison,TE,,,,2023,HighSchool
5121722,256550,Jordan Montgomery,Temple,LB,,,,2023,HighSchool
5172403,256791,Alec Clark,Marshall,P,,,,2023,HighSchool
5121715,256729,Spencer Kishbaugh,Coastal Carolina,LB,,,,2023,HighSchool
5122007,256840,Micah Sumpter,Charlotte,OT,,,,2023,HighSchool
5121721,256765,Jekail Middlebrook,Middle Tennessee,ATH,,,,2023,HighSchool
4882735,257129,Ja'Kai Young,Gardner-Webb,CB,,,,2023,HighSchool
5121707,256904,Jarvis Hayes,Western Kentucky,WR,,,,2023,HighSchool
5150539,256506,Zarius Wells,Arizona,IOL,,,,2023,HighSchool
5088802,256850,David Spruiells,Northern Arizona,S,,,,2023,HighSchool
5121756,256598,Ty'Quarius Perry,Troy,DL,,,,2023,HighSchool
,256920,Todd Drummond,South Dakota,QB,,,,2023,HighSchool
,256921,Lendon Phillips Jr.,South Dakota,RB,,,,2023,HighSchool
,256922,Brandon Smith,South Dakota,IOL,,,,2023,HighSchool
,256923,Lawson Petty,Incarnate Word,IOL,,,,2023,HighSchool
,256925,Rasheed Jackson,Incarnate Word,OT,,,,2023,HighSchool
,256926,Jameson Garcia,Incarnate Word,WR,,,,2023,HighSchool
,256928,Logan Granville,Incarnate Word,EDGE,,,,2023,HighSchool
,256930,Dane Farley,Incarnate Word,TE,,,,2023,HighSchool
,256931,Patrick Batiste,Incarnate Word,CB,,,,2023,HighSchool
,256932,Jeremiah Robinson,Incarnate Word,DL,,,,2023,HighSchool
,256933,Christian Fitchett,Incarnate Word,OT,,,,2023,HighSchool
,256934,Noah Yeh,San Diego,EDGE,,,,2023,HighSchool
,256935,Tyree Trusty,San Diego,RB,,,,2023,HighSchool
,256938,Vontrelle Sanders,Houston Christian,WR,,,,2023,HighSchool
,256939,Jaylon Stone,Southeast Missouri State,DL,,,,2023,HighSchool
,256940,Jehchys Brown,Southeast Missouri State,DL,,,,2023,HighSchool
,256941,Donnie Cheers,Southeast Missouri State,WR,,,,2023,HighSchool
,256942,Farand Washington,Southeast Missouri State,WR,,,,2023,HighSchool
,256943,Jamarcus Smith,Illinois State,LB,,,,2023,HighSchool
,256944,Joshua Ficklin,Illinois State,RB,,,,2023,HighSchool
,256945,Paul Omodia,Illinois State,S,,,,2023,HighSchool
,256946,Patrick Bauer,Illinois State,LB,,,,2023,HighSchool
,256947,Toby Bolton,Tennessee Tech,CB,,,,2023,HighSchool
,256948,Jeremiah Sandiford,Tennessee Tech,DL,,,,2023,HighSchool
,256950,Myles Parker,Tennessee Tech,DL,,,,2023,HighSchool
,256967,Jason Patterson,Duquesne,EDGE,,,,2023,HighSchool
,256968,Luke LoPresti,Duquesne,QB,,,,2023,HighSchool
,256969,Jack Dunkley,Duquesne,EDGE,,,,2023,HighSchool
,256970,DJ Cerisier,Duquesne,CB,,,,2023,HighSchool
,256973,Daniel Tarabrella,Duquesne,LB,,,,2023,HighSchool
,256975,Anwar O'neal,Delaware,OT,,,,2023,HighSchool
,256976,Anthony Caccese,Delaware,IOL,,,,2023,HighSchool
,256981,Todd Williams,Delaware,DL,,,,2023,HighSchool
,256982,Jacek Blaszynski,Indiana State,IOL,,,,2023,HighSchool
,256983,Brandon Amaniampong,Indiana State,TE,,,,2023,HighSchool
,256984,Grady Stanley,Indiana State,LB,,,,2023,HighSchool
,256985,Angelo St. Louis,Indiana State,RB,,,,2023,HighSchool
,256988,Carter Schmidt,Indiana State,IOL,,,,2023,HighSchool
,256989,Grant Shelton,Indiana State,CB,,,,2023,HighSchool
,256990,Zach Simpson,Indiana State,OT,,,,2023,HighSchool
,256991,Jorge Valdes,Indiana State,S,,,,2023,HighSchool
,256993,Josiah Chenault,Howard,IOL,,,,2023,HighSchool
,256994,Ishaun Abdul Ali,Howard,EDGE,,,,2023,HighSchool
,256996,Maddox Marcellus,Eastern Kentucky,LB,,,,2023,HighSchool
,256998,Landon Smith,Eastern Kentucky,ATH,,,,2023,HighSchool
,257012,Wyatt Minor,Youngstown State,OT,,,,2023,HighSchool
,257013,Sebastian Espinoza,Youngstown State,OT,,,,2023,HighSchool
,257014,Dallas Harper,Youngstown State,S,,,,2023,HighSchool
,257015,Maximus Lockett,Youngstown State,ATH,,,,2023,HighSchool
,257016,Dashawn Carter,Youngstown State,EDGE,,,,2023,HighSchool
,257018,Tyler Erkman,North Dakota,WR,,,,2023,HighSchool
,257019,Braden Mohr,North Dakota,DL,,,,2023,HighSchool
,257020,Tre Guerra,Central Arkansas,QB,,,,2023,HighSchool
,257022,Torik Aigbedion,Central Arkansas,CB,,,,2023,HighSchool
,257023,Miguel Graham,Central Arkansas,S,,,,2023,HighSchool
,257024,Cedric Harden Jr.,Central Arkansas,ATH,,,,2023,HighSchool
,257026,Broderick Johnson,Stephen F. Austin,EDGE,,,,2023,HighSchool
,257028,Jaymon Lamb,Stephen F. Austin,OT,,,,2023,HighSchool
,257029,Chimdia Nwaiwu,Stephen F. Austin,OT,,,,2023,HighSchool
,257030,Tug Sanford,Stephen F. Austin,LS,,,,2023,HighSchool
,257033,Tyler Hutcherson,Stephen F. Austin,CB,,,,2023,HighSchool
,257034,Santana Wilson,Stephen F. Austin,CB,,,,2023,HighSchool
,257035,Elias Dejean,Stephen F. Austin,WR,,,,2023,HighSchool
,257036,Gavin Rutherford,Stephen F. Austin,QB,,,,2023,HighSchool
,257057,Keoni Perkins,Dartmouth,DL,,,,2023,HighSchool
,257058,Kaden Brown,South Dakota State,QB,,,,2023,HighSchool
,257061,Davin Stoffel,South Dakota State,TE,,,,2023,HighSchool
,257062,Ashton Nawrocki,Butler,EDGE,,,,2023,HighSchool
,257064,Keshawn Harrington-McKinney,Western Illinois,IOL,,,,2023,HighSchool
,257065,Oshobi Odior,Western Illinois,DL,,,,2023,HighSchool
,257066,Willard Ferrell,Presbyterian,CB,,,,2023,HighSchool
,257067,Nic DiSanto,Eastern Illinois,IOL,,,,2023,HighSchool
,257069,Pat Darelus,Eastern Illinois,CB,,,,2023,HighSchool
,257070,Jacob Russell,Valparaiso,IOL,,,,2023,HighSchool
,257072,Greg Knox,McNeese,OT,,,,2023,HighSchool
,257073,Jaylon Hall-Wright,McNeese,LB,,,,2023,HighSchool
,257074,Jack Schierholz,Arkansas-Pine Bluff,QB,,,,2023,HighSchool
,257076,Ebuka Okafor,Texas Southern,IOL,,,,2023,HighSchool
,257080,Kyle Fay,Villanova,OT,,,,2023,HighSchool
,257082,Chris McCullers,Villanova,IOL,,,,2023,HighSchool
,257083,Jayvont Williams,Villanova,ATH,,,,2023,HighSchool
,257086,Johnny Cauley,Murray State,WR,,,,2023,HighSchool
,257087,Spencer Davis,Murray State,IOL,,,,2023,HighSchool
,257088,Kevin Emmanuel,Murray State,RB,,,,2023,HighSchool
,257091,Logan Locklear,The Citadel,OT,,,,2023,HighSchool
,257093,James Bradley,Mississippi Valley State,EDGE,,,,2023,HighSchool
,257094,Gatlin Hancock,Kennesaw State,OT,,,,2023,HighSchool
,257095,Andre Craig,Kennesaw State,ATH,,,,2023,HighSchool
,257096,Jaylan Jarrett,Kennesaw State,DL,,,,2023,HighSchool
,257097,Ethan Newman,Kennesaw State,IOL,,,,2023,HighSchool
,257100,Que Billingsley,Kennesaw State,CB,,,,2023,HighSchool
,257103,Brody Balliew,Furman,OT,,,,2023,HighSchool
,257104,Ja'Keith Hamilton,Furman,WR,,,,2023,HighSchool
,257105,John Holbrook,Furman,WR,,,,2023,HighSchool
,257107,Logan Quates,Alcorn State,WR,,,,2023,HighSchool
,257108,Ahstin Watkins,Alcorn State,ATH,,,,2023,HighSchool
,257109,Roderick Hartsfield,Alcorn State,QB,,,,2023,HighSchool
,257110,Doug Nelson,Alcorn State,WR,,,,2023,HighSchool
,257111,Blake Howard,East Tennessee State,LS,,,,2023,HighSchool
,257116,O'marion Brown,Wofford,DL,,,,2023,HighSchool
,257121,Devin Davis,Alabama State,EDGE,,,,2023,HighSchool
,257123,Christian Harris,Chattanooga,ATH,,,,2023,HighSchool
,257125,Izzy Clark-White,Monmouth,CB,,,,2023,HighSchool
,257130,Luke Rector,Gardner-Webb,IOL,,,,2023,HighSchool
,257131,Oscar Colon,Gardner-Webb,OT,,,,2023,HighSchool
,257132,Will Fitzpatrick,Gardner-Webb,OT,,,,2023,HighSchool
,257136,Jaâ€™vieane Stevens,Bethune-Cookman,EDGE,,,,2023,HighSchool
,257137,Jaylen Patterson,Savannah State,QB,,,,2023,HighSchool
,257138,Lexington Matthews,Savannah State,P,,,,2023,HighSchool
,257139,Xavier Esquillen,Savannah State,EDGE,,,,2023,HighSchool
,257140,Kyai Cook,Brown,WR,,,,2023,HighSchool
,257141,Brady Dever,Brown,QB,,,,2023,HighSchool
,257142,Danny Thompson,Brown,OT,,,,2023,HighSchool
,257144,Cooper Blomstrom,Georgetown,EDGE,,,,2023,HighSchool
,257145,Bijay Boldin,Georgetown,S,,,,2023,HighSchool
,257146,Ude Enyeribe,Georgetown,RB,,,,2023,HighSchool
,257147,Cody Pham,Georgetown,LB,,,,2023,HighSchool
,257148,Cam Santee,Holy Cross,LB,,,,2023,HighSchool
,257150,Cam Jones,Holy Cross,CB,,,,2023,HighSchool
,257155,Daniel Porto,Holy Cross,K,,,,2023,HighSchool
,257157,Colin Beesley,Holy Cross,OT,,,,2023,HighSchool
,257158,Josh Jenkins,Holy Cross,QB,,,,2023,HighSchool
,257160,Ahmari Owens,Columbia,OT,,,,2023,HighSchool
,257163,Kendell Anderson,Morgan State,QB,,,,2023,HighSchool
,257165,Jason Collins Jr.,Morgan State,RB,,,,2023,HighSchool
,257166,Elijah McKenzie,Morgan State,CB,,,,2023,HighSchool
,257167,Janard Lockhardt,Morgan State,CB,,,,2023,HighSchool
,257168,Kahari Finley,Morgan State,OT,,,,2023,HighSchool
,257169,Lance Byndon,Morgan State,LB,,,,2023,HighSchool
,257170,Hadine Diaby,Tennessee State,IOL,,,,2023,HighSchool
,257172,Mecca Carr-Bordeaux,Tennessee State,DL,,,,2023,HighSchool
,257173,Darius Neals,Tennessee State,IOL,,,,2023,HighSchool
,257174,Jase Hoath,Tennessee State,TE,,,,2023,HighSchool
,257176,Rion Roseborough,Towson,DL,,,,2023,HighSchool
,257177,Darren Burton II,New Hampshire,CB,,,,2023,HighSchool
,257179,Sean Webb,New Hampshire,CB,,,,2023,HighSchool
,257180,Jordan McAllister,New Hampshire,EDGE,,,,2023,HighSchool
,257181,Joshua Farquharson,New Hampshire,ATH,,,,2023,HighSchool
,257182,Jaâ€™Bari Odoemenem,Maine,TE,,,,2023,HighSchool
,257183,Devin Vaught,Maine,S,,,,2023,HighSchool
,257184,Xavier Lozowicki,Maine,IOL,,,,2023,HighSchool
,257185,Ta'kai Chisolm,Maine,TE,,,,2023,HighSchool
,257186,BJ Mayes,Maine,LB,,,,2023,HighSchool
,257187,Shaku Sangarie,Drake,EDGE,,,,2023,HighSchool
5152839,257128,Jaylen King,Gardner-Webb,QB,,,,2023,HighSchool
5152609,257112,Andrew Osmun,Fordham,S,,,,2023,HighSchool
5152165,256519,Tylan Dunn,Memphis,S,,,,2023,HighSchool
5152153,256514,Tyler Mizzell,Wake Forest,QB,,,,2023,HighSchool
5151618,256742,Kirk Francis,Tulsa,QB,,,,2023,HighSchool
5151694,256686,Kaden Holmes,Toledo,S,,,,2023,HighSchool
5151666,256579,Miquon Merriweather,UAB,DL,,,,2023,HighSchool
5151683,256782,Braylon Smith,Kent State,IOL,,,,2023,HighSchool
5151623,256741,Angus Davies,Tulsa,P,,,,2023,HighSchool
5151141,256751,Isaac Kone,Georgia State,K,,,,2023,HighSchool
5151134,256907,Leavy Johnson,Western Kentucky,IOL,,,,2023,HighSchool
5151151,256512,Shea Freibaum,Oklahoma State,LS,,,,2023,HighSchool
5151072,256533,Lance Bassett,Kansas,DL,,,,2023,HighSchool
5151110,256636,J'Shawn Anderson,Georgia Southern,RB,,,,2023,HighSchool
5150786,256622,Makenzie McGill II,North Texas,RB,,,,2023,HighSchool
5150275,256486,Kaylon Morris,Arkansas,WR,,,,2023,HighSchool
5150268,256488,Luke Johnston,Arkansas,TE,,,,2023,HighSchool
5150258,256485,Emmanuel Crawford,Arkansas,RB,,,,2023,HighSchool
5122108,256702,Brock Walters,Old Dominion,LS,,,,2023,HighSchool
5122093,256641,Matthew Williams,Georgia Southern,IOL,,,,2023,HighSchool
5122159,257007,Daveion Harley,Jacksonville State,IOL,,,,2023,HighSchool
5122155,256805,Brady Tillman III,UL Monroe,WR,,,,2023,HighSchool
5122077,256758,Charlie Williams,UNLV,TE,,,,2023,HighSchool
5122147,256691,Vaughn Blue,Liberty,RB,,,,2023,HighSchool
5122060,256780,Peyton Faulkner,Kent State,TE,,,,2023,HighSchool
5122083,256718,Jayden Williams,Wyoming,DL,,,,2023,HighSchool
5122092,256593,Tim Roberson,Troy,CB,,,,2023,HighSchool
5122072,256715,Nic Trujillo,New Mexico,WR,,,,2023,HighSchool
5122054,256712,Aidan Armenta,New Mexico,QB,,,,2023,HighSchool
5122090,256560,Zavion Coleman,Louisiana,DL,,,,2023,HighSchool
5122109,256592,Colton Walls,Troy,ATH,,,,2023,HighSchool
5120977,257052,Maxwell Moss,James Madison,WR,,,,2023,HighSchool
5121703,256690,Donovan Dozier,Liberty,EDGE,,,,2023,HighSchool
5121696,256647,Nate Burleson II,Nevada,WR,,,,2023,HighSchool
5121607,257046,Ke'Marion Baldwin,James Madison,RB,,,,2023,HighSchool
5121693,256717,Bricen Brantley,Wyoming,WR,,,,2023,HighSchool
5121691,256653,Blaze Berlowitz,New Mexico State,QB,,,,2023,HighSchool
5121616,256750,Grayson Tempest,Tulsa,WR,,,,2023,HighSchool
5121318,256655,Mason Graham,New Mexico State,QB,,,,2023,HighSchool
5103800,256695,Zach Dantzlerward,Old Dominion,DL,,,,2023,HighSchool
5092692,256594,Billy Gilmore,Troy,IOL,,,,2023,HighSchool
5092693,256965,Toluwanimi Tunde,UConn,OT,,,,2023,HighSchool
5092568,256962,Chris Hudson,UConn,CB,,,,2023,HighSchool
5092252,257051,Jack Mowrey,James Madison,LS,,,,2023,HighSchool
5092221,256474,Badger Hargett,LSU,P,,,,2023,HighSchool
5092238,256688,Chris D'Appolonia,Toledo,LB,,,,2023,HighSchool
5092271,256527,Buom Jock,Colorado State,WR,,,,2023,HighSchool
5089319,256588,Reggie Foster,Utah State,RB,,,,2023,HighSchool
5085002,256779,Evan Cooke,Kent State,OT,,,,2023,HighSchool
5080304,257053,Evan Spivey,James Madison,WR,,,,2023,HighSchool
5077340,256957,Cleto Chol,UConn,ATH,,,,2023,HighSchool
5077811,256961,Carsten Casady,UConn,DL,,,,2023,HighSchool
5077481,256660,Ishmael Aceves,New Mexico State,LB,,,,2023,HighSchool
4921399,256693,Tajh Boyd,Liberty,OT,,,,2023,HighSchool
5163069,256790,Gerald Campbell,Marshall,WR,,,,2023,HighSchool
5153430,257089,Bradlee Jones,The Citadel,CB,,,,2023,HighSchool
5088793,256661,Josiah Charles,New Mexico State,CB,,,,2023,HighSchool
5092281,256708,Evan Wysong,New Mexico,WR,,,,2023,HighSchool
5154766,256911,Chris Presto,Southern Illinois,LB,,,,2023,HighSchool
5101120,256845,Kameron Howard,Charlotte,S,,,,2023,HighSchool
,256473,Isaiah Stone,LSU,WR,,,,2023,HighSchool
,256476,Owen Ruskavich,Miami,TE,,,,2023,HighSchool
,256481,Ryan Burtin,Texas A&M,WR,,,,2023,HighSchool
,256493,Trevon Kinchen,Nebraska,RB,,,,2023,HighSchool
,256495,Jacob Hand,Texas Tech,K,,,,2023,HighSchool
,256507,Kayden Luke,Arizona,RB,,,,2023,HighSchool
,256516,Andrew Nelms,Georgia Tech,K,,,,2023,HighSchool
,256523,Jarrett Reeser,Boise State,P,,,,2023,HighSchool
,256528,Clayton Allen,Indiana,LB,,,,2023,HighSchool
,256543,Jaden Outar,Florida Atlantic,CB,,,,2023,HighSchool
,256553,Reggie Jones,Temple,LB,,,,2023,HighSchool
,256554,David Kpeglo,Temple,EDGE,,,,2023,HighSchool
,256557,Demonte Greene,Temple,WR,,,,2023,HighSchool
,256564,Jaylen Lawrence,Louisiana,LB,,,,2023,HighSchool
,256573,Markus Meincke,UAB,P,,,,2023,HighSchool
,256578,Tyler Thomas,UAB,DL,,,,2023,HighSchool
,256584,Tyler Patterson,Florida International,K,,,,2023,HighSchool
,256585,Antoine Cobb,Florida International,DL,,,,2023,HighSchool
,256599,Jamarcus Hamilton,Troy,S,,,,2023,HighSchool
,256600,A'mari Wilson,Campbell,EDGE,,,,2023,HighSchool
,256601,Devin Boatwright,Campbell,ATH,,,,2023,HighSchool
,256604,Malakai Railton,Idaho,EDGE,,,,2023,HighSchool
,256608,Bill Young,Army,WR,,,,2023,HighSchool
,256610,Caleb Moran,Army,LB,,,,2023,HighSchool
,256611,Myles Arterberry,Army,RB,,,,2023,HighSchool
,256612,Matt Gemma,Army,DL,,,,2023,HighSchool
,256614,Malcolm Anderson,Army,ATH,,,,2023,HighSchool
,256616,Justin Green,Army,CB,,,,2023,HighSchool
,256617,Sam Waters,Army,OT,,,,2023,HighSchool
,256618,Phineas Allen,Army,CB,,,,2023,HighSchool
,256619,Sam Oppenheimer,Army,LB,,,,2023,HighSchool
,256620,Ethan Washington,Army,QB,,,,2023,HighSchool
,256629,Zachary Essih,UTEP,TE,,,,2023,HighSchool
,256635,Zach Gordon,Northern Illinois,K,,,,2023,HighSchool
,256651,Kai Wheeler,New Mexico State,IOL,,,,2023,HighSchool
,256654,Gabe Jones,New Mexico State,DL,,,,2023,HighSchool
,256662,Quentin Hayes,Air Force,QB,,,,2023,HighSchool
,256663,David Santiago,Air Force,LB,,,,2023,HighSchool
,256664,Dominic Diaz,Air Force,LS,,,,2023,HighSchool
,256665,Nicholas Beckwith,Air Force,S,,,,2023,HighSchool
,256666,Cole Nilles,Air Force,LB,,,,2023,HighSchool
,256667,Mitchell Blakeslee,Air Force,OT,,,,2023,HighSchool
,256668,Luke Fisher,Air Force,TE,,,,2023,HighSchool
,256669,Jonathan Ashford,Air Force,OT,,,,2023,HighSchool
,256670,Dermot White,Air Force,RB,,,,2023,HighSchool
,256671,Jansen Ware,Air Force,IOL,,,,2023,HighSchool
,256672,Grant Rountree,Air Force,LS,,,,2023,HighSchool
,256673,Luke Rogers,Air Force,IOL,,,,2023,HighSchool
,256674,Greg Hatley,Air Force,ATH,,,,2023,HighSchool
,256675,Carter McElhany,Air Force,WR,,,,2023,HighSchool
,256676,Justus Perales,Air Force,IOL,,,,2023,HighSchool
,256677,Josh Johnson,Air Force,QB,,,,2023,HighSchool
,256678,Ian Fisher,Air Force,IOL,,,,2023,HighSchool
,256679,Keegan Bass,Air Force,WR,,,,2023,HighSchool
,256680,Kade Tompkins,Air Force,DL,,,,2023,HighSchool
,256681,Brody Bujnoch,Air Force,LB,,,,2023,HighSchool
,256682,Kaden Freeman,Air Force,DL,,,,2023,HighSchool
,256683,Griffin Stalfort,Air Force,IOL,,,,2023,HighSchool
,256684,Donte Hookfin,Portland State,DL,,,,2023,HighSchool
,256687,Amare Garrett,Toledo,CB,,,,2023,HighSchool
,256694,Mamadou Cissokho,Liberty,DL,,,,2023,HighSchool
,256705,JoJo Haynes,Old Dominion,ATH,,,,2023,HighSchool
,256706,Jamarr Ebron,Old Dominion,WR,,,,2023,HighSchool
,256709,Hyrum Hatch,New Mexico,LS,,,,2023,HighSchool
,256727,Ahmad Rabah,Akron,DL,,,,2023,HighSchool
,256732,Michael Cogoni,Coastal Carolina,IOL,,,,2023,HighSchool
,256745,Zaid Hamden,Tulsa,DL,,,,2023,HighSchool
,256752,Dominic Braesch,Georgia State,IOL,,,,2023,HighSchool
,256753,Sam Lindsey,Georgia State,LS,,,,2023,HighSchool
,256754,Weston Smith,Princeton,QB,,,,2023,HighSchool
,256755,Barrett Eddlemon,Princeton,OT,,,,2023,HighSchool
,256756,Connor McAllen,Princeton,IOL,,,,2023,HighSchool
,256773,Myles Bradley,Bowling Green,EDGE,,,,2023,HighSchool
,256783,Xander Chisolm,Sacramento State,S,,,,2023,HighSchool
,256794,Bruce Mitchell,Jackson State,S,,,,2023,HighSchool
,256796,Quaveon Davis,Jackson State,OT,,,,2023,HighSchool
,256799,Abraham Myers,North Dakota State,EDGE,,,,2023,HighSchool
,256800,Jaylin Crumby,North Dakota State,S,,,,2023,HighSchool
,256801,Noah Taylor,North Dakota State,S,,,,2023,HighSchool
,256802,Trey Drake,North Dakota State,QB,,,,2023,HighSchool
,256812,Will Way,Weber State,EDGE,,,,2023,HighSchool
,256813,Logan Mackey,Weber State,CB,,,,2023,HighSchool
,256815,Trey Dunn,Navy,QB,,,,2023,HighSchool
,256816,Justin Ross,Navy,CB,,,,2023,HighSchool
,256817,Rolijah Hardy,Navy,LB,,,,2023,HighSchool
,256818,Noah Short,Navy,CB,,,,2023,HighSchool
,256820,Bradley Raredon,Navy,ATH,,,,2023,HighSchool
,256821,Drew Hall,Navy,ATH,,,,2023,HighSchool
,256823,Michael Barrow,Navy,RB,,,,2023,HighSchool
,256824,Connor Heater,Navy,IOL,,,,2023,HighSchool
,256825,Xavier LeJeune,Navy,CB,,,,2023,HighSchool
,256826,Theo Elwell,Navy,EDGE,,,,2023,HighSchool
,256827,Derek Ganter Jr.,Eastern Washington,S,,,,2023,HighSchool
,256828,Jirah Leaupepetele,Eastern Washington,DL,,,,2023,HighSchool
,256830,Jibriel Conde,Grand Valley State,EDGE,,,,2023,HighSchool
,256831,Cannon Mackey,Grand Valley State,IOL,,,,2023,HighSchool
,256832,Khamani Potts,Grand Valley State,EDGE,,,,2023,HighSchool
,256833,Derek Rood,Grand Valley State,EDGE,,,,2023,HighSchool
,256834,Alex McLean,Grand Valley State,RB,,,,2023,HighSchool
,256835,Conor Smith,Grand Valley State,ATH,,,,2023,HighSchool
,256836,Dorijan Jackson,Grand Valley State,WR,,,,2023,HighSchool
,256837,DeAndre Hill,Grand Valley State,TE,,,,2023,HighSchool
,256838,Matthew Nickens,Grand Valley State,S,,,,2023,HighSchool
,256839,Tymere Burton,Charlotte,LB,,,,2023,HighSchool
,256847,Ezekiel Zeff,Charlotte,DL,,,,2023,HighSchool
,256849,Daryl DePass,Charlotte,CB,,,,2023,HighSchool
,256851,Brodrick Stewart,Northern Arizona,DL,,,,2023,HighSchool
,256852,Kyler Wilson,Northern Arizona,S,,,,2023,HighSchool
,256853,Darieus Dixon,Northern Arizona,CB,,,,2023,HighSchool
,256854,Jeno Junius Jr.,Western Carolina,LB,,,,2023,HighSchool
,256855,James Tyre,Western Carolina,WR,,,,2023,HighSchool
,256856,Eric Rasheed,Western Carolina,WR,,,,2023,HighSchool
,256857,Bo Simpson-Nealy,Western Carolina,S,,,,2023,HighSchool
,256859,Kenyon Partridge,Western Carolina,DL,,,,2023,HighSchool
,256860,Antonio Simpson,Western Carolina,CB,,,,2023,HighSchool
,256861,Zach Watson,Western Carolina,IOL,,,,2023,HighSchool
,256862,Marselle Felton,Western Carolina,IOL,,,,2023,HighSchool
,256864,David Hulbert,Western Carolina,TE,,,,2023,HighSchool
,256865,Jai Boyd,Western Carolina,WR,,,,2023,HighSchool
,256868,TJ Hartley,Austin Peay,K,,,,2023,HighSchool
,256871,Ty Williams,Austin Peay,OT,,,,2023,HighSchool
,256872,Malaki Dowell,Austin Peay,RB,,,,2023,HighSchool
,256873,Griffin Throneberry,Austin Peay,ATH,,,,2023,HighSchool
,256874,Josiah Drake,Austin Peay,IOL,,,,2023,HighSchool
,256875,Marceo Collins Jr.,Austin Peay,DL,,,,2023,HighSchool
,256876,Stephen Scourtis,Harvard,EDGE,,,,2023,HighSchool
,256877,Cooper Roy,Missouri State,LB,,,,2023,HighSchool
,256879,Floyd Williams,Missouri State,CB,,,,2023,HighSchool
,256883,Andrew Powdrell,Montana State,CB,,,,2023,HighSchool
,256884,Cedric Jefferson,Montana State,OT,,,,2023,HighSchool
,256885,Chance Wilson,Montana State,QB,,,,2023,HighSchool
,256887,Dylan Cook,Montana,OT,,,,2023,HighSchool
,256890,Garon Duncan,Yale,WR,,,,2023,HighSchool
,256891,Brandon Webster,Yale,ATH,,,,2023,HighSchool
,256894,Eric Olsen,Utah Tech,TE,,,,2023,HighSchool
,256896,Kymani Lautaimi,Idaho State,EDGE,,,,2023,HighSchool
,256897,Bradley Vislisel,Northern Iowa,DL,,,,2023,HighSchool
,256898,Will Frattalone,Northern Iowa,ATH,,,,2023,HighSchool
,256899,Alonzo Morgan,Northern Iowa,CB,,,,2023,HighSchool
,256900,Braylon Kammrad,Northern Iowa,QB,,,,2023,HighSchool
,256901,Emmet Rhoades,Florida A&M,LS,,,,2023,HighSchool
,256902,Cedric Byrd,Florida A&M,CB,,,,2023,HighSchool
,256903,Damir Blakely,Florida A&M,TE,,,,2023,HighSchool
,256912,Elijah Gunn,Southern Illinois,DL,,,,2023,HighSchool
,256914,Darius Beauvoir,Pennsylvania,ATH,,,,2023,HighSchool
,256915,Cadin Olsen,Pennsylvania,QB,,,,2023,HighSchool
,256916,Michael Zack,Pennsylvania,IOL,,,,2023,HighSchool
5092232,256480,Ryan Barker,Penn State,K,,,,2023,HighSchool
5161892,256605,Xayvion Noland,Texas State,WR,,,,2023,HighSchool
5125819,256537,Darrell Gill Jr.,Syracuse,WR,,,,2023,HighSchool
5125900,256625,Joshua Dye,UTEP,RB,,,,2023,HighSchool
5122153,256692,Eliyt Nairne,Liberty,DL,,,,2023,HighSchool
5075797,256740,Raion Strader,Miami (OH),CB,,,,2023,HighSchool
5125798,256697,DeAndre Lynch,Old Dominion,DL,,,,2023,HighSchool
5122091,256703,Zion Frink,Old Dominion,S,,,,2023,HighSchool
5122095,256701,Connor Drake,Old Dominion,OT,,,,2023,HighSchool
5155000,257071,Jer'Michael Carter,McNeese,WR,,,,2023,HighSchool
5153856,256979,Nyair Domnie,Delaware,CB,,,,2023,HighSchool
5171031,257178,Matt Vezza,New Hampshire,QB,,,,2023,HighSchool
5156218,256924,Barry Dillon,Incarnate Word,CB,,,,2023,HighSchool
4923291,256757,Cameren Jenkins,UNLV,S,,,,2023,HighSchool
5178689,256743,C.J. Coombes,Tulsa,S,,,,2023,HighSchool
5157335,256725,Melvin Spriggs,Akron,LB,,,,2023,HighSchool
5151240,256555,Carl Hardin,Temple,K,,,,2023,HighSchool
5151232,256556,Patrick Keller,Temple,QB,,,,2023,HighSchool
5157271,256728,Javon Gillespie,Coastal Carolina,CB,,,,2023,HighSchool
5159136,256657,Tayden Barnes,New Mexico State,CB,,,,2023,HighSchool
5163541,257134,Max Tulen,Bethune-Cookman,P,,,,2023,HighSchool
5165108,256603,Jaxton Eck,Idaho,LB,,,,2023,HighSchool
5121729,256645,Bishop Turner,Nevada,CB,,,,2023,HighSchool
5163560,257133,Jeffson Lafontant,Bethune-Cookman,DL,,,,2023,HighSchool
5151791,256646,Jayden O'Rourke,Nevada,TE,,,,2023,HighSchool
5160003,257106,Tyran Warren,Alcorn State,WR,,,,2023,HighSchool
5125334,256522,Jimarion McCrimon,East Carolina,OT,,,,2023,HighSchool
5158359,256822,Giuseppe Sessi,Navy,S,,,,2023,HighSchool
5077806,256960,Tucker McDonald,UConn,QB,,,,2023,HighSchool
5125768,256759,DeAngelo Irvin Jr.,UNLV,WR,,,,2023,HighSchool
5125754,256761,Jai'den Thomas,UNLV,RB,,,,2023,HighSchool
5122064,256763,Matthew Greene,UNLV,IOL,,,,2023,HighSchool
5153741,256870,Garrett Hawkins,Austin Peay,LB,,,,2023,HighSchool
5153264,256995,Mena Mannan,Eastern Kentucky,TE,,,,2023,HighSchool
5154849,256937,Andrew Huff,Houston Christian,EDGE,,,,2023,HighSchool
5122105,256638,Robert Wright Jr.,Georgia Southern,IOL,,,,2023,HighSchool
5152600,256918,Reed Swanson,Colgate,WR,,,,2023,HighSchool
5158393,256819,Gavin Woods,Navy,EDGE,,,,2023,HighSchool
5155532,257017,Sawyer Seidl,North Dakota,RB,,,,2023,HighSchool
5163082,256792,Mikailin Warren,Marshall,DL,,,,2023,HighSchool
5163083,256785,Braydin Ward,Marshall,EDGE,,,,2023,HighSchool
5120142,256784,Tracy Stephens,Marshall,TE,,,,2023,HighSchool
5092695,256788,Shawn Rouse,Marshall,OT,,,,2023,HighSchool
5122096,256562,KeDarius Wade,Louisiana,WR,,,,2023,HighSchool
4870701,256881,Jayden Gillens,Missouri State,WR,,,,2023,HighSchool
5157329,256723,Delvin Morris,Akron,IOL,,,,2023,HighSchool
5151066,256534,Ezra Vedral,Kansas,LB,,,,2023,HighSchool
5151664,256583,Kyle McKinney,UAB,S,,,,2023,HighSchool
5160064,256572,Mitchell Dietzel,Eastern Michigan,LS,,,,2023,HighSchool
5121934,256575,Jaylyn Ferguson,UAB,WR,,,,2023,HighSchool
5125761,256577,Mason Chorak,UAB,IOL,,,,2023,HighSchool
5080403,256535,Jaylen Raynor,Arkansas State,QB,,,,2023,HighSchool
5150706,256504,Kyle Konrardy,Iowa State,K,,,,2023,HighSchool
5152414,256892,Beau Sparks,Utah Tech,WR,,,,2023,HighSchool
5155366,256913,Malachi Hosley,Pennsylvania,RB,,,,2023,HighSchool
4036672,256642,Matthew Smith,Georgia Southern,IOL,,,,2023,HighSchool
5122111,256595,Deshaun Batiste,Troy,DL,,,,2023,HighSchool
5153851,256978,KT Seay,Delaware,S,,,,2023,HighSchool
5153846,256977,Nick Minicucci,Delaware,QB,,,,2023,HighSchool
5077224,256958,Brandon Kelley,UConn,EDGE,,,,2023,HighSchool
5125820,256532,Damon Greaves,Kansas,P,,,,2023,HighSchool
5152045,257021,Malachi Henry,Central Arkansas,WR,,,,2023,HighSchool
5092234,256546,David Bird,California,LS,,,,2023,HighSchool
5153514,257171,Eriq George,Tennessee State,DL,,,,2023,HighSchool
5160644,256520,Sam Stone,Boston College,K,,,,2023,HighSchool
5159678,256499,Cayden Tone,Baylor,IOL,,,,2023,HighSchool
5125906,256581,Logan Moore,UAB,OT,,,,2023,HighSchool
5153853,256980,Anthony Crenshaw Jr.,Delaware,S,,,,2023,HighSchool
5150342,256615,Drew Prieto,Army,LS,,,,2023,HighSchool
5152634,257143,Zeraun Daniel,Georgetown,S,,,,2023,HighSchool
5150273,256489,Aaron Smith,Arkansas,OT,,,,2023,HighSchool
5150266,256487,Maddox Lassiter,Arkansas,TE,,,,2023,HighSchool
5159827,256509,Keona Peat,Arizona State,IOL,,,,2023,HighSchool
5153602,256724,Drew Nicolson,Akron,LS,,,,2023,HighSchool
5152157,256513,Brooks Yurachek,Wake Forest,LB,,,,2023,HighSchool
5151422,257055,Jamari Somerville,James Madison,CB,,,,2023,HighSchool
5154886,257011,Cyrus Traugh,Youngstown State,WR,,,,2023,HighSchool
5153604,256726,Owen Wiley,Akron,K,,,,2023,HighSchool
4870791,256808,Lynard Harris,UL Monroe,CB,,,,2023,HighSchool
5077285,256959,Toriyan Johnson,UConn,OT,,,,2023,HighSchool
5077803,256956,Jackson Harper,UConn,WR,,,,2023,HighSchool
5159277,256972,Michael Robinson III,Duquesne,CB,,,,2023,HighSchool
5121899,256964,Oumar Diomande,UConn,LB,,,,2023,HighSchool
5121898,256963,Nader Chirchi,UConn,TE,,,,2023,HighSchool
5160456,256531,Will Karoll,Tulane,P,,,,2023,HighSchool
5125905,256580,Corri Milliner,UAB,WR,,,,2023,HighSchool
5153154,256478,Tyler Robles,USC,K,,,,2023,HighSchool
4870997,256561,Daylon Sibley,Louisiana,LB,,,,2023,HighSchool
5160148,256552,Ihsim Smith-Marsette,Temple,S,,,,2023,HighSchool
5160152,256551,Kian Johnson,Temple,WR,,,,2023,HighSchool
5154345,256484,Campbell Vandiver,South Carolina,OT,,,,2023,HighSchool
5154346,256483,Lukas Vozeh,South Carolina,TE,,,,2023,HighSchool
5125902,256545,Wyatt Freeman,Rice,LS,,,,2023,HighSchool
4923224,257044,Darold DeNgohe,James Madison,DL,,,,2023,HighSchool
5166106,257085,James London,Murray State,K,,,,2023,HighSchool
5158450,256479,Zach Grace,Oregon,TE,,,,2023,HighSchool
5154262,256992,Gavin Harris,Howard,TE,,,,2023,HighSchool
4871038,256767,Jordan Thompson,Middle Tennessee,LB,,,,2023,HighSchool
5122076,256739,Cole Weaver,Miami (OH),WR,,,,2023,HighSchool
5125850,256541,Tyree Kelly,South Florida,WR,,,,2023,HighSchool
5159158,256829,Rashad Henry,Massachusetts,LB,,,,2023,HighSchool
5151023,256496,Carter Schwartz,Louisville,P,,,,2023,HighSchool
5092420,257041,Riley Robell,James Madison,DL,,,,2023,HighSchool
5161773,256510,DJ Cotton Jr.,West Virginia,DL,,,,2023,HighSchool
5150905,257002,Travis Franklin Jr.,Jacksonville State,CB,,,,2023,HighSchool
4871058,256640,Keion Wallace,Georgia Southern,WR,,,,2023,HighSchool
5158829,256953,Javon Robinson,Grambling,WR,,,,2023,HighSchool
5157266,256733,Bryson Graves,Coastal Carolina,WR,,,,2023,HighSchool
4871078,256768,Shakai Woods,Middle Tennessee,LB,,,,2023,HighSchool
5161691,256536,Keilan Smith,Cincinnati,DL,,,,2023,HighSchool
5151045,256841,Dominick Kelley,Charlotte,OT,,,,2023,HighSchool
5153389,257101,Colton Hinton,Furman,WR,,,,2023,HighSchool
5153318,257122,A.J. Little,Chattanooga,WR,,,,2023,HighSchool
5153429,257090,Jeremiah Holmes,The Citadel,LB,,,,2023,HighSchool
5153516,257175,Ryder Hagan,Tennessee State,QB,,,,2023,HighSchool
5153377,257102,Brock Chappell,Furman,TE,,,,2023,HighSchool
5153465,257068,Jacob Horvath,Eastern Illinois,P,,,,2023,HighSchool
5153889,257124,Josh Derry,Monmouth,WR,,,,2023,HighSchool
5154004,257079,Jason Hall,Villanova,LB,,,,2023,HighSchool
5153891,257126,Deuce Lee,Monmouth,S,,,,2023,HighSchool
5154125,257161,Chase Goodwin,Columbia,QB,,,,2023,HighSchool
5154007,257077,Ja'briel Mace,Villanova,RB,,,,2023,HighSchool
5154008,257078,Capri Martin,Villanova,DL,,,,2023,HighSchool
5154013,257081,Isaiah Ragland,Villanova,RB,,,,2023,HighSchool
5153908,257127,Logan Barnes,Monmouth,DL,,,,2023,HighSchool
5154219,257099,Five Hamilton,Kennesaw State,CB,,,,2023,HighSchool
5154420,256795,Ahmad Miller,Jackson State,RB,,,,2023,HighSchool
5154361,257118,Jalen Jones,Alabama State,WR,,,,2023,HighSchool
5154535,257164,Ja'Son Prevard,Morgan State,S,,,,2023,HighSchool
5154352,257117,Ethan Tookes,Alabama State,CB,,,,2023,HighSchool
5091893,256568,Henry Tabansi,Buffalo,OT,,,,2023,HighSchool
5155321,256986,Elijah Owens,Indiana State,QB,,,,2023,HighSchool
5155328,256987,Zechariah Prince,Indiana State,RB,,,,2023,HighSchool
5155358,256917,Christian de Villiers,Pennsylvania,P,,,,2023,HighSchool
5157277,256734,Farradj Titikpina,Coastal Carolina,DL,,,,2023,HighSchool
5157264,256735,Luke Sather,Coastal Carolina,QB,,,,2023,HighSchool
5157268,256736,Darren Lloyd,Coastal Carolina,RB,,,,2023,HighSchool
5156937,256587,Noah Flores,Utah State,CB,,,,2023,HighSchool
5122015,256772,David Afogho,Bowling Green,LB,,,,2023,HighSchool
5157006,256798,Eli Ozick,North Dakota State,K,,,,2023,HighSchool
5158130,256811,Qway McCoy,UL Monroe,LB,,,,2023,HighSchool
5158134,256804,Shitez Wilkerson,UL Monroe,LB,,,,2023,HighSchool
5158146,256803,Carmelo Crump,UL Monroe,IOL,,,,2023,HighSchool
5158837,256954,Keyshawn Johnson,Grambling,EDGE,,,,2023,HighSchool
5160945,256774,Chris Edmonds,Bowling Green,RB,,,,2023,HighSchool
5158748,256895,Jackson Sharman,Idaho State,QB,,,,2023,HighSchool
5151218,256775,Lucian Anderson III,Bowling Green,QB,,,,2023,HighSchool
5159362,256858,Zion Booker,Western Carolina,WR,,,,2023,HighSchool
5159261,256971,Justin Harris,Duquesne,S,,,,2023,HighSchool
5159364,256863,Marlin Cochran,Western Carolina,RB,,,,2023,HighSchool
5159361,256866,Bennett Judy,Western Carolina,QB,,,,2023,HighSchool
5159366,256867,Markel Townsend,Western Carolina,RB,,,,2023,HighSchool
5160146,256540,Ranod Smith,South Florida,ATH,,,,2023,HighSchool
5160104,256623,Blake Fann,North Texas,LB,,,,2023,HighSchool
5160096,256518,Mark Shenouda,Memphis,P,,,,2023,HighSchool
5161643,256501,Jackson Sigler,Virginia Tech,QB,,,,2023,HighSchool
5161651,256500,Jordan Tapscott,Virginia Tech,WR,,,,2023,HighSchool
5161771,256511,Tyler Cain,West Virginia,LB,,,,2023,HighSchool
5162617,256764,Sam Driggers,Middle Tennessee,WR,,,,2023,HighSchool
5162686,256648,Jackson Courville,Ball State,K,,,,2023,HighSchool
5162648,256906,Jared White,Western Kentucky,P,,,,2023,HighSchool
5162649,256909,Tylon Webb,Western Kentucky,ATH,,,,2023,HighSchool
5163543,257135,Cade Hechter,Bethune-Cookman,K,,,,2023,HighSchool
5166220,257084,Orion Phillips,Murray State,P,,,,2023,HighSchool
5166159,257027,Elijah Fields,Stephen F. Austin,DL,,,,2023,HighSchool
5166148,257025,Gerald Lacy Jr.,Stephen F. Austin,S,,,,2023,HighSchool
5166035,257119,Zy'Terrio Lee,Alabama State,OT,,,,2023,HighSchool
5166242,257037,Jason Hampton,Stephen F. Austin,CB,,,,2023,HighSchool
5166250,257032,Tim Muhammad,Stephen F. Austin,EDGE,,,,2023,HighSchool
5166761,257063,Cordell Wilson,Western Illinois,CB,,,,2023,HighSchool
5121666,256576,Kam Shanks,UAB,WR,,,,2023,HighSchool
5169046,257031,Jacob Hand,Stephen F. Austin,K,,,,2023,HighSchool
5168770,257039,Carver Cheeks,Northern Colorado,WR,,,,2023,HighSchool
5168788,257040,Brayden Munroe,Northern Colorado,WR,,,,2023,HighSchool
5168859,257120,Harrison Tuck,Alabama State,P,,,,2023,HighSchool
5168833,256886,Jacob Trimble,Montana State,WR,,,,2023,HighSchool
5174993,256492,Kenneth Williams,Nebraska,RB,,,,2023,HighSchool
5150261,256490,Jabrae Shaw,Arkansas,RB,,,,2023,HighSchool
