team,conference,games,wins,losses,points_for,points_per_game,yards_per_game,yards_per_play,rush_yards_per_game,yards_per_rush,pass_yards_per_game,yards_per_pass_att,completion_pct,third_down_pct,fourth_down_pct,turnovers_per_game,sacks_allowed_per_game,firstDowns,fourthDownConversions,fourthDowns,fumblesLost,fumblesRecoveredOpponent,interceptionTDsOpponent,interceptionYardsOpponent,interceptions,netPassingYards,passAttempts,passCompletions,passesInterceptedOpponent,passingTDs,penalties,penaltyYards,possessionTime,rushingAttempts,rushingTDs,rushingYards,sacksOpponent,tacklesForLossOpponent,thirdDownConversions,thirdDowns,totalYards,turnovers,adv_off_drives,adv_off_explosiveness,adv_off_fieldPosition_averagePredictedPoints,adv_off_fieldPosition_averageStart,adv_off_havoc_db,adv_off_havoc_frontSeven,adv_off_havoc_total,adv_off_lineYards,adv_off_lineYardsTotal,adv_off_openFieldYards,adv_off_openFieldYardsTotal,adv_off_passingDowns_explosiveness,adv_off_passingDowns_ppa,adv_off_passingDowns_rate,adv_off_passingDowns_successRate,adv_off_passingPlays_explosiveness,adv_off_passingPlays_ppa,adv_off_passingPlays_rate,adv_off_passingPlays_successRate,adv_off_passingPlays_totalPPA,adv_off_plays,adv_off_pointsPerOpportunity,adv_off_powerSuccess,adv_off_ppa,adv_off_rushingPlays_explosiveness,adv_off_rushingPlays_ppa,adv_off_rushingPlays_rate,adv_off_rushingPlays_successRate,adv_off_rushingPlays_totalPPA,adv_off_secondLevelYards,adv_off_secondLevelYardsTotal,adv_off_standardDowns_explosiveness,adv_off_standardDowns_ppa,adv_off_standardDowns_rate,adv_off_standardDowns_successRate,adv_off_stuffRate,adv_off_successRate,adv_off_totalOpportunies,adv_off_totalPPA,points_against,points_allowed_per_game,yards_allowed_per_game,yards_per_play_allowed,rush_yards_allowed_per_game,yards_per_rush_allowed,pass_yards_allowed_per_game,yards_per_pass_att_allowed,third_down_pct_allowed,sacks_per_game,tfl_per_game,takeaways,turnover_margin,firstDownsOpponent,fourthDownConversionsOpponent,fourthDownsOpponent,fumblesLostOpponent,fumblesRecovered,interceptionTDs,interceptionYards,interceptionsOpponent,netPassingYardsOpponent,passAttemptsOpponent,passCompletionsOpponent,passesIntercepted,passingTDsOpponent,penaltiesOpponent,penaltyYardsOpponent,possessionTimeOpponent,rushingAttemptsOpponent,rushingTDsOpponent,rushingYardsOpponent,sacks,tacklesForLoss,thirdDownConversionsOpponent,thirdDownsOpponent,totalYardsOpponent,turnoversOpponent,adv_def_drives,adv_def_explosiveness,adv_def_fieldPosition_averagePredictedPoints,adv_def_fieldPosition_averageStart,adv_def_havoc_db,adv_def_havoc_frontSeven,adv_def_havoc_total,adv_def_lineYards,adv_def_lineYardsTotal,adv_def_openFieldYards,adv_def_openFieldYardsTotal,adv_def_passingDowns_explosiveness,adv_def_passingDowns_ppa,adv_def_passingDowns_rate,adv_def_passingDowns_successRate,adv_def_passingDowns_totalPPA,adv_def_passingPlays_explosiveness,adv_def_passingPlays_ppa,adv_def_passingPlays_rate,adv_def_passingPlays_successRate,adv_def_passingPlays_totalPPA,adv_def_plays,adv_def_pointsPerOpportunity,adv_def_powerSuccess,adv_def_ppa,adv_def_rushingPlays_explosiveness,adv_def_rushingPlays_ppa,adv_def_rushingPlays_rate,adv_def_rushingPlays_successRate,adv_def_rushingPlays_totalPPA,adv_def_secondLevelYards,adv_def_secondLevelYardsTotal,adv_def_standardDowns_explosiveness,adv_def_standardDowns_ppa,adv_def_standardDowns_rate,adv_def_standardDowns_successRate,adv_def_stuffRate,adv_def_successRate,adv_def_totalOpportunies,adv_def_totalPPA,kickReturnTDs,kickReturnTDsOpponent,kickReturnYards,kickReturnYardsOpponent,kickReturns,kickReturnsOpponent,puntReturnTDs,puntReturnTDsOpponent,puntReturnYards,puntReturnYardsOpponent,puntReturns,puntReturnsOpponent
Alabama,SEC,4,4,0,192,48.0,471.5,7.06,188.2,4.86,283.2,10.12,0.705,0.458,1.0,1.0,2.0,95,4,4,2,2,1,2,2,1133,112,79,2,8,25,165,8015,155,13,753,8,23,22,48,1886,4,41,1.349617884702211,1.644,66.4,0.056,0.097,0.154,3.0688524590163935,374,1.7377049180327868,212,2.22924140072234,0.5112520683257235,0.2692307692307692,0.3492063492063492,1.6171669159885542,0.4686164976256633,0.4658119658119658,0.4954128440366973,51.0791982411973,234,5.357142857142857,0.8571428571428571,0.36294032767150475,1.1215930863109222,0.297118950198727,0.5213675213675214,0.5081967213114754,36.2485119242447,1.2459016393442623,152,1.1459155967817598,0.3082991600620557,0.7307692307692307,0.5555555555555556,0.20491803278688525,0.5,28,84.9280366751321,81,20.2,315.2,5.21,93.8,2.91,221.5,7.84,0.231,2.75,5.25,9,5,58,7,12,3,3,3,109,6,886,113,66,6,5,28,236,6385,129,4,375,11,21,12,52,1261,9,42,1.4825947022052899,-0.943,75.3,0.08,0.108,0.189,2.044660194174757,211,0.7864077669902912,0,2.2131513326083243,0.06878110627244129,0.3470319634703196,0.25,0.41725916344337566,1.840932728109,0.003936407202295997,0.4840182648401826,0.37735849056603776,0.41725916344337566,219,3.823529411764706,0.5625,-0.052492675019713594,1.1052259874073953,-0.10104120463314777,0.4703196347031963,0.3106796116504854,-10.407244077214221,0.7766990291262136,80,1.2432744267284337,-0.11694587346869102,0.6529680365296804,0.40559440559440557,0.27184466019417475,0.3515981735159817,17,-11.495895829317277,0,0,114,91,5,6,0,0,53,14,7,6
Arizona,Big 12,4,3,1,128,32.0,433.8,6.38,134.2,4.1,299.5,8.5,0.738,0.56,0.75,1.5,3.0,93,3,4,2,2,2,113,4,1198,141,104,4,11,20,200,7815,131,5,537,12,18,28,50,1735,6,42,1.196337028881022,1.294,71.2,0.039,0.075,0.114,3.487755102040816,342,0.8979591836734694,88,2.2431774833514044,0.6112951770184131,0.30416666666666664,0.4246575342465753,1.5081799647743013,0.34386075014558404,0.5541666666666667,0.5112781954887218,45.733479769362674,240,4.321428571428571,0.8125,0.2505256201948426,0.7401155207847467,0.15282637722384534,0.4083333333333333,0.5,14.976984967936843,1.346938775510204,132,0.831707207661001,0.09282395763124589,0.6958333333333333,0.5329341317365269,0.12244897959183673,0.5,28,60.12614884676222,76,19.0,308.5,5.02,80.2,3.06,228.2,6.48,0.375,2.75,6.25,3,-3,68,4,9,1,1,0,0,2,913,141,88,2,5,22,162,6585,105,3,321,11,25,21,56,1234,3,40,1.3965789087254679,-1.089,74,0.06,0.108,0.168,2.650574712643678,231,0.7241379310344828,0,2.1914375336061145,0.2844413577179981,0.3920704845814978,0.29213483146067415,9.437713451050932,1.5755915005294998,0.07043069739590248,0.5903083700440529,0.3656716417910448,9.437713451050932,227,2.823529411764706,1,0.015336682779295209,1.0648272508711474,0.03667864571358128,0.3832599118942731,0.3563218390804598,3.1910421770815716,1.0459770114942528,91,1.0275374043165961,-0.15821633221740447,0.6079295154185022,0.4057971014492754,0.26436781609195403,0.36123348017621143,17,3.481426990900012,0,0,57,100,3,3,1,,79,,4,
Arizona State,Big 12,3,2,1,114,38.0,426.0,6.39,165.7,4.64,260.3,8.4,0.624,0.308,0.6,1.67,1.67,61,6,10,3,3,2,100,2,781,93,58,2,9,20,149,5434,107,5,497,5,14,12,39,1278,5,35,1.3213101236071345,1.506,68,0.059,0.104,0.163,2.702325581395349,232,1.2906976744186047,111,2.1867775415218182,0.44543161376732454,0.30357142857142855,0.35294117647058826,1.6631079732023923,0.2217703366359052,0.47619047619047616,0.475,17.741626930872417,168,3.6,0.7333333333333333,0.03866878114455241,0.9393007622947874,-0.04200668248135141,0.5119047619047619,0.3953488372093023,-3.6125746933962213,1.127906976744186,97,1.03282098430224,-0.13863809461409185,0.6964285714285714,0.46153846153846156,0.22093023255813954,0.42857142857142855,20,6.496355232284805,72,24.0,285.7,4.68,124.3,3.69,161.3,5.9,0.3,1.67,4.33,4,-1,47,1,6,2,2,0,11,2,484,82,43,2,4,10,82,5366,101,2,373,5,13,12,40,857,4,33,1.202630767231941,-1.373,70,0.069,0.09,0.159,3.010666666666667,226,0.7466666666666667,0,2.163340931278068,0.07004290976428647,0.37735849056603776,0.21666666666666667,8.697524627766466,1.7101703362208738,0.1129548652956684,0.48427672955974843,0.33766233766233766,8.697524627766466,159,2.6842105263157894,0.625,0.03384113587054807,0.7671055327703323,-0.041038477391521805,0.4716981132075472,0.41333333333333333,-3.0778858043641355,0.9466666666666667,71,0.942438431136115,0.011900666844039957,0.6226415094339622,0.48484848484848486,0.14666666666666667,0.3836477987421384,19,5.380740603417144,1,0,138,107,3,6,0,1,20,98,5,3
Arkansas,SEC,4,2,2,92,23.0,365.2,4.85,89.5,2.56,275.8,6.85,0.615,0.468,0.5,1.5,3.25,92,4,8,3,3,0,1,3,1103,161,99,3,6,24,202,8113,140,4,358,13,25,29,62,1461,6,40,1.0628789558186653,1.293,71.2,0.088,0.092,0.18,2.5953703703703703,280,0.18518518518518517,20,2.160367921685885,0.2556036738267943,0.3442622950819672,0.32142857142857145,1.369583970364394,0.1836768148873601,0.5245901639344263,0.46875,23.510632305582092,244,3.5,0.8125,0.04415093137921283,0.5932357254292004,-0.0574480958397048,0.4426229508196721,0.37962962962962965,-6.204394350688118,0.7592592592592593,82,0.6780451625924975,-0.06686175840576744,0.6557377049180327,0.48125,0.17592592592592593,0.4262295081967213,26,10.77282725652793,108,27.0,325.0,5.8,125.0,4.2,200.0,7.62,0.409,2.0,4.25,4,-2,66,3,5,3,3,0,14,1,800,105,69,1,4,29,233,6287,119,11,500,8,17,18,44,1300,4,38,1.0976560923074639,-1.391,69.8,0.048,0.096,0.144,3.328888888888889,300,1.3555555555555556,0,1.5315757778604024,0.14214247074697217,0.29444444444444445,0.18867924528301888,15.413749080017311,1.3861167773463043,0.1813382244707919,0.4722222222222222,0.38823529411764707,15.413749080017311,180,5.142857142857143,0.9166666666666666,0.18844734318459627,0.8951072044594088,0.23039843613723654,0.5,0.4666666666666667,20.73585925235129,1.2444444444444445,112,1.0319106854055036,0.20777142380817168,0.7055555555555556,0.5196850393700787,0.12222222222222222,0.4222222222222222,21,33.92052177322733,0,0,25,29,1,2,0,0,33,3,4,1
Auburn,SEC,4,3,1,120,30.0,412.8,5.81,178.5,4.64,234.2,7.21,0.646,0.5,0.625,1.5,3.5,92,5,8,1,1,0,11,5,937,130,84,5,7,27,229,6209,154,6,714,14,25,30,60,1651,6,43,1.2780760492788135,1.219,72.6,0.053,0.098,0.151,3.2267716535433073,410,1.3622047244094488,173,1.9943036134806273,0.28951472603326106,0.3283582089552239,0.36363636363636365,1.5806617171250976,0.13172618578830914,0.5111940298507462,0.40145985401459855,18.046487452998353,268,4.12,0.9285714285714286,0.11595976329755091,0.989123123406191,0.16565212528466783,0.47388059701492535,0.44881889763779526,21.037819911152816,1.204724409448819,153,0.9951219498410598,0.031110670404537053,0.6716417910447762,0.45,0.14960629921259844,0.4216417910447761,25,31.077216563743644,83,20.8,365.8,4.75,127.0,3.1,238.8,6.63,0.343,2.75,7.25,6,0,85,11,16,1,1,1,43,5,955,144,87,5,4,40,306,8191,164,5,508,11,29,23,67,1463,6,44,1.2341471114657923,-1.225,72.5,0.054,0.101,0.155,2.4923611111111112,359,0.6319444444444444,0,2.2345845478495274,0.18798915241236408,0.2956810631229236,0.29213483146067415,23.65280673307967,1.5256211362789005,0.16425560231305328,0.47840531561461797,0.4166666666666667,23.65280673307967,301,3.5,0.6818181818181818,0.007582556764064958,0.9379778237087851,-0.019434387836238545,0.47840531561461797,0.3611111111111111,-2.7985518484183505,0.6111111111111112,88,0.9385633234433249,-0.06815417442790968,0.7043189368770764,0.41509433962264153,0.19444444444444445,0.3787375415282392,22,2.2823495859835523,0,,111,,5,,1,0,41,13,6,2
BYU,Big 12,3,3,0,132,44.0,481.7,7.94,262.7,6.74,219.0,10.11,0.692,0.613,,0.67,0.67,67,0,0,0,0,0,41,2,657,65,45,2,6,20,179,5596,117,11,788,2,3,19,31,1445,2,28,1.2197808116682167,1.562,68.4,0.043,0.016,0.059,3.954430379746835,312,1.8227848101265822,144,2.4635681638278584,0.587984562420173,0.2152777777777778,0.3225806451612903,1.356655661345604,0.5994434144386732,0.4236111111111111,0.5901639344262295,36.56604828075907,144,5.434782608695652,1,0.5463292370362376,1.078243828801825,0.4972176081445281,0.5486111111111112,0.6075949367088608,39.28019104341772,1.6075949367088609,127,1.0561245811208955,0.5349016698955119,0.7847222222222222,0.672566371681416,0.11392405063291139,0.5972222222222222,23,78.67141013321822,47,15.7,271.0,4.44,76.0,2.85,195.0,5.68,0.436,1.33,5.33,6,4,48,1,3,1,1,0,55,5,585,103,63,5,3,12,95,5204,80,3,228,4,16,17,39,813,6,27,1.2619008104612157,-1.131,72.8,0.08,0.091,0.171,2.5792452830188677,137,0.49056603773584906,0,2.133767694636761,0.2260924528637959,0.359375,0.32608695652173914,-0.2866579838860268,1.4012829821981294,-0.004037436392760941,0.5546875,0.36619718309859156,-0.2866579838860268,128,3.75,0.8333333333333334,-0.07691517644829879,1.0711673122949128,-0.013248124232230655,0.4140625,0.3584905660377358,-0.7021505843082246,0.6981132075471698,37,0.8259673683734429,-0.2468950660624007,0.640625,0.36585365853658536,0.22641509433962265,0.3515625,12,-9.845142585382245,1,0,126,34,3,1,0,0,100,5,6,1
Baylor,Big 12,4,3,1,119,29.8,435.8,5.36,154.0,3.71,281.8,7.09,0.579,0.394,0.636,2.0,1.5,103,7,11,3,3,0,39,5,1127,159,92,5,9,34,299,7390,166,5,616,6,29,26,66,1743,8,49,1.262282795033135,1.86,64.2,0.064,0.103,0.167,2.7186567164179105,364,0.5298507462686567,71,2.297375112027931,0.3937277167258533,0.3157894736842105,0.3,1.772055172447814,0.20450923381334044,0.5017543859649123,0.3776223776223776,29.24482043530768,285,3.392857142857143,0.6666666666666666,0.08009569957071941,0.8152769012895095,0.003416191808855677,0.47017543859649125,0.44029850746268656,0.4577697023866607,0.753731343283582,101,0.9410472483795778,-0.06465753911626547,0.6842105263157895,0.4461538461538462,0.1865671641791045,0.4,28,22.827274377655034,52,13.0,306.0,4.26,97.0,2.79,209.0,5.65,0.369,3.75,9.0,7,-1,80,1,7,3,3,0,10,4,836,148,89,4,2,34,297,7010,139,4,388,15,36,24,65,1224,7,48,1.1420690126952717,-1.38,71.1,0.076,0.138,0.214,2.5621848739495796,305,0.5798319327731093,0,1.668702388547789,0.05559961733378166,0.35793357933579334,0.27835051546391754,0.933543872826342,1.2871905268600097,0.006394136115248917,0.5387453874538746,0.363013698630137,0.933543872826342,271,1.9583333333333333,0.42857142857142855,-0.09632973454242225,0.9699172677613014,-0.23875394775143924,0.43911439114391143,0.29411764705882354,-28.41171978242127,0.8907563025210085,106,0.9198955572574908,-0.18102598242743248,0.6420664206642066,0.367816091954023,0.25210084033613445,0.33579335793357934,24,-26.10535806099643,0,0,105,78,4,5,0,0,165,2,13,2
Boston College,ACC,4,2,2,79,19.8,352.5,5.53,162.8,4.43,189.8,7.03,0.565,0.28,0.333,1.75,2.25,73,3,9,2,2,0,55,5,759,108,61,5,3,24,202,7078,147,6,651,9,23,14,50,1410,7,48,1.1528637296047326,1.296,71.2,0.069,0.111,0.179,2.8467625899280575,396,1.2661870503597121,176,1.6677200792133897,-0.1253475491097794,0.33076923076923076,0.2441860465116279,1.5239203326851003,0.033634066834594314,0.4230769230769231,0.34545454545454546,3.6997473518053745,260,3.090909090909091,0.6875,-0.04508246214392945,0.9350361665857019,-0.005932268261180609,0.5346153846153846,0.43884892086330934,-0.8245852883041047,1.3381294964028776,186,1.0160031809745833,-0.005411212264256478,0.6692307692307692,0.4540229885057471,0.2517985611510791,0.38461538461538464,22,-11.721440157421656,92,23.0,340.8,5.01,175.0,4.29,165.8,6.08,0.37,2.5,6.5,8,1,77,4,10,2,2,0,10,6,663,109,73,6,7,20,173,7322,163,4,700,10,26,20,54,1363,8,46,1.2373410366856836,-1.392,69.7,0.054,0.12,0.174,3.015584415584416,464,1.1883116883116882,0,1.8717537450334325,0.25862818488116557,0.3079710144927536,0.38823529411764707,18.00711213474215,1.4916201109610614,0.1552337252995013,0.42028985507246375,0.4224137931034483,18.00711213474215,276,3.391304347826087,0.65,0.0018121895071706127,1.029679792694125,0.007395566464195553,0.5579710144927537,0.38961038961038963,1.1389172354861152,1.0844155844155845,167,0.961872360692582,-0.11247765136607321,0.6920289855072463,0.39790575916230364,0.19480519480519481,0.39492753623188404,23,0.5001643039790891,0,0,66,78,4,4,0,0,20,99,3,7
California,ACC,4,2,2,104,26.0,379.0,5.51,101.5,3.36,277.5,7.21,0.643,0.37,0.222,1.75,1.25,80,2,9,3,3,0,19,4,1110,154,99,4,7,31,287,7104,121,4,406,5,21,20,54,1516,7,43,1.237693227099813,1.098,73.7,0.076,0.094,0.169,2.8388349514563105,292,0.4174757281553398,43,1.741927436396008,-0.023010371200398727,0.344,0.29069767441860467,1.511013523566419,0.11965571812471165,0.56,0.42142857142857143,16.75180053745963,250,2.72,0.6666666666666666,-0.01050410000902369,0.7936732288204219,-0.07375591989000133,0.412,0.3592233009708738,-7.596859748670136,0.970873786407767,100,1.0650102787107054,-0.003945933408668488,0.656,0.4451219512195122,0.21359223300970873,0.392,25,-2.626025002255923,94,23.5,364.5,5.42,190.5,5.29,174.0,5.57,0.414,1.75,3.5,7,0,80,4,4,1,1,1,80,6,696,125,67,6,2,37,345,7296,144,9,762,7,14,24,58,1458,7,43,1.3571719029133062,-1.581,68,0.067,0.063,0.131,3.2765765765765766,364,2.4234234234234235,0,2.2065597278579543,-0.007451365676379304,0.34710743801652894,0.23809523809523808,-6.078261687075956,1.6378869841205619,-0.04941676168354435,0.5082644628099173,0.3252032520325203,-6.078261687075956,242,2.6153846153846154,0.9333333333333333,0.04561021779123409,1.136653629938459,0.2615263017825508,0.45867768595041325,0.44144144144144143,29.02941949786314,1.144144144144144,127,1.1212308404286817,0.07382017355882602,0.6528925619834711,0.45569620253164556,0.11711711711711711,0.38016528925619836,26,11.037672705478649,0,0,73,255,4,10,0,1,7,130,4,6
Cincinnati,Big 12,4,4,0,162,40.5,477.8,7.13,270.0,6.51,207.8,8.15,0.765,0.5,0.714,0.5,1.25,90,5,7,2,2,,,0,831,102,78,,6,30,286,7286,166,16,1080,5,21,24,48,1911,2,43,1.3362049303439774,1.485,69.2,0.011,0.096,0.107,3.5340579710144926,488,2.181159420289855,301,1.9633933352776247,0.36453421473337294,0.2875,0.34782608695652173,1.4448590142312923,0.4434816570463765,0.4083333333333333,0.5306122448979592,43.4612023905449,240,5.2,0.8,0.3635265639973556,1.254143357581946,0.31466997737524627,0.575,0.463768115942029,43.42445687778398,1.5507246376811594,214,1.174349858103036,0.36311996808633107,0.7125,0.543859649122807,0.14492753623188406,0.4875,30,87.24637535936535,82,20.5,371.5,5.59,117.5,4.05,254.0,6.77,0.407,1.75,5.0,6,4,82,2,6,3,3,0,0,3,1016,150,89,3,3,26,189,7114,116,6,470,7,20,22,54,1486,6,40,1.1960843591500052,-0.99,75.5,0.056,0.107,0.163,3.3018691588785045,353,1.2710280373831775,0,1.7317374381890527,0.26665104620751945,0.31496062992125984,0.35,31.016182032349125,1.559769637930937,0.22475494226339945,0.5433070866141733,0.391304347826087,31.016182032349125,254,3.9473684210526314,0.6666666666666666,0.12632948862514173,0.8275714990832954,0.1308443124813597,0.421259842519685,0.5046728971962616,14.000341435505486,1.2710280373831775,136,1.0131784297220379,0.06181382996657727,0.6850393700787402,0.47126436781609193,0.1588785046728972,0.4330708661417323,19,32.087690110786,0,1,166,219,8,9,0,0,80,0,8,3
Clemson,ACC,4,3,1,84,21.0,314.0,4.87,157.8,4.21,156.2,5.79,0.62,0.273,1.0,1.75,2.75,73,3,3,3,3,1,30,4,625,108,67,4,2,25,229,6968,150,5,631,11,33,15,55,1256,7,47,1.199816377159491,1.366,70.4,0.046,0.146,0.192,2.7049180327868854,330,1.6967213114754098,207,2.2820997303365402,0.1124336056396764,0.35269709543568467,0.24705882352941178,1.3680925516089277,-0.0037381817632496294,0.44813278008298757,0.3425925925925926,-0.40372363043096,241,3.0952380952380953,0.7692307692307693,-0.03653905178603175,1.0749614300757853,0.09127918786079915,0.5062240663900415,0.3442622950819672,11.136060919017497,1.0163934426229508,124,0.8210172035475237,-0.11771005102439837,0.6473029045643154,0.38461538461538464,0.22131147540983606,0.3360995850622407,21,-8.805911480433652,88,22.0,372.5,5.21,157.8,4.44,214.8,5.97,0.39,2.0,4.25,6,-1,84,2,7,2,2,0,9,4,859,144,79,4,4,27,248,7432,142,5,631,8,17,23,59,1490,6,43,1.1311235985644492,-1.083,74.5,0.087,0.076,0.163,3.6171171171171173,402,0.7927927927927928,0,1.7234402464987297,0.21155047181396658,0.34509803921568627,0.36363636363636365,-19.784407747334757,1.509221148127966,-0.14131719819524827,0.5490196078431373,0.32142857142857145,-19.784407747334757,255,2.3461538461538463,0.7894736842105263,-0.04492073855390644,0.8217710580124807,0.20777246001901004,0.43529411764705883,0.4954954954954955,23.062743062110115,1.4504504504504505,161,0.852386352477729,-0.18006724461601917,0.6549019607843137,0.40718562874251496,0.11711711711711711,0.39215686274509803,26,-11.454788331246144,0,0,239,45,11,3,1,0,117,13,8,3
Colorado,Big 12,4,2,2,86,21.5,399.0,5.47,156.5,3.94,242.5,7.29,0.624,0.351,0.4,1.75,2.5,87,4,10,5,5,0,22,2,970,133,83,2,7,37,329,7127,159,4,626,10,29,20,57,1596,7,44,1.2426580677422463,1.144,74.1,0.061,0.122,0.184,3.1143939393939393,411,0.9772727272727273,129,1.733340962014016,0.26236844438729356,0.33076923076923076,0.3372093023255814,1.7277755725588613,0.1841572072498022,0.4653846153846154,0.3884297520661157,22.283022077226065,260,2.217391304347826,0.6,0.08107641637977092,0.8395231673874171,-0.03733761958652689,0.5076923076923077,0.4166666666666667,-4.928565785421549,1.0454545454545454,138,1.0554238054543341,-0.008527689417050628,0.6692307692307692,0.4367816091954023,0.15151515151515152,0.40384615384615385,23,21.07986825874044,98,24.5,355.0,5.04,119.0,3.28,236.0,6.89,0.4,2.0,8.25,5,-2,83,1,4,3,3,0,0,2,944,137,75,2,8,33,248,7273,145,2,476,8,33,24,60,1420,5,45,1.1815313581787075,-1.587,67.4,0.064,0.138,0.201,2.351785714285714,263,0.375,0,1.8951553251075006,0.20474381120778978,0.35319148936170214,0.30120481927710846,35.12057041064846,1.9053941147542568,0.30276353802283157,0.49361702127659574,0.3706896551724138,35.12057041064846,235,2.935483870967742,0.6875,0.03529499247335549,0.5358468768833113,-0.1503097765419971,0.4765957446808511,0.41964285714285715,-16.834694972703673,0.875,98,0.9112192494935584,-0.057232980914526395,0.6468085106382979,0.4342105263157895,0.29464285714285715,0.3872340425531915,31,8.29432323123854,0,1,169,265,10,8,0,0,14,141,6,11
Duke,ACC,4,4,0,145,36.2,466.2,6.76,243.5,5.8,222.8,8.25,0.611,0.431,0.5,0.5,0.25,89,5,10,1,1,0,0,1,891,108,66,1,9,34,305,7975,168,10,974,1,9,22,51,1865,2,40,1.3077930147594785,1.582,67.9,0.046,0.043,0.089,3.226241134751773,455,1.4326241134751774,202,1.9461920931331913,0.2976721839130744,0.3070539419087137,0.3108108108108108,1.5806020464981216,0.37397697325510876,0.3900414937759336,0.46808510638297873,35.153835485980224,241,4.67741935483871,0.7333333333333333,0.26832438188234004,1.1488278956379172,0.22331045439228486,0.5850622406639004,0.41843971631205673,31.486774069312165,1.4609929078014183,206,1.13088724605351,0.25531996661123624,0.6929460580912863,0.49700598802395207,0.18439716312056736,0.43983402489626555,31,64.66617603364395,44,11.0,261.8,4.51,63.8,2.34,198.0,6.44,0.26,2.75,5.5,3,1,55,1,8,2,2,0,19,1,792,123,73,1,5,34,280,6425,109,0,255,11,22,13,50,1047,3,38,1.0812460235435832,-1.122,73.7,0.077,0.106,0.183,2.7011764705882353,230,0.6588235294117647,0,1.9737800597696498,-0.10018900925553556,0.325,0.18461538461538463,11.836847448878105,1.4966477412555201,0.10760770408071005,0.55,0.39090909090909093,11.836847448878105,200,2.588235294117647,0.6666666666666666,-0.017473901958921075,0.43985276346171254,-0.199594955785942,0.425,0.35294117647058826,-16.965571241805073,0.5529411764705883,47,0.911239540452904,0.022351890443152566,0.675,0.4666666666666667,0.16470588235294117,0.375,17,-3.4947803917842153,0,0,18,81,1,4,0,0,70,65,7,6
Florida,SEC,4,4,0,214,53.5,532.8,7.58,260.0,5.88,272.8,10.49,0.731,0.488,0.75,1.0,0.75,105,6,8,1,1,0,5,3,1091,104,76,3,8,35,357,8176,177,18,1040,3,14,21,43,2131,4,35,1.2806635195505691,1.653,67.4,0.039,0.053,0.091,3.0608695652173914,422,1.8768115942028987,259,2.24962982281241,0.6230208896402032,0.23873873873873874,0.39622641509433965,1.504012722859786,0.5354149969841827,0.36486486486486486,0.5925925925925926,43.368614755718795,222,5.548387096774193,1,0.4302770248605686,1.151033425704548,0.38009568824454754,0.6216216216216216,0.5072463768115942,52.45320497774756,1.0869565217391304,150,1.0751252127980575,0.36983072407168915,0.7612612612612613,0.5857988165680473,0.15217391304347827,0.5405405405405406,31,95.52149951904623,91,22.8,351.2,5.02,103.0,3.43,248.2,6.21,0.413,3.0,6.75,8,4,83,7,12,4,4,0,2,4,993,160,100,4,5,30,277,6224,120,6,412,12,27,26,63,1405,8,38,1.190277380570462,-1.096,73.2,0.09,0.114,0.204,3.39,271,0.55,0,1.753234516870208,0.12943401417643213,0.30454545454545456,0.3582089552238806,17.59578224181261,1.3867744402657896,0.1343189484107833,0.5954545454545455,0.4351145038167939,17.59578224181261,220,4.045454545454546,0.8181818181818182,0.011930264746119837,0.8750498811094793,0.04413018382724868,0.36363636363636365,0.4375,3.5304147061798945,0.9875,79,0.997263505267692,-0.03952562552728489,0.6954545454545454,0.45751633986928103,0.1,0.42727272727272725,22,2.624658244146364,0,0,181,150,6,8,2,,205,,7,
Florida State,ACC,4,2,2,128,32.0,407.8,6.63,172.2,4.69,235.5,9.52,0.606,0.408,0.625,1.5,2.0,77,5,8,1,0,0,25,5,942,99,60,5,6,26,247,6748,147,10,689,8,18,20,49,1631,6,41,1.5206293242891817,1.286,71.3,0.064,0.08,0.145,3.234328358208955,433,1.5149253731343284,203,2.3775027016103047,0.6684759509221584,0.29338842975206614,0.4084507042253521,2.0591872030648983,0.38416153388395685,0.41735537190082644,0.42574257425742573,38.80031492227964,242,4.884615384615385,0.5625,0.2629653481190604,1.1310624882799294,0.24182663440584035,0.5537190082644629,0.4552238805970149,32.40476901038261,1.1417910447761195,153,1.202048196823636,0.09459544870958699,0.7066115702479339,0.45614035087719296,0.14925373134328357,0.44214876033057854,26,63.63761424481262,101,25.2,429.8,6.32,139.8,4.2,290.0,8.35,0.458,1.75,6.0,5,-1,89,5,8,2,0,0,3,3,1160,139,90,3,8,31,260,7652,133,4,559,7,24,27,59,1719,5,41,1.3860548368856032,-1.138,73.3,0.054,0.101,0.156,3.068695652173913,353,1.173913043478261,0,2.153670190472494,0.3870873900428141,0.336,0.3333333333333333,51.39354814634144,1.6907885678762422,0.39839959803365455,0.516,0.4728682170542636,51.39354814634144,250,3.5238095238095237,0.9166666666666666,0.2643748437947692,0.9896040033875005,0.15208326650023377,0.46,0.4260869565217391,17.489575647526884,1.0434782608695652,120,1.1301830523566394,0.20227933846443324,0.664,0.5060240963855421,0.17391304347826086,0.448,21,66.0937109486923,0,0,191,102,9,5,0,0,50,10,5,4
Georgia,SEC,4,4,0,219,54.8,480.8,8.15,222.2,6.84,258.5,9.75,0.689,0.512,0.667,1.0,1.0,84,2,3,3,3,0,0,1,1034,106,73,1,13,22,213,7054,130,14,889,4,11,21,41,1923,4,31,1.190870146149247,1.729,65,0.045,0.074,0.12,4.005405405405406,296,2.6216216216216215,194,1.7395279318449632,0.1600910244893612,0.22,0.3333333333333333,1.4915220776771827,0.5026553277549107,0.47333333333333333,0.5492957746478874,35.68852827059867,150,5.821428571428571,0.8571428571428571,0.40953249370951916,0.8788137585459781,0.36788326995907733,0.49333333333333335,0.581081081081081,27.22336197697172,1.5675675675675675,116,1.1081956852909884,0.4798877798998201,0.78,0.6239316239316239,0.08108108108108109,0.56,28,61.42987405642787,53,13.2,232.5,3.54,50.5,1.63,182.0,5.24,0.323,2.75,6.5,9,5,61,3,7,6,6,0,99,3,728,139,87,3,4,21,150,7346,124,3,202,11,26,20,62,930,9,35,1.1005910705210753,-1.157,72,0.064,0.124,0.188,1.3864406779661016,82,1.3559322033898304,0,2.0874759188629124,-0.056658228466325795,0.4155844155844156,0.203125,5.485614320052802,1.3739496552835486,0.06095127022280891,0.5844155844155844,0.37777777777777777,5.485614320052802,154,3,0.2,-0.22261574142045915,0.2905692228495828,-0.6891537446529311,0.38311688311688313,0.1864406779661017,-40.660070934522935,0.4745762711864407,28,0.7232527461550787,-0.3406299728545095,0.5844155844155844,0.37777777777777777,0.2542372881355932,0.3051948051948052,16,-34.28282417875071,1,0,175,92,6,4,0,0,115,20,11,3
Georgia Tech,ACC,4,1,3,108,27.0,370.0,5.74,126.2,3.8,243.8,7.8,0.672,0.354,0.5,1.25,2.25,87,4,8,2,2,1,53,3,975,125,84,3,6,32,260,6854,133,5,505,9,22,17,48,1480,5,38,1.2448184290948532,1.372,70.6,0.058,0.104,0.162,3.2836363636363637,361,1.3,143,1.948653162188592,0.2807182413571843,0.30864197530864196,0.3333333333333333,1.5380103170552701,0.19589494673386654,0.5267489711934157,0.4453125,25.074553181934917,243,3.392857142857143,0.6666666666666666,0.1601319557538435,0.8876590921603668,0.1456393795268878,0.45267489711934156,0.4727272727272727,16.020331747957655,1.2454545454545456,137,1.0378082134790474,0.10629879253806639,0.691358024691358,0.5059523809523809,0.19090909090909092,0.45267489711934156,28,38.91206524818398,104,26.0,381.5,5.55,189.0,4.27,192.5,7.86,0.414,1.5,7.0,2,-3,82,6,8,1,1,0,1,1,770,98,56,1,6,36,351,7546,177,5,756,6,28,24,58,1526,2,41,1.2766579312382424,-1.318,70.4,0.039,0.121,0.16,3.037888198757764,489,0.8633540372670807,0,2.1254184681285166,0.40275535895087927,0.3210332103321033,0.3563218390804598,40.817543731295444,2.0888731316703253,0.4081754373129544,0.36900369003690037,0.37,40.817543731295444,271,3.6538461538461537,0.7222222222222222,0.19081232898659917,0.8740425204604051,0.09881856324841075,0.5940959409594095,0.4658385093167702,15.90978868299413,1.0062111801242235,162,0.9634248759573081,0.09060013547087978,0.6789667896678967,0.45652173913043476,0.16770186335403728,0.42435424354243545,26,51.710141155368376,1,0,334,35,9,2,1,0,26,8,3,4
Houston,Big 12,4,3,1,178,44.5,505.8,7.38,248.5,6.06,257.2,9.35,0.718,0.711,1.0,0.75,1.0,113,1,1,2,2,0,24,1,1029,110,79,1,13,26,215,7889,164,11,994,4,9,32,45,2023,3,36,1.1358491642191983,1.76,65.3,0.043,0.057,0.1,3.5961538461538463,468,0.8846153846153846,115,1.6701569023747735,0.717728517373136,0.23045267489711935,0.5535714285714286,1.5725083774593738,0.5912546051916844,0.4444444444444444,0.5740740740740741,63.85549736070192,243,5.129032258064516,0.8095238095238095,0.38326736110138765,0.746852488641408,0.21492409899591478,0.5349794238683128,0.5307692307692308,27.940132869468922,1.3538461538461537,176,0.9734615183091706,0.28310787045316355,0.7695473251028807,0.5454545454545454,0.12307692307692308,0.5473251028806584,31,93.1339687476372,82,20.5,325.8,5.43,63.5,2.42,262.2,7.77,0.353,2.0,4.75,6,3,68,5,11,3,3,0,5,3,1049,135,83,3,6,25,185,6511,105,6,254,8,19,18,51,1303,6,38,1.3083546638985355,-0.982,75.5,0.114,0.098,0.211,2.579310344827586,224,0.6551724137931034,0,2.026434399419629,0.230424794521224,0.314410480349345,0.3194444444444444,36.74733818059598,1.5741713409360258,0.2722025050414517,0.5895196506550219,0.45185185185185184,36.74733818059598,229,4.8125,0.6428571428571429,0.09996253793547621,0.8391701714302895,-0.05997825309253886,0.3799126637554585,0.39080459770114945,-5.218108019050881,0.6551724137931034,57,1.0821103636658622,0.040132713259209724,0.6855895196506551,0.46496815286624205,0.1839080459770115,0.4192139737991266,16,22.891421187224054,0,0,119,145,5,10,0,0,28,15,4,2
Illinois,Big Ten,4,2,2,136,34.0,419.8,7.03,164.5,5.53,255.2,8.51,0.675,0.429,0.444,0.5,1.25,86,4,9,0,0,0,19,2,1021,120,81,2,9,19,171,6523,119,6,658,5,11,18,42,1679,2,35,1.3121677849906273,1.303,71.6,0.069,0.045,0.114,3.2980392156862743,336,1.852941176470588,189,2.1716816024025594,0.6160027469884826,0.2687224669603524,0.4098360655737705,1.5053782688516384,0.36182620154574097,0.5154185022026432,0.5299145299145299,42.333665580851694,227,4.037037037037037,0.6666666666666666,0.28926072453741736,1.0410330301861976,0.22861422809003346,0.44933920704845814,0.49019607843137253,23.318651265183412,1.0980392156862746,112,1.0734139468206458,0.16919287291383314,0.7312775330396476,0.5421686746987951,0.11764705882352941,0.5066079295154186,27,65.66218446999373,106,26.5,391.0,5.73,136.0,3.83,255.0,7.79,0.418,0.75,4.0,2,0,88,8,12,0,,2,147,2,1020,131,82,2,9,32,275,7877,142,4,544,3,16,23,55,1564,2,34,1.2838335601221191,-1.272,71.6,0.062,0.069,0.131,2.9233870967741935,363,0.5967741935483871,0,1.7620695492838585,0.3422973675177085,0.28688524590163933,0.35714285714285715,44.749622867036365,1.5081032245947632,0.3824754091199689,0.47950819672131145,0.48717948717948717,44.749622867036365,244,3.8636363636363638,0.8,0.2643507102149212,1.047104469845439,0.16581606823298478,0.5081967213114754,0.43548387096774194,20.561192460890112,1.1129032258064515,138,1.1448114702495205,0.23299285957586882,0.7131147540983607,0.4942528735632184,0.1693548387096774,0.45491803278688525,22,64.50157329244077,0,0,55,38,3,2,0,0,92,19,3,2
Indiana,Big Ten,4,4,0,174,43.5,463.8,7.63,233.5,5.95,230.2,10.71,0.698,0.523,0.625,0.25,1.5,90,5,8,1,1,,,0,921,86,60,,13,17,138,7552,157,9,934,6,15,23,44,1855,1,33,1.3961514869428315,1.682,66.9,0.028,0.081,0.109,3.3341880341880343,390,1.9658119658119657,230,2.4046817475770284,0.6886805734955828,0.26732673267326734,0.4074074074074074,1.8659399563489938,0.7474560659869683,0.400990099009901,0.5802469135802469,60.543941344944436,202,5.241379310344827,0.6842105263157895,0.4408753730387053,0.9868063437355952,0.2225675239687858,0.5792079207920792,0.46153846153846156,26.040400304347937,1.0854700854700856,127,1.1222296877582347,0.3504599620611959,0.7326732673267327,0.5472972972972973,0.1282051282051282,0.5099009900990099,29,89.05682535381847,39,9.8,233.8,4.03,65.8,2.17,168.0,6.05,0.302,2.75,8.25,3,2,54,2,8,0,0,1,71,3,672,111,72,3,2,27,202,6848,121,2,263,11,33,16,53,935,3,32,1.4279162576395634,-1.023,74.8,0.03,0.169,0.198,2.327058823529412,198,0.3176470588235294,0,2.068981224908514,0.20607310784207922,0.3469387755102041,0.27941176470588236,10.012228976832493,1.6146440054915463,0.09720610657118925,0.5255102040816326,0.39805825242718446,10.012228976832493,196,2.857142857142857,0.625,-0.0408298390344406,1.0950537505990723,-0.135375323590269,0.4336734693877551,0.27058823529411763,-11.506902505172864,0.7647058823529411,65,1.157244382570451,-0.17199702956259175,0.6530612244897959,0.3515625,0.18823529411764706,0.32653061224489793,14,-8.002648450750357,0,0,218,114,10,6,0,0,72,11,6,1
Iowa,Big Ten,4,4,0,131,32.8,429.0,6.6,215.5,6.53,213.5,6.67,0.633,0.392,0.2,0.25,0.75,87,1,5,0,0,0,0,1,854,128,81,1,6,23,202,7279,132,9,862,3,11,20,51,1716,1,36,1.2418662759561556,1.612,68.4,0.053,0.046,0.099,3.5651685393258425,317,2.0224719101123596,180,2.0701440853032755,0.18811413239343608,0.28019323671497587,0.25862068965517243,1.2327558553122657,0.31438068719934403,0.5507246376811594,0.5,35.83939834072522,207,3.6666666666666665,0.5454545454545454,0.2368745194841774,1.2562911086423145,0.20937764654788238,0.42995169082125606,0.4044943820224719,18.634610542761532,1.202247191011236,107,1.0825820818509402,0.25585507284835857,0.7198067632850241,0.5234899328859061,0.10112359550561797,0.4492753623188406,27,49.03302553322472,32,8.0,239.8,4.1,87.8,2.7,152.0,5.85,0.268,2.25,4.5,5,4,46,0,2,1,1,0,22,4,608,104,54,4,3,25,216,7121,130,0,351,9,18,15,56,959,5,36,1.10355346520786,-0.918,77.1,0.091,0.082,0.173,2.6902173913043477,248,0.40217391304347827,0,2.0769869976813973,0.2140370501475058,0.3563218390804598,0.24193548387096775,16.831359659948802,1.8529400326908168,0.22441812879931738,0.43103448275862066,0.3466666666666667,16.831359659948802,174,2.1666666666666665,0.625,-0.04141723676083781,0.4332935340746253,-0.19762388192388494,0.5287356321839081,0.30434782608695654,-18.181397136997415,0.4891304347826087,45,0.7385158905302835,-0.18282943129938514,0.6436781609195402,0.35714285714285715,0.1956521739130435,0.3160919540229885,12,-7.206599196385779,1,0,149,130,3,7,1,0,188,-1,12,1
Iowa State,Big 12,4,2,2,123,30.8,345.2,5.8,180.5,5.01,164.8,7.01,0.553,0.319,0.429,1.0,0.75,72,3,7,1,1,0,8,3,659,94,52,3,5,19,195,7091,144,8,722,3,18,15,47,1381,4,42,1.3630402619455417,1.385,71.1,0.087,0.083,0.17,2.9875,359,1.7666666666666666,212,1.8125262848796595,0.1969011091439999,0.3302325581395349,0.28169014084507044,1.5446905306853311,0.1800322957836793,0.413953488372093,0.39325842696629215,16.02287432474746,215,4.636363636363637,0.5454545454545454,0.11855818489091724,1.2277687852244221,0.1211293839191134,0.5581395348837209,0.39166666666666666,14.535526070293608,1.1333333333333333,136,1.2180447706764714,0.07993077084946677,0.6697674418604651,0.4305555555555556,0.2,0.3813953488372093,22,25.490009751547205,64,16.0,272.5,4.58,113.8,3.32,158.8,6.29,0.283,1.75,6.25,5,1,58,4,6,3,3,0,7,2,635,101,65,2,3,24,193,7309,137,4,455,7,25,15,53,1090,5,42,1.1007549630354105,-1.429,69.8,0.049,0.128,0.177,2.696116504854369,278,1.2621359223300972,0,2.270793619375743,-0.06597434766881186,0.3155339805825243,0.16923076923076924,10.227821313852997,1.4113765277855825,0.1065398053526354,0.46601941747572817,0.3854166666666667,10.227821313852997,206,2.0476190476190474,0.6470588235294118,-0.006513247881689608,0.8564049710695635,-0.057316377394638164,0.5,0.3786407766990291,-5.903586871647731,0.7766990291262136,80,0.9114840039215333,0.020897897410246176,0.6844660194174758,0.48226950354609927,0.18446601941747573,0.38349514563106796,21,-1.3417290636280594,1,0,205,90,6,4,1,0,135,45,9,5
Kansas,Big 12,3,1,2,89,29.7,427.3,5.91,179.0,4.2,248.3,8.37,0.551,0.386,0.455,2.33,1.67,69,5,11,4,4,0,38,3,745,89,49,3,5,21,189,5463,128,5,537,5,14,17,44,1282,7,33,1.4866868709564534,1.152,73.1,0.073,0.1,0.173,3.117021276595745,293,0.5531914893617021,52,2.323450084915157,0.23913382847137354,0.3804347826086957,0.3,1.94903745725547,0.16966362616994718,0.45652173913043476,0.39285714285714285,14.251744598275563,184,3.1666666666666665,0.5555555555555556,0.13568849249218,0.9971972576902178,0.04789349764233996,0.5108695652173914,0.4148936170212766,4.501988778379956,1.074468085106383,101,1.1671954619904028,0.07216942654004366,0.6195652173913043,0.4824561403508772,0.1276595744680851,0.41304347826086957,24,24.966682618561126,68,22.7,281.0,4.44,115.0,2.95,166.0,6.82,0.283,1.67,7.33,2,-5,45,3,4,2,2,,,0,498,73,40,,4,20,181,5337,117,3,345,5,22,13,46,843,2,35,1.3263920573360948,-1.549,66.2,0.056,0.144,0.2,2.0757894736842104,197,0.9052631578947369,0,2.123755195649836,-0.07623698081419691,0.3941176470588235,0.22388059701492538,17.27858618419014,1.7631862518882444,0.25041429252449476,0.40588235294117647,0.36231884057971014,17.27858618419014,170,3.238095238095238,0.7272727272727273,-0.0640884543253059,0.9078722506910987,-0.12061783378275981,0.5588235294117647,0.2736842105263158,-11.45869420936218,0.5684210526315789,54,1.0031367309926862,-0.05618601476457096,0.6058823529411764,0.3592233009708738,0.2631578947368421,0.3058823529411765,21,-10.895037235302002,0,1,48,118,3,2,1,0,116,7,8,1
Kansas State,Big 12,4,3,1,162,40.5,480.2,6.62,240.8,6.38,239.5,6.89,0.669,0.65,0.5,1.0,0.0,103,1,2,2,2,1,81,2,958,139,93,2,7,15,139,8102,151,13,963,0,12,39,60,1921,4,36,1.2573389363640015,1.379,70.1,0.027,0.057,0.084,3.3633333333333333,404,2.3666666666666667,284,2.0405824285495298,0.6395646627009545,0.308,0.44155844155844154,1.5075109269749472,0.2712791951911848,0.492,0.45528455284552843,33.36734100851573,250,4.962962962962963,0.7368421052631579,0.2675203179198136,1.0386827690008726,0.2773014592083936,0.48,0.5333333333333333,33.27617510500723,1.3083333333333333,157,0.9547221325650475,0.10192832631202263,0.692,0.5086705202312138,0.15,0.488,27,66.88007947995341,61,15.2,246.0,4.51,139.8,3.99,106.2,5.45,0.333,3.0,9.25,3,-1,53,1,2,3,3,,,0,425,78,37,,2,18,143,6298,140,4,559,12,37,18,54,984,3,35,1.4864998670813523,-1.124,74.1,0.045,0.193,0.238,3.039795918367347,298,1.7959183673469388,0,2.1508218353733306,0.22837533461035622,0.4010989010989011,0.2876712328767123,-6.103765136217886,1.5881148536175314,-0.07726284982554286,0.4340659340659341,0.27848101265822783,-6.103765136217886,182,3.857142857142857,0.3333333333333333,0.011278716660140882,1.4546283026058129,0.15746318704672388,0.5384615384615384,0.3673469387755102,15.431392330578939,1.4795918367346939,145,1.1193745688147327,-0.1341162660037648,0.5989010989010989,0.3486238532110092,0.20408163265306123,0.3241758241758242,14,2.0527264321456404,0,0,102,68,6,4,1,0,137,42,9,3
Kentucky,SEC,4,3,1,138,34.5,422.5,6.84,203.5,5.65,219.0,8.5,0.67,0.231,0.556,1.25,2.0,82,5,9,4,4,1,34,1,876,103,69,1,8,23,221,7134,144,9,814,8,15,9,39,1690,5,42,1.2287266959330783,1.437,69.1,0.044,0.091,0.135,3.435,412,2.0166666666666666,242,1.9524698211200282,0.21363671768707743,0.2217391304347826,0.3137254901960784,1.5276093187248292,0.23079988728255196,0.4391304347826087,0.46534653465346537,23.31078861553775,230,4.875,0.75,0.2358329190731458,1.018308180317001,0.23756519827448505,0.5217391304347826,0.5416666666666666,28.507823792938208,1.3916666666666666,167,1.1151983625704196,0.24215697645129936,0.7782608695652173,0.5698324022346368,0.15,0.5130434782608696,24,54.24157138682354,100,25.0,356.2,4.97,122.2,3.65,234.0,6.12,0.448,2.25,4.5,8,3,83,6,14,2,2,1,50,6,936,153,89,6,5,20,133,7266,134,7,489,9,18,26,58,1425,8,40,1.2045981252349465,-1.424,68.9,0.1,0.083,0.183,2.7716814159292036,313,0.8230088495575221,0,1.7881759092062062,0.2474927763929049,0.30196078431372547,0.37662337662337664,2.0965026204354715,1.2848287660716582,0.015529649040262751,0.5294117647058824,0.43703703703703706,2.0965026204354715,255,3.576923076923077,0.75,0.04637359316587958,1.1139971754555156,0.15124395480774783,0.44313725490196076,0.4336283185840708,17.090566893275504,0.9380530973451328,106,0.9930511785453647,-0.040627401825586426,0.6980392156862745,0.449438202247191,0.18584070796460178,0.42745098039215684,26,11.825266257299292,0,0,91,10,5,1,0,0,17,13,7,3
LSU,SEC,4,3,1,155,38.8,502.0,6.37,205.5,4.49,296.5,8.98,0.621,0.516,0.714,1.75,1.75,102,5,7,1,1,1,127,6,1186,132,82,6,6,28,245,7852,183,13,822,7,25,32,62,2008,7,40,1.299842046541327,1.699,65.4,0.079,0.091,0.17,3.2807692307692307,427,1.1923076923076923,155,1.9213326185113095,0.30972389229645436,0.291497975708502,0.4027777777777778,1.7240347690753448,0.31974296517542067,0.4493927125506073,0.4864864864864865,35.4914691344717,247,4.0606060606060606,0.7368421052631579,0.22898629265716228,0.9491279217683359,0.18891090975893624,0.5263157894736842,0.4461538461538462,24.55841826866171,1.2076923076923076,157,1.092678522551333,0.19576853737699637,0.708502024291498,0.49714285714285716,0.13846153846153847,0.46963562753036436,33,56.55961428631908,62,15.5,227.0,3.85,47.8,1.66,179.2,5.93,0.298,4.25,8.0,7,0,52,1,4,2,2,1,82,5,717,121,71,5,3,25,212,6548,115,3,191,17,32,17,57,908,7,41,1.281284113004443,-1.044,74.3,0.075,0.154,0.228,1.7246575342465753,126,0.4246575342465753,0,1.8852134135559109,-0.03143635054484458,0.42021276595744683,0.25316455696202533,-7.727332510975305,1.5764658723250264,-0.07024847737250277,0.5851063829787234,0.3090909090909091,-7.727332510975305,188,3.857142857142857,0.6666666666666666,-0.1239829601269945,0.6724846168501125,-0.20852565658817396,0.3882978723404255,0.2602739726027397,-15.2223729309367,0.6986301369863014,51,0.9260315832682855,-0.1910580257874518,0.5797872340425532,0.3119266055045872,0.3013698630136986,0.2872340425531915,14,-23.308796503874966,0,0,38,97,2,5,0,0,43,6,5,4
Louisville,ACC,4,2,2,165,41.2,486.2,7.26,190.5,5.01,295.8,10.2,0.69,0.458,0.0,0.25,1.75,95,0,2,0,0,0,1,1,1183,116,80,1,8,36,372,7305,152,13,762,7,27,22,48,1945,1,48,1.3878221074903756,1.421,69.8,0.03,0.111,0.141,2.7481203007518795,366,1.887218045112782,251,2.3899795551395555,0.3916968097648123,0.2727272727272727,0.30434782608695654,1.6959586767345378,0.4614578244390943,0.45849802371541504,0.5,53.52910763493494,253,4.392857142857143,0.7058823529411765,0.3301888940142602,1.0605454505645728,0.19248763854775902,0.525691699604743,0.47368421052631576,25.60085592685195,1.1578947368421053,154,1.1814955741508384,0.3071234256078032,0.7272727272727273,0.5543478260869565,0.21052631578947367,0.48616600790513836,28,83.53779018560783,115,28.8,405.5,5.77,165.2,4.24,240.2,7.69,0.315,1.5,3.75,7,6,86,4,8,4,3,0,0,3,961,125,77,3,6,31,291,7095,156,7,661,6,15,17,54,1622,7,47,1.2270264133303201,-1.268,71.1,0.063,0.073,0.136,3.1884057971014492,440,0.8695652173913043,0,2.1292424522868125,0.2606726335853468,0.28413284132841327,0.2727272727272727,46.766568187937615,1.9660233829275646,0.3802160015279481,0.45387453874538747,0.3821138211382114,46.766568187937615,271,3.6153846153846154,0.5172413793103449,0.12247372718054267,0.6915304903327949,0.008253633199654196,0.5092250922509225,0.45652173913043476,1.139001381552279,0.9710144927536232,134,1.021085795742425,0.06762158391678019,0.7158671586715867,0.4742268041237113,0.11594202898550725,0.41697416974169743,26,33.190380065927066,0,0,145,68,8,4,0,0,46,12,6,3
Maryland,Big Ten,4,2,2,129,32.2,431.2,5.97,148.2,4.67,283.0,6.99,0.673,0.429,0.5,1.25,1.25,94,4,8,1,1,2,152,4,1132,162,109,4,7,25,231,6981,127,10,593,5,22,24,56,1725,5,37,1.3065438113289978,1.414,70.2,0.058,0.085,0.143,2.623456790123457,213,1.567901234567901,127,1.9110489619360786,0.19730001105560702,0.25892857142857145,0.3448275862068966,1.3860669745619965,0.18320111261794444,0.6205357142857143,0.4892086330935252,25.464954653894278,224,3.433333333333333,0.625,0.13744114044681094,1.1465003689825484,0.05797953662587353,0.36160714285714285,0.3950617283950617,4.696342466695756,0.9259259259259259,75,1.1591035306931243,0.11652659529434001,0.7410714285714286,0.4939759036144578,0.24691358024691357,0.45535714285714285,30,30.78681546008565,103,25.8,307.0,5.12,118.5,3.46,188.5,7.32,0.365,3.0,5.0,6,1,62,3,6,3,3,0,35,3,754,103,66,3,6,34,268,7419,137,6,474,12,20,19,52,1228,6,34,1.2727392632779395,-1.354,70.3,0.045,0.114,0.159,2.2911111111111113,206,1.0888888888888888,0,2.02515821370006,0.38545643157233667,0.3544973544973545,0.373134328358209,20.55370995514129,1.4916194443455328,0.22100763392625045,0.49206349206349204,0.45161290322580644,20.55370995514129,189,4.15,0.6666666666666666,0.0648940389796362,0.9941644873737298,-0.03953500138720822,0.47619047619047616,0.36666666666666664,-3.5581501248487393,0.8,72,0.8965297880668792,-0.11115252088684684,0.6455026455026455,0.4098360655737705,0.25555555555555554,0.3968253968253968,20,12.264973367151244,0,0,34,216,4,12,0,0,73,50,6,5
Miami,ACC,4,4,0,207,51.8,588.8,8.53,227.5,6.32,361.2,10.95,0.864,0.556,0.5,0.75,0.75,123,1,2,2,1,0,0,1,1445,132,114,1,17,26,237,8288,144,11,910,3,10,20,36,2355,3,31,1.257798434132894,1.454,70,0.021,0.046,0.068,3.717283950617284,301,1.308641975308642,106,1.4015947717172996,0.4408317178658695,0.2222222222222222,0.4,1.4466295074709292,0.823294908288305,0.5222222222222223,0.6595744680851063,77.38972137910066,180,5.057142857142857,0.8333333333333334,0.5636940349208486,0.9054413409250751,0.2936848746708832,0.45,0.5308641975308642,23.78847484834154,1.3209876543209877,107,1.232515561590581,0.598797554079414,0.7777777777777778,0.65,0.12345679012345678,0.5944444444444444,35,101.46492628575274,36,9.0,224.5,3.99,39.5,1.86,185.0,5.29,0.291,2.5,4.75,4,1,51,1,5,2,2,0,24,2,740,140,83,2,3,34,282,6112,85,0,158,10,19,16,55,898,4,29,1.1412844108042235,-0.912,76,0.066,0.096,0.162,2.0022727272727274,88,0.45454545454545453,0,1.732246218393209,0.05518952463099284,0.3448275862068966,0.26,6.229986221726069,1.2847129233505488,0.06422666207965019,0.6689655172413793,0.38144329896907214,6.229986221726069,145,2.3076923076923075,0.6,-0.0047514871444684645,0.7728609993487275,-0.11144343121548579,0.30344827586206896,0.3181818181818182,-4.903510973481375,0.5,22,0.9442971416078949,-0.03629938807892178,0.6551724137931034,0.4105263157894737,0.3181818181818182,0.3586206896551724,13,-0.6889656359479273,0,0,134,54,7,3,0,0,70,14,5,2
Michigan,Big Ten,4,3,1,101,25.2,349.8,5.73,149.0,4.03,200.8,8.36,0.615,0.429,0.8,1.5,1.25,74,4,5,4,4,0,4,2,803,96,59,2,6,32,289,7156,148,6,596,5,12,21,49,1399,6,39,1.1764363288571758,1.216,74.1,0.061,0.073,0.134,3.210526315789474,427,0.48120300751879697,64,1.9771933236585963,0.5125799611638178,0.2765957446808511,0.4,1.6025843592743256,0.4110945074914895,0.4127659574468085,0.4948453608247423,39.87616722667448,235,3.28,0.75,0.16170083823897036,0.7936258401744893,0.04046892749966208,0.5659574468085107,0.39849624060150374,5.382367357455057,0.7894736842105263,105,0.9024931464251107,0.027541173591234563,0.723404255319149,0.4470588235294118,0.11278195488721804,0.4340425531914894,25,37.999696986158035,59,14.8,236.2,4.02,86.8,2.65,149.5,5.75,0.333,2.75,7.0,3,-3,58,1,4,1,1,1,33,2,598,104,63,2,5,23,175,7244,131,0,347,11,28,19,57,945,3,41,1.197651033554882,-1.299,71.9,0.041,0.137,0.178,2.6669642857142857,299,0.21428571428571427,0,1.7575916407459078,-0.10270073137640895,0.37168141592920356,0.21428571428571427,-3.2735438768182443,1.683720016885154,-0.030593868007647143,0.47345132743362833,0.32710280373831774,-3.2735438768182443,226,2.0526315789473686,0.6666666666666666,-0.07078647693154085,0.6833440615373043,-0.12856084509911156,0.49557522123893805,0.3125,-14.398814651100496,0.7946428571428571,89,1.011004164491207,-0.05190762218950619,0.6283185840707964,0.38028169014084506,0.22321428571428573,0.3185840707964602,19,-15.99774378652823,0,1,118,188,5,5,0,0,18,18,5,5
Michigan State,Big Ten,4,2,2,88,22.0,323.2,4.99,122.8,3.21,200.5,7.57,0.679,0.442,0.857,1.5,3.75,83,6,7,2,2,0,12,4,802,106,72,4,3,15,165,7636,153,6,491,15,28,23,52,1293,6,38,1.0653832953739268,1.513,68.3,0.064,0.128,0.192,2.870149253731343,385,0.6194029850746269,83,1.851972997012668,0.0007478831723818995,0.265625,0.2647058823529412,1.3679281029072876,0.1443016609898939,0.4453125,0.47368421052631576,16.450389352847903,256,3.3461538461538463,0.7142857142857143,0.014039022353941461,0.7910359272468174,-0.03568879492140444,0.5234375,0.417910447761194,-4.7822985194681955,0.8283582089552238,111,0.9163452466423758,0.01884645567493109,0.734375,0.5053191489361702,0.20149253731343283,0.44140625,26,3.593989722609014,85,21.2,314.0,5.51,124.0,3.82,190.0,7.76,0.37,1.75,4.75,2,-4,65,2,6,1,1,0,0,1,760,98,61,1,4,20,141,6764,130,7,496,7,19,17,46,1256,2,38,1.2431027964858987,-1.223,72.3,0.056,0.095,0.151,2.759349593495935,339,1.008130081300813,0,2.161902205946933,0.37881880397818024,0.31877729257641924,0.3013698630136986,22.93584777387582,1.7592772526284934,0.2293584777387582,0.4366812227074236,0.38,22.93584777387582,229,3.6,0.631578947368421,0.15810010902983612,0.8536222367528452,0.059585123731931616,0.537117903930131,0.45528455284552843,7.328970219027589,1.008130081300813,124,0.9771345463787573,0.05481507870144431,0.6812227074235808,0.48717948717948717,0.2601626016260163,0.4279475982532751,20,36.20492496783247,0,0,172,83,8,4,0,0,68,12,6,1
Minnesota,Big Ten,4,3,1,140,35.0,377.8,5.81,119.0,4.0,258.8,7.34,0.674,0.411,0.8,0.75,1.0,80,4,5,1,1,0,21,2,1035,141,95,2,7,26,240,8171,119,7,476,4,21,23,56,1511,3,36,1.1395637350281027,1.864,63.6,0.049,0.094,0.143,2.27,182,0.75,60,2.2520838512833,0.027910366884037027,0.2985781990521327,0.2222222222222222,1.461190208881042,0.2653917014424926,0.5876777251184834,0.4596774193548387,32.90857097886908,211,3.5,0.631578947368421,0.10203726729421997,0.6034837417963452,-0.07106048292497781,0.3791469194312796,0.45,-5.684838633998225,0.525,42,0.9472763075272045,0.13359128571206813,0.7014218009478673,0.5472972972972973,0.2625,0.45023696682464454,32,21.529863399080416,76,19.0,272.2,4.82,97.8,3.2,174.5,6.71,0.283,2.75,8.0,5,2,64,3,4,3,3,0,1,2,698,104,64,2,6,24,209,6229,122,4,391,11,32,13,46,1089,5,38,1.227120559610332,-0.809,78.8,0.065,0.172,0.237,3.0734939759036144,255,0.6867469879518072,0,1.642093460535221,0.20100954435265286,0.35638297872340424,0.31343283582089554,16.93900821990399,1.5830263449622466,0.17462895072065968,0.5159574468085106,0.38144329896907214,16.93900821990399,188,4.470588235294118,0.7142857142857143,0.047845377681518794,0.8477081972954079,0.13084675483365676,0.44148936170212766,0.43373493975903615,10.860280651193511,1.036144578313253,86,1.0626973347155648,-0.036964532789274446,0.6436170212765957,0.4380165289256198,0.1927710843373494,0.39361702127659576,17,8.994931004125535,0,0,145,71,6,4,2,0,304,9,14,3
Mississippi State,SEC,4,4,0,172,43.0,533.2,7.46,217.8,5.55,315.5,9.78,0.69,0.478,0.8,0.75,2.0,109,4,5,1,1,0,18,2,1262,129,89,2,15,36,320,6757,157,7,871,8,18,22,46,2133,3,40,1.2997484046173433,1.312,71.8,0.052,0.067,0.119,3.3754237288135593,398,1.4745762711864407,174,2.036619783850577,0.6156915163319251,0.2979591836734694,0.4383561643835616,1.6332587201700932,0.5074618270097394,0.49387755102040815,0.512396694214876,61.40288106817847,245,4.645161290322581,0.9090909090909091,0.3718051051907919,0.976660286425617,0.3297037466617391,0.4816326530612245,0.5423728813559322,38.90504210608521,1.271186440677966,150,1.0488985733890086,0.26829517488089233,0.7020408163265306,0.5465116279069767,0.17796610169491525,0.5142857142857142,31,91.092250771744,84,21.0,353.8,4.96,104.8,3.25,249.0,6.38,0.317,2.25,5.5,2,-1,76,7,11,0,0,0,12,2,996,156,95,2,6,34,359,7643,129,1,419,9,22,20,63,1415,2,38,1.1295484024060147,-1.188,72,0.099,0.082,0.182,2.8916666666666666,278,0.3125,0,1.980177373439758,0.030412895221834494,0.30522088353413657,0.2236842105263158,8.279960090651723,1.4278426635279475,0.056326259120079755,0.5903614457831325,0.3945578231292517,8.279960090651723,249,3.1666666666666665,0.6666666666666666,0.012940857464887413,0.6732878582161126,-0.0045415755437779055,0.3855421686746988,0.375,-0.4359912522026789,0.6875,66,0.9465016618038167,0.005265280184378871,0.6947791164658634,0.45664739884393063,0.17708333333333334,0.3855421686746988,24,3.2222735087569663,0,0,36,244,3,9,,0,,4,,1
Missouri,SEC,4,3,1,143,35.8,418.8,6.18,160.0,4.3,258.8,8.48,0.639,0.415,0.6,0.5,0.75,90,3,5,2,2,,,0,1035,122,78,,11,32,292,7172,149,6,640,3,20,22,53,1675,2,46,1.2566091423509287,1.938,61.5,0.082,0.086,0.168,3.025,375,0.7419354838709677,92,2.2364022891607087,0.3865494451936698,0.3225806451612903,0.3375,1.6925690165009994,0.48164972045930055,0.4596774193548387,0.4824561403508772,54.90806813236026,248,3.7222222222222223,0.7272727272727273,0.20363973643280905,0.6798124157576697,-0.011196599506008022,0.5,0.3709677419354839,-1.3883783387449948,0.9435483870967742,117,0.9217431301501179,0.11653987511811345,0.6774193548387096,0.47023809523809523,0.1774193548387097,0.4274193548387097,36,50.50265463533664,83,20.8,318.8,4.72,100.5,2.77,218.2,6.98,0.322,3.0,7.0,6,4,76,5,10,2,2,0,73,4,873,125,70,4,8,33,304,7228,145,2,402,12,28,19,59,1275,6,45,1.429545342770189,-0.939,76.2,0.089,0.133,0.221,2.3866666666666667,286,0.525,0,2.1698113170105917,0.07370109484713679,0.4016393442622951,0.2755102040816326,6.425642795927327,1.7422167808699978,0.053996998285103584,0.48770491803278687,0.3445378151260504,6.425642795927327,244,3.263157894736842,0.8571428571428571,-0.03651774710086605,1.040280675482965,-0.04325920571831415,0.4918032786885246,0.35,-5.191104686197699,0.925,111,1.07889303918263,-0.11050025744952549,0.5983606557377049,0.3904109589041096,0.25,0.3442622950819672,19,-8.910330292611315,0,0,155,40,6,2,1,,102,,4,
NC State,ACC,4,2,2,153,38.2,451.8,6.5,219.0,5.62,232.8,7.63,0.68,0.536,0.571,1.75,1.5,92,4,7,4,4,0,2,3,931,122,83,3,7,20,192,7912,156,13,876,6,20,30,56,1807,7,40,1.2443035795278081,1.35,70.9,0.064,0.093,0.157,3.026050420168067,360,1.596638655462185,190,2.13781363979366,0.28000690292474345,0.3026315789473684,0.3333333333333333,1.4244654143367979,0.3514914586245153,0.4517543859649123,0.5145631067961165,36.20362023832508,228,4.678571428571429,0.8,0.20300180102797363,1.0480891231583052,0.11010455742638059,0.5219298245614035,0.4369747899159664,13.10244233373929,1.0420168067226891,124,0.9996520154073963,0.1695844926576773,0.6973684210526315,0.5283018867924528,0.17647058823529413,0.4692982456140351,28,46.28441063437799,100,25.0,327.8,5.56,121.5,3.89,206.2,7.43,0.283,1.0,3.25,5,-2,63,7,10,2,2,0,-1,3,825,111,63,3,7,28,228,6488,125,5,486,4,13,15,53,1311,5,40,1.2746521615541744,-1.292,71.5,0.082,0.07,0.152,3.0787878787878786,305,0.7171717171717171,0,1.7576127549175145,0.2786783240664582,0.2843601895734597,0.2833333333333333,33.8718317590729,1.6429210667020633,0.32885273552497957,0.4881516587677725,0.39805825242718446,33.8718317590729,211,3.590909090909091,0.8,0.18244061684216548,0.9783332425247654,0.15097775430554222,0.46919431279620855,0.48484848484848486,14.946797676248678,1.0606060606060606,105,1.1621818863873692,0.14420046827622132,0.7156398104265402,0.48344370860927155,0.1717171717171717,0.4265402843601896,22,38.49497015369691,0,0,72,73,3,5,0,0,107,0,11,1
Nebraska,Big Ten,4,4,0,170,42.5,482.8,6.92,236.5,5.84,246.2,8.42,0.658,0.54,0.625,0.25,0.75,100,5,8,0,0,0,0,1,985,117,77,1,11,27,235,7704,162,11,946,3,17,27,50,1931,1,36,1.4791186106154257,1.404,69.7,0.039,0.071,0.11,3.357037037037037,453,1.8222222222222222,246,2.2117791212676803,0.8278578533486152,0.2791666666666667,0.43283582089552236,1.7748519952429926,0.5256848557422628,0.4166666666666667,0.48,52.56848557422627,240,5.1923076923076925,0.75,0.42553372536823947,1.2507994667886868,0.3439824850254752,0.5625,0.4962962962962963,46.43763547843915,1.3037037037037038,176,1.2403865341107585,0.26972033476312285,0.7208333333333333,0.5144508670520231,0.16296296296296298,0.49166666666666664,26,102.12809408837748,48,12.0,233.5,4.1,90.5,2.72,143.0,6.02,0.255,3.75,6.5,6,5,58,5,7,2,2,0,44,4,572,95,52,4,3,16,144,6696,133,2,362,15,26,12,47,934,6,36,1.2280320841435732,-1.136,73.3,0.068,0.136,0.204,2.647777777777778,238,0.34444444444444444,0,1.8999297658196908,-0.2572866034062432,0.36507936507936506,0.18840579710144928,-9.582929232843462,1.4018763418740783,-0.10416227427003763,0.48677248677248675,0.34782608695652173,-9.582929232843462,189,2.611111111111111,0.8181818181818182,-0.06483418643618093,0.8803702425912041,-0.10242214187272865,0.47619047619047616,0.35555555555555557,-9.217992768545578,0.8777777777777778,79,1.0720558366116173,0.04582595332160487,0.6349206349206349,0.4666666666666667,0.2111111111111111,0.36507936507936506,18,-12.253661236438194,0,0,80,128,4,8,0,0,72,7,11,2
North Carolina,ACC,3,2,1,70,23.3,366.0,6.13,155.0,4.89,211.0,7.54,0.56,0.382,0.667,1.33,2.33,63,2,3,3,3,0,7,1,633,84,47,1,3,13,95,5206,95,5,465,7,12,13,34,1098,4,28,1.0086517656881575,1.465,70,0.049,0.082,0.132,4.024358974358974,314,0.7948717948717948,62,1.956207369969238,0.4459097567151684,0.2909090909090909,0.3958333333333333,1.4144358733095341,0.13713087498123747,0.509090909090909,0.42857142857142855,11.518993498423947,165,4,0.7777777777777778,0.11813118875735157,0.6874122354064582,0.15136094099170622,0.4727272727272727,0.5769230769230769,11.806153397353084,1.6666666666666667,130,0.7273461956672119,-0.016342069892009186,0.7090909090909091,0.5470085470085471,0.10256410256410256,0.503030303030303,17,19.49164614496301,41,13.7,312.3,4.59,123.0,3.35,189.3,6.04,0.444,3.33,5.33,5,1,54,2,7,3,3,0,0,2,568,94,63,2,1,22,182,5594,110,3,369,10,16,20,45,937,5,30,1.0487743840300097,-1.325,70.3,0.044,0.097,0.141,2.951648351648352,269,1.1758241758241759,0,1.8632050314806898,-0.04354255441421693,0.31746031746031744,0.21666666666666667,1.9126211011423047,1.2805685761966568,0.021017814298267084,0.48148148148148145,0.37362637362637363,1.9126211011423047,189,2.6875,0.8571428571428571,-0.027290023244097183,0.8470308057551917,0.05758855909081123,0.48148148148148145,0.42857142857142855,5.2405588772638225,0.8131868131868132,74,0.8752071968683893,-0.019730706420785674,0.6825396825396826,0.4728682170542636,0.13186813186813187,0.3915343915343915,16,-5.157814393134368,0,0,39,107,2,5,0,0,26,52,3,5
Northwestern,Big Ten,3,2,1,98,32.7,415.0,6.73,146.0,4.02,269.0,10.62,0.697,0.412,1.0,0.33,2.33,61,2,2,1,1,,,0,807,76,53,,6,26,178,5278,109,6,438,7,17,14,34,1245,1,31,1.2818597555317655,1.239,72.4,0.021,0.112,0.133,3.023529411764706,257,1.3411764705882352,114,1.7252657506283344,0.557983760571764,0.28823529411764703,0.40816326530612246,1.670249614146557,0.5630057744239412,0.4647058823529412,0.5443037974683544,44.477456179491355,170,5.111111111111111,0.8181818181818182,0.3297060154375541,0.9008795788938148,0.167196016952789,0.5,0.43529411764705883,14.211661440987063,1.0823529411764705,92,1.1388255635651303,0.23726296162287408,0.711764705882353,0.512396694214876,0.1411764705882353,0.4823529411764706,18,56.050022624384205,54,18.0,417.3,5.72,199.3,5.29,218.0,6.17,0.447,1.67,3.67,5,4,69,4,8,2,2,0,26,3,654,106,61,3,2,23,185,5522,113,3,598,5,11,21,47,1252,5,32,1.1281852095627818,-1.206,72,0.099,0.063,0.162,3.4466019417475726,355,1.941747572815534,0,1.8693995109176968,0.044180395628905876,0.25471698113207547,0.24074074074074073,7.1530542507536135,1.4134893871183367,0.06877936779570783,0.49056603773584906,0.41346153846153844,7.1530542507536135,212,2.4210526315789473,0.5909090909090909,0.10583441929679284,0.8837060990172494,0.1216910124015209,0.4858490566037736,0.47572815533980584,12.534174277356653,1.087378640776699,112,1.0106756252016367,0.12690604763898206,0.7452830188679245,0.5189873417721519,0.14563106796116504,0.4481132075471698,19,22.43689689092008,0,0,122,147,6,9,0,0,9,1,2,1
Ohio State,Big Ten,4,3,1,180,45.0,522.0,7.76,156.8,4.61,365.2,10.98,0.729,0.444,0.667,1.0,1.25,103,6,9,0,0,0,48,4,1461,133,97,4,13,23,194,7193,136,10,627,5,17,20,45,2088,4,33,1.2773494976988984,1.557,68.2,0.048,0.063,0.111,3.3789473684210525,321,0.8210526315789474,78,2.217168885858594,0.5683642170944017,0.21296296296296297,0.41304347826086957,1.5321858563776267,0.6234322904788077,0.5462962962962963,0.6016949152542372,73.5650102764993,216,5.111111111111111,0.7647058823529411,0.40814273481734425,0.9069947352534015,0.17532878195001322,0.4398148148148148,0.49473684210526314,16.65623428525126,1.063157894736842,101,1.0987838139485562,0.36478868667178754,0.7870370370370371,0.5882352941176471,0.14736842105263157,0.5509259259259259,27,88.15883072054636,49,12.2,274.2,4.16,114.0,3.48,160.2,4.82,0.367,1.75,5.5,6,2,69,3,9,3,3,0,17,3,641,133,72,3,2,24,179,7207,131,3,456,7,22,22,60,1097,6,32,1.2914769528820993,-0.966,75.7,0.104,0.104,0.208,3.014130434782609,277,0.8369565217391305,0,1.9288659083404416,0.29759521620832413,0.37320574162679426,0.3333333333333333,-9.25384787263112,1.6265409964378688,-0.08336799885253261,0.5311004784688995,0.2972972972972973,-9.25384787263112,209,2.7777777777777777,0.625,0.0023180007793147796,1.0380814939769194,0.07394071769539558,0.44019138755980863,0.4673913043478261,6.802546027976393,1.2826086956521738,118,0.9787955785063088,-0.17349591375093507,0.6267942583732058,0.40458015267175573,0.17391304347826086,0.37799043062200954,18,0.48446216287678895,0,0,46,78,3,6,0,0,46,11,10,2
Oklahoma,SEC,4,2,2,88,22.0,321.2,5.2,99.0,2.93,222.2,7.94,0.652,0.34,0.25,2.5,2.0,65,1,4,6,6,0,64,4,889,112,73,4,8,26,214,7114,135,2,396,8,24,18,53,1285,10,39,1.1505453203691758,1.264,72.4,0.039,0.118,0.157,2.502,250,1.06,106,1.7593889013148831,0.07740501235144565,0.323943661971831,0.3188405797101449,1.731126139472906,0.2655811634844554,0.49295774647887325,0.41904761904761906,27.886022165867814,213,3.388888888888889,0.3333333333333333,-0.08306786914743487,0.4610962439638072,-0.34104050669082114,0.4694835680751174,0.34,-34.10405066908211,0.79,79,0.9196046517345972,-0.15996112486564845,0.676056338028169,0.4027777777777778,0.25,0.3755868544600939,18,-17.69345612840363,64,16.0,238.0,4.25,115.5,3.23,122.5,6.05,0.231,3.25,7.0,4,-6,48,4,6,3,3,0,0,1,490,81,42,1,1,26,201,7286,143,5,462,13,28,12,52,952,4,37,1.1652475312143808,-1.617,66.1,0.07,0.145,0.216,2.5166666666666666,272,0.6574074074074074,0,2.0872622324826025,-0.04381342396640685,0.3333333333333333,0.25,-10.875644786014433,1.2756477782163382,-0.13943134341044147,0.40625,0.3333333333333333,-10.875644786014433,192,2.0833333333333335,0.5833333333333334,-0.17389624392277098,1.0826035807418306,-0.08836014305875467,0.5625,0.2962962962962963,-9.542895450345505,0.7685185185185185,83,0.8221722935331821,-0.23893765390095303,0.6666666666666666,0.3359375,0.18518518518518517,0.3072916666666667,24,-33.388078833172024,0,0,105,24,5,1,1,0,130,35,7,5
Oklahoma State,Big 12,4,3,1,149,37.2,548.2,7.07,221.2,5.43,327.0,8.9,0.687,0.32,0.429,2.0,0.75,110,3,7,3,3,1,110,5,1308,147,101,5,12,20,207,7923,163,5,885,3,10,16,50,2193,8,45,1.123858653710285,1.295,71.6,0.047,0.044,0.091,3.0794117647058825,419,1.2941176470588236,176,1.6935154444290819,0.12593286876733326,0.2756183745583039,0.3076923076923077,1.5111663120967396,0.28912538469744103,0.4876325088339223,0.5072463768115942,39.89930308824686,283,3.75,0.6521739130434783,0.12312369309718355,0.6974713220947605,0.03045838042952702,0.48056537102473496,0.45588235294117646,4.142339738415674,1.2058823529411764,164,0.9995698993716383,0.12205483601293145,0.7243816254416962,0.5365853658536586,0.17647058823529413,0.4734982332155477,36,34.844005146502944,79,19.8,317.2,5.08,158.8,4.18,158.5,6.47,0.278,2.0,5.0,4,-4,61,2,9,1,1,0,43,3,634,98,55,3,3,23,200,6477,152,6,635,8,20,15,54,1269,4,43,1.1827090674288199,-1.248,71.4,0.079,0.083,0.163,3.12734375,400,0.9140625,0,1.8132569989651375,-0.0214457778489575,0.33189655172413796,0.2077922077922078,-13.091555238711994,1.6390535169630354,-0.13223793170416157,0.4267241379310345,0.31313131313131315,-13.091555238711994,232,3,0.7142857142857143,-0.00862826142172081,0.9409032579177025,0.08053960570596014,0.5517241379310345,0.4296875,10.309069530362898,1.0078125,129,1.0425873048651937,-0.0022608500352870975,0.6681034482758621,0.4645161290322581,0.1640625,0.3793103448275862,24,-2.0017566498392276,0,0,44,43,4,2,0,0,149,-1,10,1
Ole Miss,SEC,4,3,1,142,35.5,440.0,6.52,117.5,4.02,322.5,8.43,0.693,0.435,0.6,1.5,1.0,99,3,5,2,2,0,10,4,1290,153,106,4,8,29,258,6274,117,9,470,4,15,20,46,1760,6,42,1.1659455795730518,1.164,72.7,0.054,0.072,0.127,2.7953271028037383,299,0.5981308411214953,64,2.195205981525928,0.5158381033340782,0.26356589147286824,0.36764705882352944,1.4077534737713742,0.4285941188936402,0.5542635658914729,0.5174825174825175,61.288959001790545,258,4.75,0.7272727272727273,0.26184984544774265,0.8887333413937483,0.1142911574666414,0.41472868217054265,0.4953271028037383,12.229153848930629,0.9906542056074766,106,0.9231954847728452,0.17094878473052783,0.7364341085271318,0.5578947368421052,0.17757009345794392,0.5077519379844961,28,67.5572601255176,123,30.8,404.8,5.89,194.8,4.64,210.0,7.85,0.439,1.5,5.75,2,-4,83,3,6,0,0,0,38,2,840,107,70,2,4,31,247,8126,168,10,779,6,23,25,57,1619,2,41,1.1462836134219392,-1.543,68,0.043,0.087,0.13,2.937162162162162,435,1.4189189189189189,0,2.048476407005461,0.2522033561348794,0.2823529411764706,0.3055555555555556,33.39166228281032,1.4399441236047186,0.32419089594961475,0.403921568627451,0.47572815533980584,33.39166228281032,255,4,0.8095238095238095,0.2474658928115196,0.9738458984638296,0.20071932483893887,0.5803921568627451,0.4864864864864865,29.70646007616295,1.0067567567567568,149,0.9516930108843169,0.24560197281544363,0.7176470588235294,0.5573770491803278,0.20945945945945946,0.48627450980392156,27,63.1038026669375,0,0,120,222,7,8,0,0,7,19,3,2
Oregon,Big Ten,4,3,1,190,47.5,502.0,7.07,155.0,4.46,347.0,9.57,0.717,0.5,0.4,0.5,1.75,96,4,10,2,2,,,0,1388,145,104,,14,29,271,7435,139,10,620,7,18,26,52,2008,2,42,1.5255963575040195,1.516,68.2,0.038,0.069,0.107,3.122448979591837,306,1.0408163265306123,102,2.0620042368749627,0.4058125040973008,0.3146551724137931,0.3424657534246575,1.9009282392990274,0.38534316994839857,0.5560344827586207,0.4496124031007752,49.709268923343416,232,5.0285714285714285,0.7333333333333333,0.29185276772967944,1.0467082381482162,0.15911935664674323,0.4224137931034483,0.4387755102040816,15.593696951380837,0.9591836734693877,94,1.355847028589164,0.2395316309068093,0.6853448275862069,0.4968553459119497,0.15306122448979592,0.4482758620689655,35,67.70984211328563,93,23.2,344.2,5.3,113.0,3.59,231.2,6.9,0.212,1.5,3.0,7,5,74,7,9,1,1,1,111,6,925,134,72,6,7,16,139,6965,126,3,452,6,12,11,52,1377,7,42,1.205082022641194,-1.248,72.1,0.108,0.049,0.157,2.808256880733945,306,0.9908256880733946,0,1.900501951097231,0.07838571868297688,0.30327868852459017,0.3108108108108108,6.16321813596499,1.4860841210183178,0.0477768847749224,0.5286885245901639,0.3953488372093023,6.16321813596499,244,3.3333333333333335,0.75,0.061565401120949034,0.9009418468971445,0.08418149879274339,0.44672131147540983,0.41284403669724773,9.175783368409029,0.7522935779816514,82,0.9918199112480093,0.0542436158292428,0.6967213114754098,0.4411764705882353,0.1651376146788991,0.4016393442622951,24,15.021957873511564,0,0,49,70,4,6,0,0,26,6,4,2
Penn State,Big Ten,4,3,1,147,36.8,427.2,6.45,183.5,4.71,243.8,8.94,0.624,0.411,0.4,0.25,1.25,85,2,5,0,0,0,0,1,975,109,68,1,9,19,176,7611,156,8,734,5,13,23,56,1709,1,39,1.3758663911241935,1.711,65.8,0.058,0.058,0.116,2.7218181818181817,299,0.8272727272727273,91,2.279236422549477,0.3709720819836511,0.28169014084507044,0.2833333333333333,1.8959891858532378,0.4385709441206211,0.45539906103286387,0.44329896907216493,42.54138157970024,213,3.966666666666667,0.7857142857142857,0.23533943275345542,0.8572382087922135,0.06462092233195116,0.5164319248826291,0.37272727272727274,7.108301456514628,0.9818181818181818,108,1.1532969630918772,0.18215015854553554,0.7183098591549296,0.45098039215686275,0.1,0.40375586854460094,30,50.127299176486005,46,11.5,239.5,4.03,113.2,3.62,126.2,4.47,0.192,1.25,4.75,8,7,56,5,6,3,3,1,88,5,505,113,60,5,2,21,187,6789,125,3,453,5,19,10,52,958,8,39,1.2708219809657126,-0.933,76.3,0.083,0.112,0.195,2.555555555555556,207,1.0864197530864197,0,2.494433515327771,0.16602367425017966,0.3829787234042553,0.2222222222222222,-18.646224589470577,1.2096206052503062,-0.18646224589470578,0.5319148936170213,0.3,-18.646224589470577,188,3.6363636363636362,0.75,-0.06717978459320613,1.332985964267972,0.15543976606935458,0.4308510638297872,0.32098765432098764,12.59062105161772,0.7654320987654321,62,0.8046842535896903,-0.21192675904772146,0.6170212765957447,0.3620689655172414,0.2222222222222222,0.30851063829787234,11,-12.629799503522753,0,0,71,98,4,6,0,,188,,15,
Pittsburgh,ACC,4,4,0,157,39.2,523.8,7.22,176.5,5.01,347.2,9.32,0.685,0.5,0.667,0.5,1.0,105,4,6,1,1,0,4,1,1389,149,102,1,15,37,339,7770,141,5,706,4,14,26,52,2095,2,36,1.3444757851519367,1.426,70.4,0.038,0.058,0.096,3.180555555555556,344,1.472222222222222,159,1.872939344298452,0.452371553793492,0.31277533039647576,0.38028169014084506,1.6862734717513579,0.3967046910402035,0.5154185022026432,0.4700854700854701,46.41444885170381,227,4.233333333333333,0.7142857142857143,0.26433147483622943,0.9684983298925732,0.16227440758992978,0.47577092511013214,0.46296296296296297,17.525636019712415,1.1851851851851851,128,1.1615460916012197,0.1787491312082445,0.6872246696035242,0.5,0.19444444444444445,0.46255506607929514,30,60.00324478782407,34,8.5,244.5,4.2,55.2,2.1,189.2,5.91,0.264,2.0,6.5,3,1,56,1,5,0,0,0,3,3,757,128,73,3,2,34,270,6630,105,2,221,8,26,14,53,978,3,36,1.4176179073613173,-1.03,75.3,0.063,0.117,0.179,1.8210526315789475,138,0.6052631578947368,0,2.3817378399115703,0.054403902473527575,0.38461538461538464,0.21333333333333335,-4.14925522671096,1.723081979971517,-0.03738067771811676,0.5692307692307692,0.2972972972972973,-4.14925522671096,195,1.6875,0.5,-0.09847737895725019,0.9779755287032217,-0.1389816002647787,0.38974358974358975,0.3157894736842105,-10.562601620123182,0.9342105263157895,71,1.0503341235326495,-0.1940281798514863,0.6153846153846154,0.35,0.3026315789473684,0.29743589743589743,16,-19.203088896663786,0,0,90,246,5,11,0,0,61,17,8,3
Purdue,Big Ten,4,1,3,128,32.0,421.0,5.95,101.5,2.92,319.5,8.88,0.722,0.462,0.571,1.0,3.25,96,4,7,3,3,0,12,1,1278,144,104,1,8,29,226,7720,139,6,406,13,24,24,52,1684,4,36,1.2496493298617257,1.096,73.8,0.031,0.101,0.133,2.936893203883495,303,0.6019417475728155,62,2.09296855657309,0.5057279313713802,0.2851063829787234,0.3582089552238806,1.4552574459651637,0.5060044918040286,0.5361702127659574,0.5317460317460317,63.75656596730761,235,3.6296296296296298,0.7142857142857143,0.2874574480037641,0.9141168538145064,0.07764845851909476,0.43829787234042555,0.4174757281553398,7.99779122746676,0.8446601941747572,87,1.0170095431827286,0.20040910047025057,0.7148936170212766,0.5178571428571429,0.1650485436893204,0.4723404255319149,27,67.55250028088456,158,39.5,446.0,7.08,199.5,5.5,246.5,9.21,0.511,1.5,4.5,2,-2,91,2,2,0,0,1,41,2,986,107,63,2,9,24,235,6680,145,10,798,6,18,23,45,1784,2,34,1.3171482242973056,-1.171,73.3,0.058,0.081,0.14,3.4686440677966104,409,1.7542372881355932,0,2.2438393919733057,0.6468350919025974,0.3013698630136986,0.42424242424242425,37.61798069288936,1.6772789668571104,0.387814233947313,0.4429223744292237,0.4536082474226804,37.61798069288936,219,5.2,0.7619047619047619,0.37694061301321874,1.0778348169431284,0.36799053432286793,0.5388127853881278,0.559322033898305,43.42288305009842,1.457627118644068,172,1.0082511684053055,0.26051554368838875,0.6986301369863014,0.5490196078431373,0.1271186440677966,0.5114155251141552,25,82.54999424989491,0,0,58,143,3,7,0,0,34,21,7,3
Rutgers,Big Ten,4,1,3,135,33.8,431.8,6.35,154.5,4.26,277.2,8.73,0.591,0.435,0.643,2.5,2.25,93,9,14,1,1,1,137,9,1109,127,75,9,12,19,128,7690,145,6,618,9,15,20,46,1727,10,40,1.3728665514074723,1.472,69,0.084,0.062,0.146,3.156637168141593,357,1.1415929203539823,129,2.1459028232269235,0.5122207514730593,0.28193832599118945,0.421875,1.9904209165912456,0.35630302357894084,0.4801762114537445,0.47706422018348627,38.83702957010455,227,3.962962962962963,0.6923076923076923,0.1355589761300934,0.7814661197823219,0.019661103307194904,0.4977973568281938,0.48672566371681414,2.2217046737130244,1.0176991150442478,115,1.1183302180035066,-0.012332763881868661,0.7180616740088106,0.5030674846625767,0.1592920353982301,0.4801762114537445,27,30.771887581531203,114,28.5,361.0,6.14,166.8,5.02,194.2,7.62,0.364,1.75,4.25,6,-4,72,3,4,2,2,0,9,4,777,102,65,4,6,30,271,6710,133,6,667,7,17,16,44,1444,6,40,1.2002191676689686,-1.354,70,0.037,0.1,0.137,3.1,363,1.5299145299145298,0,2.0051496394955546,0.3987735937237561,0.2882882882882883,0.34375,33.19450163689869,1.5932729352348303,0.34577605871769473,0.43243243243243246,0.4479166666666667,33.19450163689869,222,3.6521739130434785,0.75,0.191792556012291,0.8998438688745016,0.15097808963145498,0.527027027027027,0.49572649572649574,17.66443648688023,1.4871794871794872,174,0.9842622118130554,0.10795213567346972,0.7117117117117117,0.5189873417721519,0.18803418803418803,0.46846846846846846,23,42.57794743472861,0,0,17,40,1,4,0,,24,,3,
SMU,ACC,4,3,1,148,37.0,550.8,7.81,158.2,4.52,392.5,11.06,0.775,0.52,0.429,2.25,1.0,98,3,7,4,1,1,63,5,1570,142,110,5,14,32,295,7274,140,6,633,4,15,26,50,2203,9,43,1.2420803759064267,1.558,67.6,0.043,0.078,0.121,3.138211382113821,386,1.2276422764227641,151,2.17470969792272,0.3929364499480696,0.25882352941176473,0.42424242424242425,1.7429505793214017,0.6005170041768381,0.4980392156862745,0.5826771653543307,76.26565953045844,255,3.903225806451613,0.7142857142857143,0.26214798059912087,0.6277625358836353,0.020513431308942353,0.4823529411764706,0.4959349593495935,2.5231520509999092,0.926829268292683,114,1.0002875887170175,0.21647581669948796,0.7411764705882353,0.5714285714285714,0.15447154471544716,0.5333333333333333,31,66.84773505277582,99,24.8,309.5,4.95,148.5,4.43,161.0,5.55,0.204,3.0,8.25,4,-5,64,6,10,2,1,0,43,2,644,116,67,2,6,28,242,7126,134,6,594,12,33,11,54,1238,4,42,1.3652730401369122,-1.122,73.6,0.063,0.141,0.204,2.6669642857142857,299,2.107142857142857,0,2.790540281978012,0.23990324705231894,0.30837004405286345,0.21428571428571427,4.545762536514548,1.7927074913962475,0.040952815644275206,0.4889867841409692,0.2972972972972973,4.545762536514548,227,3.95,0.3888888888888889,0.04082993324506153,1.0916956993469131,0.06259863282153054,0.4933920704845815,0.42857142857142855,7.01104687601142,1.1517857142857142,129,1.0461833591277108,-0.04792886908938445,0.6916299559471366,0.4267515923566879,0.21428571428571427,0.36123348017621143,20,9.268394846628969,0,0,111,51,7,2,0,0,59,41,10,3
South Carolina,SEC,4,2,2,154,38.5,499.2,6.86,262.0,6.59,237.2,7.19,0.629,0.426,0.727,1.5,1.5,100,8,11,2,2,1,35,4,949,132,83,4,7,25,238,7490,159,10,1048,6,15,23,54,1997,6,38,1.2860060897054628,1.085,73.8,0.054,0.068,0.122,3.6553719008264465,442,2.603305785123967,315,2.1264036213139357,0.21959476390200602,0.29338842975206614,0.23943661971830985,1.514766877339783,0.10224959178749962,0.47520661157024796,0.3826086956521739,11.758703055562457,242,4.296296296296297,0.7692307692307693,0.19213157971211095,1.1523859014503364,0.32013714343102884,0.5,0.49586776859504134,38.736594355154494,1.305785123966942,158,1.1272643337349735,0.18072873715373347,0.7066115702479339,0.5263157894736842,0.1487603305785124,0.44214876033057854,27,46.49584229033085,99,24.8,316.0,5.52,95.0,3.22,221.0,7.96,0.353,2.5,5.25,2,-4,61,2,2,0,0,0,0,2,884,111,72,2,10,33,252,6910,118,2,380,10,21,18,51,1264,2,41,1.5396486484342282,-1.28,71.6,0.047,0.089,0.136,2.229761904761905,187,1.25,0,2.511084411310697,0.545562643562051,0.35678391959798994,0.3380281690140845,53.30277670047741,1.8883881629162385,0.49815679159324683,0.5376884422110553,0.4205607476635514,53.30277670047741,199,5.0588235294117645,0.7,0.18949352945410697,0.945326514338138,-0.06304025399214189,0.4221105527638191,0.34523809523809523,-5.2953813353399175,0.6904761904761905,58,1.0825024070805958,-0.008013557277643213,0.6432160804020101,0.3984375,0.2619047619047619,0.3768844221105528,17,37.709212361367285,0,0,169,82,8,5,2,0,175,11,10,2
Stanford,ACC,4,2,2,84,21.0,375.2,5.62,102.5,3.45,272.8,7.37,0.581,0.339,0.4,0.25,1.5,75,4,10,1,1,,,0,1091,148,86,,5,30,253,6433,119,4,410,6,18,19,56,1501,1,40,1.285684789550792,1.061,74.6,0.051,0.074,0.125,2.7354166666666666,263,0.8125,78,2.4033033378567574,0.34396982027189243,0.32,0.2638888888888889,1.6752954935045408,0.34889051499158913,0.5511111111111111,0.3951612903225806,43.26242385895706,225,3.260869565217391,0.7272727272727273,0.20999348694468623,0.834468245389243,0.02791484512706384,0.4266666666666667,0.4270833333333333,2.6798251321981286,0.78125,75,0.9987286757965576,0.1469458006730598,0.68,0.48366013071895425,0.21875,0.41333333333333333,23,47.2485345625544,134,33.5,443.0,6.26,149.5,4.5,293.5,7.83,0.442,0.75,4.5,6,5,93,5,8,3,2,0,0,3,1174,150,101,3,10,33,267,7967,133,8,598,3,18,23,52,1772,6,42,1.3713321221533126,-1.258,72,0.049,0.08,0.128,3.3169642857142856,372,1.5267857142857142,0,2.004692367558665,0.4086144817009643,0.32432432432432434,0.36904761904761907,56.790951606694314,1.5763371410301505,0.4085679971704627,0.5366795366795367,0.4460431654676259,56.790951606694314,259,5,0.8125,0.2927546254425356,1.1380960666854798,0.20598907179193907,0.43243243243243246,0.49107142857142855,23.070776040697176,1.2321428571428572,138,1.150723497349201,0.2371418944384898,0.6756756756756757,0.5085714285714286,0.13392857142857142,0.46332046332046334,27,75.82344798961671,0,0,225,131,11,6,0,0,46,17,8,4
Syracuse,ACC,3,1,2,97,32.3,432.0,5.56,166.0,4.26,266.0,6.88,0.578,0.465,0.333,1.67,2.33,82,1,3,0,0,1,56,5,798,116,67,5,5,37,351,5996,117,6,498,7,19,20,43,1296,5,30,1.3427709527882197,1.592,67.2,0.042,0.084,0.126,2.986516853932584,266,1.5056179775280898,134,2.2273974232936258,0.06723491731681211,0.35148514851485146,0.29577464788732394,1.7008917627140656,0.014561346271475624,0.5247524752475248,0.3584905660377358,1.543502704776416,202,3.5384615384615383,0.8235294117647058,0.03854850413411729,1.0314456449707605,0.1892813339159584,0.4405940594059406,0.4606741573033708,16.846038718520294,1.2808988764044944,114,1.0279039039642615,0.023000906149603303,0.6485148514851485,0.45038167938931295,0.21348314606741572,0.39603960396039606,26,7.786797835091693,51,17.0,258.7,4.31,124.0,3.84,134.7,4.87,0.361,2.67,7.33,4,-1,50,0,1,2,2,0,21,2,404,83,46,2,2,26,226,4804,97,3,372,8,22,13,36,776,4,28,1.079129326987594,-1.215,72.9,0.049,0.137,0.186,2.523943661971831,179,1.2816901408450705,0,1.5827983070251894,-0.1796179453733236,0.35172413793103446,0.17647058823529413,-15.986068930601238,1.320283884436582,-0.2189872456246745,0.503448275862069,0.3150684931506849,-15.986068930601238,145,2.75,0.7,-0.04833073682033973,0.9438368711218191,0.12839688729980736,0.4896551724137931,0.4507042253521127,9.116178998286323,1.1549295774647887,82,0.9826820754910329,0.022899557181811088,0.6482758620689655,0.5,0.2676056338028169,0.38620689655172413,16,-7.007956838949261,0,0,131,84,7,5,0,0,181,2,11,1
TCU,Big 12,4,2,2,117,29.2,442.0,6.43,138.8,3.91,303.2,9.12,0.677,0.434,0.545,1.75,2.25,90,6,11,4,3,0,45,3,1213,133,90,3,7,30,271,7799,142,7,555,9,20,23,53,1768,7,42,1.2875342103702332,1.568,67.5,0.029,0.104,0.133,2.8008196721311474,342,0.8770491803278688,107,2.356869435385708,0.11423633002091832,0.33076923076923076,0.20930232558139536,1.7300820899431786,0.30585936344762743,0.5076923076923077,0.44696969696969696,40.37343597508682,260,3.433333333333333,0.8333333333333334,0.13841390122796662,0.7508083118541501,-0.030291374158138262,0.46923076923076923,0.4344262295081967,-3.695547647292868,0.8360655737704918,102,1.0849233256304591,0.1503637352728296,0.6692307692307692,0.5459770114942529,0.1721311475409836,0.4346153846153846,30,35.98761431927132,50,12.5,264.8,4.88,86.0,2.87,178.8,7.37,0.245,2.25,5.0,6,-1,55,1,5,4,4,1,67,2,715,97,60,2,2,16,129,6601,120,4,344,9,20,12,49,1059,6,40,0.9205534915331528,-1.212,72.6,0.063,0.117,0.179,2.704040404040404,268,0.42424242424242425,0,1.7232780322306624,0.2169187875867796,0.30434782608695654,0.31746031746031744,14.907689612970572,1.358752908673903,0.1461538197350056,0.4927536231884058,0.4215686274509804,14.907689612970572,207,3,0.5625,-0.07371208390278973,0.43615437293777126,-0.2850606223759188,0.4782608695652174,0.35353535353535354,-28.221001615215958,0.9494949494949495,94,0.6573651175339693,-0.20086309017947632,0.6956521739130435,0.4236111111111111,0.1919191919191919,0.391304347826087,16,-15.258401367877473,0,0,80,41,4,3,0,0,169,26,15,3
Tennessee,SEC,4,3,1,160,40.0,438.0,6.19,241.5,5.46,196.5,7.42,0.632,0.412,0.625,0.75,3.25,101,5,8,3,3,,,0,786,106,67,,8,31,277,7276,177,11,966,13,22,21,51,1752,3,39,1.211814826862723,1.38,70.6,0.042,0.101,0.143,3.5664335664335662,510,1.3286713286713288,190,1.681171337769157,0.13128554722578428,0.2931726907630522,0.2876712328767123,1.3725350863665458,0.07798211544049577,0.40963855421686746,0.38235294117647056,7.954175774930569,249,5.3076923076923075,0.8125,0.189073359943377,1.1196370309708246,0.3270719603408032,0.5742971887550201,0.4755244755244755,46.77129032873486,1.4265734265734267,204,1.097204516059989,0.21304216862737854,0.7068273092369478,0.48863636363636365,0.13986013986013987,0.42971887550200805,26,47.07926662590088,62,15.5,282.5,4.56,119.0,3.58,163.5,5.69,0.358,4.5,8.25,5,2,67,0,4,2,2,1,53,3,654,115,73,3,1,30,296,7117,133,4,476,18,33,19,53,1130,5,38,1.0655682155442898,-1.21,72.2,0.07,0.148,0.218,2.9413793103448276,256,0.5517241379310345,0,1.6558791842892997,0.045817988531378556,0.36,0.25,-19.762789419841805,1.1444602680695193,-0.18821704209373147,0.525,0.37142857142857144,-19.762789419841805,200,2.2272727272727275,0.75,-0.1341156404683397,0.9694185265291663,0.04276380327770927,0.435,0.367816091954023,3.7204508851607065,1.2873563218390804,112,0.8650852450271166,-0.23532830678068123,0.64,0.4140625,0.19540229885057472,0.355,22,-26.82312809366794,0,0,104,132,5,7,1,1,95,81,7,5
Texas,SEC,4,4,0,133,33.2,378.5,5.29,146.5,3.64,232.0,7.42,0.648,0.5,0.571,1.25,2.5,92,4,7,2,2,0,7,3,928,125,81,3,7,25,250,7590,161,8,586,10,30,30,60,1514,5,40,1.1342887567999824,1.604,67.9,0.041,0.13,0.171,2.714179104477612,364,0.5522388059701493,74,1.7926286969249108,0.24027855736866516,0.3269961977186312,0.36046511627906974,1.554306810603948,0.24804724601425915,0.4714828897338403,0.45161290322580644,30.757858505768134,263,4.25,0.7777777777777778,0.08116757034873483,0.7623283541284168,0.019554984526122195,0.5095057034220533,0.4552238805970149,2.620367926500374,1.164179104477612,156,0.899707858594548,0.0038594071639099147,0.6730038022813688,0.4915254237288136,0.19402985074626866,0.44866920152091255,28,21.347071001717257,53,13.2,271.0,4.23,99.2,2.84,171.8,5.92,0.345,3.75,7.75,5,0,68,3,8,2,2,0,3,3,687,116,69,3,2,26,235,6810,140,2,397,15,31,19,55,1084,5,41,1.1154123753150122,-1.184,72.7,0.065,0.141,0.206,2.5584158415841585,258,1.0594059405940595,0,2.1168095921085213,0.16605025896771358,0.32589285714285715,0.2328767123287671,-2.3916898870424594,1.4622767318807661,-0.02044179390634581,0.5223214285714286,0.3247863247863248,-2.3916898870424594,224,2.1904761904761907,0.7,-0.04427405749180738,0.7819148949096861,-0.04980279332950281,0.45089285714285715,0.36633663366336633,-5.030082126279784,1.0198019801980198,103,0.8316831638901848,-0.14595402505170826,0.6741071428571429,0.3973509933774834,0.2079207920792079,0.34375,21,-9.917388878164854,0,0,91,137,7,7,0,1,96,74,8,5
Texas A&M,SEC,4,2,2,125,31.2,345.0,4.78,151.5,4.04,193.5,5.57,0.547,0.397,0.545,1.5,2.0,83,6,11,1,1,0,17,5,774,139,76,5,7,18,134,7985,150,6,606,8,18,23,58,1380,6,40,1.108740737670145,1.57,67.4,0.084,0.077,0.161,3.035833333333333,364,1.0833333333333333,130,1.697517567824333,0.2448051934448106,0.33203125,0.36470588235294116,1.4001175145192926,0.10592336801646282,0.5,0.3984375,13.558191106107241,256,4.36,0.8235294117647058,0.04246447860834227,0.819239770302559,0.0201089276516255,0.46875,0.4583333333333333,2.4130713181950596,1.0166666666666666,122,0.8747396897883524,-0.05811423929282619,0.66796875,0.45614035087719296,0.16666666666666666,0.42578125,25,10.870906523735622,86,21.5,337.5,6.05,125.5,3.98,212.0,8.74,0.256,1.0,4.25,8,2,58,4,8,5,5,2,100,3,848,97,60,3,6,29,197,6415,126,5,502,4,17,11,43,1350,8,41,1.3409627812295213,-1.286,70.9,0.062,0.115,0.177,2.7893617021276595,262,0.8404255319148937,0,2.4196061297380704,0.6038647194845717,0.266304347826087,0.32653061224489793,32.71811738353659,1.8637437529816305,0.38491902804160694,0.46195652173913043,0.4588235294117647,32.71811738353659,184,3.0526315789473686,0.6363636363636364,0.08359163797426628,0.7830405827489242,-0.13994475427638114,0.5108695652173914,0.3723404255319149,-13.154806901979828,0.8723404255319149,82,1.053324554960575,-0.10524822124058529,0.7336956521739131,0.4444444444444444,0.18085106382978725,0.41304347826086957,19,15.380861387264995,0,0,43,79,4,4,0,0,64,-2,8,6
Texas Tech,Big 12,4,4,0,145,36.2,429.5,6.29,178.8,4.7,250.8,8.29,0.678,0.489,0.75,2.0,1.25,94,3,4,2,2,0,12,6,1003,121,82,6,6,23,212,6779,152,11,715,5,19,23,47,1718,8,45,1.1417552862238527,1.446,69.8,0.079,0.097,0.177,3.3393700787401577,424,1.2125984251968505,154,2.12372028771873,0.57549782710691,0.2788844621513944,0.4,1.3883942935418516,0.39284015279529094,0.4541832669322709,0.5175438596491229,44.78377741866316,251,4.592592592592593,0.7692307692307693,0.25113830568433737,0.9077490810834519,0.27286851717150956,0.5059760956175299,0.5275590551181102,34.654301680781714,1.2519685039370079,159,0.8640278110535844,0.1256953968468784,0.7211155378486056,0.5469613259668509,0.16535433070866143,0.5059760956175299,27,63.03571472676869,74,18.5,348.2,5.12,95.0,3.39,253.2,6.33,0.393,2.5,6.0,6,-2,73,1,5,1,1,2,60,5,1013,160,100,5,8,25,192,7621,112,0,380,10,24,24,61,1393,6,47,1.372304030756937,-1.053,74.7,0.083,0.101,0.183,2.8755555555555556,259,0.4888888888888889,0,2.1138889054897616,0.2270487765612446,0.32,0.3125,13.458597493195315,1.634273857865626,0.08796468949800859,0.612,0.38562091503267976,13.458597493195315,250,2.5714285714285716,0.6363636363636364,0.037900348227036494,0.8892971620252919,0.026477266321343097,0.36,0.35555555555555557,2.3829539689208787,1.0333333333333332,93,1.0914006691157156,-0.05111067687141438,0.68,0.38823529411764707,0.2,0.364,21,9.475087056759124,0,1,205,181,8,6,0,0,105,25,11,3
UCF,Big 12,4,3,1,145,36.2,355.5,6.38,197.5,5.94,158.0,7.02,0.678,0.349,0.2,1.0,1.5,69,1,5,2,2,0,50,2,632,90,61,2,5,26,198,6344,133,13,790,6,18,15,43,1422,4,41,1.1113776886961986,1.943,63.2,0.04,0.097,0.137,2.8158878504672895,301,1.8504672897196262,198,2.070788559646879,0.27078266653323735,0.305,0.2786885245901639,1.2941617463085882,0.02971036380771635,0.445,0.4157303370786517,2.644222378886755,200,4.769230769230769,0.7857142857142857,0.0316695407753748,0.9833214999882153,0.06052059543127397,0.535,0.42990654205607476,6.475703711146315,1.2523364485981308,134,0.8679450796490112,-0.07326499642771596,0.695,0.48201438848920863,0.17757009345794392,0.42,26,6.333908155074961,61,15.2,331.0,4.68,111.5,3.08,219.5,6.36,0.348,2.5,6.5,9,5,67,4,7,3,3,1,106,6,878,138,83,6,3,37,268,8056,145,3,446,10,26,23,66,1324,9,44,1.3034986693835824,-1.205,72.5,0.062,0.111,0.173,2.2,262,1.0672268907563025,0,2.1840889330614828,0.2103957887706538,0.3726235741444867,0.25510204081632654,10.50291678334225,1.5705409584647136,0.07779938358031296,0.5133079847908745,0.4,10.50291678334225,263,2.3043478260869565,0.5714285714285714,-0.05597303750435741,0.9131071929005631,-0.14083662886716397,0.4524714828897338,0.29411764705882354,-16.75955883519251,0.5546218487394958,66,0.9699417513237715,-0.21417997674648528,0.6273764258555133,0.4,0.226890756302521,0.34600760456273766,23,-14.720908863646,0,0,205,96,7,7,0,0,207,28,10,4
UCLA,Big Ten,4,4,0,179,44.8,486.5,7.4,281.5,6.95,205.0,8.12,0.614,0.5,0.333,1.0,1.5,93,1,3,2,2,0,2,2,820,101,62,2,4,40,343,7670,162,18,1126,6,10,23,46,1946,4,46,1.255899998770486,1.871,63.7,0.075,0.057,0.132,4.059420289855073,560,2.391304347826087,330,1.9667178350635568,0.3835250932559605,0.2697095435684647,0.35384615384615387,1.5473237826601483,0.05616491881331657,0.4149377593360996,0.39,5.616491881331656,241,4.3428571428571425,0.8333333333333334,0.28756581515063945,1.1172960039936954,0.4648025683854216,0.5726141078838174,0.5942028985507246,64.14275443718819,1.5797101449275361,218,1.0890754045384388,0.252126309032197,0.7302904564315352,0.5568181818181818,0.09420289855072464,0.5020746887966805,35,69.3033614513041,75,18.8,317.0,4.68,91.2,2.68,225.8,6.69,0.298,2.0,5.5,12,8,73,4,9,4,4,2,183,8,903,135,71,8,6,22,201,6730,136,3,365,8,22,17,57,1268,12,46,1.37415754809175,-0.868,77.4,0.08,0.105,0.185,2.4798319327731093,295,0.25210084033613445,0,2.157532196887766,0.015658887903405697,0.3531746031746032,0.24719101123595505,-4.505227161490951,1.8829639708379982,-0.036332477108797986,0.49206349206349204,0.3548387096774194,-4.505227161490951,252,3,0.8181818181818182,-0.0826393561780721,0.827391782148853,-0.09515306392116472,0.4722222222222222,0.3445378151260504,-11.323214606618603,0.8991596638655462,107,1.109015359268483,-0.13631140355998328,0.6468253968253969,0.3987730061349693,0.23529411764705882,0.34523809523809523,18,-20.825117756874167,0,0,126,72,6,6,0,0,110,57,9,9
USC,Big Ten,5,4,1,199,39.8,489.4,6.93,164.4,4.54,325.0,9.45,0.709,0.561,0.667,1.0,1.0,131,8,12,2,2,0,11,3,1625,172,122,3,14,32,271,9881,181,10,822,5,13,32,57,2447,5,43,1.1925178063485748,1.413,69.3,0.042,0.047,0.089,3.3657894736842104,512,0.7105263157894737,108,2.2637451312276764,0.7859961913481855,0.26198083067092653,0.47560975609756095,1.5343195405829806,0.6024767770081582,0.49201277955271566,0.5909090909090909,92.78142365925636,313,4.611111111111111,0.782608695652174,0.3364722205379947,0.7874939291852573,0.08906427154899274,0.48562300319488816,0.4934210526315789,13.537769275446896,1.263157894736842,192,0.8711496088848444,0.17690094085645508,0.7380191693290735,0.5627705627705628,0.15789473684210525,0.5399361022364217,36,105.31580502839235,132,26.4,354.8,6.14,118.6,4.01,236.2,8.38,0.407,1.6,4.0,4,-1,95,5,8,1,1,1,115,3,1181,141,90,3,8,20,174,8119,148,9,593,8,20,22,54,1774,4,47,1.4017176136252,-0.995,75.3,0.041,0.075,0.116,2.5108333333333333,301,1.0333333333333332,0,2.028050915533007,0.46283803436935583,0.3387096774193548,0.36904761904761907,57.65172206224529,1.9028227862652969,0.48857391578173975,0.47580645161290325,0.4491525423728814,57.65172206224529,248,4.178571428571429,0.7619047619047619,0.18275250676104254,0.8648404713794795,0.03355328893838451,0.4838709677419355,0.4,4.026394672606141,0.7833333333333333,94,1.1282481437781295,0.03929406579093084,0.6612903225806451,0.4329268292682927,0.2,0.4112903225806452,28,45.32262167673855,0,0,170,134,10,7,1,0,180,2,9,1
Utah,Big 12,4,4,0,173,43.2,491.5,7.25,226.0,5.91,265.5,9.0,0.678,0.542,0.429,0.5,0.75,101,3,7,1,1,0,14,1,1062,118,80,1,11,21,172,7541,153,12,904,3,19,26,48,1966,2,35,1.3304925412674786,1.751,65.5,0.04,0.088,0.128,3.582105263157895,340,1.7578947368421054,167,2.1531537109274614,0.7039847346271043,0.22959183673469388,0.4444444444444444,1.4904070313227042,0.49820266705433675,0.5051020408163265,0.5555555555555556,49.32206403837934,196,4.96875,0.7142857142857143,0.4091256655048341,1.1590788051086551,0.32991032784971713,0.4846938775510204,0.49473684210526314,31.34148114572313,1.431578947368421,136,1.1322609341204948,0.3212537574882635,0.7704081632653061,0.5496688741721855,0.17894736842105263,0.5255102040816326,32,80.18863043894748,41,10.2,258.5,3.92,84.0,2.87,174.5,4.75,0.293,2.5,5.5,6,4,67,5,12,1,2,0,11,5,698,147,69,5,2,25,214,6859,117,3,336,10,22,17,58,1034,6,34,1.2786688189257798,-1.018,74.8,0.119,0.085,0.204,2.6426666666666665,198,0.4666666666666667,0,1.8417159062685584,0.21781064383365004,0.40641711229946526,0.3026315789473684,-10.601098401309175,1.4516507728512742,-0.10001036227650165,0.5668449197860963,0.3018867924528302,-10.601098401309175,187,2.2777777777777777,0.5,-0.05148471546669604,1.0275522264994132,-0.027585001001488658,0.40106951871657753,0.3466666666666667,-2.068875075111649,1.0133333333333332,76,0.937877160797256,-0.23586712363630238,0.5935828877005348,0.34234234234234234,0.24,0.32620320855614976,18,-9.62764179227216,0,0,51,103,2,5,0,0,53,-1,7,3
Vanderbilt,SEC,4,3,1,113,28.2,363.8,5.49,132.8,3.77,231.0,7.45,0.621,0.321,0.714,1.25,1.75,79,10,14,2,2,0,0,3,924,124,77,3,4,36,268,7570,141,7,531,7,17,18,56,1455,5,44,1.1804248820976369,1.423,69.8,0.044,0.085,0.129,3.049624060150376,406,0.5338345864661654,71,2.1304241050455195,0.13220831730145868,0.29411764705882354,0.2625,1.3008329581945628,0.20165844921254547,0.46691176470588236,0.44881889763779526,25.610623049993276,272,3.12,0.7727272727272727,0.08195110538447546,1.0578666617846944,0.16097720291912213,0.4889705882352941,0.42105263157894735,21.409967988243242,1.0225563909774436,136,0.9635772333812724,0.061010600419065794,0.7058823529411765,0.4791666666666667,0.15037593984962405,0.41544117647058826,25,22.290700664577326,87,21.8,310.2,4.94,116.2,3.5,194.0,6.58,0.321,3.25,5.25,6,1,69,7,10,2,2,0,11,4,776,118,71,4,6,18,151,6830,133,3,465,13,21,18,56,1241,6,46,1.335704318735286,-1.013,75.1,0.075,0.11,0.185,2.5391666666666666,305,1.2083333333333333,0,2.071369211053544,0.012679305623778767,0.4015748031496063,0.24509803921568626,1.4619581464555365,1.6711298646043515,0.011421548019183879,0.5039370078740157,0.3359375,1.4619581464555365,254,2.9047619047619047,0.7894736842105263,-0.03888108031721505,1.0221543519446377,-0.019157530163980134,0.47244094488188976,0.38333333333333336,-2.298903619677616,1.0333333333333332,124,1.0483352201734664,-0.07348081298814511,0.5984251968503937,0.42105263157894735,0.2,0.35039370078740156,21,-9.875794400572623,0,0,118,37,7,2,2,2,126,113,8,9
Virginia,ACC,4,3,1,162,40.5,447.2,6.28,192.8,4.46,254.5,9.09,0.723,0.377,0.846,0.5,2.5,96,11,13,1,1,0,0,1,1018,112,81,1,15,21,195,8135,173,6,771,10,20,20,53,1789,2,37,1.161180033399441,1.588,67.4,0.027,0.078,0.105,3.6512,456,0.968,121,2.1341128879747684,0.31733625959914585,0.21145374449339208,0.2708333333333333,1.3768629198233833,0.49251214939827426,0.41409691629955947,0.5531914893617021,46.29614204343778,227,4.655172413793103,0.85,0.3329898188410528,0.969435110514566,0.284004548618901,0.5506607929515418,0.504,35.50056857736263,1.28,160,1.0383826828219727,0.3371874213193295,0.788546255506608,0.5754189944134078,0.104,0.5110132158590308,29,75.58868887691898,52,13.0,247.0,4.1,116.8,3.43,130.2,4.96,0.322,2.0,5.75,7,5,54,1,5,1,1,1,100,6,521,105,50,6,2,20,180,6265,136,4,467,8,23,19,59,988,7,35,0.9859417916797172,-1.146,73.2,0.099,0.099,0.198,3.1336842105263156,298,0.6736842105263158,0,2.288145331188937,0.023345135964401822,0.36666666666666664,0.21212121212121213,4.647647694493932,1.4198925521562935,0.05737836659869052,0.45,0.345679012345679,4.647647694493932,180,3.142857142857143,0.75,-0.015081805827850943,0.6661885997496083,0.0173614396021667,0.5277777777777778,0.4,1.6493367622058366,0.9157894736842105,87,0.6353485310426196,-0.03732898265494465,0.6333333333333333,0.45614035087719296,0.16842105263157894,0.36666666666666664,14,-2.7147250490131696,0,0,86,97,3,6,0,0,33,38,5,3
Virginia Tech,ACC,4,4,0,173,43.2,462.5,5.97,177.8,4.44,284.8,7.59,0.747,0.45,0.667,1.25,1.75,104,6,9,5,5,,,0,1139,150,112,,9,30,246,7936,160,11,711,7,23,27,60,1850,5,36,1.2574065160948136,1.59,66.4,0.022,0.089,0.111,2.8460869565217393,327,1.5304347826086957,176,2.024075700552317,0.6949096494512776,0.268,0.47761194029850745,1.409435035160394,0.3693105840132796,0.52,0.4846153846153846,48.01037592172634,250,4.566666666666666,0.7391304347826086,0.2712991632849646,1.1193401770647824,0.17819956466100842,0.46,0.5043478260869565,20.492949936015968,1.1217391304347826,129,0.9878085611207464,0.11620679949729808,0.732,0.4972677595628415,0.23478260869565218,0.492,30,67.82479082124115,64,16.0,269.2,4.62,83.2,2.5,186.0,7.44,0.273,4.25,11.0,4,-1,53,3,5,3,3,0,0,1,744,100,59,1,4,29,243,6464,133,4,333,17,44,15,55,1077,4,38,1.3050253438023713,-1.207,72.1,0.047,0.22,0.267,1.401190476190476,118,1.6785714285714286,0,1.67743982085707,-0.16475729387040514,0.35555555555555557,0.21875,17.560030318566675,1.3140533242917833,0.19511144798407418,0.5,0.4222222222222222,17.560030318566675,180,2.5217391304347827,0.6153846153846154,0.04577335242528397,1.337343770166563,-0.05096484006969679,0.4666666666666667,0.3333333333333333,-4.28104656585453,1,84,1.2102289314611754,0.1619281917608366,0.6444444444444445,0.47413793103448276,0.34523809523809523,0.38333333333333336,23,8.239203436551113,0,,50,,3,,1,,285,,14,
Wake Forest,ACC,4,3,1,126,31.5,426.5,6.59,147.0,4.45,279.5,8.8,0.622,0.375,0.571,0.5,2.0,85,4,7,1,1,0,0,1,1118,127,79,1,8,38,372,6614,132,6,588,8,19,18,48,1706,2,42,1.3266463736139267,1.249,72,0.038,0.087,0.125,3.216521739130435,370,1.2695652173913043,146,2.0825136096081747,0.5494127233597604,0.31746031746031744,0.4,1.7732868873071599,0.412289630487458,0.5198412698412699,0.4351145038167939,54.00994159385699,252,3.730769230769231,0.55,0.2864911061222319,0.8479393103399263,0.13283904228109739,0.45634920634920634,0.4608695652173913,15.2764898623262,1.173913043478261,135,1.0316737937137324,0.164201981825707,0.6825396825396826,0.47674418604651164,0.1391304347826087,0.4523809523809524,26,72.19575874280244,112,28.0,384.2,5.25,127.0,3.43,257.2,7.1,0.463,2.5,6.5,2,0,96,1,3,1,1,0,1,1,1029,145,117,1,7,29,250,7786,148,6,508,10,26,25,54,1537,2,45,1.1139879639184103,-1.077,74.5,0.034,0.094,0.128,2.7153225806451613,337,0.7419354838709677,0,1.4556743099756864,0.30256008359056813,0.2733812949640288,0.34210526315789475,38.816571474872724,1.1409549371882894,0.2640583093528757,0.5287769784172662,0.5102040816326531,38.816571474872724,278,3.3846153846153846,0.6666666666666666,0.1557757550100358,0.9331130428924524,0.019532264024436852,0.4460431654676259,0.3790322580645161,2.4220007390301697,0.8306451612903226,103,1.024252155862964,0.10054996801934048,0.7266187050359713,0.4900990099009901,0.23387096774193547,0.44964028776978415,26,43.305659892789954,0,0,128,67,6,5,0,0,58,-3,4,2
Washington,Big Ten,4,3,1,112,28.0,395.8,6.21,107.2,3.73,288.5,8.24,0.693,0.34,0.5,0.75,2.5,77,3,6,0,0,0,3,3,1154,140,97,3,8,31,315,7087,115,5,429,10,18,17,50,1583,3,47,1.1943910829598499,1.465,70.4,0.047,0.085,0.132,2.8297029702970296,286,1.1683168316831682,118,1.9945740615827883,0.32950176939258924,0.25,0.30158730158730157,1.3748612268518396,0.2545648300012039,0.5714285714285714,0.4722222222222222,36.65733552017336,252,3.8620689655172415,0.6153846153846154,0.14333073217596068,0.8921849302766699,0.06123723647948799,0.4007936507936508,0.40594059405940597,6.184960884428287,0.8712871287128713,88,1.0326519702594688,0.08127371977041783,0.75,0.4973544973544973,0.22772277227722773,0.44841269841269843,29,36.119344508342095,67,16.8,289.2,4.61,110.5,3.18,178.8,6.38,0.288,2.25,7.0,8,5,72,1,5,2,2,0,70,6,715,112,69,6,5,22,175,7313,139,2,442,9,28,15,52,1157,8,46,1.1677209663048467,-1.312,71,0.082,0.121,0.203,2.3436507936507938,295,0.9206349206349206,0,1.5711310091385566,-0.09100331887209588,0.34156378600823045,0.27710843373493976,4.5430985650582265,1.5958769389303393,0.041679803349158044,0.448559670781893,0.3853211009174312,4.5430985650582265,243,2.608695652173913,0.3333333333333333,-0.12788885264904795,0.740901404578086,-0.2001365359026003,0.5185185185185185,0.3333333333333333,-25.21720352372764,0.9523809523809523,120,1.0180688536407285,-0.14702322329584183,0.6584362139917695,0.3875,0.30952380952380953,0.3497942386831276,23,-31.07699119371865,0,0,136,115,7,7,0,0,29,67,5,7
West Virginia,Big 12,4,3,1,145,36.2,460.5,6.27,294.8,5.15,165.8,10.2,0.6,0.532,0.4,0.75,1.5,91,2,5,2,1,0,30,1,663,65,39,1,6,19,143,6969,229,13,1179,6,20,33,62,1842,3,45,1.2194447647224043,1.388,70.6,0.034,0.078,0.111,3.1678756476683936,611,1.621761658031088,313,2.183144080465629,0.4281510651182925,0.2595419847328244,0.3382352941176471,2.2328911178214326,0.25642085488824745,0.2480916030534351,0.38461538461538464,16.667355567736085,262,4.0344827586206895,0.6818181818181818,0.1914525826852632,0.9482336354111267,0.17695212338168262,0.7366412213740458,0.47150259067357514,34.15175981266474,1.005181347150259,194,0.9836459959767215,0.10848610430667562,0.7404580152671756,0.4845360824742268,0.14507772020725387,0.44656488549618323,29,50.160576663538954,99,24.8,426.5,6.27,144.2,4.06,282.2,8.68,0.327,2.5,6.25,5,2,83,4,8,3,3,0,3,2,1129,130,84,2,8,31,265,7431,142,3,577,10,25,17,52,1706,5,45,1.206512511603475,-1.196,72.7,0.039,0.114,0.154,3.001574803149606,381,1.2440944881889764,0,1.9681325686886093,0.20781487188791328,0.29411764705882354,0.26666666666666666,45.04313597381726,1.4902530541333754,0.37225732209766327,0.4745098039215686,0.512396694214876,45.04313597381726,255,3.269230769230769,0.75,0.17574223270222505,0.8507937778312251,0.0005949186004039743,0.4980392156862745,0.4015748031496063,0.07555466225130474,1.1023622047244095,140,1.0461714469539731,0.16237863304152161,0.7058823529411765,0.5277777777777778,0.1968503937007874,0.45098039215686275,26,44.81426933906739,0,0,42,16,2,1,0,0,25,6,3,1
Wisconsin,Big Ten,4,3,1,127,31.8,381.0,6.27,134.2,4.47,246.8,8.02,0.585,0.423,0.667,1.5,0.75,73,4,6,1,1,2,130,5,987,123,72,5,7,25,190,6858,120,5,537,3,15,22,52,1524,6,39,1.4577263268212237,1.452,69.1,0.081,0.081,0.163,2.9009803921568627,296,1.2156862745098038,124,2.27049695021504,0.17641231906081695,0.3532110091743119,0.2727272727272727,1.549907135835723,0.12392037132457855,0.5045871559633027,0.45454545454545453,13.63124084570364,218,3.3333333333333335,0.5454545454545454,0.11951860275211951,1.3474396804690894,0.20121690969611056,0.46788990825688076,0.35294117647058826,20.524124789003277,0.8137254901960784,83,1.1991174921050094,0.08844898462609324,0.6467889908256881,0.46808510638297873,0.1568627450980392,0.39908256880733944,24,26.055055399962054,80,20.0,275.2,4.44,111.5,3.28,163.8,5.85,0.315,1.25,4.0,4,-2,62,4,6,1,1,0,24,3,655,112,64,3,3,17,144,7542,136,3,446,5,16,17,54,1101,4,42,1.048348373538514,-1.033,74.7,0.085,0.077,0.162,2.905785123966942,352,0.3305785123966942,0,1.7204198385064307,-0.15235525154132631,0.3277310924369748,0.1794871794871795,-0.32549217293923915,1.2435362195015287,-0.0030999254565641826,0.4411764705882353,0.37142857142857144,-0.32549217293923915,238,3.473684210526316,0.7058823529411765,-0.010217493945354468,0.8367566216639577,0.08334184344568353,0.5084033613445378,0.35537190082644626,10.084363056927707,0.71900826446281,87,0.9119860473131395,0.05907466288268181,0.6722689075630253,0.43125,0.10743801652892562,0.3487394957983193,19,-2.4317635589943634,0,0,197,123,8,7,1,0,51,28,3,3
